date,product_id,warehouse,stock_on_hand,units_sold,restocked_units,reorder_point
2025-08-15,P1000,WH-EAST,61,2,0,29
2025-08-16,P1000,WH-EAST,50,11,0,29
2025-08-17,P1000,WH-EAST,40,10,0,29
2025-08-18,P1000,WH-EAST,34,6,0,29
2025-08-19,P1000,WH-EAST,129,7,102,29
2025-08-20,P1000,WH-EAST,120,9,0,29
2025-08-21,P1000,WH-EAST,103,17,0,29
2025-08-22,P1000,WH-EAST,99,4,0,29
2025-08-23,P1000,WH-EAST,95,4,0,29
2025-08-24,P1000,WH-EAST,90,5,0,29
2025-08-25,P1000,WH-EAST,81,9,0,29
2025-08-26,P1000,WH-EAST,72,9,0,29
2025-08-27,P1000,WH-EAST,64,8,0,29
2025-08-28,P1000,WH-EAST,59,5,0,29
2025-08-29,P1000,WH-EAST,53,6,0,29
2025-08-30,P1000,WH-EAST,46,7,0,29
2025-08-31,P1000,WH-EAST,35,11,0,29
2025-09-01,P1000,WH-EAST,32,3,0,29
2025-09-02,P1000,WH-EAST,128,6,102,29
2025-09-03,P1000,WH-EAST,115,13,0,29
2025-09-04,P1000,WH-EAST,107,8,0,29
2025-09-05,P1000,WH-EAST,98,9,0,29
2025-09-06,P1000,WH-EAST,90,8,0,29
2025-09-07,P1000,WH-EAST,84,6,0,29
2025-09-08,P1000,WH-EAST,74,10,0,29
2025-09-09,P1000,WH-EAST,68,6,0,29
2025-09-10,P1000,WH-EAST,63,5,0,29
2025-09-11,P1000,WH-EAST,58,5,0,29
2025-09-12,P1000,WH-EAST,49,9,0,29
2025-09-13,P1000,WH-EAST,39,10,0,29
2025-09-14,P1000,WH-EAST,130,11,102,29
2025-09-15,P1000,WH-EAST,123,7,0,29
2025-09-16,P1000,WH-EAST,112,11,0,29
2025-09-17,P1000,WH-EAST,98,14,0,29
2025-09-18,P1000,WH-EAST,88,10,0,29
2025-09-19,P1000,WH-EAST,83,5,0,29
2025-09-20,P1000,WH-EAST,69,14,0,29
2025-09-21,P1000,WH-EAST,62,7,0,29
2025-09-22,P1000,WH-EAST,54,8,0,29
2025-09-23,P1000,WH-EAST,50,4,0,29
2025-09-24,P1000,WH-EAST,43,7,0,29
2025-09-25,P1000,WH-EAST,36,7,0,29
2025-09-26,P1000,WH-EAST,129,9,102,29
2025-09-27,P1000,WH-EAST,123,6,0,29
2025-09-28,P1000,WH-EAST,112,11,0,29
2025-09-29,P1000,WH-EAST,103,9,0,29
2025-09-30,P1000,WH-EAST,98,5,0,29
2025-10-01,P1000,WH-EAST,86,12,0,29
2025-10-02,P1000,WH-EAST,78,8,0,29
2025-10-03,P1000,WH-EAST,73,5,0,29
2025-10-04,P1000,WH-EAST,57,16,0,29
2025-10-05,P1000,WH-EAST,47,10,0,29
2025-10-06,P1000,WH-EAST,35,12,0,29
2025-10-07,P1000,WH-EAST,126,11,102,29
2025-10-08,P1000,WH-EAST,118,8,0,29
2025-10-09,P1000,WH-EAST,108,10,0,29
2025-10-10,P1000,WH-EAST,98,10,0,29
2025-10-11,P1000,WH-EAST,82,16,0,29
2025-10-12,P1000,WH-EAST,75,7,0,29
2025-10-13,P1000,WH-EAST,66,9,0,29
2025-10-14,P1000,WH-EAST,58,8,0,29
2025-10-15,P1000,WH-EAST,52,6,0,29
2025-10-16,P1000,WH-EAST,46,6,0,29
2025-10-17,P1000,WH-EAST,35,11,0,29
2025-10-18,P1000,WH-EAST,30,5,0,29
2025-10-19,P1000,WH-EAST,127,5,102,29
2025-10-20,P1000,WH-EAST,118,9,0,29
2025-10-21,P1000,WH-EAST,115,3,0,29
2025-10-22,P1000,WH-EAST,103,12,0,29
2025-10-23,P1000,WH-EAST,94,9,0,29
2025-10-24,P1000,WH-EAST,86,8,0,29
2025-10-25,P1000,WH-EAST,79,7,0,29
2025-10-26,P1000,WH-EAST,68,11,0,29
2025-10-27,P1000,WH-EAST,60,8,0,29
2025-10-28,P1000,WH-EAST,53,7,0,29
2025-10-29,P1000,WH-EAST,44,9,0,29
2025-10-30,P1000,WH-EAST,34,10,0,29
2025-10-31,P1000,WH-EAST,122,14,102,29
2025-11-01,P1000,WH-EAST,110,12,0,29
2025-11-02,P1000,WH-EAST,104,6,0,29
2025-11-03,P1000,WH-EAST,95,9,0,29
2025-11-04,P1000,WH-EAST,79,16,0,29
2025-11-05,P1000,WH-EAST,75,4,0,29
2025-11-06,P1000,WH-EAST,63,12,0,29
2025-11-07,P1000,WH-EAST,55,8,0,29
2025-11-08,P1000,WH-EAST,43,12,0,29
2025-11-09,P1000,WH-EAST,30,13,0,29
2025-11-10,P1000,WH-EAST,125,7,102,29
2025-11-11,P1000,WH-EAST,106,19,0,29
2025-11-12,P1000,WH-EAST,98,8,0,29
2025-11-13,P1000,WH-EAST,91,7,0,29
2025-11-14,P1000,WH-EAST,81,10,0,29
2025-11-15,P1000,WH-EAST,71,10,0,29
2025-11-16,P1000,WH-EAST,66,5,0,29
2025-11-17,P1000,WH-EAST,57,9,0,29
2025-11-18,P1000,WH-EAST,45,12,0,29
2025-11-19,P1000,WH-EAST,32,13,0,29
2025-11-20,P1000,WH-EAST,124,10,102,29
2025-11-21,P1000,WH-EAST,119,5,0,29
2025-11-22,P1000,WH-EAST,110,9,0,29
2025-11-23,P1000,WH-EAST,103,7,0,29
2025-11-24,P1000,WH-EAST,99,4,0,29
2025-11-25,P1000,WH-EAST,92,7,0,29
2025-11-26,P1000,WH-EAST,80,12,0,29
2025-11-27,P1000,WH-EAST,75,5,0,29
2025-11-28,P1000,WH-EAST,62,13,0,29
2025-11-29,P1000,WH-EAST,54,8,0,29
2025-11-30,P1000,WH-EAST,41,13,0,29
2025-12-01,P1000,WH-EAST,30,11,0,29
2025-12-02,P1000,WH-EAST,121,11,102,29
2025-12-03,P1000,WH-EAST,114,7,0,29
2025-12-04,P1000,WH-EAST,106,8,0,29
2025-12-05,P1000,WH-EAST,99,7,0,29
2025-12-06,P1000,WH-EAST,93,6,0,29
2025-12-07,P1000,WH-EAST,84,9,0,29
2025-12-08,P1000,WH-EAST,74,10,0,29
2025-12-09,P1000,WH-EAST,62,12,0,29
2025-12-10,P1000,WH-EAST,50,12,0,29
2025-12-11,P1000,WH-EAST,43,7,0,29
2025-12-12,P1000,WH-EAST,35,8,0,29
2025-12-13,P1000,WH-EAST,128,9,102,29
2025-12-14,P1000,WH-EAST,119,9,0,29
2025-12-15,P1000,WH-EAST,111,8,0,29
2025-12-16,P1000,WH-EAST,102,9,0,29
2025-12-17,P1000,WH-EAST,92,10,0,29
2025-12-18,P1000,WH-EAST,79,13,0,29
2025-12-19,P1000,WH-EAST,70,9,0,29
2025-12-20,P1000,WH-EAST,61,9,0,29
2025-12-21,P1000,WH-EAST,51,10,0,29
2025-12-22,P1000,WH-EAST,44,7,0,29
2025-12-23,P1000,WH-EAST,31,13,0,29
2025-12-24,P1000,WH-EAST,124,9,102,29
2025-12-25,P1000,WH-EAST,113,11,0,29
2025-12-26,P1000,WH-EAST,106,7,0,29
2025-12-27,P1000,WH-EAST,94,12,0,29
2025-12-28,P1000,WH-EAST,84,10,0,29
2025-12-29,P1000,WH-EAST,73,11,0,29
2025-12-30,P1000,WH-EAST,69,4,0,29
2025-12-31,P1000,WH-EAST,60,9,0,29
2026-01-01,P1000,WH-EAST,52,8,0,29
2026-01-02,P1000,WH-EAST,44,8,0,29
2026-01-03,P1000,WH-EAST,33,11,0,29
2026-01-04,P1000,WH-EAST,129,6,102,29
2026-01-05,P1000,WH-EAST,119,10,0,29
2026-01-06,P1000,WH-EAST,106,13,0,29
2026-01-07,P1000,WH-EAST,98,8,0,29
2026-01-08,P1000,WH-EAST,93,5,0,29
2026-01-09,P1000,WH-EAST,91,2,0,29
2026-01-10,P1000,WH-EAST,83,8,0,29
2026-01-11,P1000,WH-EAST,78,5,0,29
2026-01-12,P1000,WH-EAST,70,8,0,29
2026-01-13,P1000,WH-EAST,58,12,0,29
2026-01-14,P1000,WH-EAST,50,8,0,29
2026-01-15,P1000,WH-EAST,36,14,0,29
2026-01-16,P1000,WH-EAST,128,10,102,29
2026-01-17,P1000,WH-EAST,121,7,0,29
2026-01-18,P1000,WH-EAST,112,9,0,29
2026-01-19,P1000,WH-EAST,109,3,0,29
2026-01-20,P1000,WH-EAST,100,9,0,29
2026-01-21,P1000,WH-EAST,95,5,0,29
2026-01-22,P1000,WH-EAST,89,6,0,29
2026-01-23,P1000,WH-EAST,80,9,0,29
2026-01-24,P1000,WH-EAST,72,8,0,29
2026-01-25,P1000,WH-EAST,58,14,0,29
2026-01-26,P1000,WH-EAST,56,2,0,29
2026-01-27,P1000,WH-EAST,46,10,0,29
2026-01-28,P1000,WH-EAST,39,7,0,29
2026-01-29,P1000,WH-EAST,34,5,0,29
2026-01-30,P1000,WH-EAST,128,8,102,29
2026-01-31,P1000,WH-EAST,125,3,0,29
2026-02-01,P1000,WH-EAST,117,8,0,29
2026-02-02,P1000,WH-EAST,107,10,0,29
2026-02-03,P1000,WH-EAST,101,6,0,29
2026-02-04,P1000,WH-EAST,95,6,0,29
2026-02-05,P1000,WH-EAST,85,10,0,29
2026-02-06,P1000,WH-EAST,78,7,0,29
2026-02-07,P1000,WH-EAST,71,7,0,29
2026-02-08,P1000,WH-EAST,60,11,0,29
2026-02-09,P1000,WH-EAST,48,12,0,29
2026-02-10,P1000,WH-EAST,43,5,0,29
2026-02-11,P1000,WH-EAST,33,10,0,29
2026-02-12,P1000,WH-EAST,30,3,0,29
2026-02-13,P1000,WH-EAST,123,9,102,29
2026-02-14,P1000,WH-EAST,114,9,0,29
2026-02-15,P1000,WH-EAST,103,11,0,29
2026-02-16,P1000,WH-EAST,98,5,0,29
2026-02-17,P1000,WH-EAST,92,6,0,29
2026-02-18,P1000,WH-EAST,80,12,0,29
2026-02-19,P1000,WH-EAST,75,5,0,29
2026-02-20,P1000,WH-EAST,68,7,0,29
2026-02-21,P1000,WH-EAST,60,8,0,29
2026-02-22,P1000,WH-EAST,56,4,0,29
2026-02-23,P1000,WH-EAST,48,8,0,29
2026-02-24,P1000,WH-EAST,42,6,0,29
2026-02-25,P1000,WH-EAST,34,8,0,29
2026-02-26,P1000,WH-EAST,126,10,102,29
2026-02-27,P1000,WH-EAST,117,9,0,29
2026-02-28,P1000,WH-EAST,113,4,0,29
2026-03-01,P1000,WH-EAST,107,6,0,29
2026-03-02,P1000,WH-EAST,105,2,0,29
2026-03-03,P1000,WH-EAST,98,7,0,29
2026-03-04,P1000,WH-EAST,91,7,0,29
2026-03-05,P1000,WH-EAST,81,10,0,29
2026-03-06,P1000,WH-EAST,79,2,0,29
2026-03-07,P1000,WH-EAST,74,5,0,29
2026-03-08,P1000,WH-EAST,69,5,0,29
2026-03-09,P1000,WH-EAST,66,3,0,29
2026-03-10,P1000,WH-EAST,60,6,0,29
2026-03-11,P1000,WH-EAST,58,2,0,29
2026-03-12,P1000,WH-EAST,55,3,0,29
2026-03-13,P1000,WH-EAST,45,10,0,29
2026-03-14,P1000,WH-EAST,35,10,0,29
2026-03-15,P1000,WH-EAST,31,4,0,29
2026-03-16,P1000,WH-EAST,129,4,102,29
2026-03-17,P1000,WH-EAST,123,6,0,29
2026-03-18,P1000,WH-EAST,119,4,0,29
2026-03-19,P1000,WH-EAST,117,2,0,29
2026-03-20,P1000,WH-EAST,110,7,0,29
2026-03-21,P1000,WH-EAST,103,7,0,29
2026-03-22,P1000,WH-EAST,96,7,0,29
2026-03-23,P1000,WH-EAST,90,6,0,29
2026-03-24,P1000,WH-EAST,81,9,0,29
2026-03-25,P1000,WH-EAST,72,9,0,29
2026-03-26,P1000,WH-EAST,63,9,0,29
2026-03-27,P1000,WH-EAST,54,9,0,29
2026-03-28,P1000,WH-EAST,46,8,0,29
2026-03-29,P1000,WH-EAST,41,5,0,29
2026-03-30,P1000,WH-EAST,35,6,0,29
2026-03-31,P1000,WH-EAST,30,5,0,29
2026-04-01,P1000,WH-EAST,122,10,102,29
2026-04-02,P1000,WH-EAST,119,3,0,29
2026-04-03,P1000,WH-EAST,114,5,0,29
2026-04-04,P1000,WH-EAST,110,4,0,29
2026-04-05,P1000,WH-EAST,104,6,0,29
2026-04-06,P1000,WH-EAST,97,7,0,29
2026-04-07,P1000,WH-EAST,91,6,0,29
2026-04-08,P1000,WH-EAST,83,8,0,29
2026-04-09,P1000,WH-EAST,80,3,0,29
2026-04-10,P1000,WH-EAST,80,0,0,29
2026-04-11,P1000,WH-EAST,76,4,0,29
2026-04-12,P1000,WH-EAST,75,1,0,29
2026-04-13,P1000,WH-EAST,72,3,0,29
2026-04-14,P1000,WH-EAST,65,7,0,29
2026-04-15,P1000,WH-EAST,61,4,0,29
2026-04-16,P1000,WH-EAST,52,9,0,29
2026-04-17,P1000,WH-EAST,46,6,0,29
2026-04-18,P1000,WH-EAST,41,5,0,29
2026-04-19,P1000,WH-EAST,35,6,0,29
2026-04-20,P1000,WH-EAST,130,7,102,29
2026-04-21,P1000,WH-EAST,128,2,0,29
2026-04-22,P1000,WH-EAST,126,2,0,29
2026-04-23,P1000,WH-EAST,125,1,0,29
2026-04-24,P1000,WH-EAST,121,4,0,29
2026-04-25,P1000,WH-EAST,112,9,0,29
2026-04-26,P1000,WH-EAST,109,3,0,29
2026-04-27,P1000,WH-EAST,105,4,0,29
2026-04-28,P1000,WH-EAST,98,7,0,29
2026-04-29,P1000,WH-EAST,96,2,0,29
2026-04-30,P1000,WH-EAST,88,8,0,29
2026-05-01,P1000,WH-EAST,85,3,0,29
2026-05-02,P1000,WH-EAST,77,8,0,29
2026-05-03,P1000,WH-EAST,71,6,0,29
2026-05-04,P1000,WH-EAST,66,5,0,29
2026-05-05,P1000,WH-EAST,62,4,0,29
2026-05-06,P1000,WH-EAST,60,2,0,29
2026-05-07,P1000,WH-EAST,55,5,0,29
2026-05-08,P1000,WH-EAST,46,9,0,29
2026-05-09,P1000,WH-EAST,35,11,0,29
2026-05-10,P1000,WH-EAST,131,6,102,29
2026-05-11,P1000,WH-EAST,130,1,0,29
2026-05-12,P1000,WH-EAST,124,6,0,29
2026-05-13,P1000,WH-EAST,121,3,0,29
2026-05-14,P1000,WH-EAST,116,5,0,29
2026-05-15,P1000,WH-EAST,108,8,0,29
2026-05-16,P1000,WH-EAST,105,3,0,29
2026-05-17,P1000,WH-EAST,103,2,0,29
2026-05-18,P1000,WH-EAST,95,8,0,29
2026-05-19,P1000,WH-EAST,86,9,0,29
2026-05-20,P1000,WH-EAST,83,3,0,29
2026-05-21,P1000,WH-EAST,75,8,0,29
2026-05-22,P1000,WH-EAST,72,3,0,29
2026-05-23,P1000,WH-EAST,71,1,0,29
2026-05-24,P1000,WH-EAST,67,4,0,29
2026-05-25,P1000,WH-EAST,66,1,0,29
2026-05-26,P1000,WH-EAST,59,7,0,29
2026-05-27,P1000,WH-EAST,50,9,0,29
2026-05-28,P1000,WH-EAST,44,6,0,29
2026-05-29,P1000,WH-EAST,39,5,0,29
2026-05-30,P1000,WH-EAST,129,12,102,29
2026-05-31,P1000,WH-EAST,120,9,0,29
2026-06-01,P1000,WH-EAST,116,4,0,29
2026-06-02,P1000,WH-EAST,109,7,0,29
2026-06-03,P1000,WH-EAST,103,6,0,29
2026-06-04,P1000,WH-EAST,97,6,0,29
2026-06-05,P1000,WH-EAST,94,3,0,29
2026-06-06,P1000,WH-EAST,91,3,0,29
2026-06-07,P1000,WH-EAST,86,5,0,29
2026-06-08,P1000,WH-EAST,82,4,0,29
2026-06-09,P1000,WH-EAST,76,6,0,29
2026-06-10,P1000,WH-EAST,72,4,0,29
2026-06-11,P1000,WH-EAST,66,6,0,29
2026-06-12,P1000,WH-EAST,62,4,0,29
2026-06-13,P1000,WH-EAST,59,3,0,29
2026-06-14,P1000,WH-EAST,54,5,0,29
2026-06-15,P1000,WH-EAST,47,7,0,29
2026-06-16,P1000,WH-EAST,41,6,0,29
2026-06-17,P1000,WH-EAST,38,3,0,29
2026-06-18,P1000,WH-EAST,30,8,0,29
2026-06-19,P1000,WH-EAST,127,5,102,29
2026-06-20,P1000,WH-EAST,124,3,0,29
2026-06-21,P1000,WH-EAST,120,4,0,29
2026-06-22,P1000,WH-EAST,119,1,0,29
2026-06-23,P1000,WH-EAST,116,3,0,29
2026-06-24,P1000,WH-EAST,107,9,0,29
2026-06-25,P1000,WH-EAST,100,7,0,29
2026-06-26,P1000,WH-EAST,92,8,0,29
2026-06-27,P1000,WH-EAST,86,6,0,29
2026-06-28,P1000,WH-EAST,82,4,0,29
2026-06-29,P1000,WH-EAST,78,4,0,29
2026-06-30,P1000,WH-EAST,72,6,0,29
2026-07-01,P1000,WH-EAST,65,7,0,29
2026-07-02,P1000,WH-EAST,58,7,0,29
2026-07-03,P1000,WH-EAST,49,9,0,29
2026-07-04,P1000,WH-EAST,45,4,0,29
2026-07-05,P1000,WH-EAST,40,5,0,29
2026-07-06,P1000,WH-EAST,36,4,0,29
2026-07-07,P1000,WH-EAST,32,4,0,29
2026-07-08,P1000,WH-EAST,126,8,102,29
2026-07-09,P1000,WH-EAST,120,6,0,29
2026-07-10,P1000,WH-EAST,115,5,0,29
2026-07-11,P1000,WH-EAST,112,3,0,29
2026-07-12,P1000,WH-EAST,108,4,0,29
2026-07-13,P1000,WH-EAST,97,11,0,29
2026-07-14,P1000,WH-EAST,91,6,0,29
2026-07-15,P1000,WH-EAST,87,4,0,29
2026-07-16,P1000,WH-EAST,80,7,0,29
2026-07-17,P1000,WH-EAST,76,4,0,29
2026-07-18,P1000,WH-EAST,72,4,0,29
2026-07-19,P1000,WH-EAST,65,7,0,29
2026-07-20,P1000,WH-EAST,54,11,0,29
2026-07-21,P1000,WH-EAST,49,5,0,29
2026-07-22,P1000,WH-EAST,44,5,0,29
2026-07-23,P1000,WH-EAST,35,9,0,29
2026-07-24,P1000,WH-EAST,129,8,102,29
2026-07-25,P1000,WH-EAST,125,4,0,29
2026-07-26,P1000,WH-EAST,121,4,0,29
2026-07-27,P1000,WH-EAST,111,10,0,29
2026-07-28,P1000,WH-EAST,103,8,0,29
2026-07-29,P1000,WH-EAST,99,4,0,29
2026-07-30,P1000,WH-EAST,95,4,0,29
2026-07-31,P1000,WH-EAST,83,12,0,29
2026-08-01,P1000,WH-EAST,72,11,0,29
2026-08-02,P1000,WH-EAST,62,10,0,29
2026-08-03,P1000,WH-EAST,55,7,0,29
2026-08-04,P1000,WH-EAST,45,10,0,29
2026-08-05,P1000,WH-EAST,41,4,0,29
2026-08-06,P1000,WH-EAST,33,8,0,29
2026-08-07,P1000,WH-EAST,126,9,102,29
2026-08-08,P1000,WH-EAST,119,7,0,29
2026-08-09,P1000,WH-EAST,115,4,0,29
2026-08-10,P1000,WH-EAST,106,9,0,29
2026-08-11,P1000,WH-EAST,101,5,0,29
2026-08-12,P1000,WH-EAST,95,6,0,29
2026-08-13,P1000,WH-EAST,89,6,0,29
2025-08-15,P1001,WH-CENTRAL,77,6,0,33
2025-08-16,P1001,WH-CENTRAL,72,5,0,33
2025-08-17,P1001,WH-CENTRAL,67,5,0,33
2025-08-18,P1001,WH-CENTRAL,65,2,0,33
2025-08-19,P1001,WH-CENTRAL,62,3,0,33
2025-08-20,P1001,WH-CENTRAL,59,3,0,33
2025-08-21,P1001,WH-CENTRAL,57,2,0,33
2025-08-22,P1001,WH-CENTRAL,56,1,0,33
2025-08-23,P1001,WH-CENTRAL,52,4,0,33
2025-08-24,P1001,WH-CENTRAL,49,3,0,33
2025-08-25,P1001,WH-CENTRAL,46,3,0,33
2025-08-26,P1001,WH-CENTRAL,43,3,0,33
2025-08-27,P1001,WH-CENTRAL,39,4,0,33
2025-08-28,P1001,WH-CENTRAL,38,1,0,33
2025-08-29,P1001,WH-CENTRAL,38,0,0,33
2025-08-30,P1001,WH-CENTRAL,36,2,0,33
2025-08-31,P1001,WH-CENTRAL,143,4,111,33
2025-09-01,P1001,WH-CENTRAL,138,5,0,33
2025-09-02,P1001,WH-CENTRAL,136,2,0,33
2025-09-03,P1001,WH-CENTRAL,133,3,0,33
2025-09-04,P1001,WH-CENTRAL,130,3,0,33
2025-09-05,P1001,WH-CENTRAL,128,2,0,33
2025-09-06,P1001,WH-CENTRAL,126,2,0,33
2025-09-07,P1001,WH-CENTRAL,122,4,0,33
2025-09-08,P1001,WH-CENTRAL,118,4,0,33
2025-09-09,P1001,WH-CENTRAL,118,0,0,33
2025-09-10,P1001,WH-CENTRAL,114,4,0,33
2025-09-11,P1001,WH-CENTRAL,108,6,0,33
2025-09-12,P1001,WH-CENTRAL,102,6,0,33
2025-09-13,P1001,WH-CENTRAL,97,5,0,33
2025-09-14,P1001,WH-CENTRAL,93,4,0,33
2025-09-15,P1001,WH-CENTRAL,91,2,0,33
2025-09-16,P1001,WH-CENTRAL,87,4,0,33
2025-09-17,P1001,WH-CENTRAL,79,8,0,33
2025-09-18,P1001,WH-CENTRAL,76,3,0,33
2025-09-19,P1001,WH-CENTRAL,71,5,0,33
2025-09-20,P1001,WH-CENTRAL,68,3,0,33
2025-09-21,P1001,WH-CENTRAL,64,4,0,33
2025-09-22,P1001,WH-CENTRAL,63,1,0,33
2025-09-23,P1001,WH-CENTRAL,54,9,0,33
2025-09-24,P1001,WH-CENTRAL,54,0,0,33
2025-09-25,P1001,WH-CENTRAL,50,4,0,33
2025-09-26,P1001,WH-CENTRAL,48,2,0,33
2025-09-27,P1001,WH-CENTRAL,45,3,0,33
2025-09-28,P1001,WH-CENTRAL,39,6,0,33
2025-09-29,P1001,WH-CENTRAL,37,2,0,33
2025-09-30,P1001,WH-CENTRAL,144,4,111,33
2025-10-01,P1001,WH-CENTRAL,139,5,0,33
2025-10-02,P1001,WH-CENTRAL,137,2,0,33
2025-10-03,P1001,WH-CENTRAL,133,4,0,33
2025-10-04,P1001,WH-CENTRAL,129,4,0,33
2025-10-05,P1001,WH-CENTRAL,126,3,0,33
2025-10-06,P1001,WH-CENTRAL,121,5,0,33
2025-10-07,P1001,WH-CENTRAL,117,4,0,33
2025-10-08,P1001,WH-CENTRAL,111,6,0,33
2025-10-09,P1001,WH-CENTRAL,107,4,0,33
2025-10-10,P1001,WH-CENTRAL,105,2,0,33
2025-10-11,P1001,WH-CENTRAL,101,4,0,33
2025-10-12,P1001,WH-CENTRAL,91,10,0,33
2025-10-13,P1001,WH-CENTRAL,86,5,0,33
2025-10-14,P1001,WH-CENTRAL,81,5,0,33
2025-10-15,P1001,WH-CENTRAL,78,3,0,33
2025-10-16,P1001,WH-CENTRAL,78,0,0,33
2025-10-17,P1001,WH-CENTRAL,70,8,0,33
2025-10-18,P1001,WH-CENTRAL,68,2,0,33
2025-10-19,P1001,WH-CENTRAL,64,4,0,33
2025-10-20,P1001,WH-CENTRAL,61,3,0,33
2025-10-21,P1001,WH-CENTRAL,57,4,0,33
2025-10-22,P1001,WH-CENTRAL,56,1,0,33
2025-10-23,P1001,WH-CENTRAL,54,2,0,33
2025-10-24,P1001,WH-CENTRAL,50,4,0,33
2025-10-25,P1001,WH-CENTRAL,48,2,0,33
2025-10-26,P1001,WH-CENTRAL,46,2,0,33
2025-10-27,P1001,WH-CENTRAL,44,2,0,33
2025-10-28,P1001,WH-CENTRAL,39,5,0,33
2025-10-29,P1001,WH-CENTRAL,37,2,0,33
2025-10-30,P1001,WH-CENTRAL,142,6,111,33
2025-10-31,P1001,WH-CENTRAL,139,3,0,33
2025-11-01,P1001,WH-CENTRAL,136,3,0,33
2025-11-02,P1001,WH-CENTRAL,131,5,0,33
2025-11-03,P1001,WH-CENTRAL,127,4,0,33
2025-11-04,P1001,WH-CENTRAL,123,4,0,33
2025-11-05,P1001,WH-CENTRAL,119,4,0,33
2025-11-06,P1001,WH-CENTRAL,114,5,0,33
2025-11-07,P1001,WH-CENTRAL,112,2,0,33
2025-11-08,P1001,WH-CENTRAL,104,8,0,33
2025-11-09,P1001,WH-CENTRAL,99,5,0,33
2025-11-10,P1001,WH-CENTRAL,95,4,0,33
2025-11-11,P1001,WH-CENTRAL,92,3,0,33
2025-11-12,P1001,WH-CENTRAL,89,3,0,33
2025-11-13,P1001,WH-CENTRAL,81,8,0,33
2025-11-14,P1001,WH-CENTRAL,77,4,0,33
2025-11-15,P1001,WH-CENTRAL,74,3,0,33
2025-11-16,P1001,WH-CENTRAL,70,4,0,33
2025-11-17,P1001,WH-CENTRAL,68,2,0,33
2025-11-18,P1001,WH-CENTRAL,67,1,0,33
2025-11-19,P1001,WH-CENTRAL,64,3,0,33
2025-11-20,P1001,WH-CENTRAL,60,4,0,33
2025-11-21,P1001,WH-CENTRAL,59,1,0,33
2025-11-22,P1001,WH-CENTRAL,54,5,0,33
2025-11-23,P1001,WH-CENTRAL,47,7,0,33
2025-11-24,P1001,WH-CENTRAL,43,4,0,33
2025-11-25,P1001,WH-CENTRAL,39,4,0,33
2025-11-26,P1001,WH-CENTRAL,35,4,0,33
2025-11-27,P1001,WH-CENTRAL,144,2,111,33
2025-11-28,P1001,WH-CENTRAL,142,2,0,33
2025-11-29,P1001,WH-CENTRAL,136,6,0,33
2025-11-30,P1001,WH-CENTRAL,133,3,0,33
2025-12-01,P1001,WH-CENTRAL,127,6,0,33
2025-12-02,P1001,WH-CENTRAL,123,4,0,33
2025-12-03,P1001,WH-CENTRAL,121,2,0,33
2025-12-04,P1001,WH-CENTRAL,114,7,0,33
2025-12-05,P1001,WH-CENTRAL,110,4,0,33
2025-12-06,P1001,WH-CENTRAL,105,5,0,33
2025-12-07,P1001,WH-CENTRAL,102,3,0,33
2025-12-08,P1001,WH-CENTRAL,100,2,0,33
2025-12-09,P1001,WH-CENTRAL,95,5,0,33
2025-12-10,P1001,WH-CENTRAL,92,3,0,33
2025-12-11,P1001,WH-CENTRAL,89,3,0,33
2025-12-12,P1001,WH-CENTRAL,86,3,0,33
2025-12-13,P1001,WH-CENTRAL,80,6,0,33
2025-12-14,P1001,WH-CENTRAL,77,3,0,33
2025-12-15,P1001,WH-CENTRAL,73,4,0,33
2025-12-16,P1001,WH-CENTRAL,70,3,0,33
2025-12-17,P1001,WH-CENTRAL,68,2,0,33
2025-12-18,P1001,WH-CENTRAL,62,6,0,33
2025-12-19,P1001,WH-CENTRAL,60,2,0,33
2025-12-20,P1001,WH-CENTRAL,57,3,0,33
2025-12-21,P1001,WH-CENTRAL,52,5,0,33
2025-12-22,P1001,WH-CENTRAL,49,3,0,33
2025-12-23,P1001,WH-CENTRAL,47,2,0,33
2025-12-24,P1001,WH-CENTRAL,43,4,0,33
2025-12-25,P1001,WH-CENTRAL,39,4,0,33
2025-12-26,P1001,WH-CENTRAL,36,3,0,33
2025-12-27,P1001,WH-CENTRAL,140,7,111,33
2025-12-28,P1001,WH-CENTRAL,137,3,0,33
2025-12-29,P1001,WH-CENTRAL,135,2,0,33
2025-12-30,P1001,WH-CENTRAL,131,4,0,33
2025-12-31,P1001,WH-CENTRAL,123,8,0,33
2026-01-01,P1001,WH-CENTRAL,118,5,0,33
2026-01-02,P1001,WH-CENTRAL,115,3,0,33
2026-01-03,P1001,WH-CENTRAL,112,3,0,33
2026-01-04,P1001,WH-CENTRAL,110,2,0,33
2026-01-05,P1001,WH-CENTRAL,106,4,0,33
2026-01-06,P1001,WH-CENTRAL,105,1,0,33
2026-01-07,P1001,WH-CENTRAL,101,4,0,33
2026-01-08,P1001,WH-CENTRAL,100,1,0,33
2026-01-09,P1001,WH-CENTRAL,97,3,0,33
2026-01-10,P1001,WH-CENTRAL,95,2,0,33
2026-01-11,P1001,WH-CENTRAL,89,6,0,33
2026-01-12,P1001,WH-CENTRAL,87,2,0,33
2026-01-13,P1001,WH-CENTRAL,83,4,0,33
2026-01-14,P1001,WH-CENTRAL,82,1,0,33
2026-01-15,P1001,WH-CENTRAL,78,4,0,33
2026-01-16,P1001,WH-CENTRAL,74,4,0,33
2026-01-17,P1001,WH-CENTRAL,72,2,0,33
2026-01-18,P1001,WH-CENTRAL,66,6,0,33
2026-01-19,P1001,WH-CENTRAL,62,4,0,33
2026-01-20,P1001,WH-CENTRAL,58,4,0,33
2026-01-21,P1001,WH-CENTRAL,53,5,0,33
2026-01-22,P1001,WH-CENTRAL,51,2,0,33
2026-01-23,P1001,WH-CENTRAL,45,6,0,33
2026-01-24,P1001,WH-CENTRAL,41,4,0,33
2026-01-25,P1001,WH-CENTRAL,38,3,0,33
2026-01-26,P1001,WH-CENTRAL,143,6,111,33
2026-01-27,P1001,WH-CENTRAL,141,2,0,33
2026-01-28,P1001,WH-CENTRAL,138,3,0,33
2026-01-29,P1001,WH-CENTRAL,136,2,0,33
2026-01-30,P1001,WH-CENTRAL,133,3,0,33
2026-01-31,P1001,WH-CENTRAL,128,5,0,33
2026-02-01,P1001,WH-CENTRAL,120,8,0,33
2026-02-02,P1001,WH-CENTRAL,118,2,0,33
2026-02-03,P1001,WH-CENTRAL,115,3,0,33
2026-02-04,P1001,WH-CENTRAL,113,2,0,33
2026-02-05,P1001,WH-CENTRAL,111,2,0,33
2026-02-06,P1001,WH-CENTRAL,108,3,0,33
2026-02-07,P1001,WH-CENTRAL,99,9,0,33
2026-02-08,P1001,WH-CENTRAL,96,3,0,33
2026-02-09,P1001,WH-CENTRAL,91,5,0,33
2026-02-10,P1001,WH-CENTRAL,86,5,0,33
2026-02-11,P1001,WH-CENTRAL,82,4,0,33
2026-02-12,P1001,WH-CENTRAL,78,4,0,33
2026-02-13,P1001,WH-CENTRAL,74,4,0,33
2026-02-14,P1001,WH-CENTRAL,66,8,0,33
2026-02-15,P1001,WH-CENTRAL,64,2,0,33
2026-02-16,P1001,WH-CENTRAL,58,6,0,33
2026-02-17,P1001,WH-CENTRAL,52,6,0,33
2026-02-18,P1001,WH-CENTRAL,49,3,0,33
2026-02-19,P1001,WH-CENTRAL,44,5,0,33
2026-02-20,P1001,WH-CENTRAL,41,3,0,33
2026-02-21,P1001,WH-CENTRAL,39,2,0,33
2026-02-22,P1001,WH-CENTRAL,35,4,0,33
2026-02-23,P1001,WH-CENTRAL,143,3,111,33
2026-02-24,P1001,WH-CENTRAL,139,4,0,33
2026-02-25,P1001,WH-CENTRAL,135,4,0,33
2026-02-26,P1001,WH-CENTRAL,134,1,0,33
2026-02-27,P1001,WH-CENTRAL,131,3,0,33
2026-02-28,P1001,WH-CENTRAL,128,3,0,33
2026-03-01,P1001,WH-CENTRAL,124,4,0,33
2026-03-02,P1001,WH-CENTRAL,120,4,0,33
2026-03-03,P1001,WH-CENTRAL,119,1,0,33
2026-03-04,P1001,WH-CENTRAL,115,4,0,33
2026-03-05,P1001,WH-CENTRAL,112,3,0,33
2026-03-06,P1001,WH-CENTRAL,108,4,0,33
2026-03-07,P1001,WH-CENTRAL,107,1,0,33
2026-03-08,P1001,WH-CENTRAL,105,2,0,33
2026-03-09,P1001,WH-CENTRAL,102,3,0,33
2026-03-10,P1001,WH-CENTRAL,99,3,0,33
2026-03-11,P1001,WH-CENTRAL,96,3,0,33
2026-03-12,P1001,WH-CENTRAL,96,0,0,33
2026-03-13,P1001,WH-CENTRAL,94,2,0,33
2026-03-14,P1001,WH-CENTRAL,93,1,0,33
2026-03-15,P1001,WH-CENTRAL,87,6,0,33
2026-03-16,P1001,WH-CENTRAL,82,5,0,33
2026-03-17,P1001,WH-CENTRAL,79,3,0,33
2026-03-18,P1001,WH-CENTRAL,79,0,0,33
2026-03-19,P1001,WH-CENTRAL,76,3,0,33
2026-03-20,P1001,WH-CENTRAL,76,0,0,33
2026-03-21,P1001,WH-CENTRAL,74,2,0,33
2026-03-22,P1001,WH-CENTRAL,72,2,0,33
2026-03-23,P1001,WH-CENTRAL,68,4,0,33
2026-03-24,P1001,WH-CENTRAL,67,1,0,33
2026-03-25,P1001,WH-CENTRAL,65,2,0,33
2026-03-26,P1001,WH-CENTRAL,63,2,0,33
2026-03-27,P1001,WH-CENTRAL,59,4,0,33
2026-03-28,P1001,WH-CENTRAL,57,2,0,33
2026-03-29,P1001,WH-CENTRAL,57,0,0,33
2026-03-30,P1001,WH-CENTRAL,51,6,0,33
2026-03-31,P1001,WH-CENTRAL,49,2,0,33
2026-04-01,P1001,WH-CENTRAL,47,2,0,33
2026-04-02,P1001,WH-CENTRAL,43,4,0,33
2026-04-03,P1001,WH-CENTRAL,42,1,0,33
2026-04-04,P1001,WH-CENTRAL,42,0,0,33
2026-04-05,P1001,WH-CENTRAL,38,4,0,33
2026-04-06,P1001,WH-CENTRAL,36,2,0,33
2026-04-07,P1001,WH-CENTRAL,34,2,0,33
2026-04-08,P1001,WH-CENTRAL,143,2,111,33
2026-04-09,P1001,WH-CENTRAL,138,5,0,33
2026-04-10,P1001,WH-CENTRAL,136,2,0,33
2026-04-11,P1001,WH-CENTRAL,133,3,0,33
2026-04-12,P1001,WH-CENTRAL,131,2,0,33
2026-04-13,P1001,WH-CENTRAL,128,3,0,33
2026-04-14,P1001,WH-CENTRAL,126,2,0,33
2026-04-15,P1001,WH-CENTRAL,124,2,0,33
2026-04-16,P1001,WH-CENTRAL,123,1,0,33
2026-04-17,P1001,WH-CENTRAL,121,2,0,33
2026-04-18,P1001,WH-CENTRAL,120,1,0,33
2026-04-19,P1001,WH-CENTRAL,120,0,0,33
2026-04-20,P1001,WH-CENTRAL,119,1,0,33
2026-04-21,P1001,WH-CENTRAL,116,3,0,33
2026-04-22,P1001,WH-CENTRAL,112,4,0,33
2026-04-23,P1001,WH-CENTRAL,109,3,0,33
2026-04-24,P1001,WH-CENTRAL,105,4,0,33
2026-04-25,P1001,WH-CENTRAL,101,4,0,33
2026-04-26,P1001,WH-CENTRAL,96,5,0,33
2026-04-27,P1001,WH-CENTRAL,92,4,0,33
2026-04-28,P1001,WH-CENTRAL,86,6,0,33
2026-04-29,P1001,WH-CENTRAL,83,3,0,33
2026-04-30,P1001,WH-CENTRAL,81,2,0,33
2026-05-01,P1001,WH-CENTRAL,78,3,0,33
2026-05-02,P1001,WH-CENTRAL,72,6,0,33
2026-05-03,P1001,WH-CENTRAL,71,1,0,33
2026-05-04,P1001,WH-CENTRAL,71,0,0,33
2026-05-05,P1001,WH-CENTRAL,71,0,0,33
2026-05-06,P1001,WH-CENTRAL,67,4,0,33
2026-05-07,P1001,WH-CENTRAL,61,6,0,33
2026-05-08,P1001,WH-CENTRAL,61,0,0,33
2026-05-09,P1001,WH-CENTRAL,59,2,0,33
2026-05-10,P1001,WH-CENTRAL,55,4,0,33
2026-05-11,P1001,WH-CENTRAL,55,0,0,33
2026-05-12,P1001,WH-CENTRAL,52,3,0,33
2026-05-13,P1001,WH-CENTRAL,49,3,0,33
2026-05-14,P1001,WH-CENTRAL,49,0,0,33
2026-05-15,P1001,WH-CENTRAL,45,4,0,33
2026-05-16,P1001,WH-CENTRAL,41,4,0,33
2026-05-17,P1001,WH-CENTRAL,40,1,0,33
2026-05-18,P1001,WH-CENTRAL,38,2,0,33
2026-05-19,P1001,WH-CENTRAL,143,6,111,33
2026-05-20,P1001,WH-CENTRAL,140,3,0,33
2026-05-21,P1001,WH-CENTRAL,138,2,0,33
2026-05-22,P1001,WH-CENTRAL,138,0,0,33
2026-05-23,P1001,WH-CENTRAL,135,3,0,33
2026-05-24,P1001,WH-CENTRAL,131,4,0,33
2026-05-25,P1001,WH-CENTRAL,131,0,0,33
2026-05-26,P1001,WH-CENTRAL,128,3,0,33
2026-05-27,P1001,WH-CENTRAL,126,2,0,33
2026-05-28,P1001,WH-CENTRAL,124,2,0,33
2026-05-29,P1001,WH-CENTRAL,123,1,0,33
2026-05-30,P1001,WH-CENTRAL,121,2,0,33
2026-05-31,P1001,WH-CENTRAL,120,1,0,33
2026-06-01,P1001,WH-CENTRAL,119,1,0,33
2026-06-02,P1001,WH-CENTRAL,117,2,0,33
2026-06-03,P1001,WH-CENTRAL,114,3,0,33
2026-06-04,P1001,WH-CENTRAL,111,3,0,33
2026-06-05,P1001,WH-CENTRAL,110,1,0,33
2026-06-06,P1001,WH-CENTRAL,103,7,0,33
2026-06-07,P1001,WH-CENTRAL,99,4,0,33
2026-06-08,P1001,WH-CENTRAL,96,3,0,33
2026-06-09,P1001,WH-CENTRAL,93,3,0,33
2026-06-10,P1001,WH-CENTRAL,90,3,0,33
2026-06-11,P1001,WH-CENTRAL,88,2,0,33
2026-06-12,P1001,WH-CENTRAL,82,6,0,33
2026-06-13,P1001,WH-CENTRAL,78,4,0,33
2026-06-14,P1001,WH-CENTRAL,74,4,0,33
2026-06-15,P1001,WH-CENTRAL,73,1,0,33
2026-06-16,P1001,WH-CENTRAL,72,1,0,33
2026-06-17,P1001,WH-CENTRAL,69,3,0,33
2026-06-18,P1001,WH-CENTRAL,66,3,0,33
2026-06-19,P1001,WH-CENTRAL,63,3,0,33
2026-06-20,P1001,WH-CENTRAL,57,6,0,33
2026-06-21,P1001,WH-CENTRAL,52,5,0,33
2026-06-22,P1001,WH-CENTRAL,49,3,0,33
2026-06-23,P1001,WH-CENTRAL,44,5,0,33
2026-06-24,P1001,WH-CENTRAL,43,1,0,33
2026-06-25,P1001,WH-CENTRAL,39,4,0,33
2026-06-26,P1001,WH-CENTRAL,37,2,0,33
2026-06-27,P1001,WH-CENTRAL,36,1,0,33
2026-06-28,P1001,WH-CENTRAL,143,4,111,33
2026-06-29,P1001,WH-CENTRAL,141,2,0,33
2026-06-30,P1001,WH-CENTRAL,140,1,0,33
2026-07-01,P1001,WH-CENTRAL,134,6,0,33
2026-07-02,P1001,WH-CENTRAL,130,4,0,33
2026-07-03,P1001,WH-CENTRAL,128,2,0,33
2026-07-04,P1001,WH-CENTRAL,123,5,0,33
2026-07-05,P1001,WH-CENTRAL,119,4,0,33
2026-07-06,P1001,WH-CENTRAL,118,1,0,33
2026-07-07,P1001,WH-CENTRAL,116,2,0,33
2026-07-08,P1001,WH-CENTRAL,112,4,0,33
2026-07-09,P1001,WH-CENTRAL,109,3,0,33
2026-07-10,P1001,WH-CENTRAL,107,2,0,33
2026-07-11,P1001,WH-CENTRAL,107,0,0,33
2026-07-12,P1001,WH-CENTRAL,103,4,0,33
2026-07-13,P1001,WH-CENTRAL,102,1,0,33
2026-07-14,P1001,WH-CENTRAL,98,4,0,33
2026-07-15,P1001,WH-CENTRAL,92,6,0,33
2026-07-16,P1001,WH-CENTRAL,89,3,0,33
2026-07-17,P1001,WH-CENTRAL,87,2,0,33
2026-07-18,P1001,WH-CENTRAL,86,1,0,33
2026-07-19,P1001,WH-CENTRAL,83,3,0,33
2026-07-20,P1001,WH-CENTRAL,78,5,0,33
2026-07-21,P1001,WH-CENTRAL,76,2,0,33
2026-07-22,P1001,WH-CENTRAL,75,1,0,33
2026-07-23,P1001,WH-CENTRAL,70,5,0,33
2026-07-24,P1001,WH-CENTRAL,66,4,0,33
2026-07-25,P1001,WH-CENTRAL,60,6,0,33
2026-07-26,P1001,WH-CENTRAL,57,3,0,33
2026-07-27,P1001,WH-CENTRAL,52,5,0,33
2026-07-28,P1001,WH-CENTRAL,50,2,0,33
2026-07-29,P1001,WH-CENTRAL,45,5,0,33
2026-07-30,P1001,WH-CENTRAL,41,4,0,33
2026-07-31,P1001,WH-CENTRAL,36,5,0,33
2026-08-01,P1001,WH-CENTRAL,141,6,111,33
2026-08-02,P1001,WH-CENTRAL,140,1,0,33
2026-08-03,P1001,WH-CENTRAL,137,3,0,33
2026-08-04,P1001,WH-CENTRAL,133,4,0,33
2026-08-05,P1001,WH-CENTRAL,129,4,0,33
2026-08-06,P1001,WH-CENTRAL,127,2,0,33
2026-08-07,P1001,WH-CENTRAL,126,1,0,33
2026-08-08,P1001,WH-CENTRAL,124,2,0,33
2026-08-09,P1001,WH-CENTRAL,123,1,0,33
2026-08-10,P1001,WH-CENTRAL,120,3,0,33
2026-08-11,P1001,WH-CENTRAL,117,3,0,33
2026-08-12,P1001,WH-CENTRAL,112,5,0,33
2026-08-13,P1001,WH-CENTRAL,107,5,0,33
2025-08-15,P1002,WH-WEST,214,4,0,54
2025-08-16,P1002,WH-WEST,209,5,0,54
2025-08-17,P1002,WH-WEST,205,4,0,54
2025-08-18,P1002,WH-WEST,201,4,0,54
2025-08-19,P1002,WH-WEST,200,1,0,54
2025-08-20,P1002,WH-WEST,198,2,0,54
2025-08-21,P1002,WH-WEST,196,2,0,54
2025-08-22,P1002,WH-WEST,192,4,0,54
2025-08-23,P1002,WH-WEST,189,3,0,54
2025-08-24,P1002,WH-WEST,186,3,0,54
2025-08-25,P1002,WH-WEST,185,1,0,54
2025-08-26,P1002,WH-WEST,183,2,0,54
2025-08-27,P1002,WH-WEST,182,1,0,54
2025-08-28,P1002,WH-WEST,179,3,0,54
2025-08-29,P1002,WH-WEST,176,3,0,54
2025-08-30,P1002,WH-WEST,176,0,0,54
2025-08-31,P1002,WH-WEST,175,1,0,54
2025-09-01,P1002,WH-WEST,170,5,0,54
2025-09-02,P1002,WH-WEST,166,4,0,54
2025-09-03,P1002,WH-WEST,165,1,0,54
2025-09-04,P1002,WH-WEST,161,4,0,54
2025-09-05,P1002,WH-WEST,158,3,0,54
2025-09-06,P1002,WH-WEST,156,2,0,54
2025-09-07,P1002,WH-WEST,153,3,0,54
2025-09-08,P1002,WH-WEST,149,4,0,54
2025-09-09,P1002,WH-WEST,145,4,0,54
2025-09-10,P1002,WH-WEST,142,3,0,54
2025-09-11,P1002,WH-WEST,142,0,0,54
2025-09-12,P1002,WH-WEST,137,5,0,54
2025-09-13,P1002,WH-WEST,132,5,0,54
2025-09-14,P1002,WH-WEST,131,1,0,54
2025-09-15,P1002,WH-WEST,129,2,0,54
2025-09-16,P1002,WH-WEST,126,3,0,54
2025-09-17,P1002,WH-WEST,124,2,0,54
2025-09-18,P1002,WH-WEST,123,1,0,54
2025-09-19,P1002,WH-WEST,123,0,0,54
2025-09-20,P1002,WH-WEST,122,1,0,54
2025-09-21,P1002,WH-WEST,119,3,0,54
2025-09-22,P1002,WH-WEST,114,5,0,54
2025-09-23,P1002,WH-WEST,113,1,0,54
2025-09-24,P1002,WH-WEST,109,4,0,54
2025-09-25,P1002,WH-WEST,104,5,0,54
2025-09-26,P1002,WH-WEST,99,5,0,54
2025-09-27,P1002,WH-WEST,97,2,0,54
2025-09-28,P1002,WH-WEST,94,3,0,54
2025-09-29,P1002,WH-WEST,91,3,0,54
2025-09-30,P1002,WH-WEST,87,4,0,54
2025-10-01,P1002,WH-WEST,84,3,0,54
2025-10-02,P1002,WH-WEST,81,3,0,54
2025-10-03,P1002,WH-WEST,78,3,0,54
2025-10-04,P1002,WH-WEST,74,4,0,54
2025-10-05,P1002,WH-WEST,73,1,0,54
2025-10-06,P1002,WH-WEST,70,3,0,54
2025-10-07,P1002,WH-WEST,69,1,0,54
2025-10-08,P1002,WH-WEST,63,6,0,54
2025-10-09,P1002,WH-WEST,62,1,0,54
2025-10-10,P1002,WH-WEST,56,6,0,54
2025-10-11,P1002,WH-WEST,211,4,159,54
2025-10-12,P1002,WH-WEST,207,4,0,54
2025-10-13,P1002,WH-WEST,201,6,0,54
2025-10-14,P1002,WH-WEST,197,4,0,54
2025-10-15,P1002,WH-WEST,197,0,0,54
2025-10-16,P1002,WH-WEST,195,2,0,54
2025-10-17,P1002,WH-WEST,192,3,0,54
2025-10-18,P1002,WH-WEST,192,0,0,54
2025-10-19,P1002,WH-WEST,188,4,0,54
2025-10-20,P1002,WH-WEST,183,5,0,54
2025-10-21,P1002,WH-WEST,180,3,0,54
2025-10-22,P1002,WH-WEST,178,2,0,54
2025-10-23,P1002,WH-WEST,175,3,0,54
2025-10-24,P1002,WH-WEST,173,2,0,54
2025-10-25,P1002,WH-WEST,170,3,0,54
2025-10-26,P1002,WH-WEST,167,3,0,54
2025-10-27,P1002,WH-WEST,166,1,0,54
2025-10-28,P1002,WH-WEST,160,6,0,54
2025-10-29,P1002,WH-WEST,156,4,0,54
2025-10-30,P1002,WH-WEST,156,0,0,54
2025-10-31,P1002,WH-WEST,154,2,0,54
2025-11-01,P1002,WH-WEST,152,2,0,54
2025-11-02,P1002,WH-WEST,148,4,0,54
2025-11-03,P1002,WH-WEST,148,0,0,54
2025-11-04,P1002,WH-WEST,145,3,0,54
2025-11-05,P1002,WH-WEST,141,4,0,54
2025-11-06,P1002,WH-WEST,139,2,0,54
2025-11-07,P1002,WH-WEST,135,4,0,54
2025-11-08,P1002,WH-WEST,133,2,0,54
2025-11-09,P1002,WH-WEST,128,5,0,54
2025-11-10,P1002,WH-WEST,125,3,0,54
2025-11-11,P1002,WH-WEST,119,6,0,54
2025-11-12,P1002,WH-WEST,117,2,0,54
2025-11-13,P1002,WH-WEST,116,1,0,54
2025-11-14,P1002,WH-WEST,112,4,0,54
2025-11-15,P1002,WH-WEST,109,3,0,54
2025-11-16,P1002,WH-WEST,107,2,0,54
2025-11-17,P1002,WH-WEST,103,4,0,54
2025-11-18,P1002,WH-WEST,99,4,0,54
2025-11-19,P1002,WH-WEST,97,2,0,54
2025-11-20,P1002,WH-WEST,97,0,0,54
2025-11-21,P1002,WH-WEST,93,4,0,54
2025-11-22,P1002,WH-WEST,91,2,0,54
2025-11-23,P1002,WH-WEST,90,1,0,54
2025-11-24,P1002,WH-WEST,86,4,0,54
2025-11-25,P1002,WH-WEST,81,5,0,54
2025-11-26,P1002,WH-WEST,76,5,0,54
2025-11-27,P1002,WH-WEST,76,0,0,54
2025-11-28,P1002,WH-WEST,74,2,0,54
2025-11-29,P1002,WH-WEST,74,0,0,54
2025-11-30,P1002,WH-WEST,73,1,0,54
2025-12-01,P1002,WH-WEST,73,0,0,54
2025-12-02,P1002,WH-WEST,69,4,0,54
2025-12-03,P1002,WH-WEST,67,2,0,54
2025-12-04,P1002,WH-WEST,64,3,0,54
2025-12-05,P1002,WH-WEST,61,3,0,54
2025-12-06,P1002,WH-WEST,60,1,0,54
2025-12-07,P1002,WH-WEST,55,5,0,54
2025-12-08,P1002,WH-WEST,212,2,159,54
2025-12-09,P1002,WH-WEST,209,3,0,54
2025-12-10,P1002,WH-WEST,207,2,0,54
2025-12-11,P1002,WH-WEST,206,1,0,54
2025-12-12,P1002,WH-WEST,203,3,0,54
2025-12-13,P1002,WH-WEST,200,3,0,54
2025-12-14,P1002,WH-WEST,199,1,0,54
2025-12-15,P1002,WH-WEST,197,2,0,54
2025-12-16,P1002,WH-WEST,191,6,0,54
2025-12-17,P1002,WH-WEST,187,4,0,54
2025-12-18,P1002,WH-WEST,184,3,0,54
2025-12-19,P1002,WH-WEST,183,1,0,54
2025-12-20,P1002,WH-WEST,182,1,0,54
2025-12-21,P1002,WH-WEST,181,1,0,54
2025-12-22,P1002,WH-WEST,178,3,0,54
2025-12-23,P1002,WH-WEST,176,2,0,54
2025-12-24,P1002,WH-WEST,173,3,0,54
2025-12-25,P1002,WH-WEST,170,3,0,54
2025-12-26,P1002,WH-WEST,170,0,0,54
2025-12-27,P1002,WH-WEST,167,3,0,54
2025-12-28,P1002,WH-WEST,165,2,0,54
2025-12-29,P1002,WH-WEST,164,1,0,54
2025-12-30,P1002,WH-WEST,159,5,0,54
2025-12-31,P1002,WH-WEST,155,4,0,54
2026-01-01,P1002,WH-WEST,155,0,0,54
2026-01-02,P1002,WH-WEST,150,5,0,54
2026-01-03,P1002,WH-WEST,147,3,0,54
2026-01-04,P1002,WH-WEST,146,1,0,54
2026-01-05,P1002,WH-WEST,143,3,0,54
2026-01-06,P1002,WH-WEST,140,3,0,54
2026-01-07,P1002,WH-WEST,136,4,0,54
2026-01-08,P1002,WH-WEST,135,1,0,54
2026-01-09,P1002,WH-WEST,134,1,0,54
2026-01-10,P1002,WH-WEST,133,1,0,54
2026-01-11,P1002,WH-WEST,132,1,0,54
2026-01-12,P1002,WH-WEST,130,2,0,54
2026-01-13,P1002,WH-WEST,130,0,0,54
2026-01-14,P1002,WH-WEST,129,1,0,54
2026-01-15,P1002,WH-WEST,126,3,0,54
2026-01-16,P1002,WH-WEST,124,2,0,54
2026-01-17,P1002,WH-WEST,123,1,0,54
2026-01-18,P1002,WH-WEST,121,2,0,54
2026-01-19,P1002,WH-WEST,116,5,0,54
2026-01-20,P1002,WH-WEST,114,2,0,54
2026-01-21,P1002,WH-WEST,111,3,0,54
2026-01-22,P1002,WH-WEST,110,1,0,54
2026-01-23,P1002,WH-WEST,110,0,0,54
2026-01-24,P1002,WH-WEST,109,1,0,54
2026-01-25,P1002,WH-WEST,106,3,0,54
2026-01-26,P1002,WH-WEST,105,1,0,54
2026-01-27,P1002,WH-WEST,104,1,0,54
2026-01-28,P1002,WH-WEST,104,0,0,54
2026-01-29,P1002,WH-WEST,103,1,0,54
2026-01-30,P1002,WH-WEST,99,4,0,54
2026-01-31,P1002,WH-WEST,96,3,0,54
2026-02-01,P1002,WH-WEST,94,2,0,54
2026-02-02,P1002,WH-WEST,91,3,0,54
2026-02-03,P1002,WH-WEST,90,1,0,54
2026-02-04,P1002,WH-WEST,89,1,0,54
2026-02-05,P1002,WH-WEST,87,2,0,54
2026-02-06,P1002,WH-WEST,85,2,0,54
2026-02-07,P1002,WH-WEST,85,0,0,54
2026-02-08,P1002,WH-WEST,81,4,0,54
2026-02-09,P1002,WH-WEST,78,3,0,54
2026-02-10,P1002,WH-WEST,76,2,0,54
2026-02-11,P1002,WH-WEST,75,1,0,54
2026-02-12,P1002,WH-WEST,72,3,0,54
2026-02-13,P1002,WH-WEST,69,3,0,54
2026-02-14,P1002,WH-WEST,67,2,0,54
2026-02-15,P1002,WH-WEST,65,2,0,54
2026-02-16,P1002,WH-WEST,63,2,0,54
2026-02-17,P1002,WH-WEST,61,2,0,54
2026-02-18,P1002,WH-WEST,60,1,0,54
2026-02-19,P1002,WH-WEST,59,1,0,54
2026-02-20,P1002,WH-WEST,58,1,0,54
2026-02-21,P1002,WH-WEST,55,3,0,54
2026-02-22,P1002,WH-WEST,212,2,159,54
2026-02-23,P1002,WH-WEST,212,0,0,54
2026-02-24,P1002,WH-WEST,210,2,0,54
2026-02-25,P1002,WH-WEST,210,0,0,54
2026-02-26,P1002,WH-WEST,208,2,0,54
2026-02-27,P1002,WH-WEST,207,1,0,54
2026-02-28,P1002,WH-WEST,206,1,0,54
2026-03-01,P1002,WH-WEST,203,3,0,54
2026-03-02,P1002,WH-WEST,201,2,0,54
2026-03-03,P1002,WH-WEST,201,0,0,54
2026-03-04,P1002,WH-WEST,200,1,0,54
2026-03-05,P1002,WH-WEST,197,3,0,54
2026-03-06,P1002,WH-WEST,196,1,0,54
2026-03-07,P1002,WH-WEST,196,0,0,54
2026-03-08,P1002,WH-WEST,195,1,0,54
2026-03-09,P1002,WH-WEST,194,1,0,54
2026-03-10,P1002,WH-WEST,192,2,0,54
2026-03-11,P1002,WH-WEST,191,1,0,54
2026-03-12,P1002,WH-WEST,186,5,0,54
2026-03-13,P1002,WH-WEST,186,0,0,54
2026-03-14,P1002,WH-WEST,184,2,0,54
2026-03-15,P1002,WH-WEST,183,1,0,54
2026-03-16,P1002,WH-WEST,181,2,0,54
2026-03-17,P1002,WH-WEST,181,0,0,54
2026-03-18,P1002,WH-WEST,180,1,0,54
2026-03-19,P1002,WH-WEST,177,3,0,54
2026-03-20,P1002,WH-WEST,177,0,0,54
2026-03-21,P1002,WH-WEST,176,1,0,54
2026-03-22,P1002,WH-WEST,174,2,0,54
2026-03-23,P1002,WH-WEST,172,2,0,54
2026-03-24,P1002,WH-WEST,170,2,0,54
2026-03-25,P1002,WH-WEST,168,2,0,54
2026-03-26,P1002,WH-WEST,167,1,0,54
2026-03-27,P1002,WH-WEST,166,1,0,54
2026-03-28,P1002,WH-WEST,163,3,0,54
2026-03-29,P1002,WH-WEST,162,1,0,54
2026-03-30,P1002,WH-WEST,162,0,0,54
2026-03-31,P1002,WH-WEST,161,1,0,54
2026-04-01,P1002,WH-WEST,160,1,0,54
2026-04-02,P1002,WH-WEST,158,2,0,54
2026-04-03,P1002,WH-WEST,155,3,0,54
2026-04-04,P1002,WH-WEST,154,1,0,54
2026-04-05,P1002,WH-WEST,153,1,0,54
2026-04-06,P1002,WH-WEST,153,0,0,54
2026-04-07,P1002,WH-WEST,151,2,0,54
2026-04-08,P1002,WH-WEST,151,0,0,54
2026-04-09,P1002,WH-WEST,150,1,0,54
2026-04-10,P1002,WH-WEST,147,3,0,54
2026-04-11,P1002,WH-WEST,145,2,0,54
2026-04-12,P1002,WH-WEST,144,1,0,54
2026-04-13,P1002,WH-WEST,143,1,0,54
2026-04-14,P1002,WH-WEST,143,0,0,54
2026-04-15,P1002,WH-WEST,141,2,0,54
2026-04-16,P1002,WH-WEST,139,2,0,54
2026-04-17,P1002,WH-WEST,139,0,0,54
2026-04-18,P1002,WH-WEST,138,1,0,54
2026-04-19,P1002,WH-WEST,138,0,0,54
2026-04-20,P1002,WH-WEST,138,0,0,54
2026-04-21,P1002,WH-WEST,137,1,0,54
2026-04-22,P1002,WH-WEST,136,1,0,54
2026-04-23,P1002,WH-WEST,132,4,0,54
2026-04-24,P1002,WH-WEST,129,3,0,54
2026-04-25,P1002,WH-WEST,126,3,0,54
2026-04-26,P1002,WH-WEST,126,0,0,54
2026-04-27,P1002,WH-WEST,125,1,0,54
2026-04-28,P1002,WH-WEST,124,1,0,54
2026-04-29,P1002,WH-WEST,124,0,0,54
2026-04-30,P1002,WH-WEST,122,2,0,54
2026-05-01,P1002,WH-WEST,122,0,0,54
2026-05-02,P1002,WH-WEST,122,0,0,54
2026-05-03,P1002,WH-WEST,122,0,0,54
2026-05-04,P1002,WH-WEST,120,2,0,54
2026-05-05,P1002,WH-WEST,120,0,0,54
2026-05-06,P1002,WH-WEST,118,2,0,54
2026-05-07,P1002,WH-WEST,118,0,0,54
2026-05-08,P1002,WH-WEST,117,1,0,54
2026-05-09,P1002,WH-WEST,117,0,0,54
2026-05-10,P1002,WH-WEST,117,0,0,54
2026-05-11,P1002,WH-WEST,116,1,0,54
2026-05-12,P1002,WH-WEST,114,2,0,54
2026-05-13,P1002,WH-WEST,112,2,0,54
2026-05-14,P1002,WH-WEST,112,0,0,54
2026-05-15,P1002,WH-WEST,111,1,0,54
2026-05-16,P1002,WH-WEST,110,1,0,54
2026-05-17,P1002,WH-WEST,110,0,0,54
2026-05-18,P1002,WH-WEST,109,1,0,54
2026-05-19,P1002,WH-WEST,108,1,0,54
2026-05-20,P1002,WH-WEST,107,1,0,54
2026-05-21,P1002,WH-WEST,105,2,0,54
2026-05-22,P1002,WH-WEST,105,0,0,54
2026-05-23,P1002,WH-WEST,104,1,0,54
2026-05-24,P1002,WH-WEST,104,0,0,54
2026-05-25,P1002,WH-WEST,104,0,0,54
2026-05-26,P1002,WH-WEST,103,1,0,54
2026-05-27,P1002,WH-WEST,103,0,0,54
2026-05-28,P1002,WH-WEST,101,2,0,54
2026-05-29,P1002,WH-WEST,101,0,0,54
2026-05-30,P1002,WH-WEST,99,2,0,54
2026-05-31,P1002,WH-WEST,99,0,0,54
2026-06-01,P1002,WH-WEST,98,1,0,54
2026-06-02,P1002,WH-WEST,98,0,0,54
2026-06-03,P1002,WH-WEST,96,2,0,54
2026-06-04,P1002,WH-WEST,95,1,0,54
2026-06-05,P1002,WH-WEST,95,0,0,54
2026-06-06,P1002,WH-WEST,94,1,0,54
2026-06-07,P1002,WH-WEST,94,0,0,54
2026-06-08,P1002,WH-WEST,93,1,0,54
2026-06-09,P1002,WH-WEST,93,0,0,54
2026-06-10,P1002,WH-WEST,92,1,0,54
2026-06-11,P1002,WH-WEST,90,2,0,54
2026-06-12,P1002,WH-WEST,90,0,0,54
2026-06-13,P1002,WH-WEST,90,0,0,54
2026-06-14,P1002,WH-WEST,89,1,0,54
2026-06-15,P1002,WH-WEST,89,0,0,54
2026-06-16,P1002,WH-WEST,87,2,0,54
2026-06-17,P1002,WH-WEST,85,2,0,54
2026-06-18,P1002,WH-WEST,85,0,0,54
2026-06-19,P1002,WH-WEST,85,0,0,54
2026-06-20,P1002,WH-WEST,82,3,0,54
2026-06-21,P1002,WH-WEST,81,1,0,54
2026-06-22,P1002,WH-WEST,81,0,0,54
2026-06-23,P1002,WH-WEST,81,0,0,54
2026-06-24,P1002,WH-WEST,81,0,0,54
2026-06-25,P1002,WH-WEST,81,0,0,54
2026-06-26,P1002,WH-WEST,81,0,0,54
2026-06-27,P1002,WH-WEST,81,0,0,54
2026-06-28,P1002,WH-WEST,80,1,0,54
2026-06-29,P1002,WH-WEST,78,2,0,54
2026-06-30,P1002,WH-WEST,77,1,0,54
2026-07-01,P1002,WH-WEST,77,0,0,54
2026-07-02,P1002,WH-WEST,76,1,0,54
2026-07-03,P1002,WH-WEST,76,0,0,54
2026-07-04,P1002,WH-WEST,74,2,0,54
2026-07-05,P1002,WH-WEST,74,0,0,54
2026-07-06,P1002,WH-WEST,73,1,0,54
2026-07-07,P1002,WH-WEST,73,0,0,54
2026-07-08,P1002,WH-WEST,72,1,0,54
2026-07-09,P1002,WH-WEST,72,0,0,54
2026-07-10,P1002,WH-WEST,72,0,0,54
2026-07-11,P1002,WH-WEST,72,0,0,54
2026-07-12,P1002,WH-WEST,71,1,0,54
2026-07-13,P1002,WH-WEST,70,1,0,54
2026-07-14,P1002,WH-WEST,69,1,0,54
2026-07-15,P1002,WH-WEST,69,0,0,54
2026-07-16,P1002,WH-WEST,68,1,0,54
2026-07-17,P1002,WH-WEST,68,0,0,54
2026-07-18,P1002,WH-WEST,68,0,0,54
2026-07-19,P1002,WH-WEST,66,2,0,54
2026-07-20,P1002,WH-WEST,65,1,0,54
2026-07-21,P1002,WH-WEST,63,2,0,54
2026-07-22,P1002,WH-WEST,63,0,0,54
2026-07-23,P1002,WH-WEST,63,0,0,54
2026-07-24,P1002,WH-WEST,63,0,0,54
2026-07-25,P1002,WH-WEST,63,0,0,54
2026-07-26,P1002,WH-WEST,62,1,0,54
2026-07-27,P1002,WH-WEST,62,0,0,54
2026-07-28,P1002,WH-WEST,61,1,0,54
2026-07-29,P1002,WH-WEST,61,0,0,54
2026-07-30,P1002,WH-WEST,59,2,0,54
2026-07-31,P1002,WH-WEST,58,1,0,54
2026-08-01,P1002,WH-WEST,58,0,0,54
2026-08-02,P1002,WH-WEST,57,1,0,54
2026-08-03,P1002,WH-WEST,56,1,0,54
2026-08-04,P1002,WH-WEST,56,0,0,54
2026-08-05,P1002,WH-WEST,55,1,0,54
2026-08-06,P1002,WH-WEST,213,1,159,54
2026-08-07,P1002,WH-WEST,213,0,0,54
2026-08-08,P1002,WH-WEST,213,0,0,54
2026-08-09,P1002,WH-WEST,213,0,0,54
2026-08-10,P1002,WH-WEST,213,0,0,54
2026-08-11,P1002,WH-WEST,213,0,0,54
2026-08-12,P1002,WH-WEST,213,0,0,54
2026-08-13,P1002,WH-WEST,213,0,0,54
2025-08-15,P1003,WH-WEST,167,7,0,44
2025-08-16,P1003,WH-WEST,160,7,0,44
2025-08-17,P1003,WH-WEST,148,12,0,44
2025-08-18,P1003,WH-WEST,142,6,0,44
2025-08-19,P1003,WH-WEST,139,3,0,44
2025-08-20,P1003,WH-WEST,132,7,0,44
2025-08-21,P1003,WH-WEST,122,10,0,44
2025-08-22,P1003,WH-WEST,116,6,0,44
2025-08-23,P1003,WH-WEST,108,8,0,44
2025-08-24,P1003,WH-WEST,99,9,0,44
2025-08-25,P1003,WH-WEST,91,8,0,44
2025-08-26,P1003,WH-WEST,85,6,0,44
2025-08-27,P1003,WH-WEST,78,7,0,44
2025-08-28,P1003,WH-WEST,70,8,0,44
2025-08-29,P1003,WH-WEST,65,5,0,44
2025-08-30,P1003,WH-WEST,60,5,0,44
2025-08-31,P1003,WH-WEST,51,9,0,44
2025-09-01,P1003,WH-WEST,166,8,123,44
2025-09-02,P1003,WH-WEST,160,6,0,44
2025-09-03,P1003,WH-WEST,152,8,0,44
2025-09-04,P1003,WH-WEST,148,4,0,44
2025-09-05,P1003,WH-WEST,144,4,0,44
2025-09-06,P1003,WH-WEST,131,13,0,44
2025-09-07,P1003,WH-WEST,124,7,0,44
2025-09-08,P1003,WH-WEST,116,8,0,44
2025-09-09,P1003,WH-WEST,108,8,0,44
2025-09-10,P1003,WH-WEST,102,6,0,44
2025-09-11,P1003,WH-WEST,95,7,0,44
2025-09-12,P1003,WH-WEST,85,10,0,44
2025-09-13,P1003,WH-WEST,72,13,0,44
2025-09-14,P1003,WH-WEST,63,9,0,44
2025-09-15,P1003,WH-WEST,53,10,0,44
2025-09-16,P1003,WH-WEST,48,5,0,44
2025-09-17,P1003,WH-WEST,161,10,123,44
2025-09-18,P1003,WH-WEST,155,6,0,44
2025-09-19,P1003,WH-WEST,150,5,0,44
2025-09-20,P1003,WH-WEST,145,5,0,44
2025-09-21,P1003,WH-WEST,133,12,0,44
2025-09-22,P1003,WH-WEST,126,7,0,44
2025-09-23,P1003,WH-WEST,117,9,0,44
2025-09-24,P1003,WH-WEST,106,11,0,44
2025-09-25,P1003,WH-WEST,97,9,0,44
2025-09-26,P1003,WH-WEST,89,8,0,44
2025-09-27,P1003,WH-WEST,77,12,0,44
2025-09-28,P1003,WH-WEST,66,11,0,44
2025-09-29,P1003,WH-WEST,58,8,0,44
2025-09-30,P1003,WH-WEST,48,10,0,44
2025-10-01,P1003,WH-WEST,166,5,123,44
2025-10-02,P1003,WH-WEST,155,11,0,44
2025-10-03,P1003,WH-WEST,145,10,0,44
2025-10-04,P1003,WH-WEST,140,5,0,44
2025-10-05,P1003,WH-WEST,132,8,0,44
2025-10-06,P1003,WH-WEST,125,7,0,44
2025-10-07,P1003,WH-WEST,117,8,0,44
2025-10-08,P1003,WH-WEST,110,7,0,44
2025-10-09,P1003,WH-WEST,104,6,0,44
2025-10-10,P1003,WH-WEST,99,5,0,44
2025-10-11,P1003,WH-WEST,90,9,0,44
2025-10-12,P1003,WH-WEST,81,9,0,44
2025-10-13,P1003,WH-WEST,70,11,0,44
2025-10-14,P1003,WH-WEST,57,13,0,44
2025-10-15,P1003,WH-WEST,50,7,0,44
2025-10-16,P1003,WH-WEST,164,9,123,44
2025-10-17,P1003,WH-WEST,157,7,0,44
2025-10-18,P1003,WH-WEST,150,7,0,44
2025-10-19,P1003,WH-WEST,139,11,0,44
2025-10-20,P1003,WH-WEST,129,10,0,44
2025-10-21,P1003,WH-WEST,122,7,0,44
2025-10-22,P1003,WH-WEST,115,7,0,44
2025-10-23,P1003,WH-WEST,109,6,0,44
2025-10-24,P1003,WH-WEST,100,9,0,44
2025-10-25,P1003,WH-WEST,89,11,0,44
2025-10-26,P1003,WH-WEST,81,8,0,44
2025-10-27,P1003,WH-WEST,71,10,0,44
2025-10-28,P1003,WH-WEST,64,7,0,44
2025-10-29,P1003,WH-WEST,52,12,0,44
2025-10-30,P1003,WH-WEST,165,10,123,44
2025-10-31,P1003,WH-WEST,157,8,0,44
2025-11-01,P1003,WH-WEST,153,4,0,44
2025-11-02,P1003,WH-WEST,142,11,0,44
2025-11-03,P1003,WH-WEST,135,7,0,44
2025-11-04,P1003,WH-WEST,125,10,0,44
2025-11-05,P1003,WH-WEST,111,14,0,44
2025-11-06,P1003,WH-WEST,104,7,0,44
2025-11-07,P1003,WH-WEST,100,4,0,44
2025-11-08,P1003,WH-WEST,88,12,0,44
2025-11-09,P1003,WH-WEST,77,11,0,44
2025-11-10,P1003,WH-WEST,68,9,0,44
2025-11-11,P1003,WH-WEST,58,10,0,44
2025-11-12,P1003,WH-WEST,47,11,0,44
2025-11-13,P1003,WH-WEST,157,13,123,44
2025-11-14,P1003,WH-WEST,153,4,0,44
2025-11-15,P1003,WH-WEST,146,7,0,44
2025-11-16,P1003,WH-WEST,139,7,0,44
2025-11-17,P1003,WH-WEST,131,8,0,44
2025-11-18,P1003,WH-WEST,122,9,0,44
2025-11-19,P1003,WH-WEST,112,10,0,44
2025-11-20,P1003,WH-WEST,105,7,0,44
2025-11-21,P1003,WH-WEST,93,12,0,44
2025-11-22,P1003,WH-WEST,82,11,0,44
2025-11-23,P1003,WH-WEST,68,14,0,44
2025-11-24,P1003,WH-WEST,58,10,0,44
2025-11-25,P1003,WH-WEST,50,8,0,44
2025-11-26,P1003,WH-WEST,166,7,123,44
2025-11-27,P1003,WH-WEST,157,9,0,44
2025-11-28,P1003,WH-WEST,149,8,0,44
2025-11-29,P1003,WH-WEST,137,12,0,44
2025-11-30,P1003,WH-WEST,128,9,0,44
2025-12-01,P1003,WH-WEST,122,6,0,44
2025-12-02,P1003,WH-WEST,117,5,0,44
2025-12-03,P1003,WH-WEST,110,7,0,44
2025-12-04,P1003,WH-WEST,107,3,0,44
2025-12-05,P1003,WH-WEST,102,5,0,44
2025-12-06,P1003,WH-WEST,94,8,0,44
2025-12-07,P1003,WH-WEST,90,4,0,44
2025-12-08,P1003,WH-WEST,77,13,0,44
2025-12-09,P1003,WH-WEST,71,6,0,44
2025-12-10,P1003,WH-WEST,60,11,0,44
2025-12-11,P1003,WH-WEST,52,8,0,44
2025-12-12,P1003,WH-WEST,50,2,0,44
2025-12-13,P1003,WH-WEST,166,7,123,44
2025-12-14,P1003,WH-WEST,151,15,0,44
2025-12-15,P1003,WH-WEST,146,5,0,44
2025-12-16,P1003,WH-WEST,139,7,0,44
2025-12-17,P1003,WH-WEST,127,12,0,44
2025-12-18,P1003,WH-WEST,120,7,0,44
2025-12-19,P1003,WH-WEST,113,7,0,44
2025-12-20,P1003,WH-WEST,101,12,0,44
2025-12-21,P1003,WH-WEST,90,11,0,44
2025-12-22,P1003,WH-WEST,83,7,0,44
2025-12-23,P1003,WH-WEST,77,6,0,44
2025-12-24,P1003,WH-WEST,65,12,0,44
2025-12-25,P1003,WH-WEST,54,11,0,44
2025-12-26,P1003,WH-WEST,47,7,0,44
2025-12-27,P1003,WH-WEST,161,9,123,44
2025-12-28,P1003,WH-WEST,146,15,0,44
2025-12-29,P1003,WH-WEST,140,6,0,44
2025-12-30,P1003,WH-WEST,134,6,0,44
2025-12-31,P1003,WH-WEST,126,8,0,44
2026-01-01,P1003,WH-WEST,119,7,0,44
2026-01-02,P1003,WH-WEST,108,11,0,44
2026-01-03,P1003,WH-WEST,100,8,0,44
2026-01-04,P1003,WH-WEST,87,13,0,44
2026-01-05,P1003,WH-WEST,76,11,0,44
2026-01-06,P1003,WH-WEST,69,7,0,44
2026-01-07,P1003,WH-WEST,58,11,0,44
2026-01-08,P1003,WH-WEST,52,6,0,44
2026-01-09,P1003,WH-WEST,166,9,123,44
2026-01-10,P1003,WH-WEST,157,9,0,44
2026-01-11,P1003,WH-WEST,148,9,0,44
2026-01-12,P1003,WH-WEST,143,5,0,44
2026-01-13,P1003,WH-WEST,135,8,0,44
2026-01-14,P1003,WH-WEST,128,7,0,44
2026-01-15,P1003,WH-WEST,124,4,0,44
2026-01-16,P1003,WH-WEST,115,9,0,44
2026-01-17,P1003,WH-WEST,106,9,0,44
2026-01-18,P1003,WH-WEST,97,9,0,44
2026-01-19,P1003,WH-WEST,89,8,0,44
2026-01-20,P1003,WH-WEST,82,7,0,44
2026-01-21,P1003,WH-WEST,77,5,0,44
2026-01-22,P1003,WH-WEST,70,7,0,44
2026-01-23,P1003,WH-WEST,63,7,0,44
2026-01-24,P1003,WH-WEST,55,8,0,44
2026-01-25,P1003,WH-WEST,49,6,0,44
2026-01-26,P1003,WH-WEST,167,5,123,44
2026-01-27,P1003,WH-WEST,158,9,0,44
2026-01-28,P1003,WH-WEST,146,12,0,44
2026-01-29,P1003,WH-WEST,138,8,0,44
2026-01-30,P1003,WH-WEST,132,6,0,44
2026-01-31,P1003,WH-WEST,127,5,0,44
2026-02-01,P1003,WH-WEST,117,10,0,44
2026-02-02,P1003,WH-WEST,110,7,0,44
2026-02-03,P1003,WH-WEST,103,7,0,44
2026-02-04,P1003,WH-WEST,92,11,0,44
2026-02-05,P1003,WH-WEST,85,7,0,44
2026-02-06,P1003,WH-WEST,79,6,0,44
2026-02-07,P1003,WH-WEST,73,6,0,44
2026-02-08,P1003,WH-WEST,66,7,0,44
2026-02-09,P1003,WH-WEST,57,9,0,44
2026-02-10,P1003,WH-WEST,47,10,0,44
2026-02-11,P1003,WH-WEST,166,4,123,44
2026-02-12,P1003,WH-WEST,160,6,0,44
2026-02-13,P1003,WH-WEST,158,2,0,44
2026-02-14,P1003,WH-WEST,150,8,0,44
2026-02-15,P1003,WH-WEST,141,9,0,44
2026-02-16,P1003,WH-WEST,139,2,0,44
2026-02-17,P1003,WH-WEST,132,7,0,44
2026-02-18,P1003,WH-WEST,124,8,0,44
2026-02-19,P1003,WH-WEST,117,7,0,44
2026-02-20,P1003,WH-WEST,106,11,0,44
2026-02-21,P1003,WH-WEST,99,7,0,44
2026-02-22,P1003,WH-WEST,86,13,0,44
2026-02-23,P1003,WH-WEST,81,5,0,44
2026-02-24,P1003,WH-WEST,70,11,0,44
2026-02-25,P1003,WH-WEST,60,10,0,44
2026-02-26,P1003,WH-WEST,52,8,0,44
2026-02-27,P1003,WH-WEST,49,3,0,44
2026-02-28,P1003,WH-WEST,166,6,123,44
2026-03-01,P1003,WH-WEST,161,5,0,44
2026-03-02,P1003,WH-WEST,152,9,0,44
2026-03-03,P1003,WH-WEST,148,4,0,44
2026-03-04,P1003,WH-WEST,142,6,0,44
2026-03-05,P1003,WH-WEST,138,4,0,44
2026-03-06,P1003,WH-WEST,132,6,0,44
2026-03-07,P1003,WH-WEST,127,5,0,44
2026-03-08,P1003,WH-WEST,121,6,0,44
2026-03-09,P1003,WH-WEST,117,4,0,44
2026-03-10,P1003,WH-WEST,108,9,0,44
2026-03-11,P1003,WH-WEST,101,7,0,44
2026-03-12,P1003,WH-WEST,93,8,0,44
2026-03-13,P1003,WH-WEST,88,5,0,44
2026-03-14,P1003,WH-WEST,82,6,0,44
2026-03-15,P1003,WH-WEST,76,6,0,44
2026-03-16,P1003,WH-WEST,73,3,0,44
2026-03-17,P1003,WH-WEST,68,5,0,44
2026-03-18,P1003,WH-WEST,64,4,0,44
2026-03-19,P1003,WH-WEST,60,4,0,44
2026-03-20,P1003,WH-WEST,53,7,0,44
2026-03-21,P1003,WH-WEST,45,8,0,44
2026-03-22,P1003,WH-WEST,164,4,123,44
2026-03-23,P1003,WH-WEST,159,5,0,44
2026-03-24,P1003,WH-WEST,154,5,0,44
2026-03-25,P1003,WH-WEST,146,8,0,44
2026-03-26,P1003,WH-WEST,142,4,0,44
2026-03-27,P1003,WH-WEST,137,5,0,44
2026-03-28,P1003,WH-WEST,132,5,0,44
2026-03-29,P1003,WH-WEST,126,6,0,44
2026-03-30,P1003,WH-WEST,123,3,0,44
2026-03-31,P1003,WH-WEST,120,3,0,44
2026-04-01,P1003,WH-WEST,115,5,0,44
2026-04-02,P1003,WH-WEST,109,6,0,44
2026-04-03,P1003,WH-WEST,106,3,0,44
2026-04-04,P1003,WH-WEST,103,3,0,44
2026-04-05,P1003,WH-WEST,96,7,0,44
2026-04-06,P1003,WH-WEST,95,1,0,44
2026-04-07,P1003,WH-WEST,91,4,0,44
2026-04-08,P1003,WH-WEST,80,11,0,44
2026-04-09,P1003,WH-WEST,74,6,0,44
2026-04-10,P1003,WH-WEST,69,5,0,44
2026-04-11,P1003,WH-WEST,63,6,0,44
2026-04-12,P1003,WH-WEST,53,10,0,44
2026-04-13,P1003,WH-WEST,51,2,0,44
2026-04-14,P1003,WH-WEST,167,7,123,44
2026-04-15,P1003,WH-WEST,166,1,0,44
2026-04-16,P1003,WH-WEST,162,4,0,44
2026-04-17,P1003,WH-WEST,159,3,0,44
2026-04-18,P1003,WH-WEST,152,7,0,44
2026-04-19,P1003,WH-WEST,146,6,0,44
2026-04-20,P1003,WH-WEST,142,4,0,44
2026-04-21,P1003,WH-WEST,135,7,0,44
2026-04-22,P1003,WH-WEST,132,3,0,44
2026-04-23,P1003,WH-WEST,130,2,0,44
2026-04-24,P1003,WH-WEST,128,2,0,44
2026-04-25,P1003,WH-WEST,123,5,0,44
2026-04-26,P1003,WH-WEST,116,7,0,44
2026-04-27,P1003,WH-WEST,113,3,0,44
2026-04-28,P1003,WH-WEST,111,2,0,44
2026-04-29,P1003,WH-WEST,106,5,0,44
2026-04-30,P1003,WH-WEST,101,5,0,44
2026-05-01,P1003,WH-WEST,95,6,0,44
2026-05-02,P1003,WH-WEST,87,8,0,44
2026-05-03,P1003,WH-WEST,82,5,0,44
2026-05-04,P1003,WH-WEST,77,5,0,44
2026-05-05,P1003,WH-WEST,73,4,0,44
2026-05-06,P1003,WH-WEST,68,5,0,44
2026-05-07,P1003,WH-WEST,62,6,0,44
2026-05-08,P1003,WH-WEST,52,10,0,44
2026-05-09,P1003,WH-WEST,167,8,123,44
2026-05-10,P1003,WH-WEST,160,7,0,44
2026-05-11,P1003,WH-WEST,155,5,0,44
2026-05-12,P1003,WH-WEST,152,3,0,44
2026-05-13,P1003,WH-WEST,142,10,0,44
2026-05-14,P1003,WH-WEST,139,3,0,44
2026-05-15,P1003,WH-WEST,135,4,0,44
2026-05-16,P1003,WH-WEST,128,7,0,44
2026-05-17,P1003,WH-WEST,122,6,0,44
2026-05-18,P1003,WH-WEST,114,8,0,44
2026-05-19,P1003,WH-WEST,108,6,0,44
2026-05-20,P1003,WH-WEST,103,5,0,44
2026-05-21,P1003,WH-WEST,95,8,0,44
2026-05-22,P1003,WH-WEST,91,4,0,44
2026-05-23,P1003,WH-WEST,81,10,0,44
2026-05-24,P1003,WH-WEST,78,3,0,44
2026-05-25,P1003,WH-WEST,74,4,0,44
2026-05-26,P1003,WH-WEST,70,4,0,44
2026-05-27,P1003,WH-WEST,67,3,0,44
2026-05-28,P1003,WH-WEST,61,6,0,44
2026-05-29,P1003,WH-WEST,54,7,0,44
2026-05-30,P1003,WH-WEST,167,10,123,44
2026-05-31,P1003,WH-WEST,160,7,0,44
2026-06-01,P1003,WH-WEST,155,5,0,44
2026-06-02,P1003,WH-WEST,148,7,0,44
2026-06-03,P1003,WH-WEST,141,7,0,44
2026-06-04,P1003,WH-WEST,135,6,0,44
2026-06-05,P1003,WH-WEST,128,7,0,44
2026-06-06,P1003,WH-WEST,123,5,0,44
2026-06-07,P1003,WH-WEST,116,7,0,44
2026-06-08,P1003,WH-WEST,112,4,0,44
2026-06-09,P1003,WH-WEST,109,3,0,44
2026-06-10,P1003,WH-WEST,108,1,0,44
2026-06-11,P1003,WH-WEST,101,7,0,44
2026-06-12,P1003,WH-WEST,97,4,0,44
2026-06-13,P1003,WH-WEST,93,4,0,44
2026-06-14,P1003,WH-WEST,89,4,0,44
2026-06-15,P1003,WH-WEST,85,4,0,44
2026-06-16,P1003,WH-WEST,82,3,0,44
2026-06-17,P1003,WH-WEST,72,10,0,44
2026-06-18,P1003,WH-WEST,67,5,0,44
2026-06-19,P1003,WH-WEST,64,3,0,44
2026-06-20,P1003,WH-WEST,59,5,0,44
2026-06-21,P1003,WH-WEST,54,5,0,44
2026-06-22,P1003,WH-WEST,51,3,0,44
2026-06-23,P1003,WH-WEST,164,10,123,44
2026-06-24,P1003,WH-WEST,159,5,0,44
2026-06-25,P1003,WH-WEST,155,4,0,44
2026-06-26,P1003,WH-WEST,152,3,0,44
2026-06-27,P1003,WH-WEST,145,7,0,44
2026-06-28,P1003,WH-WEST,139,6,0,44
2026-06-29,P1003,WH-WEST,134,5,0,44
2026-06-30,P1003,WH-WEST,127,7,0,44
2026-07-01,P1003,WH-WEST,121,6,0,44
2026-07-02,P1003,WH-WEST,117,4,0,44
2026-07-03,P1003,WH-WEST,113,4,0,44
2026-07-04,P1003,WH-WEST,109,4,0,44
2026-07-05,P1003,WH-WEST,100,9,0,44
2026-07-06,P1003,WH-WEST,92,8,0,44
2026-07-07,P1003,WH-WEST,88,4,0,44
2026-07-08,P1003,WH-WEST,84,4,0,44
2026-07-09,P1003,WH-WEST,78,6,0,44
2026-07-10,P1003,WH-WEST,73,5,0,44
2026-07-11,P1003,WH-WEST,70,3,0,44
2026-07-12,P1003,WH-WEST,62,8,0,44
2026-07-13,P1003,WH-WEST,56,6,0,44
2026-07-14,P1003,WH-WEST,51,5,0,44
2026-07-15,P1003,WH-WEST,47,4,0,44
2026-07-16,P1003,WH-WEST,167,3,123,44
2026-07-17,P1003,WH-WEST,161,6,0,44
2026-07-18,P1003,WH-WEST,157,4,0,44
2026-07-19,P1003,WH-WEST,149,8,0,44
2026-07-20,P1003,WH-WEST,144,5,0,44
2026-07-21,P1003,WH-WEST,139,5,0,44
2026-07-22,P1003,WH-WEST,136,3,0,44
2026-07-23,P1003,WH-WEST,128,8,0,44
2026-07-24,P1003,WH-WEST,120,8,0,44
2026-07-25,P1003,WH-WEST,118,2,0,44
2026-07-26,P1003,WH-WEST,111,7,0,44
2026-07-27,P1003,WH-WEST,104,7,0,44
2026-07-28,P1003,WH-WEST,100,4,0,44
2026-07-29,P1003,WH-WEST,94,6,0,44
2026-07-30,P1003,WH-WEST,93,1,0,44
2026-07-31,P1003,WH-WEST,88,5,0,44
2026-08-01,P1003,WH-WEST,82,6,0,44
2026-08-02,P1003,WH-WEST,71,11,0,44
2026-08-03,P1003,WH-WEST,63,8,0,44
2026-08-04,P1003,WH-WEST,56,7,0,44
2026-08-05,P1003,WH-WEST,53,3,0,44
2026-08-06,P1003,WH-WEST,167,9,123,44
2026-08-07,P1003,WH-WEST,156,11,0,44
2026-08-08,P1003,WH-WEST,144,12,0,44
2026-08-09,P1003,WH-WEST,140,4,0,44
2026-08-10,P1003,WH-WEST,131,9,0,44
2026-08-11,P1003,WH-WEST,125,6,0,44
2026-08-12,P1003,WH-WEST,118,7,0,44
2026-08-13,P1003,WH-WEST,113,5,0,44
2025-08-15,P1004,WH-WEST,205,6,0,47
2025-08-16,P1004,WH-WEST,199,6,0,47
2025-08-17,P1004,WH-WEST,194,5,0,47
2025-08-18,P1004,WH-WEST,188,6,0,47
2025-08-19,P1004,WH-WEST,185,3,0,47
2025-08-20,P1004,WH-WEST,181,4,0,47
2025-08-21,P1004,WH-WEST,176,5,0,47
2025-08-22,P1004,WH-WEST,170,6,0,47
2025-08-23,P1004,WH-WEST,164,6,0,47
2025-08-24,P1004,WH-WEST,158,6,0,47
2025-08-25,P1004,WH-WEST,154,4,0,47
2025-08-26,P1004,WH-WEST,147,7,0,47
2025-08-27,P1004,WH-WEST,143,4,0,47
2025-08-28,P1004,WH-WEST,140,3,0,47
2025-08-29,P1004,WH-WEST,131,9,0,47
2025-08-30,P1004,WH-WEST,125,6,0,47
2025-08-31,P1004,WH-WEST,118,7,0,47
2025-09-01,P1004,WH-WEST,110,8,0,47
2025-09-02,P1004,WH-WEST,109,1,0,47
2025-09-03,P1004,WH-WEST,106,3,0,47
2025-09-04,P1004,WH-WEST,104,2,0,47
2025-09-05,P1004,WH-WEST,101,3,0,47
2025-09-06,P1004,WH-WEST,92,9,0,47
2025-09-07,P1004,WH-WEST,88,4,0,47
2025-09-08,P1004,WH-WEST,78,10,0,47
2025-09-09,P1004,WH-WEST,75,3,0,47
2025-09-10,P1004,WH-WEST,65,10,0,47
2025-09-11,P1004,WH-WEST,59,6,0,47
2025-09-12,P1004,WH-WEST,54,5,0,47
2025-09-13,P1004,WH-WEST,225,10,181,47
2025-09-14,P1004,WH-WEST,220,5,0,47
2025-09-15,P1004,WH-WEST,216,4,0,47
2025-09-16,P1004,WH-WEST,214,2,0,47
2025-09-17,P1004,WH-WEST,205,9,0,47
2025-09-18,P1004,WH-WEST,203,2,0,47
2025-09-19,P1004,WH-WEST,199,4,0,47
2025-09-20,P1004,WH-WEST,189,10,0,47
2025-09-21,P1004,WH-WEST,179,10,0,47
2025-09-22,P1004,WH-WEST,174,5,0,47
2025-09-23,P1004,WH-WEST,170,4,0,47
2025-09-24,P1004,WH-WEST,162,8,0,47
2025-09-25,P1004,WH-WEST,158,4,0,47
2025-09-26,P1004,WH-WEST,153,5,0,47
2025-09-27,P1004,WH-WEST,148,5,0,47
2025-09-28,P1004,WH-WEST,139,9,0,47
2025-09-29,P1004,WH-WEST,135,4,0,47
2025-09-30,P1004,WH-WEST,129,6,0,47
2025-10-01,P1004,WH-WEST,122,7,0,47
2025-10-02,P1004,WH-WEST,117,5,0,47
2025-10-03,P1004,WH-WEST,113,4,0,47
2025-10-04,P1004,WH-WEST,105,8,0,47
2025-10-05,P1004,WH-WEST,97,8,0,47
2025-10-06,P1004,WH-WEST,90,7,0,47
2025-10-07,P1004,WH-WEST,86,4,0,47
2025-10-08,P1004,WH-WEST,80,6,0,47
2025-10-09,P1004,WH-WEST,71,9,0,47
2025-10-10,P1004,WH-WEST,65,6,0,47
2025-10-11,P1004,WH-WEST,60,5,0,47
2025-10-12,P1004,WH-WEST,52,8,0,47
2025-10-13,P1004,WH-WEST,228,5,181,47
2025-10-14,P1004,WH-WEST,219,9,0,47
2025-10-15,P1004,WH-WEST,215,4,0,47
2025-10-16,P1004,WH-WEST,211,4,0,47
2025-10-17,P1004,WH-WEST,201,10,0,47
2025-10-18,P1004,WH-WEST,187,14,0,47
2025-10-19,P1004,WH-WEST,181,6,0,47
2025-10-20,P1004,WH-WEST,177,4,0,47
2025-10-21,P1004,WH-WEST,169,8,0,47
2025-10-22,P1004,WH-WEST,161,8,0,47
2025-10-23,P1004,WH-WEST,158,3,0,47
2025-10-24,P1004,WH-WEST,150,8,0,47
2025-10-25,P1004,WH-WEST,136,14,0,47
2025-10-26,P1004,WH-WEST,126,10,0,47
2025-10-27,P1004,WH-WEST,120,6,0,47
2025-10-28,P1004,WH-WEST,115,5,0,47
2025-10-29,P1004,WH-WEST,112,3,0,47
2025-10-30,P1004,WH-WEST,111,1,0,47
2025-10-31,P1004,WH-WEST,106,5,0,47
2025-11-01,P1004,WH-WEST,100,6,0,47
2025-11-02,P1004,WH-WEST,93,7,0,47
2025-11-03,P1004,WH-WEST,84,9,0,47
2025-11-04,P1004,WH-WEST,80,4,0,47
2025-11-05,P1004,WH-WEST,75,5,0,47
2025-11-06,P1004,WH-WEST,66,9,0,47
2025-11-07,P1004,WH-WEST,59,7,0,47
2025-11-08,P1004,WH-WEST,54,5,0,47
2025-11-09,P1004,WH-WEST,222,13,181,47
2025-11-10,P1004,WH-WEST,217,5,0,47
2025-11-11,P1004,WH-WEST,210,7,0,47
2025-11-12,P1004,WH-WEST,205,5,0,47
2025-11-13,P1004,WH-WEST,196,9,0,47
2025-11-14,P1004,WH-WEST,192,4,0,47
2025-11-15,P1004,WH-WEST,182,10,0,47
2025-11-16,P1004,WH-WEST,173,9,0,47
2025-11-17,P1004,WH-WEST,160,13,0,47
2025-11-18,P1004,WH-WEST,156,4,0,47
2025-11-19,P1004,WH-WEST,151,5,0,47
2025-11-20,P1004,WH-WEST,143,8,0,47
2025-11-21,P1004,WH-WEST,139,4,0,47
2025-11-22,P1004,WH-WEST,130,9,0,47
2025-11-23,P1004,WH-WEST,123,7,0,47
2025-11-24,P1004,WH-WEST,118,5,0,47
2025-11-25,P1004,WH-WEST,116,2,0,47
2025-11-26,P1004,WH-WEST,109,7,0,47
2025-11-27,P1004,WH-WEST,101,8,0,47
2025-11-28,P1004,WH-WEST,93,8,0,47
2025-11-29,P1004,WH-WEST,84,9,0,47
2025-11-30,P1004,WH-WEST,73,11,0,47
2025-12-01,P1004,WH-WEST,72,1,0,47
2025-12-02,P1004,WH-WEST,64,8,0,47
2025-12-03,P1004,WH-WEST,58,6,0,47
2025-12-04,P1004,WH-WEST,52,6,0,47
2025-12-05,P1004,WH-WEST,226,7,181,47
2025-12-06,P1004,WH-WEST,218,8,0,47
2025-12-07,P1004,WH-WEST,212,6,0,47
2025-12-08,P1004,WH-WEST,205,7,0,47
2025-12-09,P1004,WH-WEST,196,9,0,47
2025-12-10,P1004,WH-WEST,190,6,0,47
2025-12-11,P1004,WH-WEST,185,5,0,47
2025-12-12,P1004,WH-WEST,181,4,0,47
2025-12-13,P1004,WH-WEST,173,8,0,47
2025-12-14,P1004,WH-WEST,166,7,0,47
2025-12-15,P1004,WH-WEST,162,4,0,47
2025-12-16,P1004,WH-WEST,158,4,0,47
2025-12-17,P1004,WH-WEST,151,7,0,47
2025-12-18,P1004,WH-WEST,147,4,0,47
2025-12-19,P1004,WH-WEST,142,5,0,47
2025-12-20,P1004,WH-WEST,133,9,0,47
2025-12-21,P1004,WH-WEST,130,3,0,47
2025-12-22,P1004,WH-WEST,125,5,0,47
2025-12-23,P1004,WH-WEST,120,5,0,47
2025-12-24,P1004,WH-WEST,112,8,0,47
2025-12-25,P1004,WH-WEST,108,4,0,47
2025-12-26,P1004,WH-WEST,97,11,0,47
2025-12-27,P1004,WH-WEST,94,3,0,47
2025-12-28,P1004,WH-WEST,82,12,0,47
2025-12-29,P1004,WH-WEST,76,6,0,47
2025-12-30,P1004,WH-WEST,66,10,0,47
2025-12-31,P1004,WH-WEST,60,6,0,47
2026-01-01,P1004,WH-WEST,60,0,0,47
2026-01-02,P1004,WH-WEST,48,12,0,47
2026-01-03,P1004,WH-WEST,226,3,181,47
2026-01-04,P1004,WH-WEST,217,9,0,47
2026-01-05,P1004,WH-WEST,214,3,0,47
2026-01-06,P1004,WH-WEST,208,6,0,47
2026-01-07,P1004,WH-WEST,202,6,0,47
2026-01-08,P1004,WH-WEST,193,9,0,47
2026-01-09,P1004,WH-WEST,184,9,0,47
2026-01-10,P1004,WH-WEST,178,6,0,47
2026-01-11,P1004,WH-WEST,168,10,0,47
2026-01-12,P1004,WH-WEST,160,8,0,47
2026-01-13,P1004,WH-WEST,153,7,0,47
2026-01-14,P1004,WH-WEST,150,3,0,47
2026-01-15,P1004,WH-WEST,147,3,0,47
2026-01-16,P1004,WH-WEST,141,6,0,47
2026-01-17,P1004,WH-WEST,136,5,0,47
2026-01-18,P1004,WH-WEST,126,10,0,47
2026-01-19,P1004,WH-WEST,119,7,0,47
2026-01-20,P1004,WH-WEST,115,4,0,47
2026-01-21,P1004,WH-WEST,108,7,0,47
2026-01-22,P1004,WH-WEST,105,3,0,47
2026-01-23,P1004,WH-WEST,102,3,0,47
2026-01-24,P1004,WH-WEST,97,5,0,47
2026-01-25,P1004,WH-WEST,87,10,0,47
2026-01-26,P1004,WH-WEST,82,5,0,47
2026-01-27,P1004,WH-WEST,77,5,0,47
2026-01-28,P1004,WH-WEST,69,8,0,47
2026-01-29,P1004,WH-WEST,64,5,0,47
2026-01-30,P1004,WH-WEST,59,5,0,47
2026-01-31,P1004,WH-WEST,56,3,0,47
2026-02-01,P1004,WH-WEST,50,6,0,47
2026-02-02,P1004,WH-WEST,225,6,181,47
2026-02-03,P1004,WH-WEST,223,2,0,47
2026-02-04,P1004,WH-WEST,220,3,0,47
2026-02-05,P1004,WH-WEST,218,2,0,47
2026-02-06,P1004,WH-WEST,215,3,0,47
2026-02-07,P1004,WH-WEST,204,11,0,47
2026-02-08,P1004,WH-WEST,199,5,0,47
2026-02-09,P1004,WH-WEST,195,4,0,47
2026-02-10,P1004,WH-WEST,191,4,0,47
2026-02-11,P1004,WH-WEST,186,5,0,47
2026-02-12,P1004,WH-WEST,185,1,0,47
2026-02-13,P1004,WH-WEST,182,3,0,47
2026-02-14,P1004,WH-WEST,174,8,0,47
2026-02-15,P1004,WH-WEST,165,9,0,47
2026-02-16,P1004,WH-WEST,160,5,0,47
2026-02-17,P1004,WH-WEST,156,4,0,47
2026-02-18,P1004,WH-WEST,150,6,0,47
2026-02-19,P1004,WH-WEST,145,5,0,47
2026-02-20,P1004,WH-WEST,142,3,0,47
2026-02-21,P1004,WH-WEST,140,2,0,47
2026-02-22,P1004,WH-WEST,131,9,0,47
2026-02-23,P1004,WH-WEST,130,1,0,47
2026-02-24,P1004,WH-WEST,124,6,0,47
2026-02-25,P1004,WH-WEST,119,5,0,47
2026-02-26,P1004,WH-WEST,116,3,0,47
2026-02-27,P1004,WH-WEST,114,2,0,47
2026-02-28,P1004,WH-WEST,108,6,0,47
2026-03-01,P1004,WH-WEST,105,3,0,47
2026-03-02,P1004,WH-WEST,102,3,0,47
2026-03-03,P1004,WH-WEST,96,6,0,47
2026-03-04,P1004,WH-WEST,92,4,0,47
2026-03-05,P1004,WH-WEST,87,5,0,47
2026-03-06,P1004,WH-WEST,84,3,0,47
2026-03-07,P1004,WH-WEST,77,7,0,47
2026-03-08,P1004,WH-WEST,74,3,0,47
2026-03-09,P1004,WH-WEST,69,5,0,47
2026-03-10,P1004,WH-WEST,67,2,0,47
2026-03-11,P1004,WH-WEST,64,3,0,47
2026-03-12,P1004,WH-WEST,59,5,0,47
2026-03-13,P1004,WH-WEST,53,6,0,47
2026-03-14,P1004,WH-WEST,227,7,181,47
2026-03-15,P1004,WH-WEST,219,8,0,47
2026-03-16,P1004,WH-WEST,215,4,0,47
2026-03-17,P1004,WH-WEST,213,2,0,47
2026-03-18,P1004,WH-WEST,212,1,0,47
2026-03-19,P1004,WH-WEST,207,5,0,47
2026-03-20,P1004,WH-WEST,202,5,0,47
2026-03-21,P1004,WH-WEST,195,7,0,47
2026-03-22,P1004,WH-WEST,189,6,0,47
2026-03-23,P1004,WH-WEST,187,2,0,47
2026-03-24,P1004,WH-WEST,183,4,0,47
2026-03-25,P1004,WH-WEST,182,1,0,47
2026-03-26,P1004,WH-WEST,180,2,0,47
2026-03-27,P1004,WH-WEST,179,1,0,47
2026-03-28,P1004,WH-WEST,171,8,0,47
2026-03-29,P1004,WH-WEST,163,8,0,47
2026-03-30,P1004,WH-WEST,161,2,0,47
2026-03-31,P1004,WH-WEST,159,2,0,47
2026-04-01,P1004,WH-WEST,151,8,0,47
2026-04-02,P1004,WH-WEST,146,5,0,47
2026-04-03,P1004,WH-WEST,145,1,0,47
2026-04-04,P1004,WH-WEST,144,1,0,47
2026-04-05,P1004,WH-WEST,141,3,0,47
2026-04-06,P1004,WH-WEST,137,4,0,47
2026-04-07,P1004,WH-WEST,134,3,0,47
2026-04-08,P1004,WH-WEST,131,3,0,47
2026-04-09,P1004,WH-WEST,129,2,0,47
2026-04-10,P1004,WH-WEST,128,1,0,47
2026-04-11,P1004,WH-WEST,122,6,0,47
2026-04-12,P1004,WH-WEST,119,3,0,47
2026-04-13,P1004,WH-WEST,117,2,0,47
2026-04-14,P1004,WH-WEST,113,4,0,47
2026-04-15,P1004,WH-WEST,112,1,0,47
2026-04-16,P1004,WH-WEST,110,2,0,47
2026-04-17,P1004,WH-WEST,105,5,0,47
2026-04-18,P1004,WH-WEST,101,4,0,47
2026-04-19,P1004,WH-WEST,99,2,0,47
2026-04-20,P1004,WH-WEST,96,3,0,47
2026-04-21,P1004,WH-WEST,92,4,0,47
2026-04-22,P1004,WH-WEST,89,3,0,47
2026-04-23,P1004,WH-WEST,89,0,0,47
2026-04-24,P1004,WH-WEST,89,0,0,47
2026-04-25,P1004,WH-WEST,89,0,0,47
2026-04-26,P1004,WH-WEST,87,2,0,47
2026-04-27,P1004,WH-WEST,86,1,0,47
2026-04-28,P1004,WH-WEST,81,5,0,47
2026-04-29,P1004,WH-WEST,75,6,0,47
2026-04-30,P1004,WH-WEST,72,3,0,47
2026-05-01,P1004,WH-WEST,70,2,0,47
2026-05-02,P1004,WH-WEST,65,5,0,47
2026-05-03,P1004,WH-WEST,62,3,0,47
2026-05-04,P1004,WH-WEST,59,3,0,47
2026-05-05,P1004,WH-WEST,54,5,0,47
2026-05-06,P1004,WH-WEST,52,2,0,47
2026-05-07,P1004,WH-WEST,228,5,181,47
2026-05-08,P1004,WH-WEST,226,2,0,47
2026-05-09,P1004,WH-WEST,222,4,0,47
2026-05-10,P1004,WH-WEST,215,7,0,47
2026-05-11,P1004,WH-WEST,210,5,0,47
2026-05-12,P1004,WH-WEST,207,3,0,47
2026-05-13,P1004,WH-WEST,203,4,0,47
2026-05-14,P1004,WH-WEST,196,7,0,47
2026-05-15,P1004,WH-WEST,196,0,0,47
2026-05-16,P1004,WH-WEST,194,2,0,47
2026-05-17,P1004,WH-WEST,191,3,0,47
2026-05-18,P1004,WH-WEST,189,2,0,47
2026-05-19,P1004,WH-WEST,186,3,0,47
2026-05-20,P1004,WH-WEST,181,5,0,47
2026-05-21,P1004,WH-WEST,181,0,0,47
2026-05-22,P1004,WH-WEST,173,8,0,47
2026-05-23,P1004,WH-WEST,171,2,0,47
2026-05-24,P1004,WH-WEST,169,2,0,47
2026-05-25,P1004,WH-WEST,166,3,0,47
2026-05-26,P1004,WH-WEST,164,2,0,47
2026-05-27,P1004,WH-WEST,163,1,0,47
2026-05-28,P1004,WH-WEST,162,1,0,47
2026-05-29,P1004,WH-WEST,157,5,0,47
2026-05-30,P1004,WH-WEST,155,2,0,47
2026-05-31,P1004,WH-WEST,146,9,0,47
2026-06-01,P1004,WH-WEST,144,2,0,47
2026-06-02,P1004,WH-WEST,142,2,0,47
2026-06-03,P1004,WH-WEST,139,3,0,47
2026-06-04,P1004,WH-WEST,137,2,0,47
2026-06-05,P1004,WH-WEST,135,2,0,47
2026-06-06,P1004,WH-WEST,131,4,0,47
2026-06-07,P1004,WH-WEST,128,3,0,47
2026-06-08,P1004,WH-WEST,124,4,0,47
2026-06-09,P1004,WH-WEST,116,8,0,47
2026-06-10,P1004,WH-WEST,113,3,0,47
2026-06-11,P1004,WH-WEST,112,1,0,47
2026-06-12,P1004,WH-WEST,108,4,0,47
2026-06-13,P1004,WH-WEST,104,4,0,47
2026-06-14,P1004,WH-WEST,98,6,0,47
2026-06-15,P1004,WH-WEST,94,4,0,47
2026-06-16,P1004,WH-WEST,91,3,0,47
2026-06-17,P1004,WH-WEST,85,6,0,47
2026-06-18,P1004,WH-WEST,79,6,0,47
2026-06-19,P1004,WH-WEST,75,4,0,47
2026-06-20,P1004,WH-WEST,71,4,0,47
2026-06-21,P1004,WH-WEST,69,2,0,47
2026-06-22,P1004,WH-WEST,68,1,0,47
2026-06-23,P1004,WH-WEST,64,4,0,47
2026-06-24,P1004,WH-WEST,61,3,0,47
2026-06-25,P1004,WH-WEST,56,5,0,47
2026-06-26,P1004,WH-WEST,52,4,0,47
2026-06-27,P1004,WH-WEST,48,4,0,47
2026-06-28,P1004,WH-WEST,222,7,181,47
2026-06-29,P1004,WH-WEST,217,5,0,47
2026-06-30,P1004,WH-WEST,216,1,0,47
2026-07-01,P1004,WH-WEST,213,3,0,47
2026-07-02,P1004,WH-WEST,209,4,0,47
2026-07-03,P1004,WH-WEST,209,0,0,47
2026-07-04,P1004,WH-WEST,207,2,0,47
2026-07-05,P1004,WH-WEST,204,3,0,47
2026-07-06,P1004,WH-WEST,203,1,0,47
2026-07-07,P1004,WH-WEST,200,3,0,47
2026-07-08,P1004,WH-WEST,195,5,0,47
2026-07-09,P1004,WH-WEST,195,0,0,47
2026-07-10,P1004,WH-WEST,192,3,0,47
2026-07-11,P1004,WH-WEST,190,2,0,47
2026-07-12,P1004,WH-WEST,188,2,0,47
2026-07-13,P1004,WH-WEST,183,5,0,47
2026-07-14,P1004,WH-WEST,179,4,0,47
2026-07-15,P1004,WH-WEST,176,3,0,47
2026-07-16,P1004,WH-WEST,175,1,0,47
2026-07-17,P1004,WH-WEST,172,3,0,47
2026-07-18,P1004,WH-WEST,166,6,0,47
2026-07-19,P1004,WH-WEST,165,1,0,47
2026-07-20,P1004,WH-WEST,161,4,0,47
2026-07-21,P1004,WH-WEST,158,3,0,47
2026-07-22,P1004,WH-WEST,152,6,0,47
2026-07-23,P1004,WH-WEST,149,3,0,47
2026-07-24,P1004,WH-WEST,148,1,0,47
2026-07-25,P1004,WH-WEST,140,8,0,47
2026-07-26,P1004,WH-WEST,135,5,0,47
2026-07-27,P1004,WH-WEST,133,2,0,47
2026-07-28,P1004,WH-WEST,130,3,0,47
2026-07-29,P1004,WH-WEST,124,6,0,47
2026-07-30,P1004,WH-WEST,120,4,0,47
2026-07-31,P1004,WH-WEST,116,4,0,47
2026-08-01,P1004,WH-WEST,113,3,0,47
2026-08-02,P1004,WH-WEST,106,7,0,47
2026-08-03,P1004,WH-WEST,101,5,0,47
2026-08-04,P1004,WH-WEST,100,1,0,47
2026-08-05,P1004,WH-WEST,96,4,0,47
2026-08-06,P1004,WH-WEST,93,3,0,47
2026-08-07,P1004,WH-WEST,88,5,0,47
2026-08-08,P1004,WH-WEST,84,4,0,47
2026-08-09,P1004,WH-WEST,80,4,0,47
2026-08-10,P1004,WH-WEST,75,5,0,47
2026-08-11,P1004,WH-WEST,71,4,0,47
2026-08-12,P1004,WH-WEST,69,2,0,47
2026-08-13,P1004,WH-WEST,66,3,0,47
2025-08-15,P1005,WH-CENTRAL,141,2,0,39
2025-08-16,P1005,WH-CENTRAL,136,5,0,39
2025-08-17,P1005,WH-CENTRAL,127,9,0,39
2025-08-18,P1005,WH-CENTRAL,123,4,0,39
2025-08-19,P1005,WH-CENTRAL,121,2,0,39
2025-08-20,P1005,WH-CENTRAL,115,6,0,39
2025-08-21,P1005,WH-CENTRAL,112,3,0,39
2025-08-22,P1005,WH-CENTRAL,110,2,0,39
2025-08-23,P1005,WH-CENTRAL,104,6,0,39
2025-08-24,P1005,WH-CENTRAL,99,5,0,39
2025-08-25,P1005,WH-CENTRAL,95,4,0,39
2025-08-26,P1005,WH-CENTRAL,89,6,0,39
2025-08-27,P1005,WH-CENTRAL,87,2,0,39
2025-08-28,P1005,WH-CENTRAL,85,2,0,39
2025-08-29,P1005,WH-CENTRAL,81,4,0,39
2025-08-30,P1005,WH-CENTRAL,74,7,0,39
2025-08-31,P1005,WH-CENTRAL,69,5,0,39
2025-09-01,P1005,WH-CENTRAL,66,3,0,39
2025-09-02,P1005,WH-CENTRAL,62,4,0,39
2025-09-03,P1005,WH-CENTRAL,56,6,0,39
2025-09-04,P1005,WH-CENTRAL,50,6,0,39
2025-09-05,P1005,WH-CENTRAL,45,5,0,39
2025-09-06,P1005,WH-CENTRAL,40,5,0,39
2025-09-07,P1005,WH-CENTRAL,153,2,115,39
2025-09-08,P1005,WH-CENTRAL,151,2,0,39
2025-09-09,P1005,WH-CENTRAL,148,3,0,39
2025-09-10,P1005,WH-CENTRAL,147,1,0,39
2025-09-11,P1005,WH-CENTRAL,144,3,0,39
2025-09-12,P1005,WH-CENTRAL,139,5,0,39
2025-09-13,P1005,WH-CENTRAL,128,11,0,39
2025-09-14,P1005,WH-CENTRAL,125,3,0,39
2025-09-15,P1005,WH-CENTRAL,123,2,0,39
2025-09-16,P1005,WH-CENTRAL,122,1,0,39
2025-09-17,P1005,WH-CENTRAL,118,4,0,39
2025-09-18,P1005,WH-CENTRAL,116,2,0,39
2025-09-19,P1005,WH-CENTRAL,110,6,0,39
2025-09-20,P1005,WH-CENTRAL,103,7,0,39
2025-09-21,P1005,WH-CENTRAL,97,6,0,39
2025-09-22,P1005,WH-CENTRAL,94,3,0,39
2025-09-23,P1005,WH-CENTRAL,89,5,0,39
2025-09-24,P1005,WH-CENTRAL,84,5,0,39
2025-09-25,P1005,WH-CENTRAL,81,3,0,39
2025-09-26,P1005,WH-CENTRAL,74,7,0,39
2025-09-27,P1005,WH-CENTRAL,69,5,0,39
2025-09-28,P1005,WH-CENTRAL,65,4,0,39
2025-09-29,P1005,WH-CENTRAL,59,6,0,39
2025-09-30,P1005,WH-CENTRAL,56,3,0,39
2025-10-01,P1005,WH-CENTRAL,54,2,0,39
2025-10-02,P1005,WH-CENTRAL,48,6,0,39
2025-10-03,P1005,WH-CENTRAL,43,5,0,39
2025-10-04,P1005,WH-CENTRAL,150,8,115,39
2025-10-05,P1005,WH-CENTRAL,144,6,0,39
2025-10-06,P1005,WH-CENTRAL,142,2,0,39
2025-10-07,P1005,WH-CENTRAL,140,2,0,39
2025-10-08,P1005,WH-CENTRAL,136,4,0,39
2025-10-09,P1005,WH-CENTRAL,129,7,0,39
2025-10-10,P1005,WH-CENTRAL,126,3,0,39
2025-10-11,P1005,WH-CENTRAL,117,9,0,39
2025-10-12,P1005,WH-CENTRAL,115,2,0,39
2025-10-13,P1005,WH-CENTRAL,114,1,0,39
2025-10-14,P1005,WH-CENTRAL,109,5,0,39
2025-10-15,P1005,WH-CENTRAL,102,7,0,39
2025-10-16,P1005,WH-CENTRAL,98,4,0,39
2025-10-17,P1005,WH-CENTRAL,92,6,0,39
2025-10-18,P1005,WH-CENTRAL,87,5,0,39
2025-10-19,P1005,WH-CENTRAL,78,9,0,39
2025-10-20,P1005,WH-CENTRAL,75,3,0,39
2025-10-21,P1005,WH-CENTRAL,71,4,0,39
2025-10-22,P1005,WH-CENTRAL,71,0,0,39
2025-10-23,P1005,WH-CENTRAL,66,5,0,39
2025-10-24,P1005,WH-CENTRAL,62,4,0,39
2025-10-25,P1005,WH-CENTRAL,58,4,0,39
2025-10-26,P1005,WH-CENTRAL,51,7,0,39
2025-10-27,P1005,WH-CENTRAL,46,5,0,39
2025-10-28,P1005,WH-CENTRAL,42,4,0,39
2025-10-29,P1005,WH-CENTRAL,151,6,115,39
2025-10-30,P1005,WH-CENTRAL,147,4,0,39
2025-10-31,P1005,WH-CENTRAL,142,5,0,39
2025-11-01,P1005,WH-CENTRAL,135,7,0,39
2025-11-02,P1005,WH-CENTRAL,127,8,0,39
2025-11-03,P1005,WH-CENTRAL,124,3,0,39
2025-11-04,P1005,WH-CENTRAL,123,1,0,39
2025-11-05,P1005,WH-CENTRAL,114,9,0,39
2025-11-06,P1005,WH-CENTRAL,111,3,0,39
2025-11-07,P1005,WH-CENTRAL,106,5,0,39
2025-11-08,P1005,WH-CENTRAL,96,10,0,39
2025-11-09,P1005,WH-CENTRAL,93,3,0,39
2025-11-10,P1005,WH-CENTRAL,90,3,0,39
2025-11-11,P1005,WH-CENTRAL,86,4,0,39
2025-11-12,P1005,WH-CENTRAL,81,5,0,39
2025-11-13,P1005,WH-CENTRAL,79,2,0,39
2025-11-14,P1005,WH-CENTRAL,72,7,0,39
2025-11-15,P1005,WH-CENTRAL,70,2,0,39
2025-11-16,P1005,WH-CENTRAL,65,5,0,39
2025-11-17,P1005,WH-CENTRAL,64,1,0,39
2025-11-18,P1005,WH-CENTRAL,62,2,0,39
2025-11-19,P1005,WH-CENTRAL,57,5,0,39
2025-11-20,P1005,WH-CENTRAL,54,3,0,39
2025-11-21,P1005,WH-CENTRAL,49,5,0,39
2025-11-22,P1005,WH-CENTRAL,151,13,115,39
2025-11-23,P1005,WH-CENTRAL,147,4,0,39
2025-11-24,P1005,WH-CENTRAL,146,1,0,39
2025-11-25,P1005,WH-CENTRAL,138,8,0,39
2025-11-26,P1005,WH-CENTRAL,131,7,0,39
2025-11-27,P1005,WH-CENTRAL,129,2,0,39
2025-11-28,P1005,WH-CENTRAL,126,3,0,39
2025-11-29,P1005,WH-CENTRAL,117,9,0,39
2025-11-30,P1005,WH-CENTRAL,108,9,0,39
2025-12-01,P1005,WH-CENTRAL,103,5,0,39
2025-12-02,P1005,WH-CENTRAL,99,4,0,39
2025-12-03,P1005,WH-CENTRAL,96,3,0,39
2025-12-04,P1005,WH-CENTRAL,90,6,0,39
2025-12-05,P1005,WH-CENTRAL,87,3,0,39
2025-12-06,P1005,WH-CENTRAL,82,5,0,39
2025-12-07,P1005,WH-CENTRAL,80,2,0,39
2025-12-08,P1005,WH-CENTRAL,76,4,0,39
2025-12-09,P1005,WH-CENTRAL,73,3,0,39
2025-12-10,P1005,WH-CENTRAL,70,3,0,39
2025-12-11,P1005,WH-CENTRAL,64,6,0,39
2025-12-12,P1005,WH-CENTRAL,64,0,0,39
2025-12-13,P1005,WH-CENTRAL,61,3,0,39
2025-12-14,P1005,WH-CENTRAL,56,5,0,39
2025-12-15,P1005,WH-CENTRAL,54,2,0,39
2025-12-16,P1005,WH-CENTRAL,49,5,0,39
2025-12-17,P1005,WH-CENTRAL,45,4,0,39
2025-12-18,P1005,WH-CENTRAL,43,2,0,39
2025-12-19,P1005,WH-CENTRAL,152,6,115,39
2025-12-20,P1005,WH-CENTRAL,146,6,0,39
2025-12-21,P1005,WH-CENTRAL,137,9,0,39
2025-12-22,P1005,WH-CENTRAL,135,2,0,39
2025-12-23,P1005,WH-CENTRAL,127,8,0,39
2025-12-24,P1005,WH-CENTRAL,124,3,0,39
2025-12-25,P1005,WH-CENTRAL,122,2,0,39
2025-12-26,P1005,WH-CENTRAL,117,5,0,39
2025-12-27,P1005,WH-CENTRAL,109,8,0,39
2025-12-28,P1005,WH-CENTRAL,106,3,0,39
2025-12-29,P1005,WH-CENTRAL,105,1,0,39
2025-12-30,P1005,WH-CENTRAL,100,5,0,39
2025-12-31,P1005,WH-CENTRAL,96,4,0,39
2026-01-01,P1005,WH-CENTRAL,89,7,0,39
2026-01-02,P1005,WH-CENTRAL,84,5,0,39
2026-01-03,P1005,WH-CENTRAL,81,3,0,39
2026-01-04,P1005,WH-CENTRAL,76,5,0,39
2026-01-05,P1005,WH-CENTRAL,68,8,0,39
2026-01-06,P1005,WH-CENTRAL,65,3,0,39
2026-01-07,P1005,WH-CENTRAL,59,6,0,39
2026-01-08,P1005,WH-CENTRAL,57,2,0,39
2026-01-09,P1005,WH-CENTRAL,52,5,0,39
2026-01-10,P1005,WH-CENTRAL,47,5,0,39
2026-01-11,P1005,WH-CENTRAL,41,6,0,39
2026-01-12,P1005,WH-CENTRAL,153,3,115,39
2026-01-13,P1005,WH-CENTRAL,150,3,0,39
2026-01-14,P1005,WH-CENTRAL,147,3,0,39
2026-01-15,P1005,WH-CENTRAL,142,5,0,39
2026-01-16,P1005,WH-CENTRAL,135,7,0,39
2026-01-17,P1005,WH-CENTRAL,129,6,0,39
2026-01-18,P1005,WH-CENTRAL,126,3,0,39
2026-01-19,P1005,WH-CENTRAL,123,3,0,39
2026-01-20,P1005,WH-CENTRAL,118,5,0,39
2026-01-21,P1005,WH-CENTRAL,115,3,0,39
2026-01-22,P1005,WH-CENTRAL,114,1,0,39
2026-01-23,P1005,WH-CENTRAL,110,4,0,39
2026-01-24,P1005,WH-CENTRAL,102,8,0,39
2026-01-25,P1005,WH-CENTRAL,94,8,0,39
2026-01-26,P1005,WH-CENTRAL,88,6,0,39
2026-01-27,P1005,WH-CENTRAL,84,4,0,39
2026-01-28,P1005,WH-CENTRAL,83,1,0,39
2026-01-29,P1005,WH-CENTRAL,79,4,0,39
2026-01-30,P1005,WH-CENTRAL,74,5,0,39
2026-01-31,P1005,WH-CENTRAL,70,4,0,39
2026-02-01,P1005,WH-CENTRAL,66,4,0,39
2026-02-02,P1005,WH-CENTRAL,62,4,0,39
2026-02-03,P1005,WH-CENTRAL,59,3,0,39
2026-02-04,P1005,WH-CENTRAL,56,3,0,39
2026-02-05,P1005,WH-CENTRAL,53,3,0,39
2026-02-06,P1005,WH-CENTRAL,49,4,0,39
2026-02-07,P1005,WH-CENTRAL,44,5,0,39
2026-02-08,P1005,WH-CENTRAL,40,4,0,39
2026-02-09,P1005,WH-CENTRAL,149,6,115,39
2026-02-10,P1005,WH-CENTRAL,146,3,0,39
2026-02-11,P1005,WH-CENTRAL,142,4,0,39
2026-02-12,P1005,WH-CENTRAL,140,2,0,39
2026-02-13,P1005,WH-CENTRAL,137,3,0,39
2026-02-14,P1005,WH-CENTRAL,132,5,0,39
2026-02-15,P1005,WH-CENTRAL,130,2,0,39
2026-02-16,P1005,WH-CENTRAL,126,4,0,39
2026-02-17,P1005,WH-CENTRAL,123,3,0,39
2026-02-18,P1005,WH-CENTRAL,119,4,0,39
2026-02-19,P1005,WH-CENTRAL,117,2,0,39
2026-02-20,P1005,WH-CENTRAL,115,2,0,39
2026-02-21,P1005,WH-CENTRAL,114,1,0,39
2026-02-22,P1005,WH-CENTRAL,108,6,0,39
2026-02-23,P1005,WH-CENTRAL,106,2,0,39
2026-02-24,P1005,WH-CENTRAL,104,2,0,39
2026-02-25,P1005,WH-CENTRAL,101,3,0,39
2026-02-26,P1005,WH-CENTRAL,99,2,0,39
2026-02-27,P1005,WH-CENTRAL,97,2,0,39
2026-02-28,P1005,WH-CENTRAL,95,2,0,39
2026-03-01,P1005,WH-CENTRAL,91,4,0,39
2026-03-02,P1005,WH-CENTRAL,89,2,0,39
2026-03-03,P1005,WH-CENTRAL,82,7,0,39
2026-03-04,P1005,WH-CENTRAL,76,6,0,39
2026-03-05,P1005,WH-CENTRAL,74,2,0,39
2026-03-06,P1005,WH-CENTRAL,70,4,0,39
2026-03-07,P1005,WH-CENTRAL,63,7,0,39
2026-03-08,P1005,WH-CENTRAL,61,2,0,39
2026-03-09,P1005,WH-CENTRAL,57,4,0,39
2026-03-10,P1005,WH-CENTRAL,51,6,0,39
2026-03-11,P1005,WH-CENTRAL,47,4,0,39
2026-03-12,P1005,WH-CENTRAL,45,2,0,39
2026-03-13,P1005,WH-CENTRAL,43,2,0,39
2026-03-14,P1005,WH-CENTRAL,154,4,115,39
2026-03-15,P1005,WH-CENTRAL,150,4,0,39
2026-03-16,P1005,WH-CENTRAL,149,1,0,39
2026-03-17,P1005,WH-CENTRAL,146,3,0,39
2026-03-18,P1005,WH-CENTRAL,144,2,0,39
2026-03-19,P1005,WH-CENTRAL,140,4,0,39
2026-03-20,P1005,WH-CENTRAL,136,4,0,39
2026-03-21,P1005,WH-CENTRAL,132,4,0,39
2026-03-22,P1005,WH-CENTRAL,130,2,0,39
2026-03-23,P1005,WH-CENTRAL,127,3,0,39
2026-03-24,P1005,WH-CENTRAL,126,1,0,39
2026-03-25,P1005,WH-CENTRAL,123,3,0,39
2026-03-26,P1005,WH-CENTRAL,123,0,0,39
2026-03-27,P1005,WH-CENTRAL,122,1,0,39
2026-03-28,P1005,WH-CENTRAL,119,3,0,39
2026-03-29,P1005,WH-CENTRAL,112,7,0,39
2026-03-30,P1005,WH-CENTRAL,109,3,0,39
2026-03-31,P1005,WH-CENTRAL,108,1,0,39
2026-04-01,P1005,WH-CENTRAL,107,1,0,39
2026-04-02,P1005,WH-CENTRAL,105,2,0,39
2026-04-03,P1005,WH-CENTRAL,97,8,0,39
2026-04-04,P1005,WH-CENTRAL,94,3,0,39
2026-04-05,P1005,WH-CENTRAL,91,3,0,39
2026-04-06,P1005,WH-CENTRAL,89,2,0,39
2026-04-07,P1005,WH-CENTRAL,87,2,0,39
2026-04-08,P1005,WH-CENTRAL,84,3,0,39
2026-04-09,P1005,WH-CENTRAL,83,1,0,39
2026-04-10,P1005,WH-CENTRAL,81,2,0,39
2026-04-11,P1005,WH-CENTRAL,74,7,0,39
2026-04-12,P1005,WH-CENTRAL,72,2,0,39
2026-04-13,P1005,WH-CENTRAL,69,3,0,39
2026-04-14,P1005,WH-CENTRAL,67,2,0,39
2026-04-15,P1005,WH-CENTRAL,66,1,0,39
2026-04-16,P1005,WH-CENTRAL,64,2,0,39
2026-04-17,P1005,WH-CENTRAL,59,5,0,39
2026-04-18,P1005,WH-CENTRAL,54,5,0,39
2026-04-19,P1005,WH-CENTRAL,49,5,0,39
2026-04-20,P1005,WH-CENTRAL,48,1,0,39
2026-04-21,P1005,WH-CENTRAL,47,1,0,39
2026-04-22,P1005,WH-CENTRAL,42,5,0,39
2026-04-23,P1005,WH-CENTRAL,41,1,0,39
2026-04-24,P1005,WH-CENTRAL,40,1,0,39
2026-04-25,P1005,WH-CENTRAL,150,5,115,39
2026-04-26,P1005,WH-CENTRAL,148,2,0,39
2026-04-27,P1005,WH-CENTRAL,142,6,0,39
2026-04-28,P1005,WH-CENTRAL,142,0,0,39
2026-04-29,P1005,WH-CENTRAL,141,1,0,39
2026-04-30,P1005,WH-CENTRAL,140,1,0,39
2026-05-01,P1005,WH-CENTRAL,136,4,0,39
2026-05-02,P1005,WH-CENTRAL,132,4,0,39
2026-05-03,P1005,WH-CENTRAL,130,2,0,39
2026-05-04,P1005,WH-CENTRAL,128,2,0,39
2026-05-05,P1005,WH-CENTRAL,120,8,0,39
2026-05-06,P1005,WH-CENTRAL,118,2,0,39
2026-05-07,P1005,WH-CENTRAL,117,1,0,39
2026-05-08,P1005,WH-CENTRAL,112,5,0,39
2026-05-09,P1005,WH-CENTRAL,107,5,0,39
2026-05-10,P1005,WH-CENTRAL,106,1,0,39
2026-05-11,P1005,WH-CENTRAL,105,1,0,39
2026-05-12,P1005,WH-CENTRAL,104,1,0,39
2026-05-13,P1005,WH-CENTRAL,103,1,0,39
2026-05-14,P1005,WH-CENTRAL,101,2,0,39
2026-05-15,P1005,WH-CENTRAL,98,3,0,39
2026-05-16,P1005,WH-CENTRAL,97,1,0,39
2026-05-17,P1005,WH-CENTRAL,90,7,0,39
2026-05-18,P1005,WH-CENTRAL,88,2,0,39
2026-05-19,P1005,WH-CENTRAL,87,1,0,39
2026-05-20,P1005,WH-CENTRAL,85,2,0,39
2026-05-21,P1005,WH-CENTRAL,83,2,0,39
2026-05-22,P1005,WH-CENTRAL,83,0,0,39
2026-05-23,P1005,WH-CENTRAL,82,1,0,39
2026-05-24,P1005,WH-CENTRAL,77,5,0,39
2026-05-25,P1005,WH-CENTRAL,76,1,0,39
2026-05-26,P1005,WH-CENTRAL,75,1,0,39
2026-05-27,P1005,WH-CENTRAL,74,1,0,39
2026-05-28,P1005,WH-CENTRAL,72,2,0,39
2026-05-29,P1005,WH-CENTRAL,69,3,0,39
2026-05-30,P1005,WH-CENTRAL,62,7,0,39
2026-05-31,P1005,WH-CENTRAL,57,5,0,39
2026-06-01,P1005,WH-CENTRAL,55,2,0,39
2026-06-02,P1005,WH-CENTRAL,54,1,0,39
2026-06-03,P1005,WH-CENTRAL,52,2,0,39
2026-06-04,P1005,WH-CENTRAL,51,1,0,39
2026-06-05,P1005,WH-CENTRAL,49,2,0,39
2026-06-06,P1005,WH-CENTRAL,41,8,0,39
2026-06-07,P1005,WH-CENTRAL,151,5,115,39
2026-06-08,P1005,WH-CENTRAL,149,2,0,39
2026-06-09,P1005,WH-CENTRAL,147,2,0,39
2026-06-10,P1005,WH-CENTRAL,145,2,0,39
2026-06-11,P1005,WH-CENTRAL,145,0,0,39
2026-06-12,P1005,WH-CENTRAL,142,3,0,39
2026-06-13,P1005,WH-CENTRAL,138,4,0,39
2026-06-14,P1005,WH-CENTRAL,134,4,0,39
2026-06-15,P1005,WH-CENTRAL,134,0,0,39
2026-06-16,P1005,WH-CENTRAL,130,4,0,39
2026-06-17,P1005,WH-CENTRAL,127,3,0,39
2026-06-18,P1005,WH-CENTRAL,124,3,0,39
2026-06-19,P1005,WH-CENTRAL,119,5,0,39
2026-06-20,P1005,WH-CENTRAL,117,2,0,39
2026-06-21,P1005,WH-CENTRAL,114,3,0,39
2026-06-22,P1005,WH-CENTRAL,113,1,0,39
2026-06-23,P1005,WH-CENTRAL,108,5,0,39
2026-06-24,P1005,WH-CENTRAL,107,1,0,39
2026-06-25,P1005,WH-CENTRAL,104,3,0,39
2026-06-26,P1005,WH-CENTRAL,102,2,0,39
2026-06-27,P1005,WH-CENTRAL,99,3,0,39
2026-06-28,P1005,WH-CENTRAL,90,9,0,39
2026-06-29,P1005,WH-CENTRAL,89,1,0,39
2026-06-30,P1005,WH-CENTRAL,85,4,0,39
2026-07-01,P1005,WH-CENTRAL,84,1,0,39
2026-07-02,P1005,WH-CENTRAL,79,5,0,39
2026-07-03,P1005,WH-CENTRAL,79,0,0,39
2026-07-04,P1005,WH-CENTRAL,79,0,0,39
2026-07-05,P1005,WH-CENTRAL,78,1,0,39
2026-07-06,P1005,WH-CENTRAL,73,5,0,39
2026-07-07,P1005,WH-CENTRAL,69,4,0,39
2026-07-08,P1005,WH-CENTRAL,68,1,0,39
2026-07-09,P1005,WH-CENTRAL,66,2,0,39
2026-07-10,P1005,WH-CENTRAL,60,6,0,39
2026-07-11,P1005,WH-CENTRAL,53,7,0,39
2026-07-12,P1005,WH-CENTRAL,50,3,0,39
2026-07-13,P1005,WH-CENTRAL,49,1,0,39
2026-07-14,P1005,WH-CENTRAL,43,6,0,39
2026-07-15,P1005,WH-CENTRAL,42,1,0,39
2026-07-16,P1005,WH-CENTRAL,154,3,115,39
2026-07-17,P1005,WH-CENTRAL,153,1,0,39
2026-07-18,P1005,WH-CENTRAL,152,1,0,39
2026-07-19,P1005,WH-CENTRAL,149,3,0,39
2026-07-20,P1005,WH-CENTRAL,147,2,0,39
2026-07-21,P1005,WH-CENTRAL,146,1,0,39
2026-07-22,P1005,WH-CENTRAL,141,5,0,39
2026-07-23,P1005,WH-CENTRAL,139,2,0,39
2026-07-24,P1005,WH-CENTRAL,134,5,0,39
2026-07-25,P1005,WH-CENTRAL,132,2,0,39
2026-07-26,P1005,WH-CENTRAL,126,6,0,39
2026-07-27,P1005,WH-CENTRAL,125,1,0,39
2026-07-28,P1005,WH-CENTRAL,124,1,0,39
2026-07-29,P1005,WH-CENTRAL,122,2,0,39
2026-07-30,P1005,WH-CENTRAL,120,2,0,39
2026-07-31,P1005,WH-CENTRAL,112,8,0,39
2026-08-01,P1005,WH-CENTRAL,99,13,0,39
2026-08-02,P1005,WH-CENTRAL,92,7,0,39
2026-08-03,P1005,WH-CENTRAL,91,1,0,39
2026-08-04,P1005,WH-CENTRAL,89,2,0,39
2026-08-05,P1005,WH-CENTRAL,88,1,0,39
2026-08-06,P1005,WH-CENTRAL,87,1,0,39
2026-08-07,P1005,WH-CENTRAL,85,2,0,39
2026-08-08,P1005,WH-CENTRAL,82,3,0,39
2026-08-09,P1005,WH-CENTRAL,74,8,0,39
2026-08-10,P1005,WH-CENTRAL,72,2,0,39
2026-08-11,P1005,WH-CENTRAL,70,2,0,39
2026-08-12,P1005,WH-CENTRAL,67,3,0,39
2026-08-13,P1005,WH-CENTRAL,62,5,0,39
2025-08-15,P1006,WH-CENTRAL,189,6,0,42
2025-08-16,P1006,WH-CENTRAL,185,4,0,42
2025-08-17,P1006,WH-CENTRAL,181,4,0,42
2025-08-18,P1006,WH-CENTRAL,177,4,0,42
2025-08-19,P1006,WH-CENTRAL,173,4,0,42
2025-08-20,P1006,WH-CENTRAL,170,3,0,42
2025-08-21,P1006,WH-CENTRAL,170,0,0,42
2025-08-22,P1006,WH-CENTRAL,168,2,0,42
2025-08-23,P1006,WH-CENTRAL,163,5,0,42
2025-08-24,P1006,WH-CENTRAL,156,7,0,42
2025-08-25,P1006,WH-CENTRAL,155,1,0,42
2025-08-26,P1006,WH-CENTRAL,149,6,0,42
2025-08-27,P1006,WH-CENTRAL,146,3,0,42
2025-08-28,P1006,WH-CENTRAL,140,6,0,42
2025-08-29,P1006,WH-CENTRAL,135,5,0,42
2025-08-30,P1006,WH-CENTRAL,130,5,0,42
2025-08-31,P1006,WH-CENTRAL,126,4,0,42
2025-09-01,P1006,WH-CENTRAL,122,4,0,42
2025-09-02,P1006,WH-CENTRAL,117,5,0,42
2025-09-03,P1006,WH-CENTRAL,115,2,0,42
2025-09-04,P1006,WH-CENTRAL,110,5,0,42
2025-09-05,P1006,WH-CENTRAL,103,7,0,42
2025-09-06,P1006,WH-CENTRAL,100,3,0,42
2025-09-07,P1006,WH-CENTRAL,96,4,0,42
2025-09-08,P1006,WH-CENTRAL,87,9,0,42
2025-09-09,P1006,WH-CENTRAL,85,2,0,42
2025-09-10,P1006,WH-CENTRAL,77,8,0,42
2025-09-11,P1006,WH-CENTRAL,72,5,0,42
2025-09-12,P1006,WH-CENTRAL,68,4,0,42
2025-09-13,P1006,WH-CENTRAL,63,5,0,42
2025-09-14,P1006,WH-CENTRAL,55,8,0,42
2025-09-15,P1006,WH-CENTRAL,49,6,0,42
2025-09-16,P1006,WH-CENTRAL,185,8,144,42
2025-09-17,P1006,WH-CENTRAL,183,2,0,42
2025-09-18,P1006,WH-CENTRAL,179,4,0,42
2025-09-19,P1006,WH-CENTRAL,178,1,0,42
2025-09-20,P1006,WH-CENTRAL,174,4,0,42
2025-09-21,P1006,WH-CENTRAL,171,3,0,42
2025-09-22,P1006,WH-CENTRAL,165,6,0,42
2025-09-23,P1006,WH-CENTRAL,163,2,0,42
2025-09-24,P1006,WH-CENTRAL,162,1,0,42
2025-09-25,P1006,WH-CENTRAL,157,5,0,42
2025-09-26,P1006,WH-CENTRAL,155,2,0,42
2025-09-27,P1006,WH-CENTRAL,150,5,0,42
2025-09-28,P1006,WH-CENTRAL,148,2,0,42
2025-09-29,P1006,WH-CENTRAL,141,7,0,42
2025-09-30,P1006,WH-CENTRAL,140,1,0,42
2025-10-01,P1006,WH-CENTRAL,133,7,0,42
2025-10-02,P1006,WH-CENTRAL,129,4,0,42
2025-10-03,P1006,WH-CENTRAL,122,7,0,42
2025-10-04,P1006,WH-CENTRAL,120,2,0,42
2025-10-05,P1006,WH-CENTRAL,116,4,0,42
2025-10-06,P1006,WH-CENTRAL,110,6,0,42
2025-10-07,P1006,WH-CENTRAL,101,9,0,42
2025-10-08,P1006,WH-CENTRAL,97,4,0,42
2025-10-09,P1006,WH-CENTRAL,94,3,0,42
2025-10-10,P1006,WH-CENTRAL,91,3,0,42
2025-10-11,P1006,WH-CENTRAL,84,7,0,42
2025-10-12,P1006,WH-CENTRAL,81,3,0,42
2025-10-13,P1006,WH-CENTRAL,80,1,0,42
2025-10-14,P1006,WH-CENTRAL,78,2,0,42
2025-10-15,P1006,WH-CENTRAL,70,8,0,42
2025-10-16,P1006,WH-CENTRAL,67,3,0,42
2025-10-17,P1006,WH-CENTRAL,61,6,0,42
2025-10-18,P1006,WH-CENTRAL,53,8,0,42
2025-10-19,P1006,WH-CENTRAL,48,5,0,42
2025-10-20,P1006,WH-CENTRAL,45,3,0,42
2025-10-21,P1006,WH-CENTRAL,185,4,144,42
2025-10-22,P1006,WH-CENTRAL,183,2,0,42
2025-10-23,P1006,WH-CENTRAL,178,5,0,42
2025-10-24,P1006,WH-CENTRAL,173,5,0,42
2025-10-25,P1006,WH-CENTRAL,171,2,0,42
2025-10-26,P1006,WH-CENTRAL,169,2,0,42
2025-10-27,P1006,WH-CENTRAL,165,4,0,42
2025-10-28,P1006,WH-CENTRAL,160,5,0,42
2025-10-29,P1006,WH-CENTRAL,152,8,0,42
2025-10-30,P1006,WH-CENTRAL,149,3,0,42
2025-10-31,P1006,WH-CENTRAL,147,2,0,42
2025-11-01,P1006,WH-CENTRAL,141,6,0,42
2025-11-02,P1006,WH-CENTRAL,139,2,0,42
2025-11-03,P1006,WH-CENTRAL,136,3,0,42
2025-11-04,P1006,WH-CENTRAL,129,7,0,42
2025-11-05,P1006,WH-CENTRAL,125,4,0,42
2025-11-06,P1006,WH-CENTRAL,120,5,0,42
2025-11-07,P1006,WH-CENTRAL,115,5,0,42
2025-11-08,P1006,WH-CENTRAL,105,10,0,42
2025-11-09,P1006,WH-CENTRAL,102,3,0,42
2025-11-10,P1006,WH-CENTRAL,98,4,0,42
2025-11-11,P1006,WH-CENTRAL,95,3,0,42
2025-11-12,P1006,WH-CENTRAL,94,1,0,42
2025-11-13,P1006,WH-CENTRAL,89,5,0,42
2025-11-14,P1006,WH-CENTRAL,87,2,0,42
2025-11-15,P1006,WH-CENTRAL,83,4,0,42
2025-11-16,P1006,WH-CENTRAL,78,5,0,42
2025-11-17,P1006,WH-CENTRAL,74,4,0,42
2025-11-18,P1006,WH-CENTRAL,70,4,0,42
2025-11-19,P1006,WH-CENTRAL,66,4,0,42
2025-11-20,P1006,WH-CENTRAL,63,3,0,42
2025-11-21,P1006,WH-CENTRAL,63,0,0,42
2025-11-22,P1006,WH-CENTRAL,61,2,0,42
2025-11-23,P1006,WH-CENTRAL,59,2,0,42
2025-11-24,P1006,WH-CENTRAL,55,4,0,42
2025-11-25,P1006,WH-CENTRAL,54,1,0,42
2025-11-26,P1006,WH-CENTRAL,52,2,0,42
2025-11-27,P1006,WH-CENTRAL,50,2,0,42
2025-11-28,P1006,WH-CENTRAL,47,3,0,42
2025-11-29,P1006,WH-CENTRAL,186,5,144,42
2025-11-30,P1006,WH-CENTRAL,184,2,0,42
2025-12-01,P1006,WH-CENTRAL,180,4,0,42
2025-12-02,P1006,WH-CENTRAL,175,5,0,42
2025-12-03,P1006,WH-CENTRAL,172,3,0,42
2025-12-04,P1006,WH-CENTRAL,171,1,0,42
2025-12-05,P1006,WH-CENTRAL,169,2,0,42
2025-12-06,P1006,WH-CENTRAL,163,6,0,42
2025-12-07,P1006,WH-CENTRAL,162,1,0,42
2025-12-08,P1006,WH-CENTRAL,156,6,0,42
2025-12-09,P1006,WH-CENTRAL,151,5,0,42
2025-12-10,P1006,WH-CENTRAL,148,3,0,42
2025-12-11,P1006,WH-CENTRAL,146,2,0,42
2025-12-12,P1006,WH-CENTRAL,143,3,0,42
2025-12-13,P1006,WH-CENTRAL,140,3,0,42
2025-12-14,P1006,WH-CENTRAL,135,5,0,42
2025-12-15,P1006,WH-CENTRAL,134,1,0,42
2025-12-16,P1006,WH-CENTRAL,132,2,0,42
2025-12-17,P1006,WH-CENTRAL,129,3,0,42
2025-12-18,P1006,WH-CENTRAL,128,1,0,42
2025-12-19,P1006,WH-CENTRAL,124,4,0,42
2025-12-20,P1006,WH-CENTRAL,120,4,0,42
2025-12-21,P1006,WH-CENTRAL,117,3,0,42
2025-12-22,P1006,WH-CENTRAL,115,2,0,42
2025-12-23,P1006,WH-CENTRAL,113,2,0,42
2025-12-24,P1006,WH-CENTRAL,108,5,0,42
2025-12-25,P1006,WH-CENTRAL,106,2,0,42
2025-12-26,P1006,WH-CENTRAL,103,3,0,42
2025-12-27,P1006,WH-CENTRAL,99,4,0,42
2025-12-28,P1006,WH-CENTRAL,95,4,0,42
2025-12-29,P1006,WH-CENTRAL,92,3,0,42
2025-12-30,P1006,WH-CENTRAL,87,5,0,42
2025-12-31,P1006,WH-CENTRAL,81,6,0,42
2026-01-01,P1006,WH-CENTRAL,79,2,0,42
2026-01-02,P1006,WH-CENTRAL,75,4,0,42
2026-01-03,P1006,WH-CENTRAL,67,8,0,42
2026-01-04,P1006,WH-CENTRAL,60,7,0,42
2026-01-05,P1006,WH-CENTRAL,57,3,0,42
2026-01-06,P1006,WH-CENTRAL,55,2,0,42
2026-01-07,P1006,WH-CENTRAL,54,1,0,42
2026-01-08,P1006,WH-CENTRAL,53,1,0,42
2026-01-09,P1006,WH-CENTRAL,51,2,0,42
2026-01-10,P1006,WH-CENTRAL,50,1,0,42
2026-01-11,P1006,WH-CENTRAL,46,4,0,42
2026-01-12,P1006,WH-CENTRAL,43,3,0,42
2026-01-13,P1006,WH-CENTRAL,186,1,144,42
2026-01-14,P1006,WH-CENTRAL,182,4,0,42
2026-01-15,P1006,WH-CENTRAL,181,1,0,42
2026-01-16,P1006,WH-CENTRAL,179,2,0,42
2026-01-17,P1006,WH-CENTRAL,176,3,0,42
2026-01-18,P1006,WH-CENTRAL,176,0,0,42
2026-01-19,P1006,WH-CENTRAL,172,4,0,42
2026-01-20,P1006,WH-CENTRAL,168,4,0,42
2026-01-21,P1006,WH-CENTRAL,168,0,0,42
2026-01-22,P1006,WH-CENTRAL,167,1,0,42
2026-01-23,P1006,WH-CENTRAL,166,1,0,42
2026-01-24,P1006,WH-CENTRAL,163,3,0,42
2026-01-25,P1006,WH-CENTRAL,157,6,0,42
2026-01-26,P1006,WH-CENTRAL,153,4,0,42
2026-01-27,P1006,WH-CENTRAL,150,3,0,42
2026-01-28,P1006,WH-CENTRAL,146,4,0,42
2026-01-29,P1006,WH-CENTRAL,145,1,0,42
2026-01-30,P1006,WH-CENTRAL,143,2,0,42
2026-01-31,P1006,WH-CENTRAL,141,2,0,42
2026-02-01,P1006,WH-CENTRAL,136,5,0,42
2026-02-02,P1006,WH-CENTRAL,134,2,0,42
2026-02-03,P1006,WH-CENTRAL,131,3,0,42
2026-02-04,P1006,WH-CENTRAL,131,0,0,42
2026-02-05,P1006,WH-CENTRAL,127,4,0,42
2026-02-06,P1006,WH-CENTRAL,126,1,0,42
2026-02-07,P1006,WH-CENTRAL,126,0,0,42
2026-02-08,P1006,WH-CENTRAL,125,1,0,42
2026-02-09,P1006,WH-CENTRAL,124,1,0,42
2026-02-10,P1006,WH-CENTRAL,122,2,0,42
2026-02-11,P1006,WH-CENTRAL,120,2,0,42
2026-02-12,P1006,WH-CENTRAL,118,2,0,42
2026-02-13,P1006,WH-CENTRAL,117,1,0,42
2026-02-14,P1006,WH-CENTRAL,116,1,0,42
2026-02-15,P1006,WH-CENTRAL,114,2,0,42
2026-02-16,P1006,WH-CENTRAL,110,4,0,42
2026-02-17,P1006,WH-CENTRAL,109,1,0,42
2026-02-18,P1006,WH-CENTRAL,109,0,0,42
2026-02-19,P1006,WH-CENTRAL,106,3,0,42
2026-02-20,P1006,WH-CENTRAL,105,1,0,42
2026-02-21,P1006,WH-CENTRAL,102,3,0,42
2026-02-22,P1006,WH-CENTRAL,100,2,0,42
2026-02-23,P1006,WH-CENTRAL,99,1,0,42
2026-02-24,P1006,WH-CENTRAL,98,1,0,42
2026-02-25,P1006,WH-CENTRAL,93,5,0,42
2026-02-26,P1006,WH-CENTRAL,91,2,0,42
2026-02-27,P1006,WH-CENTRAL,88,3,0,42
2026-02-28,P1006,WH-CENTRAL,88,0,0,42
2026-03-01,P1006,WH-CENTRAL,88,0,0,42
2026-03-02,P1006,WH-CENTRAL,87,1,0,42
2026-03-03,P1006,WH-CENTRAL,87,0,0,42
2026-03-04,P1006,WH-CENTRAL,84,3,0,42
2026-03-05,P1006,WH-CENTRAL,81,3,0,42
2026-03-06,P1006,WH-CENTRAL,79,2,0,42
2026-03-07,P1006,WH-CENTRAL,76,3,0,42
2026-03-08,P1006,WH-CENTRAL,75,1,0,42
2026-03-09,P1006,WH-CENTRAL,71,4,0,42
2026-03-10,P1006,WH-CENTRAL,69,2,0,42
2026-03-11,P1006,WH-CENTRAL,69,0,0,42
2026-03-12,P1006,WH-CENTRAL,65,4,0,42
2026-03-13,P1006,WH-CENTRAL,64,1,0,42
2026-03-14,P1006,WH-CENTRAL,63,1,0,42
2026-03-15,P1006,WH-CENTRAL,62,1,0,42
2026-03-16,P1006,WH-CENTRAL,60,2,0,42
2026-03-17,P1006,WH-CENTRAL,60,0,0,42
2026-03-18,P1006,WH-CENTRAL,60,0,0,42
2026-03-19,P1006,WH-CENTRAL,58,2,0,42
2026-03-20,P1006,WH-CENTRAL,55,3,0,42
2026-03-21,P1006,WH-CENTRAL,55,0,0,42
2026-03-22,P1006,WH-CENTRAL,54,1,0,42
2026-03-23,P1006,WH-CENTRAL,54,0,0,42
2026-03-24,P1006,WH-CENTRAL,54,0,0,42
2026-03-25,P1006,WH-CENTRAL,51,3,0,42
2026-03-26,P1006,WH-CENTRAL,50,1,0,42
2026-03-27,P1006,WH-CENTRAL,49,1,0,42
2026-03-28,P1006,WH-CENTRAL,46,3,0,42
2026-03-29,P1006,WH-CENTRAL,43,3,0,42
2026-03-30,P1006,WH-CENTRAL,186,1,144,42
2026-03-31,P1006,WH-CENTRAL,185,1,0,42
2026-04-01,P1006,WH-CENTRAL,183,2,0,42
2026-04-02,P1006,WH-CENTRAL,180,3,0,42
2026-04-03,P1006,WH-CENTRAL,177,3,0,42
2026-04-04,P1006,WH-CENTRAL,174,3,0,42
2026-04-05,P1006,WH-CENTRAL,173,1,0,42
2026-04-06,P1006,WH-CENTRAL,171,2,0,42
2026-04-07,P1006,WH-CENTRAL,171,0,0,42
2026-04-08,P1006,WH-CENTRAL,171,0,0,42
2026-04-09,P1006,WH-CENTRAL,168,3,0,42
2026-04-10,P1006,WH-CENTRAL,168,0,0,42
2026-04-11,P1006,WH-CENTRAL,168,0,0,42
2026-04-12,P1006,WH-CENTRAL,167,1,0,42
2026-04-13,P1006,WH-CENTRAL,167,0,0,42
2026-04-14,P1006,WH-CENTRAL,165,2,0,42
2026-04-15,P1006,WH-CENTRAL,165,0,0,42
2026-04-16,P1006,WH-CENTRAL,165,0,0,42
2026-04-17,P1006,WH-CENTRAL,164,1,0,42
2026-04-18,P1006,WH-CENTRAL,162,2,0,42
2026-04-19,P1006,WH-CENTRAL,162,0,0,42
2026-04-20,P1006,WH-CENTRAL,160,2,0,42
2026-04-21,P1006,WH-CENTRAL,158,2,0,42
2026-04-22,P1006,WH-CENTRAL,157,1,0,42
2026-04-23,P1006,WH-CENTRAL,157,0,0,42
2026-04-24,P1006,WH-CENTRAL,157,0,0,42
2026-04-25,P1006,WH-CENTRAL,153,4,0,42
2026-04-26,P1006,WH-CENTRAL,152,1,0,42
2026-04-27,P1006,WH-CENTRAL,151,1,0,42
2026-04-28,P1006,WH-CENTRAL,149,2,0,42
2026-04-29,P1006,WH-CENTRAL,148,1,0,42
2026-04-30,P1006,WH-CENTRAL,148,0,0,42
2026-05-01,P1006,WH-CENTRAL,148,0,0,42
2026-05-02,P1006,WH-CENTRAL,148,0,0,42
2026-05-03,P1006,WH-CENTRAL,147,1,0,42
2026-05-04,P1006,WH-CENTRAL,146,1,0,42
2026-05-05,P1006,WH-CENTRAL,145,1,0,42
2026-05-06,P1006,WH-CENTRAL,145,0,0,42
2026-05-07,P1006,WH-CENTRAL,144,1,0,42
2026-05-08,P1006,WH-CENTRAL,144,0,0,42
2026-05-09,P1006,WH-CENTRAL,143,1,0,42
2026-05-10,P1006,WH-CENTRAL,142,1,0,42
2026-05-11,P1006,WH-CENTRAL,142,0,0,42
2026-05-12,P1006,WH-CENTRAL,141,1,0,42
2026-05-13,P1006,WH-CENTRAL,141,0,0,42
2026-05-14,P1006,WH-CENTRAL,138,3,0,42
2026-05-15,P1006,WH-CENTRAL,138,0,0,42
2026-05-16,P1006,WH-CENTRAL,138,0,0,42
2026-05-17,P1006,WH-CENTRAL,137,1,0,42
2026-05-18,P1006,WH-CENTRAL,137,0,0,42
2026-05-19,P1006,WH-CENTRAL,135,2,0,42
2026-05-20,P1006,WH-CENTRAL,133,2,0,42
2026-05-21,P1006,WH-CENTRAL,133,0,0,42
2026-05-22,P1006,WH-CENTRAL,133,0,0,42
2026-05-23,P1006,WH-CENTRAL,132,1,0,42
2026-05-24,P1006,WH-CENTRAL,129,3,0,42
2026-05-25,P1006,WH-CENTRAL,129,0,0,42
2026-05-26,P1006,WH-CENTRAL,129,0,0,42
2026-05-27,P1006,WH-CENTRAL,129,0,0,42
2026-05-28,P1006,WH-CENTRAL,128,1,0,42
2026-05-29,P1006,WH-CENTRAL,128,0,0,42
2026-05-30,P1006,WH-CENTRAL,127,1,0,42
2026-05-31,P1006,WH-CENTRAL,127,0,0,42
2026-06-01,P1006,WH-CENTRAL,127,0,0,42
2026-06-02,P1006,WH-CENTRAL,127,0,0,42
2026-06-03,P1006,WH-CENTRAL,127,0,0,42
2026-06-04,P1006,WH-CENTRAL,124,3,0,42
2026-06-05,P1006,WH-CENTRAL,124,0,0,42
2026-06-06,P1006,WH-CENTRAL,123,1,0,42
2026-06-07,P1006,WH-CENTRAL,123,0,0,42
2026-06-08,P1006,WH-CENTRAL,123,0,0,42
2026-06-09,P1006,WH-CENTRAL,122,1,0,42
2026-06-10,P1006,WH-CENTRAL,122,0,0,42
2026-06-11,P1006,WH-CENTRAL,122,0,0,42
2026-06-12,P1006,WH-CENTRAL,120,2,0,42
2026-06-13,P1006,WH-CENTRAL,119,1,0,42
2026-06-14,P1006,WH-CENTRAL,119,0,0,42
2026-06-15,P1006,WH-CENTRAL,118,1,0,42
2026-06-16,P1006,WH-CENTRAL,118,0,0,42
2026-06-17,P1006,WH-CENTRAL,118,0,0,42
2026-06-18,P1006,WH-CENTRAL,117,1,0,42
2026-06-19,P1006,WH-CENTRAL,117,0,0,42
2026-06-20,P1006,WH-CENTRAL,117,0,0,42
2026-06-21,P1006,WH-CENTRAL,115,2,0,42
2026-06-22,P1006,WH-CENTRAL,115,0,0,42
2026-06-23,P1006,WH-CENTRAL,114,1,0,42
2026-06-24,P1006,WH-CENTRAL,113,1,0,42
2026-06-25,P1006,WH-CENTRAL,113,0,0,42
2026-06-26,P1006,WH-CENTRAL,113,0,0,42
2026-06-27,P1006,WH-CENTRAL,113,0,0,42
2026-06-28,P1006,WH-CENTRAL,111,2,0,42
2026-06-29,P1006,WH-CENTRAL,111,0,0,42
2026-06-30,P1006,WH-CENTRAL,111,0,0,42
2026-07-01,P1006,WH-CENTRAL,111,0,0,42
2026-07-02,P1006,WH-CENTRAL,111,0,0,42
2026-07-03,P1006,WH-CENTRAL,111,0,0,42
2026-07-04,P1006,WH-CENTRAL,110,1,0,42
2026-07-05,P1006,WH-CENTRAL,110,0,0,42
2026-07-06,P1006,WH-CENTRAL,109,1,0,42
2026-07-07,P1006,WH-CENTRAL,109,0,0,42
2026-07-08,P1006,WH-CENTRAL,107,2,0,42
2026-07-09,P1006,WH-CENTRAL,107,0,0,42
2026-07-10,P1006,WH-CENTRAL,107,0,0,42
2026-07-11,P1006,WH-CENTRAL,107,0,0,42
2026-07-12,P1006,WH-CENTRAL,106,1,0,42
2026-07-13,P1006,WH-CENTRAL,106,0,0,42
2026-07-14,P1006,WH-CENTRAL,106,0,0,42
2026-07-15,P1006,WH-CENTRAL,106,0,0,42
2026-07-16,P1006,WH-CENTRAL,105,1,0,42
2026-07-17,P1006,WH-CENTRAL,105,0,0,42
2026-07-18,P1006,WH-CENTRAL,105,0,0,42
2026-07-19,P1006,WH-CENTRAL,104,1,0,42
2026-07-20,P1006,WH-CENTRAL,104,0,0,42
2026-07-21,P1006,WH-CENTRAL,104,0,0,42
2026-07-22,P1006,WH-CENTRAL,103,1,0,42
2026-07-23,P1006,WH-CENTRAL,103,0,0,42
2026-07-24,P1006,WH-CENTRAL,103,0,0,42
2026-07-25,P1006,WH-CENTRAL,100,3,0,42
2026-07-26,P1006,WH-CENTRAL,100,0,0,42
2026-07-27,P1006,WH-CENTRAL,100,0,0,42
2026-07-28,P1006,WH-CENTRAL,100,0,0,42
2026-07-29,P1006,WH-CENTRAL,100,0,0,42
2026-07-30,P1006,WH-CENTRAL,99,1,0,42
2026-07-31,P1006,WH-CENTRAL,99,0,0,42
2026-08-01,P1006,WH-CENTRAL,99,0,0,42
2026-08-02,P1006,WH-CENTRAL,99,0,0,42
2026-08-03,P1006,WH-CENTRAL,99,0,0,42
2026-08-04,P1006,WH-CENTRAL,99,0,0,42
2026-08-05,P1006,WH-CENTRAL,99,0,0,42
2026-08-06,P1006,WH-CENTRAL,98,1,0,42
2026-08-07,P1006,WH-CENTRAL,98,0,0,42
2026-08-08,P1006,WH-CENTRAL,98,0,0,42
2026-08-09,P1006,WH-CENTRAL,97,1,0,42
2026-08-10,P1006,WH-CENTRAL,96,1,0,42
2026-08-11,P1006,WH-CENTRAL,96,0,0,42
2026-08-12,P1006,WH-CENTRAL,96,0,0,42
2026-08-13,P1006,WH-CENTRAL,95,1,0,42
2025-08-15,P1007,WH-EAST,215,1,0,58
2025-08-16,P1007,WH-EAST,214,1,0,58
2025-08-17,P1007,WH-EAST,209,5,0,58
2025-08-18,P1007,WH-EAST,203,6,0,58
2025-08-19,P1007,WH-EAST,200,3,0,58
2025-08-20,P1007,WH-EAST,200,0,0,58
2025-08-21,P1007,WH-EAST,198,2,0,58
2025-08-22,P1007,WH-EAST,198,0,0,58
2025-08-23,P1007,WH-EAST,196,2,0,58
2025-08-24,P1007,WH-EAST,193,3,0,58
2025-08-25,P1007,WH-EAST,190,3,0,58
2025-08-26,P1007,WH-EAST,188,2,0,58
2025-08-27,P1007,WH-EAST,185,3,0,58
2025-08-28,P1007,WH-EAST,184,1,0,58
2025-08-29,P1007,WH-EAST,181,3,0,58
2025-08-30,P1007,WH-EAST,177,4,0,58
2025-08-31,P1007,WH-EAST,172,5,0,58
2025-09-01,P1007,WH-EAST,165,7,0,58
2025-09-02,P1007,WH-EAST,159,6,0,58
2025-09-03,P1007,WH-EAST,156,3,0,58
2025-09-04,P1007,WH-EAST,155,1,0,58
2025-09-05,P1007,WH-EAST,153,2,0,58
2025-09-06,P1007,WH-EAST,152,1,0,58
2025-09-07,P1007,WH-EAST,144,8,0,58
2025-09-08,P1007,WH-EAST,142,2,0,58
2025-09-09,P1007,WH-EAST,137,5,0,58
2025-09-10,P1007,WH-EAST,132,5,0,58
2025-09-11,P1007,WH-EAST,130,2,0,58
2025-09-12,P1007,WH-EAST,127,3,0,58
2025-09-13,P1007,WH-EAST,118,9,0,58
2025-09-14,P1007,WH-EAST,116,2,0,58
2025-09-15,P1007,WH-EAST,115,1,0,58
2025-09-16,P1007,WH-EAST,114,1,0,58
2025-09-17,P1007,WH-EAST,109,5,0,58
2025-09-18,P1007,WH-EAST,107,2,0,58
2025-09-19,P1007,WH-EAST,102,5,0,58
2025-09-20,P1007,WH-EAST,94,8,0,58
2025-09-21,P1007,WH-EAST,91,3,0,58
2025-09-22,P1007,WH-EAST,91,0,0,58
2025-09-23,P1007,WH-EAST,87,4,0,58
2025-09-24,P1007,WH-EAST,85,2,0,58
2025-09-25,P1007,WH-EAST,80,5,0,58
2025-09-26,P1007,WH-EAST,77,3,0,58
2025-09-27,P1007,WH-EAST,70,7,0,58
2025-09-28,P1007,WH-EAST,66,4,0,58
2025-09-29,P1007,WH-EAST,62,4,0,58
2025-09-30,P1007,WH-EAST,235,6,179,58
2025-10-01,P1007,WH-EAST,233,2,0,58
2025-10-02,P1007,WH-EAST,229,4,0,58
2025-10-03,P1007,WH-EAST,224,5,0,58
2025-10-04,P1007,WH-EAST,217,7,0,58
2025-10-05,P1007,WH-EAST,214,3,0,58
2025-10-06,P1007,WH-EAST,209,5,0,58
2025-10-07,P1007,WH-EAST,205,4,0,58
2025-10-08,P1007,WH-EAST,199,6,0,58
2025-10-09,P1007,WH-EAST,195,4,0,58
2025-10-10,P1007,WH-EAST,192,3,0,58
2025-10-11,P1007,WH-EAST,186,6,0,58
2025-10-12,P1007,WH-EAST,184,2,0,58
2025-10-13,P1007,WH-EAST,183,1,0,58
2025-10-14,P1007,WH-EAST,180,3,0,58
2025-10-15,P1007,WH-EAST,176,4,0,58
2025-10-16,P1007,WH-EAST,171,5,0,58
2025-10-17,P1007,WH-EAST,169,2,0,58
2025-10-18,P1007,WH-EAST,166,3,0,58
2025-10-19,P1007,WH-EAST,159,7,0,58
2025-10-20,P1007,WH-EAST,153,6,0,58
2025-10-21,P1007,WH-EAST,150,3,0,58
2025-10-22,P1007,WH-EAST,145,5,0,58
2025-10-23,P1007,WH-EAST,145,0,0,58
2025-10-24,P1007,WH-EAST,141,4,0,58
2025-10-25,P1007,WH-EAST,136,5,0,58
2025-10-26,P1007,WH-EAST,132,4,0,58
2025-10-27,P1007,WH-EAST,129,3,0,58
2025-10-28,P1007,WH-EAST,126,3,0,58
2025-10-29,P1007,WH-EAST,119,7,0,58
2025-10-30,P1007,WH-EAST,111,8,0,58
2025-10-31,P1007,WH-EAST,109,2,0,58
2025-11-01,P1007,WH-EAST,104,5,0,58
2025-11-02,P1007,WH-EAST,103,1,0,58
2025-11-03,P1007,WH-EAST,103,0,0,58
2025-11-04,P1007,WH-EAST,100,3,0,58
2025-11-05,P1007,WH-EAST,97,3,0,58
2025-11-06,P1007,WH-EAST,96,1,0,58
2025-11-07,P1007,WH-EAST,93,3,0,58
2025-11-08,P1007,WH-EAST,90,3,0,58
2025-11-09,P1007,WH-EAST,86,4,0,58
2025-11-10,P1007,WH-EAST,82,4,0,58
2025-11-11,P1007,WH-EAST,81,1,0,58
2025-11-12,P1007,WH-EAST,78,3,0,58
2025-11-13,P1007,WH-EAST,76,2,0,58
2025-11-14,P1007,WH-EAST,70,6,0,58
2025-11-15,P1007,WH-EAST,63,7,0,58
2025-11-16,P1007,WH-EAST,237,5,179,58
2025-11-17,P1007,WH-EAST,233,4,0,58
2025-11-18,P1007,WH-EAST,229,4,0,58
2025-11-19,P1007,WH-EAST,224,5,0,58
2025-11-20,P1007,WH-EAST,218,6,0,58
2025-11-21,P1007,WH-EAST,217,1,0,58
2025-11-22,P1007,WH-EAST,213,4,0,58
2025-11-23,P1007,WH-EAST,211,2,0,58
2025-11-24,P1007,WH-EAST,210,1,0,58
2025-11-25,P1007,WH-EAST,208,2,0,58
2025-11-26,P1007,WH-EAST,204,4,0,58
2025-11-27,P1007,WH-EAST,201,3,0,58
2025-11-28,P1007,WH-EAST,200,1,0,58
2025-11-29,P1007,WH-EAST,195,5,0,58
2025-11-30,P1007,WH-EAST,193,2,0,58
2025-12-01,P1007,WH-EAST,191,2,0,58
2025-12-02,P1007,WH-EAST,187,4,0,58
2025-12-03,P1007,WH-EAST,184,3,0,58
2025-12-04,P1007,WH-EAST,179,5,0,58
2025-12-05,P1007,WH-EAST,177,2,0,58
2025-12-06,P1007,WH-EAST,171,6,0,58
2025-12-07,P1007,WH-EAST,168,3,0,58
2025-12-08,P1007,WH-EAST,163,5,0,58
2025-12-09,P1007,WH-EAST,158,5,0,58
2025-12-10,P1007,WH-EAST,157,1,0,58
2025-12-11,P1007,WH-EAST,153,4,0,58
2025-12-12,P1007,WH-EAST,151,2,0,58
2025-12-13,P1007,WH-EAST,143,8,0,58
2025-12-14,P1007,WH-EAST,137,6,0,58
2025-12-15,P1007,WH-EAST,131,6,0,58
2025-12-16,P1007,WH-EAST,130,1,0,58
2025-12-17,P1007,WH-EAST,126,4,0,58
2025-12-18,P1007,WH-EAST,119,7,0,58
2025-12-19,P1007,WH-EAST,115,4,0,58
2025-12-20,P1007,WH-EAST,114,1,0,58
2025-12-21,P1007,WH-EAST,112,2,0,58
2025-12-22,P1007,WH-EAST,105,7,0,58
2025-12-23,P1007,WH-EAST,103,2,0,58
2025-12-24,P1007,WH-EAST,101,2,0,58
2025-12-25,P1007,WH-EAST,99,2,0,58
2025-12-26,P1007,WH-EAST,95,4,0,58
2025-12-27,P1007,WH-EAST,92,3,0,58
2025-12-28,P1007,WH-EAST,92,0,0,58
2025-12-29,P1007,WH-EAST,87,5,0,58
2025-12-30,P1007,WH-EAST,87,0,0,58
2025-12-31,P1007,WH-EAST,83,4,0,58
2026-01-01,P1007,WH-EAST,78,5,0,58
2026-01-02,P1007,WH-EAST,74,4,0,58
2026-01-03,P1007,WH-EAST,71,3,0,58
2026-01-04,P1007,WH-EAST,69,2,0,58
2026-01-05,P1007,WH-EAST,65,4,0,58
2026-01-06,P1007,WH-EAST,60,5,0,58
2026-01-07,P1007,WH-EAST,60,0,0,58
2026-01-08,P1007,WH-EAST,236,3,179,58
2026-01-09,P1007,WH-EAST,231,5,0,58
2026-01-10,P1007,WH-EAST,227,4,0,58
2026-01-11,P1007,WH-EAST,222,5,0,58
2026-01-12,P1007,WH-EAST,222,0,0,58
2026-01-13,P1007,WH-EAST,219,3,0,58
2026-01-14,P1007,WH-EAST,213,6,0,58
2026-01-15,P1007,WH-EAST,208,5,0,58
2026-01-16,P1007,WH-EAST,204,4,0,58
2026-01-17,P1007,WH-EAST,199,5,0,58
2026-01-18,P1007,WH-EAST,195,4,0,58
2026-01-19,P1007,WH-EAST,190,5,0,58
2026-01-20,P1007,WH-EAST,186,4,0,58
2026-01-21,P1007,WH-EAST,184,2,0,58
2026-01-22,P1007,WH-EAST,181,3,0,58
2026-01-23,P1007,WH-EAST,179,2,0,58
2026-01-24,P1007,WH-EAST,177,2,0,58
2026-01-25,P1007,WH-EAST,176,1,0,58
2026-01-26,P1007,WH-EAST,168,8,0,58
2026-01-27,P1007,WH-EAST,163,5,0,58
2026-01-28,P1007,WH-EAST,163,0,0,58
2026-01-29,P1007,WH-EAST,160,3,0,58
2026-01-30,P1007,WH-EAST,159,1,0,58
2026-01-31,P1007,WH-EAST,158,1,0,58
2026-02-01,P1007,WH-EAST,156,2,0,58
2026-02-02,P1007,WH-EAST,154,2,0,58
2026-02-03,P1007,WH-EAST,153,1,0,58
2026-02-04,P1007,WH-EAST,145,8,0,58
2026-02-05,P1007,WH-EAST,144,1,0,58
2026-02-06,P1007,WH-EAST,140,4,0,58
2026-02-07,P1007,WH-EAST,138,2,0,58
2026-02-08,P1007,WH-EAST,134,4,0,58
2026-02-09,P1007,WH-EAST,131,3,0,58
2026-02-10,P1007,WH-EAST,129,2,0,58
2026-02-11,P1007,WH-EAST,128,1,0,58
2026-02-12,P1007,WH-EAST,124,4,0,58
2026-02-13,P1007,WH-EAST,122,2,0,58
2026-02-14,P1007,WH-EAST,121,1,0,58
2026-02-15,P1007,WH-EAST,119,2,0,58
2026-02-16,P1007,WH-EAST,116,3,0,58
2026-02-17,P1007,WH-EAST,113,3,0,58
2026-02-18,P1007,WH-EAST,112,1,0,58
2026-02-19,P1007,WH-EAST,109,3,0,58
2026-02-20,P1007,WH-EAST,105,4,0,58
2026-02-21,P1007,WH-EAST,101,4,0,58
2026-02-22,P1007,WH-EAST,101,0,0,58
2026-02-23,P1007,WH-EAST,98,3,0,58
2026-02-24,P1007,WH-EAST,97,1,0,58
2026-02-25,P1007,WH-EAST,95,2,0,58
2026-02-26,P1007,WH-EAST,95,0,0,58
2026-02-27,P1007,WH-EAST,93,2,0,58
2026-02-28,P1007,WH-EAST,91,2,0,58
2026-03-01,P1007,WH-EAST,90,1,0,58
2026-03-02,P1007,WH-EAST,87,3,0,58
2026-03-03,P1007,WH-EAST,80,7,0,58
2026-03-04,P1007,WH-EAST,78,2,0,58
2026-03-05,P1007,WH-EAST,75,3,0,58
2026-03-06,P1007,WH-EAST,73,2,0,58
2026-03-07,P1007,WH-EAST,69,4,0,58
2026-03-08,P1007,WH-EAST,68,1,0,58
2026-03-09,P1007,WH-EAST,67,1,0,58
2026-03-10,P1007,WH-EAST,66,1,0,58
2026-03-11,P1007,WH-EAST,64,2,0,58
2026-03-12,P1007,WH-EAST,64,0,0,58
2026-03-13,P1007,WH-EAST,237,6,179,58
2026-03-14,P1007,WH-EAST,232,5,0,58
2026-03-15,P1007,WH-EAST,230,2,0,58
2026-03-16,P1007,WH-EAST,228,2,0,58
2026-03-17,P1007,WH-EAST,228,0,0,58
2026-03-18,P1007,WH-EAST,224,4,0,58
2026-03-19,P1007,WH-EAST,222,2,0,58
2026-03-20,P1007,WH-EAST,220,2,0,58
2026-03-21,P1007,WH-EAST,216,4,0,58
2026-03-22,P1007,WH-EAST,216,0,0,58
2026-03-23,P1007,WH-EAST,213,3,0,58
2026-03-24,P1007,WH-EAST,212,1,0,58
2026-03-25,P1007,WH-EAST,212,0,0,58
2026-03-26,P1007,WH-EAST,211,1,0,58
2026-03-27,P1007,WH-EAST,209,2,0,58
2026-03-28,P1007,WH-EAST,207,2,0,58
2026-03-29,P1007,WH-EAST,202,5,0,58
2026-03-30,P1007,WH-EAST,200,2,0,58
2026-03-31,P1007,WH-EAST,200,0,0,58
2026-04-01,P1007,WH-EAST,197,3,0,58
2026-04-02,P1007,WH-EAST,197,0,0,58
2026-04-03,P1007,WH-EAST,193,4,0,58
2026-04-04,P1007,WH-EAST,192,1,0,58
2026-04-05,P1007,WH-EAST,187,5,0,58
2026-04-06,P1007,WH-EAST,187,0,0,58
2026-04-07,P1007,WH-EAST,184,3,0,58
2026-04-08,P1007,WH-EAST,178,6,0,58
2026-04-09,P1007,WH-EAST,175,3,0,58
2026-04-10,P1007,WH-EAST,174,1,0,58
2026-04-11,P1007,WH-EAST,173,1,0,58
2026-04-12,P1007,WH-EAST,171,2,0,58
2026-04-13,P1007,WH-EAST,168,3,0,58
2026-04-14,P1007,WH-EAST,165,3,0,58
2026-04-15,P1007,WH-EAST,160,5,0,58
2026-04-16,P1007,WH-EAST,158,2,0,58
2026-04-17,P1007,WH-EAST,158,0,0,58
2026-04-18,P1007,WH-EAST,155,3,0,58
2026-04-19,P1007,WH-EAST,153,2,0,58
2026-04-20,P1007,WH-EAST,152,1,0,58
2026-04-21,P1007,WH-EAST,145,7,0,58
2026-04-22,P1007,WH-EAST,144,1,0,58
2026-04-23,P1007,WH-EAST,144,0,0,58
2026-04-24,P1007,WH-EAST,142,2,0,58
2026-04-25,P1007,WH-EAST,138,4,0,58
2026-04-26,P1007,WH-EAST,137,1,0,58
2026-04-27,P1007,WH-EAST,137,0,0,58
2026-04-28,P1007,WH-EAST,137,0,0,58
2026-04-29,P1007,WH-EAST,137,0,0,58
2026-04-30,P1007,WH-EAST,135,2,0,58
2026-05-01,P1007,WH-EAST,134,1,0,58
2026-05-02,P1007,WH-EAST,134,0,0,58
2026-05-03,P1007,WH-EAST,131,3,0,58
2026-05-04,P1007,WH-EAST,131,0,0,58
2026-05-05,P1007,WH-EAST,129,2,0,58
2026-05-06,P1007,WH-EAST,127,2,0,58
2026-05-07,P1007,WH-EAST,127,0,0,58
2026-05-08,P1007,WH-EAST,125,2,0,58
2026-05-09,P1007,WH-EAST,123,2,0,58
2026-05-10,P1007,WH-EAST,120,3,0,58
2026-05-11,P1007,WH-EAST,118,2,0,58
2026-05-12,P1007,WH-EAST,114,4,0,58
2026-05-13,P1007,WH-EAST,111,3,0,58
2026-05-14,P1007,WH-EAST,110,1,0,58
2026-05-15,P1007,WH-EAST,109,1,0,58
2026-05-16,P1007,WH-EAST,107,2,0,58
2026-05-17,P1007,WH-EAST,106,1,0,58
2026-05-18,P1007,WH-EAST,105,1,0,58
2026-05-19,P1007,WH-EAST,102,3,0,58
2026-05-20,P1007,WH-EAST,100,2,0,58
2026-05-21,P1007,WH-EAST,99,1,0,58
2026-05-22,P1007,WH-EAST,97,2,0,58
2026-05-23,P1007,WH-EAST,96,1,0,58
2026-05-24,P1007,WH-EAST,95,1,0,58
2026-05-25,P1007,WH-EAST,94,1,0,58
2026-05-26,P1007,WH-EAST,92,2,0,58
2026-05-27,P1007,WH-EAST,92,0,0,58
2026-05-28,P1007,WH-EAST,90,2,0,58
2026-05-29,P1007,WH-EAST,90,0,0,58
2026-05-30,P1007,WH-EAST,85,5,0,58
2026-05-31,P1007,WH-EAST,83,2,0,58
2026-06-01,P1007,WH-EAST,82,1,0,58
2026-06-02,P1007,WH-EAST,81,1,0,58
2026-06-03,P1007,WH-EAST,78,3,0,58
2026-06-04,P1007,WH-EAST,76,2,0,58
2026-06-05,P1007,WH-EAST,75,1,0,58
2026-06-06,P1007,WH-EAST,74,1,0,58
2026-06-07,P1007,WH-EAST,72,2,0,58
2026-06-08,P1007,WH-EAST,71,1,0,58
2026-06-09,P1007,WH-EAST,71,0,0,58
2026-06-10,P1007,WH-EAST,70,1,0,58
2026-06-11,P1007,WH-EAST,70,0,0,58
2026-06-12,P1007,WH-EAST,69,1,0,58
2026-06-13,P1007,WH-EAST,66,3,0,58
2026-06-14,P1007,WH-EAST,64,2,0,58
2026-06-15,P1007,WH-EAST,64,0,0,58
2026-06-16,P1007,WH-EAST,61,3,0,58
2026-06-17,P1007,WH-EAST,60,1,0,58
2026-06-18,P1007,WH-EAST,236,3,179,58
2026-06-19,P1007,WH-EAST,236,0,0,58
2026-06-20,P1007,WH-EAST,231,5,0,58
2026-06-21,P1007,WH-EAST,230,1,0,58
2026-06-22,P1007,WH-EAST,229,1,0,58
2026-06-23,P1007,WH-EAST,227,2,0,58
2026-06-24,P1007,WH-EAST,226,1,0,58
2026-06-25,P1007,WH-EAST,224,2,0,58
2026-06-26,P1007,WH-EAST,223,1,0,58
2026-06-27,P1007,WH-EAST,218,5,0,58
2026-06-28,P1007,WH-EAST,218,0,0,58
2026-06-29,P1007,WH-EAST,215,3,0,58
2026-06-30,P1007,WH-EAST,213,2,0,58
2026-07-01,P1007,WH-EAST,213,0,0,58
2026-07-02,P1007,WH-EAST,212,1,0,58
2026-07-03,P1007,WH-EAST,212,0,0,58
2026-07-04,P1007,WH-EAST,211,1,0,58
2026-07-05,P1007,WH-EAST,209,2,0,58
2026-07-06,P1007,WH-EAST,208,1,0,58
2026-07-07,P1007,WH-EAST,206,2,0,58
2026-07-08,P1007,WH-EAST,206,0,0,58
2026-07-09,P1007,WH-EAST,202,4,0,58
2026-07-10,P1007,WH-EAST,202,0,0,58
2026-07-11,P1007,WH-EAST,200,2,0,58
2026-07-12,P1007,WH-EAST,196,4,0,58
2026-07-13,P1007,WH-EAST,196,0,0,58
2026-07-14,P1007,WH-EAST,196,0,0,58
2026-07-15,P1007,WH-EAST,195,1,0,58
2026-07-16,P1007,WH-EAST,194,1,0,58
2026-07-17,P1007,WH-EAST,194,0,0,58
2026-07-18,P1007,WH-EAST,193,1,0,58
2026-07-19,P1007,WH-EAST,192,1,0,58
2026-07-20,P1007,WH-EAST,192,0,0,58
2026-07-21,P1007,WH-EAST,191,1,0,58
2026-07-22,P1007,WH-EAST,189,2,0,58
2026-07-23,P1007,WH-EAST,186,3,0,58
2026-07-24,P1007,WH-EAST,185,1,0,58
2026-07-25,P1007,WH-EAST,182,3,0,58
2026-07-26,P1007,WH-EAST,180,2,0,58
2026-07-27,P1007,WH-EAST,179,1,0,58
2026-07-28,P1007,WH-EAST,176,3,0,58
2026-07-29,P1007,WH-EAST,176,0,0,58
2026-07-30,P1007,WH-EAST,175,1,0,58
2026-07-31,P1007,WH-EAST,172,3,0,58
2026-08-01,P1007,WH-EAST,171,1,0,58
2026-08-02,P1007,WH-EAST,168,3,0,58
2026-08-03,P1007,WH-EAST,168,0,0,58
2026-08-04,P1007,WH-EAST,167,1,0,58
2026-08-05,P1007,WH-EAST,162,5,0,58
2026-08-06,P1007,WH-EAST,159,3,0,58
2026-08-07,P1007,WH-EAST,155,4,0,58
2026-08-08,P1007,WH-EAST,151,4,0,58
2026-08-09,P1007,WH-EAST,148,3,0,58
2026-08-10,P1007,WH-EAST,144,4,0,58
2026-08-11,P1007,WH-EAST,142,2,0,58
2026-08-12,P1007,WH-EAST,140,2,0,58
2026-08-13,P1007,WH-EAST,140,0,0,58
2025-08-15,P1008,WH-WEST,58,11,0,23
2025-08-16,P1008,WH-WEST,55,3,0,23
2025-08-17,P1008,WH-WEST,47,8,0,23
2025-08-18,P1008,WH-WEST,41,6,0,23
2025-08-19,P1008,WH-WEST,35,6,0,23
2025-08-20,P1008,WH-WEST,31,4,0,23
2025-08-21,P1008,WH-WEST,24,7,0,23
2025-08-22,P1008,WH-WEST,90,13,79,23
2025-08-23,P1008,WH-WEST,85,5,0,23
2025-08-24,P1008,WH-WEST,77,8,0,23
2025-08-25,P1008,WH-WEST,72,5,0,23
2025-08-26,P1008,WH-WEST,63,9,0,23
2025-08-27,P1008,WH-WEST,57,6,0,23
2025-08-28,P1008,WH-WEST,50,7,0,23
2025-08-29,P1008,WH-WEST,44,6,0,23
2025-08-30,P1008,WH-WEST,33,11,0,23
2025-08-31,P1008,WH-WEST,25,8,0,23
2025-09-01,P1008,WH-WEST,96,8,79,23
2025-09-02,P1008,WH-WEST,88,8,0,23
2025-09-03,P1008,WH-WEST,83,5,0,23
2025-09-04,P1008,WH-WEST,76,7,0,23
2025-09-05,P1008,WH-WEST,69,7,0,23
2025-09-06,P1008,WH-WEST,61,8,0,23
2025-09-07,P1008,WH-WEST,54,7,0,23
2025-09-08,P1008,WH-WEST,52,2,0,23
2025-09-09,P1008,WH-WEST,44,8,0,23
2025-09-10,P1008,WH-WEST,35,9,0,23
2025-09-11,P1008,WH-WEST,31,4,0,23
2025-09-12,P1008,WH-WEST,24,7,0,23
2025-09-13,P1008,WH-WEST,96,7,79,23
2025-09-14,P1008,WH-WEST,92,4,0,23
2025-09-15,P1008,WH-WEST,85,7,0,23
2025-09-16,P1008,WH-WEST,75,10,0,23
2025-09-17,P1008,WH-WEST,69,6,0,23
2025-09-18,P1008,WH-WEST,63,6,0,23
2025-09-19,P1008,WH-WEST,55,8,0,23
2025-09-20,P1008,WH-WEST,42,13,0,23
2025-09-21,P1008,WH-WEST,35,7,0,23
2025-09-22,P1008,WH-WEST,30,5,0,23
2025-09-23,P1008,WH-WEST,101,8,79,23
2025-09-24,P1008,WH-WEST,95,6,0,23
2025-09-25,P1008,WH-WEST,82,13,0,23
2025-09-26,P1008,WH-WEST,75,7,0,23
2025-09-27,P1008,WH-WEST,67,8,0,23
2025-09-28,P1008,WH-WEST,58,9,0,23
2025-09-29,P1008,WH-WEST,52,6,0,23
2025-09-30,P1008,WH-WEST,45,7,0,23
2025-10-01,P1008,WH-WEST,38,7,0,23
2025-10-02,P1008,WH-WEST,29,9,0,23
2025-10-03,P1008,WH-WEST,96,12,79,23
2025-10-04,P1008,WH-WEST,81,15,0,23
2025-10-05,P1008,WH-WEST,71,10,0,23
2025-10-06,P1008,WH-WEST,53,18,0,23
2025-10-07,P1008,WH-WEST,48,5,0,23
2025-10-08,P1008,WH-WEST,38,10,0,23
2025-10-09,P1008,WH-WEST,102,15,79,23
2025-10-10,P1008,WH-WEST,92,10,0,23
2025-10-11,P1008,WH-WEST,80,12,0,23
2025-10-12,P1008,WH-WEST,69,11,0,23
2025-10-13,P1008,WH-WEST,66,3,0,23
2025-10-14,P1008,WH-WEST,62,4,0,23
2025-10-15,P1008,WH-WEST,58,4,0,23
2025-10-16,P1008,WH-WEST,47,11,0,23
2025-10-17,P1008,WH-WEST,34,13,0,23
2025-10-18,P1008,WH-WEST,99,14,79,23
2025-10-19,P1008,WH-WEST,89,10,0,23
2025-10-20,P1008,WH-WEST,80,9,0,23
2025-10-21,P1008,WH-WEST,66,14,0,23
2025-10-22,P1008,WH-WEST,59,7,0,23
2025-10-23,P1008,WH-WEST,54,5,0,23
2025-10-24,P1008,WH-WEST,41,13,0,23
2025-10-25,P1008,WH-WEST,29,12,0,23
2025-10-26,P1008,WH-WEST,93,15,79,23
2025-10-27,P1008,WH-WEST,87,6,0,23
2025-10-28,P1008,WH-WEST,76,11,0,23
2025-10-29,P1008,WH-WEST,71,5,0,23
2025-10-30,P1008,WH-WEST,67,4,0,23
2025-10-31,P1008,WH-WEST,62,5,0,23
2025-11-01,P1008,WH-WEST,51,11,0,23
2025-11-02,P1008,WH-WEST,44,7,0,23
2025-11-03,P1008,WH-WEST,35,9,0,23
2025-11-04,P1008,WH-WEST,27,8,0,23
2025-11-05,P1008,WH-WEST,97,9,79,23
2025-11-06,P1008,WH-WEST,88,9,0,23
2025-11-07,P1008,WH-WEST,77,11,0,23
2025-11-08,P1008,WH-WEST,62,15,0,23
2025-11-09,P1008,WH-WEST,48,14,0,23
2025-11-10,P1008,WH-WEST,41,7,0,23
2025-11-11,P1008,WH-WEST,28,13,0,23
2025-11-12,P1008,WH-WEST,96,11,79,23
2025-11-13,P1008,WH-WEST,93,3,0,23
2025-11-14,P1008,WH-WEST,84,9,0,23
2025-11-15,P1008,WH-WEST,68,16,0,23
2025-11-16,P1008,WH-WEST,54,14,0,23
2025-11-17,P1008,WH-WEST,46,8,0,23
2025-11-18,P1008,WH-WEST,39,7,0,23
2025-11-19,P1008,WH-WEST,30,9,0,23
2025-11-20,P1008,WH-WEST,95,14,79,23
2025-11-21,P1008,WH-WEST,91,4,0,23
2025-11-22,P1008,WH-WEST,76,15,0,23
2025-11-23,P1008,WH-WEST,63,13,0,23
2025-11-24,P1008,WH-WEST,55,8,0,23
2025-11-25,P1008,WH-WEST,48,7,0,23
2025-11-26,P1008,WH-WEST,40,8,0,23
2025-11-27,P1008,WH-WEST,25,15,0,23
2025-11-28,P1008,WH-WEST,93,11,79,23
2025-11-29,P1008,WH-WEST,85,8,0,23
2025-11-30,P1008,WH-WEST,70,15,0,23
2025-12-01,P1008,WH-WEST,57,13,0,23
2025-12-02,P1008,WH-WEST,49,8,0,23
2025-12-03,P1008,WH-WEST,43,6,0,23
2025-12-04,P1008,WH-WEST,32,11,0,23
2025-12-05,P1008,WH-WEST,99,12,79,23
2025-12-06,P1008,WH-WEST,82,17,0,23
2025-12-07,P1008,WH-WEST,68,14,0,23
2025-12-08,P1008,WH-WEST,60,8,0,23
2025-12-09,P1008,WH-WEST,51,9,0,23
2025-12-10,P1008,WH-WEST,45,6,0,23
2025-12-11,P1008,WH-WEST,34,11,0,23
2025-12-12,P1008,WH-WEST,100,13,79,23
2025-12-13,P1008,WH-WEST,82,18,0,23
2025-12-14,P1008,WH-WEST,67,15,0,23
2025-12-15,P1008,WH-WEST,53,14,0,23
2025-12-16,P1008,WH-WEST,35,18,0,23
2025-12-17,P1008,WH-WEST,102,12,79,23
2025-12-18,P1008,WH-WEST,91,11,0,23
2025-12-19,P1008,WH-WEST,81,10,0,23
2025-12-20,P1008,WH-WEST,65,16,0,23
2025-12-21,P1008,WH-WEST,52,13,0,23
2025-12-22,P1008,WH-WEST,45,7,0,23
2025-12-23,P1008,WH-WEST,31,14,0,23
2025-12-24,P1008,WH-WEST,29,2,0,23
2025-12-25,P1008,WH-WEST,102,6,79,23
2025-12-26,P1008,WH-WEST,97,5,0,23
2025-12-27,P1008,WH-WEST,87,10,0,23
2025-12-28,P1008,WH-WEST,74,13,0,23
2025-12-29,P1008,WH-WEST,61,13,0,23
2025-12-30,P1008,WH-WEST,43,18,0,23
2025-12-31,P1008,WH-WEST,34,9,0,23
2026-01-01,P1008,WH-WEST,30,4,0,23
2026-01-02,P1008,WH-WEST,94,15,79,23
2026-01-03,P1008,WH-WEST,75,19,0,23
2026-01-04,P1008,WH-WEST,62,13,0,23
2026-01-05,P1008,WH-WEST,52,10,0,23
2026-01-06,P1008,WH-WEST,46,6,0,23
2026-01-07,P1008,WH-WEST,41,5,0,23
2026-01-08,P1008,WH-WEST,34,7,0,23
2026-01-09,P1008,WH-WEST,102,11,79,23
2026-01-10,P1008,WH-WEST,88,14,0,23
2026-01-11,P1008,WH-WEST,81,7,0,23
2026-01-12,P1008,WH-WEST,73,8,0,23
2026-01-13,P1008,WH-WEST,61,12,0,23
2026-01-14,P1008,WH-WEST,52,9,0,23
2026-01-15,P1008,WH-WEST,44,8,0,23
2026-01-16,P1008,WH-WEST,34,10,0,23
2026-01-17,P1008,WH-WEST,24,10,0,23
2026-01-18,P1008,WH-WEST,96,7,79,23
2026-01-19,P1008,WH-WEST,92,4,0,23
2026-01-20,P1008,WH-WEST,83,9,0,23
2026-01-21,P1008,WH-WEST,75,8,0,23
2026-01-22,P1008,WH-WEST,70,5,0,23
2026-01-23,P1008,WH-WEST,65,5,0,23
2026-01-24,P1008,WH-WEST,54,11,0,23
2026-01-25,P1008,WH-WEST,47,7,0,23
2026-01-26,P1008,WH-WEST,43,4,0,23
2026-01-27,P1008,WH-WEST,36,7,0,23
2026-01-28,P1008,WH-WEST,33,3,0,23
2026-01-29,P1008,WH-WEST,25,8,0,23
2026-01-30,P1008,WH-WEST,98,6,79,23
2026-01-31,P1008,WH-WEST,89,9,0,23
2026-02-01,P1008,WH-WEST,76,13,0,23
2026-02-02,P1008,WH-WEST,69,7,0,23
2026-02-03,P1008,WH-WEST,63,6,0,23
2026-02-04,P1008,WH-WEST,53,10,0,23
2026-02-05,P1008,WH-WEST,46,7,0,23
2026-02-06,P1008,WH-WEST,38,8,0,23
2026-02-07,P1008,WH-WEST,26,12,0,23
2026-02-08,P1008,WH-WEST,94,11,79,23
2026-02-09,P1008,WH-WEST,88,6,0,23
2026-02-10,P1008,WH-WEST,75,13,0,23
2026-02-11,P1008,WH-WEST,65,10,0,23
2026-02-12,P1008,WH-WEST,58,7,0,23
2026-02-13,P1008,WH-WEST,51,7,0,23
2026-02-14,P1008,WH-WEST,46,5,0,23
2026-02-15,P1008,WH-WEST,30,16,0,23
2026-02-16,P1008,WH-WEST,102,7,79,23
2026-02-17,P1008,WH-WEST,88,14,0,23
2026-02-18,P1008,WH-WEST,84,4,0,23
2026-02-19,P1008,WH-WEST,74,10,0,23
2026-02-20,P1008,WH-WEST,66,8,0,23
2026-02-21,P1008,WH-WEST,56,10,0,23
2026-02-22,P1008,WH-WEST,47,9,0,23
2026-02-23,P1008,WH-WEST,39,8,0,23
2026-02-24,P1008,WH-WEST,28,11,0,23
2026-02-25,P1008,WH-WEST,24,4,0,23
2026-02-26,P1008,WH-WEST,98,5,79,23
2026-02-27,P1008,WH-WEST,90,8,0,23
2026-02-28,P1008,WH-WEST,81,9,0,23
2026-03-01,P1008,WH-WEST,70,11,0,23
2026-03-02,P1008,WH-WEST,57,13,0,23
2026-03-03,P1008,WH-WEST,45,12,0,23
2026-03-04,P1008,WH-WEST,37,8,0,23
2026-03-05,P1008,WH-WEST,33,4,0,23
2026-03-06,P1008,WH-WEST,98,14,79,23
2026-03-07,P1008,WH-WEST,92,6,0,23
2026-03-08,P1008,WH-WEST,81,11,0,23
2026-03-09,P1008,WH-WEST,78,3,0,23
2026-03-10,P1008,WH-WEST,69,9,0,23
2026-03-11,P1008,WH-WEST,57,12,0,23
2026-03-12,P1008,WH-WEST,48,9,0,23
2026-03-13,P1008,WH-WEST,42,6,0,23
2026-03-14,P1008,WH-WEST,32,10,0,23
2026-03-15,P1008,WH-WEST,102,9,79,23
2026-03-16,P1008,WH-WEST,95,7,0,23
2026-03-17,P1008,WH-WEST,88,7,0,23
2026-03-18,P1008,WH-WEST,86,2,0,23
2026-03-19,P1008,WH-WEST,77,9,0,23
2026-03-20,P1008,WH-WEST,73,4,0,23
2026-03-21,P1008,WH-WEST,64,9,0,23
2026-03-22,P1008,WH-WEST,51,13,0,23
2026-03-23,P1008,WH-WEST,50,1,0,23
2026-03-24,P1008,WH-WEST,40,10,0,23
2026-03-25,P1008,WH-WEST,28,12,0,23
2026-03-26,P1008,WH-WEST,101,6,79,23
2026-03-27,P1008,WH-WEST,95,6,0,23
2026-03-28,P1008,WH-WEST,87,8,0,23
2026-03-29,P1008,WH-WEST,80,7,0,23
2026-03-30,P1008,WH-WEST,72,8,0,23
2026-03-31,P1008,WH-WEST,66,6,0,23
2026-04-01,P1008,WH-WEST,59,7,0,23
2026-04-02,P1008,WH-WEST,53,6,0,23
2026-04-03,P1008,WH-WEST,45,8,0,23
2026-04-04,P1008,WH-WEST,34,11,0,23
2026-04-05,P1008,WH-WEST,24,10,0,23
2026-04-06,P1008,WH-WEST,95,8,79,23
2026-04-07,P1008,WH-WEST,89,6,0,23
2026-04-08,P1008,WH-WEST,83,6,0,23
2026-04-09,P1008,WH-WEST,75,8,0,23
2026-04-10,P1008,WH-WEST,71,4,0,23
2026-04-11,P1008,WH-WEST,61,10,0,23
2026-04-12,P1008,WH-WEST,53,8,0,23
2026-04-13,P1008,WH-WEST,47,6,0,23
2026-04-14,P1008,WH-WEST,44,3,0,23
2026-04-15,P1008,WH-WEST,40,4,0,23
2026-04-16,P1008,WH-WEST,35,5,0,23
2026-04-17,P1008,WH-WEST,25,10,0,23
2026-04-18,P1008,WH-WEST,92,12,79,23
2026-04-19,P1008,WH-WEST,80,12,0,23
2026-04-20,P1008,WH-WEST,72,8,0,23
2026-04-21,P1008,WH-WEST,67,5,0,23
2026-04-22,P1008,WH-WEST,62,5,0,23
2026-04-23,P1008,WH-WEST,55,7,0,23
2026-04-24,P1008,WH-WEST,49,6,0,23
2026-04-25,P1008,WH-WEST,37,12,0,23
2026-04-26,P1008,WH-WEST,25,12,0,23
2026-04-27,P1008,WH-WEST,96,8,79,23
2026-04-28,P1008,WH-WEST,95,1,0,23
2026-04-29,P1008,WH-WEST,91,4,0,23
2026-04-30,P1008,WH-WEST,85,6,0,23
2026-05-01,P1008,WH-WEST,77,8,0,23
2026-05-02,P1008,WH-WEST,72,5,0,23
2026-05-03,P1008,WH-WEST,62,10,0,23
2026-05-04,P1008,WH-WEST,58,4,0,23
2026-05-05,P1008,WH-WEST,55,3,0,23
2026-05-06,P1008,WH-WEST,48,7,0,23
2026-05-07,P1008,WH-WEST,44,4,0,23
2026-05-08,P1008,WH-WEST,38,6,0,23
2026-05-09,P1008,WH-WEST,26,12,0,23
2026-05-10,P1008,WH-WEST,92,13,79,23
2026-05-11,P1008,WH-WEST,84,8,0,23
2026-05-12,P1008,WH-WEST,74,10,0,23
2026-05-13,P1008,WH-WEST,68,6,0,23
2026-05-14,P1008,WH-WEST,61,7,0,23
2026-05-15,P1008,WH-WEST,57,4,0,23
2026-05-16,P1008,WH-WEST,48,9,0,23
2026-05-17,P1008,WH-WEST,39,9,0,23
2026-05-18,P1008,WH-WEST,35,4,0,23
2026-05-19,P1008,WH-WEST,30,5,0,23
2026-05-20,P1008,WH-WEST,26,4,0,23
2026-05-21,P1008,WH-WEST,100,5,79,23
2026-05-22,P1008,WH-WEST,93,7,0,23
2026-05-23,P1008,WH-WEST,80,13,0,23
2026-05-24,P1008,WH-WEST,69,11,0,23
2026-05-25,P1008,WH-WEST,63,6,0,23
2026-05-26,P1008,WH-WEST,56,7,0,23
2026-05-27,P1008,WH-WEST,46,10,0,23
2026-05-28,P1008,WH-WEST,39,7,0,23
2026-05-29,P1008,WH-WEST,35,4,0,23
2026-05-30,P1008,WH-WEST,30,5,0,23
2026-05-31,P1008,WH-WEST,98,11,79,23
2026-06-01,P1008,WH-WEST,96,2,0,23
2026-06-02,P1008,WH-WEST,91,5,0,23
2026-06-03,P1008,WH-WEST,81,10,0,23
2026-06-04,P1008,WH-WEST,77,4,0,23
2026-06-05,P1008,WH-WEST,69,8,0,23
2026-06-06,P1008,WH-WEST,62,7,0,23
2026-06-07,P1008,WH-WEST,52,10,0,23
2026-06-08,P1008,WH-WEST,49,3,0,23
2026-06-09,P1008,WH-WEST,38,11,0,23
2026-06-10,P1008,WH-WEST,31,7,0,23
2026-06-11,P1008,WH-WEST,100,10,79,23
2026-06-12,P1008,WH-WEST,93,7,0,23
2026-06-13,P1008,WH-WEST,83,10,0,23
2026-06-14,P1008,WH-WEST,73,10,0,23
2026-06-15,P1008,WH-WEST,63,10,0,23
2026-06-16,P1008,WH-WEST,56,7,0,23
2026-06-17,P1008,WH-WEST,51,5,0,23
2026-06-18,P1008,WH-WEST,46,5,0,23
2026-06-19,P1008,WH-WEST,38,8,0,23
2026-06-20,P1008,WH-WEST,27,11,0,23
2026-06-21,P1008,WH-WEST,96,10,79,23
2026-06-22,P1008,WH-WEST,86,10,0,23
2026-06-23,P1008,WH-WEST,82,4,0,23
2026-06-24,P1008,WH-WEST,74,8,0,23
2026-06-25,P1008,WH-WEST,65,9,0,23
2026-06-26,P1008,WH-WEST,62,3,0,23
2026-06-27,P1008,WH-WEST,57,5,0,23
2026-06-28,P1008,WH-WEST,46,11,0,23
2026-06-29,P1008,WH-WEST,34,12,0,23
2026-06-30,P1008,WH-WEST,102,11,79,23
2026-07-01,P1008,WH-WEST,96,6,0,23
2026-07-02,P1008,WH-WEST,92,4,0,23
2026-07-03,P1008,WH-WEST,83,9,0,23
2026-07-04,P1008,WH-WEST,71,12,0,23
2026-07-05,P1008,WH-WEST,60,11,0,23
2026-07-06,P1008,WH-WEST,55,5,0,23
2026-07-07,P1008,WH-WEST,49,6,0,23
2026-07-08,P1008,WH-WEST,39,10,0,23
2026-07-09,P1008,WH-WEST,32,7,0,23
2026-07-10,P1008,WH-WEST,26,6,0,23
2026-07-11,P1008,WH-WEST,95,10,79,23
2026-07-12,P1008,WH-WEST,88,7,0,23
2026-07-13,P1008,WH-WEST,76,12,0,23
2026-07-14,P1008,WH-WEST,66,10,0,23
2026-07-15,P1008,WH-WEST,62,4,0,23
2026-07-16,P1008,WH-WEST,56,6,0,23
2026-07-17,P1008,WH-WEST,48,8,0,23
2026-07-18,P1008,WH-WEST,41,7,0,23
2026-07-19,P1008,WH-WEST,26,15,0,23
2026-07-20,P1008,WH-WEST,99,6,79,23
2026-07-21,P1008,WH-WEST,86,13,0,23
2026-07-22,P1008,WH-WEST,74,12,0,23
2026-07-23,P1008,WH-WEST,67,7,0,23
2026-07-24,P1008,WH-WEST,55,12,0,23
2026-07-25,P1008,WH-WEST,36,19,0,23
2026-07-26,P1008,WH-WEST,102,13,79,23
2026-07-27,P1008,WH-WEST,95,7,0,23
2026-07-28,P1008,WH-WEST,91,4,0,23
2026-07-29,P1008,WH-WEST,83,8,0,23
2026-07-30,P1008,WH-WEST,73,10,0,23
2026-07-31,P1008,WH-WEST,67,6,0,23
2026-08-01,P1008,WH-WEST,56,11,0,23
2026-08-02,P1008,WH-WEST,46,10,0,23
2026-08-03,P1008,WH-WEST,29,17,0,23
2026-08-04,P1008,WH-WEST,98,10,79,23
2026-08-05,P1008,WH-WEST,87,11,0,23
2026-08-06,P1008,WH-WEST,79,8,0,23
2026-08-07,P1008,WH-WEST,65,14,0,23
2026-08-08,P1008,WH-WEST,51,14,0,23
2026-08-09,P1008,WH-WEST,38,13,0,23
2026-08-10,P1008,WH-WEST,30,8,0,23
2026-08-11,P1008,WH-WEST,98,11,79,23
2026-08-12,P1008,WH-WEST,84,14,0,23
2026-08-13,P1008,WH-WEST,76,8,0,23
2025-08-15,P1009,WH-WEST,93,1,0,28
2025-08-16,P1009,WH-WEST,93,0,0,28
2025-08-17,P1009,WH-WEST,90,3,0,28
2025-08-18,P1009,WH-WEST,89,1,0,28
2025-08-19,P1009,WH-WEST,85,4,0,28
2025-08-20,P1009,WH-WEST,84,1,0,28
2025-08-21,P1009,WH-WEST,83,1,0,28
2025-08-22,P1009,WH-WEST,78,5,0,28
2025-08-23,P1009,WH-WEST,77,1,0,28
2025-08-24,P1009,WH-WEST,77,0,0,28
2025-08-25,P1009,WH-WEST,74,3,0,28
2025-08-26,P1009,WH-WEST,72,2,0,28
2025-08-27,P1009,WH-WEST,70,2,0,28
2025-08-28,P1009,WH-WEST,65,5,0,28
2025-08-29,P1009,WH-WEST,64,1,0,28
2025-08-30,P1009,WH-WEST,61,3,0,28
2025-08-31,P1009,WH-WEST,57,4,0,28
2025-09-01,P1009,WH-WEST,56,1,0,28
2025-09-02,P1009,WH-WEST,54,2,0,28
2025-09-03,P1009,WH-WEST,53,1,0,28
2025-09-04,P1009,WH-WEST,53,0,0,28
2025-09-05,P1009,WH-WEST,52,1,0,28
2025-09-06,P1009,WH-WEST,51,1,0,28
2025-09-07,P1009,WH-WEST,46,5,0,28
2025-09-08,P1009,WH-WEST,44,2,0,28
2025-09-09,P1009,WH-WEST,41,3,0,28
2025-09-10,P1009,WH-WEST,39,2,0,28
2025-09-11,P1009,WH-WEST,36,3,0,28
2025-09-12,P1009,WH-WEST,34,2,0,28
2025-09-13,P1009,WH-WEST,33,1,0,28
2025-09-14,P1009,WH-WEST,32,1,0,28
2025-09-15,P1009,WH-WEST,112,5,85,28
2025-09-16,P1009,WH-WEST,110,2,0,28
2025-09-17,P1009,WH-WEST,103,7,0,28
2025-09-18,P1009,WH-WEST,101,2,0,28
2025-09-19,P1009,WH-WEST,99,2,0,28
2025-09-20,P1009,WH-WEST,95,4,0,28
2025-09-21,P1009,WH-WEST,93,2,0,28
2025-09-22,P1009,WH-WEST,91,2,0,28
2025-09-23,P1009,WH-WEST,90,1,0,28
2025-09-24,P1009,WH-WEST,89,1,0,28
2025-09-25,P1009,WH-WEST,86,3,0,28
2025-09-26,P1009,WH-WEST,85,1,0,28
2025-09-27,P1009,WH-WEST,83,2,0,28
2025-09-28,P1009,WH-WEST,79,4,0,28
2025-09-29,P1009,WH-WEST,77,2,0,28
2025-09-30,P1009,WH-WEST,76,1,0,28
2025-10-01,P1009,WH-WEST,75,1,0,28
2025-10-02,P1009,WH-WEST,73,2,0,28
2025-10-03,P1009,WH-WEST,70,3,0,28
2025-10-04,P1009,WH-WEST,66,4,0,28
2025-10-05,P1009,WH-WEST,64,2,0,28
2025-10-06,P1009,WH-WEST,63,1,0,28
2025-10-07,P1009,WH-WEST,61,2,0,28
2025-10-08,P1009,WH-WEST,56,5,0,28
2025-10-09,P1009,WH-WEST,55,1,0,28
2025-10-10,P1009,WH-WEST,54,1,0,28
2025-10-11,P1009,WH-WEST,49,5,0,28
2025-10-12,P1009,WH-WEST,47,2,0,28
2025-10-13,P1009,WH-WEST,45,2,0,28
2025-10-14,P1009,WH-WEST,44,1,0,28
2025-10-15,P1009,WH-WEST,44,0,0,28
2025-10-16,P1009,WH-WEST,44,0,0,28
2025-10-17,P1009,WH-WEST,43,1,0,28
2025-10-18,P1009,WH-WEST,42,1,0,28
2025-10-19,P1009,WH-WEST,38,4,0,28
2025-10-20,P1009,WH-WEST,33,5,0,28
2025-10-21,P1009,WH-WEST,31,2,0,28
2025-10-22,P1009,WH-WEST,31,0,0,28
2025-10-23,P1009,WH-WEST,113,3,85,28
2025-10-24,P1009,WH-WEST,112,1,0,28
2025-10-25,P1009,WH-WEST,110,2,0,28
2025-10-26,P1009,WH-WEST,109,1,0,28
2025-10-27,P1009,WH-WEST,109,0,0,28
2025-10-28,P1009,WH-WEST,109,0,0,28
2025-10-29,P1009,WH-WEST,108,1,0,28
2025-10-30,P1009,WH-WEST,106,2,0,28
2025-10-31,P1009,WH-WEST,102,4,0,28
2025-11-01,P1009,WH-WEST,99,3,0,28
2025-11-02,P1009,WH-WEST,97,2,0,28
2025-11-03,P1009,WH-WEST,96,1,0,28
2025-11-04,P1009,WH-WEST,95,1,0,28
2025-11-05,P1009,WH-WEST,92,3,0,28
2025-11-06,P1009,WH-WEST,88,4,0,28
2025-11-07,P1009,WH-WEST,87,1,0,28
2025-11-08,P1009,WH-WEST,85,2,0,28
2025-11-09,P1009,WH-WEST,85,0,0,28
2025-11-10,P1009,WH-WEST,84,1,0,28
2025-11-11,P1009,WH-WEST,82,2,0,28
2025-11-12,P1009,WH-WEST,79,3,0,28
2025-11-13,P1009,WH-WEST,77,2,0,28
2025-11-14,P1009,WH-WEST,76,1,0,28
2025-11-15,P1009,WH-WEST,75,1,0,28
2025-11-16,P1009,WH-WEST,74,1,0,28
2025-11-17,P1009,WH-WEST,74,0,0,28
2025-11-18,P1009,WH-WEST,72,2,0,28
2025-11-19,P1009,WH-WEST,69,3,0,28
2025-11-20,P1009,WH-WEST,67,2,0,28
2025-11-21,P1009,WH-WEST,64,3,0,28
2025-11-22,P1009,WH-WEST,62,2,0,28
2025-11-23,P1009,WH-WEST,58,4,0,28
2025-11-24,P1009,WH-WEST,53,5,0,28
2025-11-25,P1009,WH-WEST,50,3,0,28
2025-11-26,P1009,WH-WEST,50,0,0,28
2025-11-27,P1009,WH-WEST,48,2,0,28
2025-11-28,P1009,WH-WEST,46,2,0,28
2025-11-29,P1009,WH-WEST,46,0,0,28
2025-11-30,P1009,WH-WEST,43,3,0,28
2025-12-01,P1009,WH-WEST,39,4,0,28
2025-12-02,P1009,WH-WEST,38,1,0,28
2025-12-03,P1009,WH-WEST,38,0,0,28
2025-12-04,P1009,WH-WEST,37,1,0,28
2025-12-05,P1009,WH-WEST,36,1,0,28
2025-12-06,P1009,WH-WEST,34,2,0,28
2025-12-07,P1009,WH-WEST,31,3,0,28
2025-12-08,P1009,WH-WEST,113,3,85,28
2025-12-09,P1009,WH-WEST,111,2,0,28
2025-12-10,P1009,WH-WEST,110,1,0,28
2025-12-11,P1009,WH-WEST,108,2,0,28
2025-12-12,P1009,WH-WEST,105,3,0,28
2025-12-13,P1009,WH-WEST,103,2,0,28
2025-12-14,P1009,WH-WEST,101,2,0,28
2025-12-15,P1009,WH-WEST,99,2,0,28
2025-12-16,P1009,WH-WEST,96,3,0,28
2025-12-17,P1009,WH-WEST,96,0,0,28
2025-12-18,P1009,WH-WEST,96,0,0,28
2025-12-19,P1009,WH-WEST,90,6,0,28
2025-12-20,P1009,WH-WEST,89,1,0,28
2025-12-21,P1009,WH-WEST,88,1,0,28
2025-12-22,P1009,WH-WEST,85,3,0,28
2025-12-23,P1009,WH-WEST,81,4,0,28
2025-12-24,P1009,WH-WEST,77,4,0,28
2025-12-25,P1009,WH-WEST,76,1,0,28
2025-12-26,P1009,WH-WEST,74,2,0,28
2025-12-27,P1009,WH-WEST,70,4,0,28
2025-12-28,P1009,WH-WEST,68,2,0,28
2025-12-29,P1009,WH-WEST,66,2,0,28
2025-12-30,P1009,WH-WEST,64,2,0,28
2025-12-31,P1009,WH-WEST,63,1,0,28
2026-01-01,P1009,WH-WEST,61,2,0,28
2026-01-02,P1009,WH-WEST,60,1,0,28
2026-01-03,P1009,WH-WEST,58,2,0,28
2026-01-04,P1009,WH-WEST,56,2,0,28
2026-01-05,P1009,WH-WEST,56,0,0,28
2026-01-06,P1009,WH-WEST,54,2,0,28
2026-01-07,P1009,WH-WEST,54,0,0,28
2026-01-08,P1009,WH-WEST,53,1,0,28
2026-01-09,P1009,WH-WEST,53,0,0,28
2026-01-10,P1009,WH-WEST,50,3,0,28
2026-01-11,P1009,WH-WEST,50,0,0,28
2026-01-12,P1009,WH-WEST,46,4,0,28
2026-01-13,P1009,WH-WEST,42,4,0,28
2026-01-14,P1009,WH-WEST,39,3,0,28
2026-01-15,P1009,WH-WEST,38,1,0,28
2026-01-16,P1009,WH-WEST,38,0,0,28
2026-01-17,P1009,WH-WEST,36,2,0,28
2026-01-18,P1009,WH-WEST,35,1,0,28
2026-01-19,P1009,WH-WEST,34,1,0,28
2026-01-20,P1009,WH-WEST,31,3,0,28
2026-01-21,P1009,WH-WEST,30,1,0,28
2026-01-22,P1009,WH-WEST,113,2,85,28
2026-01-23,P1009,WH-WEST,113,0,0,28
2026-01-24,P1009,WH-WEST,110,3,0,28
2026-01-25,P1009,WH-WEST,110,0,0,28
2026-01-26,P1009,WH-WEST,106,4,0,28
2026-01-27,P1009,WH-WEST,105,1,0,28
2026-01-28,P1009,WH-WEST,101,4,0,28
2026-01-29,P1009,WH-WEST,100,1,0,28
2026-01-30,P1009,WH-WEST,100,0,0,28
2026-01-31,P1009,WH-WEST,98,2,0,28
2026-02-01,P1009,WH-WEST,98,0,0,28
2026-02-02,P1009,WH-WEST,95,3,0,28
2026-02-03,P1009,WH-WEST,94,1,0,28
2026-02-04,P1009,WH-WEST,93,1,0,28
2026-02-05,P1009,WH-WEST,89,4,0,28
2026-02-06,P1009,WH-WEST,89,0,0,28
2026-02-07,P1009,WH-WEST,83,6,0,28
2026-02-08,P1009,WH-WEST,81,2,0,28
2026-02-09,P1009,WH-WEST,80,1,0,28
2026-02-10,P1009,WH-WEST,78,2,0,28
2026-02-11,P1009,WH-WEST,77,1,0,28
2026-02-12,P1009,WH-WEST,77,0,0,28
2026-02-13,P1009,WH-WEST,75,2,0,28
2026-02-14,P1009,WH-WEST,75,0,0,28
2026-02-15,P1009,WH-WEST,75,0,0,28
2026-02-16,P1009,WH-WEST,74,1,0,28
2026-02-17,P1009,WH-WEST,74,0,0,28
2026-02-18,P1009,WH-WEST,74,0,0,28
2026-02-19,P1009,WH-WEST,73,1,0,28
2026-02-20,P1009,WH-WEST,72,1,0,28
2026-02-21,P1009,WH-WEST,71,1,0,28
2026-02-22,P1009,WH-WEST,70,1,0,28
2026-02-23,P1009,WH-WEST,69,1,0,28
2026-02-24,P1009,WH-WEST,65,4,0,28
2026-02-25,P1009,WH-WEST,61,4,0,28
2026-02-26,P1009,WH-WEST,60,1,0,28
2026-02-27,P1009,WH-WEST,59,1,0,28
2026-02-28,P1009,WH-WEST,57,2,0,28
2026-03-01,P1009,WH-WEST,57,0,0,28
2026-03-02,P1009,WH-WEST,56,1,0,28
2026-03-03,P1009,WH-WEST,54,2,0,28
2026-03-04,P1009,WH-WEST,53,1,0,28
2026-03-05,P1009,WH-WEST,52,1,0,28
2026-03-06,P1009,WH-WEST,50,2,0,28
2026-03-07,P1009,WH-WEST,50,0,0,28
2026-03-08,P1009,WH-WEST,48,2,0,28
2026-03-09,P1009,WH-WEST,48,0,0,28
2026-03-10,P1009,WH-WEST,48,0,0,28
2026-03-11,P1009,WH-WEST,46,2,0,28
2026-03-12,P1009,WH-WEST,45,1,0,28
2026-03-13,P1009,WH-WEST,39,6,0,28
2026-03-14,P1009,WH-WEST,37,2,0,28
2026-03-15,P1009,WH-WEST,34,3,0,28
2026-03-16,P1009,WH-WEST,32,2,0,28
2026-03-17,P1009,WH-WEST,31,1,0,28
2026-03-18,P1009,WH-WEST,31,0,0,28
2026-03-19,P1009,WH-WEST,31,0,0,28
2026-03-20,P1009,WH-WEST,30,1,0,28
2026-03-21,P1009,WH-WEST,112,3,85,28
2026-03-22,P1009,WH-WEST,107,5,0,28
2026-03-23,P1009,WH-WEST,107,0,0,28
2026-03-24,P1009,WH-WEST,107,0,0,28
2026-03-25,P1009,WH-WEST,107,0,0,28
2026-03-26,P1009,WH-WEST,107,0,0,28
2026-03-27,P1009,WH-WEST,106,1,0,28
2026-03-28,P1009,WH-WEST,105,1,0,28
2026-03-29,P1009,WH-WEST,105,0,0,28
2026-03-30,P1009,WH-WEST,103,2,0,28
2026-03-31,P1009,WH-WEST,102,1,0,28
2026-04-01,P1009,WH-WEST,101,1,0,28
2026-04-02,P1009,WH-WEST,101,0,0,28
2026-04-03,P1009,WH-WEST,100,1,0,28
2026-04-04,P1009,WH-WEST,99,1,0,28
2026-04-05,P1009,WH-WEST,99,0,0,28
2026-04-06,P1009,WH-WEST,98,1,0,28
2026-04-07,P1009,WH-WEST,96,2,0,28
2026-04-08,P1009,WH-WEST,95,1,0,28
2026-04-09,P1009,WH-WEST,94,1,0,28
2026-04-10,P1009,WH-WEST,94,0,0,28
2026-04-11,P1009,WH-WEST,92,2,0,28
2026-04-12,P1009,WH-WEST,90,2,0,28
2026-04-13,P1009,WH-WEST,89,1,0,28
2026-04-14,P1009,WH-WEST,88,1,0,28
2026-04-15,P1009,WH-WEST,87,1,0,28
2026-04-16,P1009,WH-WEST,87,0,0,28
2026-04-17,P1009,WH-WEST,84,3,0,28
2026-04-18,P1009,WH-WEST,84,0,0,28
2026-04-19,P1009,WH-WEST,81,3,0,28
2026-04-20,P1009,WH-WEST,80,1,0,28
2026-04-21,P1009,WH-WEST,78,2,0,28
2026-04-22,P1009,WH-WEST,78,0,0,28
2026-04-23,P1009,WH-WEST,77,1,0,28
2026-04-24,P1009,WH-WEST,76,1,0,28
2026-04-25,P1009,WH-WEST,75,1,0,28
2026-04-26,P1009,WH-WEST,73,2,0,28
2026-04-27,P1009,WH-WEST,71,2,0,28
2026-04-28,P1009,WH-WEST,68,3,0,28
2026-04-29,P1009,WH-WEST,68,0,0,28
2026-04-30,P1009,WH-WEST,67,1,0,28
2026-05-01,P1009,WH-WEST,67,0,0,28
2026-05-02,P1009,WH-WEST,66,1,0,28
2026-05-03,P1009,WH-WEST,64,2,0,28
2026-05-04,P1009,WH-WEST,64,0,0,28
2026-05-05,P1009,WH-WEST,64,0,0,28
2026-05-06,P1009,WH-WEST,64,0,0,28
2026-05-07,P1009,WH-WEST,62,2,0,28
2026-05-08,P1009,WH-WEST,62,0,0,28
2026-05-09,P1009,WH-WEST,60,2,0,28
2026-05-10,P1009,WH-WEST,58,2,0,28
2026-05-11,P1009,WH-WEST,54,4,0,28
2026-05-12,P1009,WH-WEST,52,2,0,28
2026-05-13,P1009,WH-WEST,52,0,0,28
2026-05-14,P1009,WH-WEST,50,2,0,28
2026-05-15,P1009,WH-WEST,50,0,0,28
2026-05-16,P1009,WH-WEST,46,4,0,28
2026-05-17,P1009,WH-WEST,44,2,0,28
2026-05-18,P1009,WH-WEST,43,1,0,28
2026-05-19,P1009,WH-WEST,40,3,0,28
2026-05-20,P1009,WH-WEST,39,1,0,28
2026-05-21,P1009,WH-WEST,38,1,0,28
2026-05-22,P1009,WH-WEST,38,0,0,28
2026-05-23,P1009,WH-WEST,38,0,0,28
2026-05-24,P1009,WH-WEST,38,0,0,28
2026-05-25,P1009,WH-WEST,38,0,0,28
2026-05-26,P1009,WH-WEST,38,0,0,28
2026-05-27,P1009,WH-WEST,38,0,0,28
2026-05-28,P1009,WH-WEST,38,0,0,28
2026-05-29,P1009,WH-WEST,38,0,0,28
2026-05-30,P1009,WH-WEST,37,1,0,28
2026-05-31,P1009,WH-WEST,36,1,0,28
2026-06-01,P1009,WH-WEST,34,2,0,28
2026-06-02,P1009,WH-WEST,33,1,0,28
2026-06-03,P1009,WH-WEST,33,0,0,28
2026-06-04,P1009,WH-WEST,31,2,0,28
2026-06-05,P1009,WH-WEST,31,0,0,28
2026-06-06,P1009,WH-WEST,30,1,0,28
2026-06-07,P1009,WH-WEST,112,3,85,28
2026-06-08,P1009,WH-WEST,111,1,0,28
2026-06-09,P1009,WH-WEST,110,1,0,28
2026-06-10,P1009,WH-WEST,108,2,0,28
2026-06-11,P1009,WH-WEST,107,1,0,28
2026-06-12,P1009,WH-WEST,106,1,0,28
2026-06-13,P1009,WH-WEST,105,1,0,28
2026-06-14,P1009,WH-WEST,104,1,0,28
2026-06-15,P1009,WH-WEST,103,1,0,28
2026-06-16,P1009,WH-WEST,101,2,0,28
2026-06-17,P1009,WH-WEST,100,1,0,28
2026-06-18,P1009,WH-WEST,98,2,0,28
2026-06-19,P1009,WH-WEST,98,0,0,28
2026-06-20,P1009,WH-WEST,95,3,0,28
2026-06-21,P1009,WH-WEST,92,3,0,28
2026-06-22,P1009,WH-WEST,89,3,0,28
2026-06-23,P1009,WH-WEST,89,0,0,28
2026-06-24,P1009,WH-WEST,85,4,0,28
2026-06-25,P1009,WH-WEST,85,0,0,28
2026-06-26,P1009,WH-WEST,85,0,0,28
2026-06-27,P1009,WH-WEST,84,1,0,28
2026-06-28,P1009,WH-WEST,82,2,0,28
2026-06-29,P1009,WH-WEST,82,0,0,28
2026-06-30,P1009,WH-WEST,81,1,0,28
2026-07-01,P1009,WH-WEST,81,0,0,28
2026-07-02,P1009,WH-WEST,80,1,0,28
2026-07-03,P1009,WH-WEST,77,3,0,28
2026-07-04,P1009,WH-WEST,77,0,0,28
2026-07-05,P1009,WH-WEST,75,2,0,28
2026-07-06,P1009,WH-WEST,74,1,0,28
2026-07-07,P1009,WH-WEST,73,1,0,28
2026-07-08,P1009,WH-WEST,72,1,0,28
2026-07-09,P1009,WH-WEST,71,1,0,28
2026-07-10,P1009,WH-WEST,71,0,0,28
2026-07-11,P1009,WH-WEST,69,2,0,28
2026-07-12,P1009,WH-WEST,67,2,0,28
2026-07-13,P1009,WH-WEST,64,3,0,28
2026-07-14,P1009,WH-WEST,60,4,0,28
2026-07-15,P1009,WH-WEST,57,3,0,28
2026-07-16,P1009,WH-WEST,57,0,0,28
2026-07-17,P1009,WH-WEST,54,3,0,28
2026-07-18,P1009,WH-WEST,52,2,0,28
2026-07-19,P1009,WH-WEST,48,4,0,28
2026-07-20,P1009,WH-WEST,47,1,0,28
2026-07-21,P1009,WH-WEST,46,1,0,28
2026-07-22,P1009,WH-WEST,44,2,0,28
2026-07-23,P1009,WH-WEST,42,2,0,28
2026-07-24,P1009,WH-WEST,41,1,0,28
2026-07-25,P1009,WH-WEST,38,3,0,28
2026-07-26,P1009,WH-WEST,37,1,0,28
2026-07-27,P1009,WH-WEST,35,2,0,28
2026-07-28,P1009,WH-WEST,30,5,0,28
2026-07-29,P1009,WH-WEST,29,1,0,28
2026-07-30,P1009,WH-WEST,112,2,85,28
2026-07-31,P1009,WH-WEST,111,1,0,28
2026-08-01,P1009,WH-WEST,110,1,0,28
2026-08-02,P1009,WH-WEST,107,3,0,28
2026-08-03,P1009,WH-WEST,103,4,0,28
2026-08-04,P1009,WH-WEST,102,1,0,28
2026-08-05,P1009,WH-WEST,100,2,0,28
2026-08-06,P1009,WH-WEST,100,0,0,28
2026-08-07,P1009,WH-WEST,100,0,0,28
2026-08-08,P1009,WH-WEST,100,0,0,28
2026-08-09,P1009,WH-WEST,99,1,0,28
2026-08-10,P1009,WH-WEST,98,1,0,28
2026-08-11,P1009,WH-WEST,97,1,0,28
2026-08-12,P1009,WH-WEST,94,3,0,28
2026-08-13,P1009,WH-WEST,93,1,0,28
2025-08-15,P1010,WH-CENTRAL,56,1,0,16
2025-08-16,P1010,WH-CENTRAL,55,1,0,16
2025-08-17,P1010,WH-CENTRAL,51,4,0,16
2025-08-18,P1010,WH-CENTRAL,48,3,0,16
2025-08-19,P1010,WH-CENTRAL,44,4,0,16
2025-08-20,P1010,WH-CENTRAL,41,3,0,16
2025-08-21,P1010,WH-CENTRAL,38,3,0,16
2025-08-22,P1010,WH-CENTRAL,36,2,0,16
2025-08-23,P1010,WH-CENTRAL,33,3,0,16
2025-08-24,P1010,WH-CENTRAL,23,10,0,16
2025-08-25,P1010,WH-CENTRAL,21,2,0,16
2025-08-26,P1010,WH-CENTRAL,17,4,0,16
2025-08-27,P1010,WH-CENTRAL,76,2,61,16
2025-08-28,P1010,WH-CENTRAL,73,3,0,16
2025-08-29,P1010,WH-CENTRAL,70,3,0,16
2025-08-30,P1010,WH-CENTRAL,62,8,0,16
2025-08-31,P1010,WH-CENTRAL,58,4,0,16
2025-09-01,P1010,WH-CENTRAL,55,3,0,16
2025-09-02,P1010,WH-CENTRAL,53,2,0,16
2025-09-03,P1010,WH-CENTRAL,52,1,0,16
2025-09-04,P1010,WH-CENTRAL,50,2,0,16
2025-09-05,P1010,WH-CENTRAL,47,3,0,16
2025-09-06,P1010,WH-CENTRAL,41,6,0,16
2025-09-07,P1010,WH-CENTRAL,37,4,0,16
2025-09-08,P1010,WH-CENTRAL,35,2,0,16
2025-09-09,P1010,WH-CENTRAL,32,3,0,16
2025-09-10,P1010,WH-CENTRAL,29,3,0,16
2025-09-11,P1010,WH-CENTRAL,25,4,0,16
2025-09-12,P1010,WH-CENTRAL,21,4,0,16
2025-09-13,P1010,WH-CENTRAL,77,5,61,16
2025-09-14,P1010,WH-CENTRAL,73,4,0,16
2025-09-15,P1010,WH-CENTRAL,69,4,0,16
2025-09-16,P1010,WH-CENTRAL,66,3,0,16
2025-09-17,P1010,WH-CENTRAL,65,1,0,16
2025-09-18,P1010,WH-CENTRAL,64,1,0,16
2025-09-19,P1010,WH-CENTRAL,63,1,0,16
2025-09-20,P1010,WH-CENTRAL,58,5,0,16
2025-09-21,P1010,WH-CENTRAL,51,7,0,16
2025-09-22,P1010,WH-CENTRAL,44,7,0,16
2025-09-23,P1010,WH-CENTRAL,36,8,0,16
2025-09-24,P1010,WH-CENTRAL,34,2,0,16
2025-09-25,P1010,WH-CENTRAL,30,4,0,16
2025-09-26,P1010,WH-CENTRAL,25,5,0,16
2025-09-27,P1010,WH-CENTRAL,19,6,0,16
2025-09-28,P1010,WH-CENTRAL,74,6,61,16
2025-09-29,P1010,WH-CENTRAL,71,3,0,16
2025-09-30,P1010,WH-CENTRAL,64,7,0,16
2025-10-01,P1010,WH-CENTRAL,59,5,0,16
2025-10-02,P1010,WH-CENTRAL,57,2,0,16
2025-10-03,P1010,WH-CENTRAL,52,5,0,16
2025-10-04,P1010,WH-CENTRAL,43,9,0,16
2025-10-05,P1010,WH-CENTRAL,35,8,0,16
2025-10-06,P1010,WH-CENTRAL,30,5,0,16
2025-10-07,P1010,WH-CENTRAL,26,4,0,16
2025-10-08,P1010,WH-CENTRAL,23,3,0,16
2025-10-09,P1010,WH-CENTRAL,22,1,0,16
2025-10-10,P1010,WH-CENTRAL,20,2,0,16
2025-10-11,P1010,WH-CENTRAL,76,5,61,16
2025-10-12,P1010,WH-CENTRAL,69,7,0,16
2025-10-13,P1010,WH-CENTRAL,68,1,0,16
2025-10-14,P1010,WH-CENTRAL,66,2,0,16
2025-10-15,P1010,WH-CENTRAL,61,5,0,16
2025-10-16,P1010,WH-CENTRAL,60,1,0,16
2025-10-17,P1010,WH-CENTRAL,54,6,0,16
2025-10-18,P1010,WH-CENTRAL,47,7,0,16
2025-10-19,P1010,WH-CENTRAL,35,12,0,16
2025-10-20,P1010,WH-CENTRAL,27,8,0,16
2025-10-21,P1010,WH-CENTRAL,23,4,0,16
2025-10-22,P1010,WH-CENTRAL,21,2,0,16
2025-10-23,P1010,WH-CENTRAL,74,8,61,16
2025-10-24,P1010,WH-CENTRAL,70,4,0,16
2025-10-25,P1010,WH-CENTRAL,62,8,0,16
2025-10-26,P1010,WH-CENTRAL,54,8,0,16
2025-10-27,P1010,WH-CENTRAL,51,3,0,16
2025-10-28,P1010,WH-CENTRAL,45,6,0,16
2025-10-29,P1010,WH-CENTRAL,42,3,0,16
2025-10-30,P1010,WH-CENTRAL,35,7,0,16
2025-10-31,P1010,WH-CENTRAL,29,6,0,16
2025-11-01,P1010,WH-CENTRAL,21,8,0,16
2025-11-02,P1010,WH-CENTRAL,76,6,61,16
2025-11-03,P1010,WH-CENTRAL,70,6,0,16
2025-11-04,P1010,WH-CENTRAL,66,4,0,16
2025-11-05,P1010,WH-CENTRAL,61,5,0,16
2025-11-06,P1010,WH-CENTRAL,50,11,0,16
2025-11-07,P1010,WH-CENTRAL,47,3,0,16
2025-11-08,P1010,WH-CENTRAL,40,7,0,16
2025-11-09,P1010,WH-CENTRAL,35,5,0,16
2025-11-10,P1010,WH-CENTRAL,29,6,0,16
2025-11-11,P1010,WH-CENTRAL,26,3,0,16
2025-11-12,P1010,WH-CENTRAL,25,1,0,16
2025-11-13,P1010,WH-CENTRAL,22,3,0,16
2025-11-14,P1010,WH-CENTRAL,18,4,0,16
2025-11-15,P1010,WH-CENTRAL,69,10,61,16
2025-11-16,P1010,WH-CENTRAL,61,8,0,16
2025-11-17,P1010,WH-CENTRAL,57,4,0,16
2025-11-18,P1010,WH-CENTRAL,55,2,0,16
2025-11-19,P1010,WH-CENTRAL,47,8,0,16
2025-11-20,P1010,WH-CENTRAL,42,5,0,16
2025-11-21,P1010,WH-CENTRAL,39,3,0,16
2025-11-22,P1010,WH-CENTRAL,35,4,0,16
2025-11-23,P1010,WH-CENTRAL,28,7,0,16
2025-11-24,P1010,WH-CENTRAL,26,2,0,16
2025-11-25,P1010,WH-CENTRAL,23,3,0,16
2025-11-26,P1010,WH-CENTRAL,21,2,0,16
2025-11-27,P1010,WH-CENTRAL,17,4,0,16
2025-11-28,P1010,WH-CENTRAL,71,7,61,16
2025-11-29,P1010,WH-CENTRAL,64,7,0,16
2025-11-30,P1010,WH-CENTRAL,61,3,0,16
2025-12-01,P1010,WH-CENTRAL,54,7,0,16
2025-12-02,P1010,WH-CENTRAL,50,4,0,16
2025-12-03,P1010,WH-CENTRAL,42,8,0,16
2025-12-04,P1010,WH-CENTRAL,39,3,0,16
2025-12-05,P1010,WH-CENTRAL,38,1,0,16
2025-12-06,P1010,WH-CENTRAL,29,9,0,16
2025-12-07,P1010,WH-CENTRAL,22,7,0,16
2025-12-08,P1010,WH-CENTRAL,77,6,61,16
2025-12-09,P1010,WH-CENTRAL,73,4,0,16
2025-12-10,P1010,WH-CENTRAL,72,1,0,16
2025-12-11,P1010,WH-CENTRAL,66,6,0,16
2025-12-12,P1010,WH-CENTRAL,62,4,0,16
2025-12-13,P1010,WH-CENTRAL,55,7,0,16
2025-12-14,P1010,WH-CENTRAL,48,7,0,16
2025-12-15,P1010,WH-CENTRAL,43,5,0,16
2025-12-16,P1010,WH-CENTRAL,34,9,0,16
2025-12-17,P1010,WH-CENTRAL,30,4,0,16
2025-12-18,P1010,WH-CENTRAL,27,3,0,16
2025-12-19,P1010,WH-CENTRAL,22,5,0,16
2025-12-20,P1010,WH-CENTRAL,75,8,61,16
2025-12-21,P1010,WH-CENTRAL,67,8,0,16
2025-12-22,P1010,WH-CENTRAL,63,4,0,16
2025-12-23,P1010,WH-CENTRAL,58,5,0,16
2025-12-24,P1010,WH-CENTRAL,54,4,0,16
2025-12-25,P1010,WH-CENTRAL,49,5,0,16
2025-12-26,P1010,WH-CENTRAL,46,3,0,16
2025-12-27,P1010,WH-CENTRAL,40,6,0,16
2025-12-28,P1010,WH-CENTRAL,34,6,0,16
2025-12-29,P1010,WH-CENTRAL,25,9,0,16
2025-12-30,P1010,WH-CENTRAL,23,2,0,16
2025-12-31,P1010,WH-CENTRAL,20,3,0,16
2026-01-01,P1010,WH-CENTRAL,76,5,61,16
2026-01-02,P1010,WH-CENTRAL,72,4,0,16
2026-01-03,P1010,WH-CENTRAL,63,9,0,16
2026-01-04,P1010,WH-CENTRAL,58,5,0,16
2026-01-05,P1010,WH-CENTRAL,55,3,0,16
2026-01-06,P1010,WH-CENTRAL,53,2,0,16
2026-01-07,P1010,WH-CENTRAL,49,4,0,16
2026-01-08,P1010,WH-CENTRAL,43,6,0,16
2026-01-09,P1010,WH-CENTRAL,37,6,0,16
2026-01-10,P1010,WH-CENTRAL,31,6,0,16
2026-01-11,P1010,WH-CENTRAL,28,3,0,16
2026-01-12,P1010,WH-CENTRAL,25,3,0,16
2026-01-13,P1010,WH-CENTRAL,77,9,61,16
2026-01-14,P1010,WH-CENTRAL,75,2,0,16
2026-01-15,P1010,WH-CENTRAL,73,2,0,16
2026-01-16,P1010,WH-CENTRAL,71,2,0,16
2026-01-17,P1010,WH-CENTRAL,64,7,0,16
2026-01-18,P1010,WH-CENTRAL,55,9,0,16
2026-01-19,P1010,WH-CENTRAL,50,5,0,16
2026-01-20,P1010,WH-CENTRAL,50,0,0,16
2026-01-21,P1010,WH-CENTRAL,48,2,0,16
2026-01-22,P1010,WH-CENTRAL,44,4,0,16
2026-01-23,P1010,WH-CENTRAL,39,5,0,16
2026-01-24,P1010,WH-CENTRAL,28,11,0,16
2026-01-25,P1010,WH-CENTRAL,19,9,0,16
2026-01-26,P1010,WH-CENTRAL,75,5,61,16
2026-01-27,P1010,WH-CENTRAL,69,6,0,16
2026-01-28,P1010,WH-CENTRAL,67,2,0,16
2026-01-29,P1010,WH-CENTRAL,65,2,0,16
2026-01-30,P1010,WH-CENTRAL,62,3,0,16
2026-01-31,P1010,WH-CENTRAL,57,5,0,16
2026-02-01,P1010,WH-CENTRAL,48,9,0,16
2026-02-02,P1010,WH-CENTRAL,43,5,0,16
2026-02-03,P1010,WH-CENTRAL,40,3,0,16
2026-02-04,P1010,WH-CENTRAL,37,3,0,16
2026-02-05,P1010,WH-CENTRAL,35,2,0,16
2026-02-06,P1010,WH-CENTRAL,30,5,0,16
2026-02-07,P1010,WH-CENTRAL,21,9,0,16
2026-02-08,P1010,WH-CENTRAL,77,5,61,16
2026-02-09,P1010,WH-CENTRAL,74,3,0,16
2026-02-10,P1010,WH-CENTRAL,72,2,0,16
2026-02-11,P1010,WH-CENTRAL,68,4,0,16
2026-02-12,P1010,WH-CENTRAL,66,2,0,16
2026-02-13,P1010,WH-CENTRAL,62,4,0,16
2026-02-14,P1010,WH-CENTRAL,55,7,0,16
2026-02-15,P1010,WH-CENTRAL,50,5,0,16
2026-02-16,P1010,WH-CENTRAL,48,2,0,16
2026-02-17,P1010,WH-CENTRAL,43,5,0,16
2026-02-18,P1010,WH-CENTRAL,41,2,0,16
2026-02-19,P1010,WH-CENTRAL,36,5,0,16
2026-02-20,P1010,WH-CENTRAL,33,3,0,16
2026-02-21,P1010,WH-CENTRAL,21,12,0,16
2026-02-22,P1010,WH-CENTRAL,77,5,61,16
2026-02-23,P1010,WH-CENTRAL,74,3,0,16
2026-02-24,P1010,WH-CENTRAL,72,2,0,16
2026-02-25,P1010,WH-CENTRAL,72,0,0,16
2026-02-26,P1010,WH-CENTRAL,72,0,0,16
2026-02-27,P1010,WH-CENTRAL,69,3,0,16
2026-02-28,P1010,WH-CENTRAL,65,4,0,16
2026-03-01,P1010,WH-CENTRAL,62,3,0,16
2026-03-02,P1010,WH-CENTRAL,60,2,0,16
2026-03-03,P1010,WH-CENTRAL,57,3,0,16
2026-03-04,P1010,WH-CENTRAL,54,3,0,16
2026-03-05,P1010,WH-CENTRAL,51,3,0,16
2026-03-06,P1010,WH-CENTRAL,46,5,0,16
2026-03-07,P1010,WH-CENTRAL,38,8,0,16
2026-03-08,P1010,WH-CENTRAL,29,9,0,16
2026-03-09,P1010,WH-CENTRAL,28,1,0,16
2026-03-10,P1010,WH-CENTRAL,25,3,0,16
2026-03-11,P1010,WH-CENTRAL,21,4,0,16
2026-03-12,P1010,WH-CENTRAL,19,2,0,16
2026-03-13,P1010,WH-CENTRAL,70,10,61,16
2026-03-14,P1010,WH-CENTRAL,69,1,0,16
2026-03-15,P1010,WH-CENTRAL,61,8,0,16
2026-03-16,P1010,WH-CENTRAL,60,1,0,16
2026-03-17,P1010,WH-CENTRAL,56,4,0,16
2026-03-18,P1010,WH-CENTRAL,52,4,0,16
2026-03-19,P1010,WH-CENTRAL,51,1,0,16
2026-03-20,P1010,WH-CENTRAL,47,4,0,16
2026-03-21,P1010,WH-CENTRAL,36,11,0,16
2026-03-22,P1010,WH-CENTRAL,30,6,0,16
2026-03-23,P1010,WH-CENTRAL,29,1,0,16
2026-03-24,P1010,WH-CENTRAL,27,2,0,16
2026-03-25,P1010,WH-CENTRAL,23,4,0,16
2026-03-26,P1010,WH-CENTRAL,21,2,0,16
2026-03-27,P1010,WH-CENTRAL,17,4,0,16
2026-03-28,P1010,WH-CENTRAL,75,3,61,16
2026-03-29,P1010,WH-CENTRAL,74,1,0,16
2026-03-30,P1010,WH-CENTRAL,65,9,0,16
2026-03-31,P1010,WH-CENTRAL,63,2,0,16
2026-04-01,P1010,WH-CENTRAL,60,3,0,16
2026-04-02,P1010,WH-CENTRAL,53,7,0,16
2026-04-03,P1010,WH-CENTRAL,49,4,0,16
2026-04-04,P1010,WH-CENTRAL,44,5,0,16
2026-04-05,P1010,WH-CENTRAL,37,7,0,16
2026-04-06,P1010,WH-CENTRAL,35,2,0,16
2026-04-07,P1010,WH-CENTRAL,34,1,0,16
2026-04-08,P1010,WH-CENTRAL,32,2,0,16
2026-04-09,P1010,WH-CENTRAL,30,2,0,16
2026-04-10,P1010,WH-CENTRAL,26,4,0,16
2026-04-11,P1010,WH-CENTRAL,22,4,0,16
2026-04-12,P1010,WH-CENTRAL,17,5,0,16
2026-04-13,P1010,WH-CENTRAL,72,6,61,16
2026-04-14,P1010,WH-CENTRAL,67,5,0,16
2026-04-15,P1010,WH-CENTRAL,65,2,0,16
2026-04-16,P1010,WH-CENTRAL,61,4,0,16
2026-04-17,P1010,WH-CENTRAL,58,3,0,16
2026-04-18,P1010,WH-CENTRAL,52,6,0,16
2026-04-19,P1010,WH-CENTRAL,47,5,0,16
2026-04-20,P1010,WH-CENTRAL,41,6,0,16
2026-04-21,P1010,WH-CENTRAL,40,1,0,16
2026-04-22,P1010,WH-CENTRAL,37,3,0,16
2026-04-23,P1010,WH-CENTRAL,36,1,0,16
2026-04-24,P1010,WH-CENTRAL,33,3,0,16
2026-04-25,P1010,WH-CENTRAL,24,9,0,16
2026-04-26,P1010,WH-CENTRAL,20,4,0,16
2026-04-27,P1010,WH-CENTRAL,75,6,61,16
2026-04-28,P1010,WH-CENTRAL,73,2,0,16
2026-04-29,P1010,WH-CENTRAL,69,4,0,16
2026-04-30,P1010,WH-CENTRAL,66,3,0,16
2026-05-01,P1010,WH-CENTRAL,59,7,0,16
2026-05-02,P1010,WH-CENTRAL,57,2,0,16
2026-05-03,P1010,WH-CENTRAL,50,7,0,16
2026-05-04,P1010,WH-CENTRAL,49,1,0,16
2026-05-05,P1010,WH-CENTRAL,48,1,0,16
2026-05-06,P1010,WH-CENTRAL,45,3,0,16
2026-05-07,P1010,WH-CENTRAL,42,3,0,16
2026-05-08,P1010,WH-CENTRAL,39,3,0,16
2026-05-09,P1010,WH-CENTRAL,32,7,0,16
2026-05-10,P1010,WH-CENTRAL,28,4,0,16
2026-05-11,P1010,WH-CENTRAL,24,4,0,16
2026-05-12,P1010,WH-CENTRAL,20,4,0,16
2026-05-13,P1010,WH-CENTRAL,17,3,0,16
2026-05-14,P1010,WH-CENTRAL,76,2,61,16
2026-05-15,P1010,WH-CENTRAL,72,4,0,16
2026-05-16,P1010,WH-CENTRAL,67,5,0,16
2026-05-17,P1010,WH-CENTRAL,61,6,0,16
2026-05-18,P1010,WH-CENTRAL,58,3,0,16
2026-05-19,P1010,WH-CENTRAL,56,2,0,16
2026-05-20,P1010,WH-CENTRAL,53,3,0,16
2026-05-21,P1010,WH-CENTRAL,50,3,0,16
2026-05-22,P1010,WH-CENTRAL,45,5,0,16
2026-05-23,P1010,WH-CENTRAL,42,3,0,16
2026-05-24,P1010,WH-CENTRAL,39,3,0,16
2026-05-25,P1010,WH-CENTRAL,33,6,0,16
2026-05-26,P1010,WH-CENTRAL,27,6,0,16
2026-05-27,P1010,WH-CENTRAL,25,2,0,16
2026-05-28,P1010,WH-CENTRAL,21,4,0,16
2026-05-29,P1010,WH-CENTRAL,76,6,61,16
2026-05-30,P1010,WH-CENTRAL,72,4,0,16
2026-05-31,P1010,WH-CENTRAL,67,5,0,16
2026-06-01,P1010,WH-CENTRAL,63,4,0,16
2026-06-02,P1010,WH-CENTRAL,59,4,0,16
2026-06-03,P1010,WH-CENTRAL,57,2,0,16
2026-06-04,P1010,WH-CENTRAL,56,1,0,16
2026-06-05,P1010,WH-CENTRAL,53,3,0,16
2026-06-06,P1010,WH-CENTRAL,50,3,0,16
2026-06-07,P1010,WH-CENTRAL,40,10,0,16
2026-06-08,P1010,WH-CENTRAL,36,4,0,16
2026-06-09,P1010,WH-CENTRAL,33,3,0,16
2026-06-10,P1010,WH-CENTRAL,30,3,0,16
2026-06-11,P1010,WH-CENTRAL,24,6,0,16
2026-06-12,P1010,WH-CENTRAL,21,3,0,16
2026-06-13,P1010,WH-CENTRAL,77,5,61,16
2026-06-14,P1010,WH-CENTRAL,72,5,0,16
2026-06-15,P1010,WH-CENTRAL,71,1,0,16
2026-06-16,P1010,WH-CENTRAL,66,5,0,16
2026-06-17,P1010,WH-CENTRAL,65,1,0,16
2026-06-18,P1010,WH-CENTRAL,62,3,0,16
2026-06-19,P1010,WH-CENTRAL,60,2,0,16
2026-06-20,P1010,WH-CENTRAL,55,5,0,16
2026-06-21,P1010,WH-CENTRAL,51,4,0,16
2026-06-22,P1010,WH-CENTRAL,50,1,0,16
2026-06-23,P1010,WH-CENTRAL,44,6,0,16
2026-06-24,P1010,WH-CENTRAL,41,3,0,16
2026-06-25,P1010,WH-CENTRAL,39,2,0,16
2026-06-26,P1010,WH-CENTRAL,37,2,0,16
2026-06-27,P1010,WH-CENTRAL,31,6,0,16
2026-06-28,P1010,WH-CENTRAL,26,5,0,16
2026-06-29,P1010,WH-CENTRAL,25,1,0,16
2026-06-30,P1010,WH-CENTRAL,22,3,0,16
2026-07-01,P1010,WH-CENTRAL,19,3,0,16
2026-07-02,P1010,WH-CENTRAL,77,3,61,16
2026-07-03,P1010,WH-CENTRAL,71,6,0,16
2026-07-04,P1010,WH-CENTRAL,65,6,0,16
2026-07-05,P1010,WH-CENTRAL,58,7,0,16
2026-07-06,P1010,WH-CENTRAL,52,6,0,16
2026-07-07,P1010,WH-CENTRAL,51,1,0,16
2026-07-08,P1010,WH-CENTRAL,46,5,0,16
2026-07-09,P1010,WH-CENTRAL,39,7,0,16
2026-07-10,P1010,WH-CENTRAL,37,2,0,16
2026-07-11,P1010,WH-CENTRAL,33,4,0,16
2026-07-12,P1010,WH-CENTRAL,25,8,0,16
2026-07-13,P1010,WH-CENTRAL,19,6,0,16
2026-07-14,P1010,WH-CENTRAL,72,8,61,16
2026-07-15,P1010,WH-CENTRAL,69,3,0,16
2026-07-16,P1010,WH-CENTRAL,64,5,0,16
2026-07-17,P1010,WH-CENTRAL,61,3,0,16
2026-07-18,P1010,WH-CENTRAL,54,7,0,16
2026-07-19,P1010,WH-CENTRAL,42,12,0,16
2026-07-20,P1010,WH-CENTRAL,37,5,0,16
2026-07-21,P1010,WH-CENTRAL,35,2,0,16
2026-07-22,P1010,WH-CENTRAL,28,7,0,16
2026-07-23,P1010,WH-CENTRAL,23,5,0,16
2026-07-24,P1010,WH-CENTRAL,77,7,61,16
2026-07-25,P1010,WH-CENTRAL,68,9,0,16
2026-07-26,P1010,WH-CENTRAL,63,5,0,16
2026-07-27,P1010,WH-CENTRAL,60,3,0,16
2026-07-28,P1010,WH-CENTRAL,57,3,0,16
2026-07-29,P1010,WH-CENTRAL,53,4,0,16
2026-07-30,P1010,WH-CENTRAL,45,8,0,16
2026-07-31,P1010,WH-CENTRAL,45,0,0,16
2026-08-01,P1010,WH-CENTRAL,38,7,0,16
2026-08-02,P1010,WH-CENTRAL,33,5,0,16
2026-08-03,P1010,WH-CENTRAL,27,6,0,16
2026-08-04,P1010,WH-CENTRAL,23,4,0,16
2026-08-05,P1010,WH-CENTRAL,77,7,61,16
2026-08-06,P1010,WH-CENTRAL,70,7,0,16
2026-08-07,P1010,WH-CENTRAL,65,5,0,16
2026-08-08,P1010,WH-CENTRAL,58,7,0,16
2026-08-09,P1010,WH-CENTRAL,54,4,0,16
2026-08-10,P1010,WH-CENTRAL,50,4,0,16
2026-08-11,P1010,WH-CENTRAL,38,12,0,16
2026-08-12,P1010,WH-CENTRAL,37,1,0,16
2026-08-13,P1010,WH-CENTRAL,33,4,0,16
2025-08-15,P1011,WH-WEST,85,9,0,28
2025-08-16,P1011,WH-WEST,68,17,0,28
2025-08-17,P1011,WH-WEST,54,14,0,28
2025-08-18,P1011,WH-WEST,48,6,0,28
2025-08-19,P1011,WH-WEST,44,4,0,28
2025-08-20,P1011,WH-WEST,42,2,0,28
2025-08-21,P1011,WH-WEST,37,5,0,28
2025-08-22,P1011,WH-WEST,33,4,0,28
2025-08-23,P1011,WH-WEST,122,10,99,28
2025-08-24,P1011,WH-WEST,108,14,0,28
2025-08-25,P1011,WH-WEST,98,10,0,28
2025-08-26,P1011,WH-WEST,87,11,0,28
2025-08-27,P1011,WH-WEST,83,4,0,28
2025-08-28,P1011,WH-WEST,72,11,0,28
2025-08-29,P1011,WH-WEST,63,9,0,28
2025-08-30,P1011,WH-WEST,48,15,0,28
2025-08-31,P1011,WH-WEST,34,14,0,28
2025-09-01,P1011,WH-WEST,127,6,99,28
2025-09-02,P1011,WH-WEST,119,8,0,28
2025-09-03,P1011,WH-WEST,115,4,0,28
2025-09-04,P1011,WH-WEST,110,5,0,28
2025-09-05,P1011,WH-WEST,99,11,0,28
2025-09-06,P1011,WH-WEST,88,11,0,28
2025-09-07,P1011,WH-WEST,70,18,0,28
2025-09-08,P1011,WH-WEST,67,3,0,28
2025-09-09,P1011,WH-WEST,59,8,0,28
2025-09-10,P1011,WH-WEST,48,11,0,28
2025-09-11,P1011,WH-WEST,37,11,0,28
2025-09-12,P1011,WH-WEST,31,6,0,28
2025-09-13,P1011,WH-WEST,110,20,99,28
2025-09-14,P1011,WH-WEST,99,11,0,28
2025-09-15,P1011,WH-WEST,92,7,0,28
2025-09-16,P1011,WH-WEST,86,6,0,28
2025-09-17,P1011,WH-WEST,78,8,0,28
2025-09-18,P1011,WH-WEST,70,8,0,28
2025-09-19,P1011,WH-WEST,59,11,0,28
2025-09-20,P1011,WH-WEST,41,18,0,28
2025-09-21,P1011,WH-WEST,30,11,0,28
2025-09-22,P1011,WH-WEST,114,15,99,28
2025-09-23,P1011,WH-WEST,107,7,0,28
2025-09-24,P1011,WH-WEST,98,9,0,28
2025-09-25,P1011,WH-WEST,89,9,0,28
2025-09-26,P1011,WH-WEST,79,10,0,28
2025-09-27,P1011,WH-WEST,62,17,0,28
2025-09-28,P1011,WH-WEST,51,11,0,28
2025-09-29,P1011,WH-WEST,43,8,0,28
2025-09-30,P1011,WH-WEST,33,10,0,28
2025-10-01,P1011,WH-WEST,122,10,99,28
2025-10-02,P1011,WH-WEST,107,15,0,28
2025-10-03,P1011,WH-WEST,96,11,0,28
2025-10-04,P1011,WH-WEST,81,15,0,28
2025-10-05,P1011,WH-WEST,64,17,0,28
2025-10-06,P1011,WH-WEST,57,7,0,28
2025-10-07,P1011,WH-WEST,55,2,0,28
2025-10-08,P1011,WH-WEST,45,10,0,28
2025-10-09,P1011,WH-WEST,34,11,0,28
2025-10-10,P1011,WH-WEST,127,6,99,28
2025-10-11,P1011,WH-WEST,114,13,0,28
2025-10-12,P1011,WH-WEST,102,12,0,28
2025-10-13,P1011,WH-WEST,93,9,0,28
2025-10-14,P1011,WH-WEST,82,11,0,28
2025-10-15,P1011,WH-WEST,71,11,0,28
2025-10-16,P1011,WH-WEST,59,12,0,28
2025-10-17,P1011,WH-WEST,51,8,0,28
2025-10-18,P1011,WH-WEST,39,12,0,28
2025-10-19,P1011,WH-WEST,124,14,99,28
2025-10-20,P1011,WH-WEST,113,11,0,28
2025-10-21,P1011,WH-WEST,102,11,0,28
2025-10-22,P1011,WH-WEST,93,9,0,28
2025-10-23,P1011,WH-WEST,85,8,0,28
2025-10-24,P1011,WH-WEST,77,8,0,28
2025-10-25,P1011,WH-WEST,66,11,0,28
2025-10-26,P1011,WH-WEST,50,16,0,28
2025-10-27,P1011,WH-WEST,42,8,0,28
2025-10-28,P1011,WH-WEST,33,9,0,28
2025-10-29,P1011,WH-WEST,123,9,99,28
2025-10-30,P1011,WH-WEST,112,11,0,28
2025-10-31,P1011,WH-WEST,105,7,0,28
2025-11-01,P1011,WH-WEST,95,10,0,28
2025-11-02,P1011,WH-WEST,67,28,0,28
2025-11-03,P1011,WH-WEST,59,8,0,28
2025-11-04,P1011,WH-WEST,48,11,0,28
2025-11-05,P1011,WH-WEST,44,4,0,28
2025-11-06,P1011,WH-WEST,33,11,0,28
2025-11-07,P1011,WH-WEST,127,5,99,28
2025-11-08,P1011,WH-WEST,111,16,0,28
2025-11-09,P1011,WH-WEST,95,16,0,28
2025-11-10,P1011,WH-WEST,87,8,0,28
2025-11-11,P1011,WH-WEST,73,14,0,28
2025-11-12,P1011,WH-WEST,63,10,0,28
2025-11-13,P1011,WH-WEST,44,19,0,28
2025-11-14,P1011,WH-WEST,37,7,0,28
2025-11-15,P1011,WH-WEST,121,15,99,28
2025-11-16,P1011,WH-WEST,102,19,0,28
2025-11-17,P1011,WH-WEST,84,18,0,28
2025-11-18,P1011,WH-WEST,75,9,0,28
2025-11-19,P1011,WH-WEST,70,5,0,28
2025-11-20,P1011,WH-WEST,61,9,0,28
2025-11-21,P1011,WH-WEST,51,10,0,28
2025-11-22,P1011,WH-WEST,33,18,0,28
2025-11-23,P1011,WH-WEST,105,27,99,28
2025-11-24,P1011,WH-WEST,95,10,0,28
2025-11-25,P1011,WH-WEST,82,13,0,28
2025-11-26,P1011,WH-WEST,71,11,0,28
2025-11-27,P1011,WH-WEST,61,10,0,28
2025-11-28,P1011,WH-WEST,53,8,0,28
2025-11-29,P1011,WH-WEST,34,19,0,28
2025-11-30,P1011,WH-WEST,109,24,99,28
2025-12-01,P1011,WH-WEST,92,17,0,28
2025-12-02,P1011,WH-WEST,81,11,0,28
2025-12-03,P1011,WH-WEST,70,11,0,28
2025-12-04,P1011,WH-WEST,54,16,0,28
2025-12-05,P1011,WH-WEST,37,17,0,28
2025-12-06,P1011,WH-WEST,125,11,99,28
2025-12-07,P1011,WH-WEST,106,19,0,28
2025-12-08,P1011,WH-WEST,99,7,0,28
2025-12-09,P1011,WH-WEST,89,10,0,28
2025-12-10,P1011,WH-WEST,77,12,0,28
2025-12-11,P1011,WH-WEST,70,7,0,28
2025-12-12,P1011,WH-WEST,58,12,0,28
2025-12-13,P1011,WH-WEST,40,18,0,28
2025-12-14,P1011,WH-WEST,119,20,99,28
2025-12-15,P1011,WH-WEST,109,10,0,28
2025-12-16,P1011,WH-WEST,100,9,0,28
2025-12-17,P1011,WH-WEST,88,12,0,28
2025-12-18,P1011,WH-WEST,73,15,0,28
2025-12-19,P1011,WH-WEST,58,15,0,28
2025-12-20,P1011,WH-WEST,40,18,0,28
2025-12-21,P1011,WH-WEST,119,20,99,28
2025-12-22,P1011,WH-WEST,111,8,0,28
2025-12-23,P1011,WH-WEST,100,11,0,28
2025-12-24,P1011,WH-WEST,92,8,0,28
2025-12-25,P1011,WH-WEST,81,11,0,28
2025-12-26,P1011,WH-WEST,68,13,0,28
2025-12-27,P1011,WH-WEST,53,15,0,28
2025-12-28,P1011,WH-WEST,41,12,0,28
2025-12-29,P1011,WH-WEST,32,9,0,28
2025-12-30,P1011,WH-WEST,113,18,99,28
2025-12-31,P1011,WH-WEST,102,11,0,28
2026-01-01,P1011,WH-WEST,91,11,0,28
2026-01-02,P1011,WH-WEST,85,6,0,28
2026-01-03,P1011,WH-WEST,67,18,0,28
2026-01-04,P1011,WH-WEST,55,12,0,28
2026-01-05,P1011,WH-WEST,34,21,0,28
2026-01-06,P1011,WH-WEST,127,6,99,28
2026-01-07,P1011,WH-WEST,116,11,0,28
2026-01-08,P1011,WH-WEST,107,9,0,28
2026-01-09,P1011,WH-WEST,90,17,0,28
2026-01-10,P1011,WH-WEST,72,18,0,28
2026-01-11,P1011,WH-WEST,53,19,0,28
2026-01-12,P1011,WH-WEST,41,12,0,28
2026-01-13,P1011,WH-WEST,29,12,0,28
2026-01-14,P1011,WH-WEST,119,9,99,28
2026-01-15,P1011,WH-WEST,99,20,0,28
2026-01-16,P1011,WH-WEST,91,8,0,28
2026-01-17,P1011,WH-WEST,76,15,0,28
2026-01-18,P1011,WH-WEST,56,20,0,28
2026-01-19,P1011,WH-WEST,46,10,0,28
2026-01-20,P1011,WH-WEST,32,14,0,28
2026-01-21,P1011,WH-WEST,123,8,99,28
2026-01-22,P1011,WH-WEST,114,9,0,28
2026-01-23,P1011,WH-WEST,104,10,0,28
2026-01-24,P1011,WH-WEST,84,20,0,28
2026-01-25,P1011,WH-WEST,61,23,0,28
2026-01-26,P1011,WH-WEST,47,14,0,28
2026-01-27,P1011,WH-WEST,31,16,0,28
2026-01-28,P1011,WH-WEST,124,6,99,28
2026-01-29,P1011,WH-WEST,113,11,0,28
2026-01-30,P1011,WH-WEST,103,10,0,28
2026-01-31,P1011,WH-WEST,84,19,0,28
2026-02-01,P1011,WH-WEST,75,9,0,28
2026-02-02,P1011,WH-WEST,62,13,0,28
2026-02-03,P1011,WH-WEST,52,10,0,28
2026-02-04,P1011,WH-WEST,39,13,0,28
2026-02-05,P1011,WH-WEST,29,10,0,28
2026-02-06,P1011,WH-WEST,114,14,99,28
2026-02-07,P1011,WH-WEST,95,19,0,28
2026-02-08,P1011,WH-WEST,81,14,0,28
2026-02-09,P1011,WH-WEST,70,11,0,28
2026-02-10,P1011,WH-WEST,59,11,0,28
2026-02-11,P1011,WH-WEST,49,10,0,28
2026-02-12,P1011,WH-WEST,36,13,0,28
2026-02-13,P1011,WH-WEST,124,11,99,28
2026-02-14,P1011,WH-WEST,104,20,0,28
2026-02-15,P1011,WH-WEST,86,18,0,28
2026-02-16,P1011,WH-WEST,72,14,0,28
2026-02-17,P1011,WH-WEST,58,14,0,28
2026-02-18,P1011,WH-WEST,48,10,0,28
2026-02-19,P1011,WH-WEST,37,11,0,28
2026-02-20,P1011,WH-WEST,32,5,0,28
2026-02-21,P1011,WH-WEST,116,15,99,28
2026-02-22,P1011,WH-WEST,103,13,0,28
2026-02-23,P1011,WH-WEST,93,10,0,28
2026-02-24,P1011,WH-WEST,82,11,0,28
2026-02-25,P1011,WH-WEST,69,13,0,28
2026-02-26,P1011,WH-WEST,66,3,0,28
2026-02-27,P1011,WH-WEST,55,11,0,28
2026-02-28,P1011,WH-WEST,38,17,0,28
2026-03-01,P1011,WH-WEST,120,17,99,28
2026-03-02,P1011,WH-WEST,113,7,0,28
2026-03-03,P1011,WH-WEST,102,11,0,28
2026-03-04,P1011,WH-WEST,94,8,0,28
2026-03-05,P1011,WH-WEST,82,12,0,28
2026-03-06,P1011,WH-WEST,71,11,0,28
2026-03-07,P1011,WH-WEST,63,8,0,28
2026-03-08,P1011,WH-WEST,50,13,0,28
2026-03-09,P1011,WH-WEST,43,7,0,28
2026-03-10,P1011,WH-WEST,36,7,0,28
2026-03-11,P1011,WH-WEST,124,11,99,28
2026-03-12,P1011,WH-WEST,116,8,0,28
2026-03-13,P1011,WH-WEST,109,7,0,28
2026-03-14,P1011,WH-WEST,100,9,0,28
2026-03-15,P1011,WH-WEST,81,19,0,28
2026-03-16,P1011,WH-WEST,72,9,0,28
2026-03-17,P1011,WH-WEST,65,7,0,28
2026-03-18,P1011,WH-WEST,50,15,0,28
2026-03-19,P1011,WH-WEST,41,9,0,28
2026-03-20,P1011,WH-WEST,35,6,0,28
2026-03-21,P1011,WH-WEST,123,11,99,28
2026-03-22,P1011,WH-WEST,111,12,0,28
2026-03-23,P1011,WH-WEST,103,8,0,28
2026-03-24,P1011,WH-WEST,93,10,0,28
2026-03-25,P1011,WH-WEST,88,5,0,28
2026-03-26,P1011,WH-WEST,82,6,0,28
2026-03-27,P1011,WH-WEST,75,7,0,28
2026-03-28,P1011,WH-WEST,61,14,0,28
2026-03-29,P1011,WH-WEST,45,16,0,28
2026-03-30,P1011,WH-WEST,38,7,0,28
2026-03-31,P1011,WH-WEST,127,10,99,28
2026-04-01,P1011,WH-WEST,117,10,0,28
2026-04-02,P1011,WH-WEST,108,9,0,28
2026-04-03,P1011,WH-WEST,102,6,0,28
2026-04-04,P1011,WH-WEST,88,14,0,28
2026-04-05,P1011,WH-WEST,76,12,0,28
2026-04-06,P1011,WH-WEST,65,11,0,28
2026-04-07,P1011,WH-WEST,54,11,0,28
2026-04-08,P1011,WH-WEST,49,5,0,28
2026-04-09,P1011,WH-WEST,40,9,0,28
2026-04-10,P1011,WH-WEST,33,7,0,28
2026-04-11,P1011,WH-WEST,122,10,99,28
2026-04-12,P1011,WH-WEST,105,17,0,28
2026-04-13,P1011,WH-WEST,100,5,0,28
2026-04-14,P1011,WH-WEST,93,7,0,28
2026-04-15,P1011,WH-WEST,82,11,0,28
2026-04-16,P1011,WH-WEST,73,9,0,28
2026-04-17,P1011,WH-WEST,68,5,0,28
2026-04-18,P1011,WH-WEST,51,17,0,28
2026-04-19,P1011,WH-WEST,36,15,0,28
2026-04-20,P1011,WH-WEST,123,12,99,28
2026-04-21,P1011,WH-WEST,114,9,0,28
2026-04-22,P1011,WH-WEST,103,11,0,28
2026-04-23,P1011,WH-WEST,93,10,0,28
2026-04-24,P1011,WH-WEST,86,7,0,28
2026-04-25,P1011,WH-WEST,75,11,0,28
2026-04-26,P1011,WH-WEST,55,20,0,28
2026-04-27,P1011,WH-WEST,46,9,0,28
2026-04-28,P1011,WH-WEST,37,9,0,28
2026-04-29,P1011,WH-WEST,31,6,0,28
2026-04-30,P1011,WH-WEST,121,9,99,28
2026-05-01,P1011,WH-WEST,118,3,0,28
2026-05-02,P1011,WH-WEST,108,10,0,28
2026-05-03,P1011,WH-WEST,90,18,0,28
2026-05-04,P1011,WH-WEST,84,6,0,28
2026-05-05,P1011,WH-WEST,76,8,0,28
2026-05-06,P1011,WH-WEST,71,5,0,28
2026-05-07,P1011,WH-WEST,56,15,0,28
2026-05-08,P1011,WH-WEST,49,7,0,28
2026-05-09,P1011,WH-WEST,31,18,0,28
2026-05-10,P1011,WH-WEST,113,17,99,28
2026-05-11,P1011,WH-WEST,100,13,0,28
2026-05-12,P1011,WH-WEST,94,6,0,28
2026-05-13,P1011,WH-WEST,91,3,0,28
2026-05-14,P1011,WH-WEST,85,6,0,28
2026-05-15,P1011,WH-WEST,78,7,0,28
2026-05-16,P1011,WH-WEST,63,15,0,28
2026-05-17,P1011,WH-WEST,57,6,0,28
2026-05-18,P1011,WH-WEST,51,6,0,28
2026-05-19,P1011,WH-WEST,44,7,0,28
2026-05-20,P1011,WH-WEST,34,10,0,28
2026-05-21,P1011,WH-WEST,123,10,99,28
2026-05-22,P1011,WH-WEST,113,10,0,28
2026-05-23,P1011,WH-WEST,95,18,0,28
2026-05-24,P1011,WH-WEST,75,20,0,28
2026-05-25,P1011,WH-WEST,63,12,0,28
2026-05-26,P1011,WH-WEST,53,10,0,28
2026-05-27,P1011,WH-WEST,44,9,0,28
2026-05-28,P1011,WH-WEST,38,6,0,28
2026-05-29,P1011,WH-WEST,34,4,0,28
2026-05-30,P1011,WH-WEST,123,10,99,28
2026-05-31,P1011,WH-WEST,113,10,0,28
2026-06-01,P1011,WH-WEST,103,10,0,28
2026-06-02,P1011,WH-WEST,93,10,0,28
2026-06-03,P1011,WH-WEST,80,13,0,28
2026-06-04,P1011,WH-WEST,75,5,0,28
2026-06-05,P1011,WH-WEST,63,12,0,28
2026-06-06,P1011,WH-WEST,53,10,0,28
2026-06-07,P1011,WH-WEST,41,12,0,28
2026-06-08,P1011,WH-WEST,34,7,0,28
2026-06-09,P1011,WH-WEST,122,11,99,28
2026-06-10,P1011,WH-WEST,114,8,0,28
2026-06-11,P1011,WH-WEST,103,11,0,28
2026-06-12,P1011,WH-WEST,95,8,0,28
2026-06-13,P1011,WH-WEST,77,18,0,28
2026-06-14,P1011,WH-WEST,66,11,0,28
2026-06-15,P1011,WH-WEST,55,11,0,28
2026-06-16,P1011,WH-WEST,44,11,0,28
2026-06-17,P1011,WH-WEST,39,5,0,28
2026-06-18,P1011,WH-WEST,30,9,0,28
2026-06-19,P1011,WH-WEST,121,8,99,28
2026-06-20,P1011,WH-WEST,112,9,0,28
2026-06-21,P1011,WH-WEST,95,17,0,28
2026-06-22,P1011,WH-WEST,86,9,0,28
2026-06-23,P1011,WH-WEST,81,5,0,28
2026-06-24,P1011,WH-WEST,66,15,0,28
2026-06-25,P1011,WH-WEST,54,12,0,28
2026-06-26,P1011,WH-WEST,42,12,0,28
2026-06-27,P1011,WH-WEST,29,13,0,28
2026-06-28,P1011,WH-WEST,109,19,99,28
2026-06-29,P1011,WH-WEST,103,6,0,28
2026-06-30,P1011,WH-WEST,94,9,0,28
2026-07-01,P1011,WH-WEST,78,16,0,28
2026-07-02,P1011,WH-WEST,63,15,0,28
2026-07-03,P1011,WH-WEST,57,6,0,28
2026-07-04,P1011,WH-WEST,38,19,0,28
2026-07-05,P1011,WH-WEST,118,19,99,28
2026-07-06,P1011,WH-WEST,111,7,0,28
2026-07-07,P1011,WH-WEST,96,15,0,28
2026-07-08,P1011,WH-WEST,83,13,0,28
2026-07-09,P1011,WH-WEST,70,13,0,28
2026-07-10,P1011,WH-WEST,57,13,0,28
2026-07-11,P1011,WH-WEST,44,13,0,28
2026-07-12,P1011,WH-WEST,122,21,99,28
2026-07-13,P1011,WH-WEST,115,7,0,28
2026-07-14,P1011,WH-WEST,100,15,0,28
2026-07-15,P1011,WH-WEST,92,8,0,28
2026-07-16,P1011,WH-WEST,81,11,0,28
2026-07-17,P1011,WH-WEST,71,10,0,28
2026-07-18,P1011,WH-WEST,48,23,0,28
2026-07-19,P1011,WH-WEST,35,13,0,28
2026-07-20,P1011,WH-WEST,120,14,99,28
2026-07-21,P1011,WH-WEST,108,12,0,28
2026-07-22,P1011,WH-WEST,94,14,0,28
2026-07-23,P1011,WH-WEST,82,12,0,28
2026-07-24,P1011,WH-WEST,66,16,0,28
2026-07-25,P1011,WH-WEST,44,22,0,28
2026-07-26,P1011,WH-WEST,127,16,99,28
2026-07-27,P1011,WH-WEST,115,12,0,28
2026-07-28,P1011,WH-WEST,108,7,0,28
2026-07-29,P1011,WH-WEST,92,16,0,28
2026-07-30,P1011,WH-WEST,78,14,0,28
2026-07-31,P1011,WH-WEST,61,17,0,28
2026-08-01,P1011,WH-WEST,38,23,0,28
2026-08-02,P1011,WH-WEST,123,14,99,28
2026-08-03,P1011,WH-WEST,111,12,0,28
2026-08-04,P1011,WH-WEST,97,14,0,28
2026-08-05,P1011,WH-WEST,74,23,0,28
2026-08-06,P1011,WH-WEST,63,11,0,28
2026-08-07,P1011,WH-WEST,53,10,0,28
2026-08-08,P1011,WH-WEST,34,19,0,28
2026-08-09,P1011,WH-WEST,111,22,99,28
2026-08-10,P1011,WH-WEST,106,5,0,28
2026-08-11,P1011,WH-WEST,99,7,0,28
2026-08-12,P1011,WH-WEST,86,13,0,28
2026-08-13,P1011,WH-WEST,71,15,0,28
2025-08-15,P1012,WH-WEST,66,5,0,20
2025-08-16,P1012,WH-WEST,60,6,0,20
2025-08-17,P1012,WH-WEST,51,9,0,20
2025-08-18,P1012,WH-WEST,45,6,0,20
2025-08-19,P1012,WH-WEST,39,6,0,20
2025-08-20,P1012,WH-WEST,35,4,0,20
2025-08-21,P1012,WH-WEST,28,7,0,20
2025-08-22,P1012,WH-WEST,25,3,0,20
2025-08-23,P1012,WH-WEST,76,7,58,20
2025-08-24,P1012,WH-WEST,72,4,0,20
2025-08-25,P1012,WH-WEST,69,3,0,20
2025-08-26,P1012,WH-WEST,66,3,0,20
2025-08-27,P1012,WH-WEST,63,3,0,20
2025-08-28,P1012,WH-WEST,56,7,0,20
2025-08-29,P1012,WH-WEST,53,3,0,20
2025-08-30,P1012,WH-WEST,51,2,0,20
2025-08-31,P1012,WH-WEST,47,4,0,20
2025-09-01,P1012,WH-WEST,46,1,0,20
2025-09-02,P1012,WH-WEST,39,7,0,20
2025-09-03,P1012,WH-WEST,35,4,0,20
2025-09-04,P1012,WH-WEST,33,2,0,20
2025-09-05,P1012,WH-WEST,30,3,0,20
2025-09-06,P1012,WH-WEST,24,6,0,20
2025-09-07,P1012,WH-WEST,21,3,0,20
2025-09-08,P1012,WH-WEST,74,5,58,20
2025-09-09,P1012,WH-WEST,71,3,0,20
2025-09-10,P1012,WH-WEST,67,4,0,20
2025-09-11,P1012,WH-WEST,66,1,0,20
2025-09-12,P1012,WH-WEST,62,4,0,20
2025-09-13,P1012,WH-WEST,59,3,0,20
2025-09-14,P1012,WH-WEST,54,5,0,20
2025-09-15,P1012,WH-WEST,47,7,0,20
2025-09-16,P1012,WH-WEST,42,5,0,20
2025-09-17,P1012,WH-WEST,39,3,0,20
2025-09-18,P1012,WH-WEST,37,2,0,20
2025-09-19,P1012,WH-WEST,35,2,0,20
2025-09-20,P1012,WH-WEST,34,1,0,20
2025-09-21,P1012,WH-WEST,28,6,0,20
2025-09-22,P1012,WH-WEST,25,3,0,20
2025-09-23,P1012,WH-WEST,24,1,0,20
2025-09-24,P1012,WH-WEST,78,4,58,20
2025-09-25,P1012,WH-WEST,74,4,0,20
2025-09-26,P1012,WH-WEST,70,4,0,20
2025-09-27,P1012,WH-WEST,60,10,0,20
2025-09-28,P1012,WH-WEST,58,2,0,20
2025-09-29,P1012,WH-WEST,55,3,0,20
2025-09-30,P1012,WH-WEST,52,3,0,20
2025-10-01,P1012,WH-WEST,49,3,0,20
2025-10-02,P1012,WH-WEST,47,2,0,20
2025-10-03,P1012,WH-WEST,42,5,0,20
2025-10-04,P1012,WH-WEST,33,9,0,20
2025-10-05,P1012,WH-WEST,29,4,0,20
2025-10-06,P1012,WH-WEST,25,4,0,20
2025-10-07,P1012,WH-WEST,78,5,58,20
2025-10-08,P1012,WH-WEST,74,4,0,20
2025-10-09,P1012,WH-WEST,70,4,0,20
2025-10-10,P1012,WH-WEST,68,2,0,20
2025-10-11,P1012,WH-WEST,61,7,0,20
2025-10-12,P1012,WH-WEST,53,8,0,20
2025-10-13,P1012,WH-WEST,51,2,0,20
2025-10-14,P1012,WH-WEST,48,3,0,20
2025-10-15,P1012,WH-WEST,41,7,0,20
2025-10-16,P1012,WH-WEST,36,5,0,20
2025-10-17,P1012,WH-WEST,28,8,0,20
2025-10-18,P1012,WH-WEST,75,11,58,20
2025-10-19,P1012,WH-WEST,66,9,0,20
2025-10-20,P1012,WH-WEST,61,5,0,20
2025-10-21,P1012,WH-WEST,53,8,0,20
2025-10-22,P1012,WH-WEST,46,7,0,20
2025-10-23,P1012,WH-WEST,39,7,0,20
2025-10-24,P1012,WH-WEST,32,7,0,20
2025-10-25,P1012,WH-WEST,28,4,0,20
2025-10-26,P1012,WH-WEST,21,7,0,20
2025-10-27,P1012,WH-WEST,74,5,58,20
2025-10-28,P1012,WH-WEST,72,2,0,20
2025-10-29,P1012,WH-WEST,68,4,0,20
2025-10-30,P1012,WH-WEST,62,6,0,20
2025-10-31,P1012,WH-WEST,58,4,0,20
2025-11-01,P1012,WH-WEST,54,4,0,20
2025-11-02,P1012,WH-WEST,52,2,0,20
2025-11-03,P1012,WH-WEST,48,4,0,20
2025-11-04,P1012,WH-WEST,45,3,0,20
2025-11-05,P1012,WH-WEST,42,3,0,20
2025-11-06,P1012,WH-WEST,40,2,0,20
2025-11-07,P1012,WH-WEST,39,1,0,20
2025-11-08,P1012,WH-WEST,33,6,0,20
2025-11-09,P1012,WH-WEST,30,3,0,20
2025-11-10,P1012,WH-WEST,28,2,0,20
2025-11-11,P1012,WH-WEST,24,4,0,20
2025-11-12,P1012,WH-WEST,78,4,58,20
2025-11-13,P1012,WH-WEST,72,6,0,20
2025-11-14,P1012,WH-WEST,68,4,0,20
2025-11-15,P1012,WH-WEST,58,10,0,20
2025-11-16,P1012,WH-WEST,55,3,0,20
2025-11-17,P1012,WH-WEST,49,6,0,20
2025-11-18,P1012,WH-WEST,46,3,0,20
2025-11-19,P1012,WH-WEST,41,5,0,20
2025-11-20,P1012,WH-WEST,34,7,0,20
2025-11-21,P1012,WH-WEST,28,6,0,20
2025-11-22,P1012,WH-WEST,26,2,0,20
2025-11-23,P1012,WH-WEST,24,2,0,20
2025-11-24,P1012,WH-WEST,74,8,58,20
2025-11-25,P1012,WH-WEST,73,1,0,20
2025-11-26,P1012,WH-WEST,67,6,0,20
2025-11-27,P1012,WH-WEST,63,4,0,20
2025-11-28,P1012,WH-WEST,58,5,0,20
2025-11-29,P1012,WH-WEST,50,8,0,20
2025-11-30,P1012,WH-WEST,47,3,0,20
2025-12-01,P1012,WH-WEST,43,4,0,20
2025-12-02,P1012,WH-WEST,38,5,0,20
2025-12-03,P1012,WH-WEST,34,4,0,20
2025-12-04,P1012,WH-WEST,32,2,0,20
2025-12-05,P1012,WH-WEST,21,11,0,20
2025-12-06,P1012,WH-WEST,74,5,58,20
2025-12-07,P1012,WH-WEST,69,5,0,20
2025-12-08,P1012,WH-WEST,65,4,0,20
2025-12-09,P1012,WH-WEST,60,5,0,20
2025-12-10,P1012,WH-WEST,56,4,0,20
2025-12-11,P1012,WH-WEST,48,8,0,20
2025-12-12,P1012,WH-WEST,46,2,0,20
2025-12-13,P1012,WH-WEST,38,8,0,20
2025-12-14,P1012,WH-WEST,32,6,0,20
2025-12-15,P1012,WH-WEST,30,2,0,20
2025-12-16,P1012,WH-WEST,26,4,0,20
2025-12-17,P1012,WH-WEST,21,5,0,20
2025-12-18,P1012,WH-WEST,73,6,58,20
2025-12-19,P1012,WH-WEST,68,5,0,20
2025-12-20,P1012,WH-WEST,61,7,0,20
2025-12-21,P1012,WH-WEST,56,5,0,20
2025-12-22,P1012,WH-WEST,50,6,0,20
2025-12-23,P1012,WH-WEST,48,2,0,20
2025-12-24,P1012,WH-WEST,43,5,0,20
2025-12-25,P1012,WH-WEST,33,10,0,20
2025-12-26,P1012,WH-WEST,27,6,0,20
2025-12-27,P1012,WH-WEST,25,2,0,20
2025-12-28,P1012,WH-WEST,77,6,58,20
2025-12-29,P1012,WH-WEST,74,3,0,20
2025-12-30,P1012,WH-WEST,73,1,0,20
2025-12-31,P1012,WH-WEST,70,3,0,20
2026-01-01,P1012,WH-WEST,68,2,0,20
2026-01-02,P1012,WH-WEST,65,3,0,20
2026-01-03,P1012,WH-WEST,60,5,0,20
2026-01-04,P1012,WH-WEST,56,4,0,20
2026-01-05,P1012,WH-WEST,53,3,0,20
2026-01-06,P1012,WH-WEST,51,2,0,20
2026-01-07,P1012,WH-WEST,46,5,0,20
2026-01-08,P1012,WH-WEST,44,2,0,20
2026-01-09,P1012,WH-WEST,39,5,0,20
2026-01-10,P1012,WH-WEST,37,2,0,20
2026-01-11,P1012,WH-WEST,32,5,0,20
2026-01-12,P1012,WH-WEST,28,4,0,20
2026-01-13,P1012,WH-WEST,25,3,0,20
2026-01-14,P1012,WH-WEST,23,2,0,20
2026-01-15,P1012,WH-WEST,76,5,58,20
2026-01-16,P1012,WH-WEST,74,2,0,20
2026-01-17,P1012,WH-WEST,71,3,0,20
2026-01-18,P1012,WH-WEST,70,1,0,20
2026-01-19,P1012,WH-WEST,65,5,0,20
2026-01-20,P1012,WH-WEST,64,1,0,20
2026-01-21,P1012,WH-WEST,61,3,0,20
2026-01-22,P1012,WH-WEST,57,4,0,20
2026-01-23,P1012,WH-WEST,53,4,0,20
2026-01-24,P1012,WH-WEST,49,4,0,20
2026-01-25,P1012,WH-WEST,47,2,0,20
2026-01-26,P1012,WH-WEST,45,2,0,20
2026-01-27,P1012,WH-WEST,41,4,0,20
2026-01-28,P1012,WH-WEST,40,1,0,20
2026-01-29,P1012,WH-WEST,34,6,0,20
2026-01-30,P1012,WH-WEST,31,3,0,20
2026-01-31,P1012,WH-WEST,25,6,0,20
2026-02-01,P1012,WH-WEST,77,6,58,20
2026-02-02,P1012,WH-WEST,74,3,0,20
2026-02-03,P1012,WH-WEST,71,3,0,20
2026-02-04,P1012,WH-WEST,71,0,0,20
2026-02-05,P1012,WH-WEST,64,7,0,20
2026-02-06,P1012,WH-WEST,58,6,0,20
2026-02-07,P1012,WH-WEST,56,2,0,20
2026-02-08,P1012,WH-WEST,51,5,0,20
2026-02-09,P1012,WH-WEST,47,4,0,20
2026-02-10,P1012,WH-WEST,45,2,0,20
2026-02-11,P1012,WH-WEST,35,10,0,20
2026-02-12,P1012,WH-WEST,30,5,0,20
2026-02-13,P1012,WH-WEST,27,3,0,20
2026-02-14,P1012,WH-WEST,78,7,58,20
2026-02-15,P1012,WH-WEST,73,5,0,20
2026-02-16,P1012,WH-WEST,70,3,0,20
2026-02-17,P1012,WH-WEST,68,2,0,20
2026-02-18,P1012,WH-WEST,63,5,0,20
2026-02-19,P1012,WH-WEST,61,2,0,20
2026-02-20,P1012,WH-WEST,53,8,0,20
2026-02-21,P1012,WH-WEST,49,4,0,20
2026-02-22,P1012,WH-WEST,44,5,0,20
2026-02-23,P1012,WH-WEST,41,3,0,20
2026-02-24,P1012,WH-WEST,38,3,0,20
2026-02-25,P1012,WH-WEST,35,3,0,20
2026-02-26,P1012,WH-WEST,32,3,0,20
2026-02-27,P1012,WH-WEST,28,4,0,20
2026-02-28,P1012,WH-WEST,24,4,0,20
2026-03-01,P1012,WH-WEST,23,1,0,20
2026-03-02,P1012,WH-WEST,73,8,58,20
2026-03-03,P1012,WH-WEST,68,5,0,20
2026-03-04,P1012,WH-WEST,66,2,0,20
2026-03-05,P1012,WH-WEST,61,5,0,20
2026-03-06,P1012,WH-WEST,57,4,0,20
2026-03-07,P1012,WH-WEST,52,5,0,20
2026-03-08,P1012,WH-WEST,48,4,0,20
2026-03-09,P1012,WH-WEST,42,6,0,20
2026-03-10,P1012,WH-WEST,37,5,0,20
2026-03-11,P1012,WH-WEST,32,5,0,20
2026-03-12,P1012,WH-WEST,27,5,0,20
2026-03-13,P1012,WH-WEST,24,3,0,20
2026-03-14,P1012,WH-WEST,21,3,0,20
2026-03-15,P1012,WH-WEST,74,5,58,20
2026-03-16,P1012,WH-WEST,72,2,0,20
2026-03-17,P1012,WH-WEST,70,2,0,20
2026-03-18,P1012,WH-WEST,65,5,0,20
2026-03-19,P1012,WH-WEST,63,2,0,20
2026-03-20,P1012,WH-WEST,61,2,0,20
2026-03-21,P1012,WH-WEST,57,4,0,20
2026-03-22,P1012,WH-WEST,54,3,0,20
2026-03-23,P1012,WH-WEST,53,1,0,20
2026-03-24,P1012,WH-WEST,51,2,0,20
2026-03-25,P1012,WH-WEST,49,2,0,20
2026-03-26,P1012,WH-WEST,47,2,0,20
2026-03-27,P1012,WH-WEST,46,1,0,20
2026-03-28,P1012,WH-WEST,41,5,0,20
2026-03-29,P1012,WH-WEST,35,6,0,20
2026-03-30,P1012,WH-WEST,35,0,0,20
2026-03-31,P1012,WH-WEST,33,2,0,20
2026-04-01,P1012,WH-WEST,29,4,0,20
2026-04-02,P1012,WH-WEST,28,1,0,20
2026-04-03,P1012,WH-WEST,28,0,0,20
2026-04-04,P1012,WH-WEST,25,3,0,20
2026-04-05,P1012,WH-WEST,23,2,0,20
2026-04-06,P1012,WH-WEST,21,2,0,20
2026-04-07,P1012,WH-WEST,77,2,58,20
2026-04-08,P1012,WH-WEST,76,1,0,20
2026-04-09,P1012,WH-WEST,74,2,0,20
2026-04-10,P1012,WH-WEST,70,4,0,20
2026-04-11,P1012,WH-WEST,66,4,0,20
2026-04-12,P1012,WH-WEST,64,2,0,20
2026-04-13,P1012,WH-WEST,61,3,0,20
2026-04-14,P1012,WH-WEST,57,4,0,20
2026-04-15,P1012,WH-WEST,55,2,0,20
2026-04-16,P1012,WH-WEST,51,4,0,20
2026-04-17,P1012,WH-WEST,51,0,0,20
2026-04-18,P1012,WH-WEST,47,4,0,20
2026-04-19,P1012,WH-WEST,45,2,0,20
2026-04-20,P1012,WH-WEST,44,1,0,20
2026-04-21,P1012,WH-WEST,42,2,0,20
2026-04-22,P1012,WH-WEST,41,1,0,20
2026-04-23,P1012,WH-WEST,39,2,0,20
2026-04-24,P1012,WH-WEST,37,2,0,20
2026-04-25,P1012,WH-WEST,33,4,0,20
2026-04-26,P1012,WH-WEST,31,2,0,20
2026-04-27,P1012,WH-WEST,30,1,0,20
2026-04-28,P1012,WH-WEST,26,4,0,20
2026-04-29,P1012,WH-WEST,23,3,0,20
2026-04-30,P1012,WH-WEST,21,2,0,20
2026-05-01,P1012,WH-WEST,78,1,58,20
2026-05-02,P1012,WH-WEST,74,4,0,20
2026-05-03,P1012,WH-WEST,70,4,0,20
2026-05-04,P1012,WH-WEST,69,1,0,20
2026-05-05,P1012,WH-WEST,68,1,0,20
2026-05-06,P1012,WH-WEST,66,2,0,20
2026-05-07,P1012,WH-WEST,64,2,0,20
2026-05-08,P1012,WH-WEST,61,3,0,20
2026-05-09,P1012,WH-WEST,58,3,0,20
2026-05-10,P1012,WH-WEST,56,2,0,20
2026-05-11,P1012,WH-WEST,55,1,0,20
2026-05-12,P1012,WH-WEST,53,2,0,20
2026-05-13,P1012,WH-WEST,52,1,0,20
2026-05-14,P1012,WH-WEST,49,3,0,20
2026-05-15,P1012,WH-WEST,47,2,0,20
2026-05-16,P1012,WH-WEST,45,2,0,20
2026-05-17,P1012,WH-WEST,42,3,0,20
2026-05-18,P1012,WH-WEST,39,3,0,20
2026-05-19,P1012,WH-WEST,36,3,0,20
2026-05-20,P1012,WH-WEST,36,0,0,20
2026-05-21,P1012,WH-WEST,32,4,0,20
2026-05-22,P1012,WH-WEST,31,1,0,20
2026-05-23,P1012,WH-WEST,26,5,0,20
2026-05-24,P1012,WH-WEST,25,1,0,20
2026-05-25,P1012,WH-WEST,21,4,0,20
2026-05-26,P1012,WH-WEST,77,2,58,20
2026-05-27,P1012,WH-WEST,75,2,0,20
2026-05-28,P1012,WH-WEST,71,4,0,20
2026-05-29,P1012,WH-WEST,66,5,0,20
2026-05-30,P1012,WH-WEST,64,2,0,20
2026-05-31,P1012,WH-WEST,64,0,0,20
2026-06-01,P1012,WH-WEST,62,2,0,20
2026-06-02,P1012,WH-WEST,59,3,0,20
2026-06-03,P1012,WH-WEST,57,2,0,20
2026-06-04,P1012,WH-WEST,55,2,0,20
2026-06-05,P1012,WH-WEST,52,3,0,20
2026-06-06,P1012,WH-WEST,49,3,0,20
2026-06-07,P1012,WH-WEST,45,4,0,20
2026-06-08,P1012,WH-WEST,42,3,0,20
2026-06-09,P1012,WH-WEST,41,1,0,20
2026-06-10,P1012,WH-WEST,38,3,0,20
2026-06-11,P1012,WH-WEST,32,6,0,20
2026-06-12,P1012,WH-WEST,27,5,0,20
2026-06-13,P1012,WH-WEST,24,3,0,20
2026-06-14,P1012,WH-WEST,78,4,58,20
2026-06-15,P1012,WH-WEST,74,4,0,20
2026-06-16,P1012,WH-WEST,69,5,0,20
2026-06-17,P1012,WH-WEST,67,2,0,20
2026-06-18,P1012,WH-WEST,65,2,0,20
2026-06-19,P1012,WH-WEST,63,2,0,20
2026-06-20,P1012,WH-WEST,59,4,0,20
2026-06-21,P1012,WH-WEST,56,3,0,20
2026-06-22,P1012,WH-WEST,54,2,0,20
2026-06-23,P1012,WH-WEST,53,1,0,20
2026-06-24,P1012,WH-WEST,52,1,0,20
2026-06-25,P1012,WH-WEST,48,4,0,20
2026-06-26,P1012,WH-WEST,46,2,0,20
2026-06-27,P1012,WH-WEST,42,4,0,20
2026-06-28,P1012,WH-WEST,41,1,0,20
2026-06-29,P1012,WH-WEST,37,4,0,20
2026-06-30,P1012,WH-WEST,33,4,0,20
2026-07-01,P1012,WH-WEST,30,3,0,20
2026-07-02,P1012,WH-WEST,24,6,0,20
2026-07-03,P1012,WH-WEST,78,4,58,20
2026-07-04,P1012,WH-WEST,77,1,0,20
2026-07-05,P1012,WH-WEST,71,6,0,20
2026-07-06,P1012,WH-WEST,68,3,0,20
2026-07-07,P1012,WH-WEST,65,3,0,20
2026-07-08,P1012,WH-WEST,61,4,0,20
2026-07-09,P1012,WH-WEST,56,5,0,20
2026-07-10,P1012,WH-WEST,54,2,0,20
2026-07-11,P1012,WH-WEST,50,4,0,20
2026-07-12,P1012,WH-WEST,45,5,0,20
2026-07-13,P1012,WH-WEST,42,3,0,20
2026-07-14,P1012,WH-WEST,39,3,0,20
2026-07-15,P1012,WH-WEST,35,4,0,20
2026-07-16,P1012,WH-WEST,31,4,0,20
2026-07-17,P1012,WH-WEST,30,1,0,20
2026-07-18,P1012,WH-WEST,26,4,0,20
2026-07-19,P1012,WH-WEST,77,7,58,20
2026-07-20,P1012,WH-WEST,72,5,0,20
2026-07-21,P1012,WH-WEST,69,3,0,20
2026-07-22,P1012,WH-WEST,64,5,0,20
2026-07-23,P1012,WH-WEST,63,1,0,20
2026-07-24,P1012,WH-WEST,59,4,0,20
2026-07-25,P1012,WH-WEST,56,3,0,20
2026-07-26,P1012,WH-WEST,51,5,0,20
2026-07-27,P1012,WH-WEST,50,1,0,20
2026-07-28,P1012,WH-WEST,48,2,0,20
2026-07-29,P1012,WH-WEST,45,3,0,20
2026-07-30,P1012,WH-WEST,44,1,0,20
2026-07-31,P1012,WH-WEST,39,5,0,20
2026-08-01,P1012,WH-WEST,34,5,0,20
2026-08-02,P1012,WH-WEST,31,3,0,20
2026-08-03,P1012,WH-WEST,26,5,0,20
2026-08-04,P1012,WH-WEST,25,1,0,20
2026-08-05,P1012,WH-WEST,22,3,0,20
2026-08-06,P1012,WH-WEST,76,4,58,20
2026-08-07,P1012,WH-WEST,73,3,0,20
2026-08-08,P1012,WH-WEST,68,5,0,20
2026-08-09,P1012,WH-WEST,62,6,0,20
2026-08-10,P1012,WH-WEST,59,3,0,20
2026-08-11,P1012,WH-WEST,58,1,0,20
2026-08-12,P1012,WH-WEST,54,4,0,20
2026-08-13,P1012,WH-WEST,49,5,0,20
2025-08-15,P1013,WH-WEST,80,7,0,40
2025-08-16,P1013,WH-WEST,68,12,0,40
2025-08-17,P1013,WH-WEST,56,12,0,40
2025-08-18,P1013,WH-WEST,51,5,0,40
2025-08-19,P1013,WH-WEST,47,4,0,40
2025-08-20,P1013,WH-WEST,164,10,127,40
2025-08-21,P1013,WH-WEST,156,8,0,40
2025-08-22,P1013,WH-WEST,143,13,0,40
2025-08-23,P1013,WH-WEST,132,11,0,40
2025-08-24,P1013,WH-WEST,123,9,0,40
2025-08-25,P1013,WH-WEST,114,9,0,40
2025-08-26,P1013,WH-WEST,108,6,0,40
2025-08-27,P1013,WH-WEST,99,9,0,40
2025-08-28,P1013,WH-WEST,94,5,0,40
2025-08-29,P1013,WH-WEST,87,7,0,40
2025-08-30,P1013,WH-WEST,77,10,0,40
2025-08-31,P1013,WH-WEST,63,14,0,40
2025-09-01,P1013,WH-WEST,57,6,0,40
2025-09-02,P1013,WH-WEST,49,8,0,40
2025-09-03,P1013,WH-WEST,42,7,0,40
2025-09-04,P1013,WH-WEST,163,6,127,40
2025-09-05,P1013,WH-WEST,156,7,0,40
2025-09-06,P1013,WH-WEST,144,12,0,40
2025-09-07,P1013,WH-WEST,133,11,0,40
2025-09-08,P1013,WH-WEST,129,4,0,40
2025-09-09,P1013,WH-WEST,122,7,0,40
2025-09-10,P1013,WH-WEST,111,11,0,40
2025-09-11,P1013,WH-WEST,102,9,0,40
2025-09-12,P1013,WH-WEST,93,9,0,40
2025-09-13,P1013,WH-WEST,80,13,0,40
2025-09-14,P1013,WH-WEST,74,6,0,40
2025-09-15,P1013,WH-WEST,67,7,0,40
2025-09-16,P1013,WH-WEST,52,15,0,40
2025-09-17,P1013,WH-WEST,44,8,0,40
2025-09-18,P1013,WH-WEST,161,10,127,40
2025-09-19,P1013,WH-WEST,153,8,0,40
2025-09-20,P1013,WH-WEST,142,11,0,40
2025-09-21,P1013,WH-WEST,127,15,0,40
2025-09-22,P1013,WH-WEST,122,5,0,40
2025-09-23,P1013,WH-WEST,113,9,0,40
2025-09-24,P1013,WH-WEST,107,6,0,40
2025-09-25,P1013,WH-WEST,98,9,0,40
2025-09-26,P1013,WH-WEST,91,7,0,40
2025-09-27,P1013,WH-WEST,80,11,0,40
2025-09-28,P1013,WH-WEST,71,9,0,40
2025-09-29,P1013,WH-WEST,63,8,0,40
2025-09-30,P1013,WH-WEST,57,6,0,40
2025-10-01,P1013,WH-WEST,52,5,0,40
2025-10-02,P1013,WH-WEST,45,7,0,40
2025-10-03,P1013,WH-WEST,163,9,127,40
2025-10-04,P1013,WH-WEST,151,12,0,40
2025-10-05,P1013,WH-WEST,139,12,0,40
2025-10-06,P1013,WH-WEST,133,6,0,40
2025-10-07,P1013,WH-WEST,126,7,0,40
2025-10-08,P1013,WH-WEST,118,8,0,40
2025-10-09,P1013,WH-WEST,111,7,0,40
2025-10-10,P1013,WH-WEST,101,10,0,40
2025-10-11,P1013,WH-WEST,88,13,0,40
2025-10-12,P1013,WH-WEST,83,5,0,40
2025-10-13,P1013,WH-WEST,74,9,0,40
2025-10-14,P1013,WH-WEST,68,6,0,40
2025-10-15,P1013,WH-WEST,64,4,0,40
2025-10-16,P1013,WH-WEST,57,7,0,40
2025-10-17,P1013,WH-WEST,42,15,0,40
2025-10-18,P1013,WH-WEST,159,10,127,40
2025-10-19,P1013,WH-WEST,148,11,0,40
2025-10-20,P1013,WH-WEST,140,8,0,40
2025-10-21,P1013,WH-WEST,134,6,0,40
2025-10-22,P1013,WH-WEST,125,9,0,40
2025-10-23,P1013,WH-WEST,115,10,0,40
2025-10-24,P1013,WH-WEST,109,6,0,40
2025-10-25,P1013,WH-WEST,97,12,0,40
2025-10-26,P1013,WH-WEST,84,13,0,40
2025-10-27,P1013,WH-WEST,77,7,0,40
2025-10-28,P1013,WH-WEST,71,6,0,40
2025-10-29,P1013,WH-WEST,61,10,0,40
2025-10-30,P1013,WH-WEST,49,12,0,40
2025-10-31,P1013,WH-WEST,165,11,127,40
2025-11-01,P1013,WH-WEST,146,19,0,40
2025-11-02,P1013,WH-WEST,135,11,0,40
2025-11-03,P1013,WH-WEST,119,16,0,40
2025-11-04,P1013,WH-WEST,109,10,0,40
2025-11-05,P1013,WH-WEST,97,12,0,40
2025-11-06,P1013,WH-WEST,90,7,0,40
2025-11-07,P1013,WH-WEST,79,11,0,40
2025-11-08,P1013,WH-WEST,63,16,0,40
2025-11-09,P1013,WH-WEST,57,6,0,40
2025-11-10,P1013,WH-WEST,49,8,0,40
2025-11-11,P1013,WH-WEST,163,13,127,40
2025-11-12,P1013,WH-WEST,153,10,0,40
2025-11-13,P1013,WH-WEST,141,12,0,40
2025-11-14,P1013,WH-WEST,133,8,0,40
2025-11-15,P1013,WH-WEST,122,11,0,40
2025-11-16,P1013,WH-WEST,108,14,0,40
2025-11-17,P1013,WH-WEST,94,14,0,40
2025-11-18,P1013,WH-WEST,85,9,0,40
2025-11-19,P1013,WH-WEST,68,17,0,40
2025-11-20,P1013,WH-WEST,57,11,0,40
2025-11-21,P1013,WH-WEST,49,8,0,40
2025-11-22,P1013,WH-WEST,166,10,127,40
2025-11-23,P1013,WH-WEST,153,13,0,40
2025-11-24,P1013,WH-WEST,139,14,0,40
2025-11-25,P1013,WH-WEST,127,12,0,40
2025-11-26,P1013,WH-WEST,120,7,0,40
2025-11-27,P1013,WH-WEST,112,8,0,40
2025-11-28,P1013,WH-WEST,96,16,0,40
2025-11-29,P1013,WH-WEST,87,9,0,40
2025-11-30,P1013,WH-WEST,79,8,0,40
2025-12-01,P1013,WH-WEST,68,11,0,40
2025-12-02,P1013,WH-WEST,58,10,0,40
2025-12-03,P1013,WH-WEST,48,10,0,40
2025-12-04,P1013,WH-WEST,42,6,0,40
2025-12-05,P1013,WH-WEST,163,6,127,40
2025-12-06,P1013,WH-WEST,148,15,0,40
2025-12-07,P1013,WH-WEST,140,8,0,40
2025-12-08,P1013,WH-WEST,132,8,0,40
2025-12-09,P1013,WH-WEST,121,11,0,40
2025-12-10,P1013,WH-WEST,110,11,0,40
2025-12-11,P1013,WH-WEST,102,8,0,40
2025-12-12,P1013,WH-WEST,93,9,0,40
2025-12-13,P1013,WH-WEST,76,17,0,40
2025-12-14,P1013,WH-WEST,66,10,0,40
2025-12-15,P1013,WH-WEST,57,9,0,40
2025-12-16,P1013,WH-WEST,50,7,0,40
2025-12-17,P1013,WH-WEST,46,4,0,40
2025-12-18,P1013,WH-WEST,167,6,127,40
2025-12-19,P1013,WH-WEST,159,8,0,40
2025-12-20,P1013,WH-WEST,152,7,0,40
2025-12-21,P1013,WH-WEST,147,5,0,40
2025-12-22,P1013,WH-WEST,140,7,0,40
2025-12-23,P1013,WH-WEST,126,14,0,40
2025-12-24,P1013,WH-WEST,119,7,0,40
2025-12-25,P1013,WH-WEST,110,9,0,40
2025-12-26,P1013,WH-WEST,106,4,0,40
2025-12-27,P1013,WH-WEST,101,5,0,40
2025-12-28,P1013,WH-WEST,92,9,0,40
2025-12-29,P1013,WH-WEST,82,10,0,40
2025-12-30,P1013,WH-WEST,76,6,0,40
2025-12-31,P1013,WH-WEST,68,8,0,40
2026-01-01,P1013,WH-WEST,56,12,0,40
2026-01-02,P1013,WH-WEST,46,10,0,40
2026-01-03,P1013,WH-WEST,165,8,127,40
2026-01-04,P1013,WH-WEST,155,10,0,40
2026-01-05,P1013,WH-WEST,150,5,0,40
2026-01-06,P1013,WH-WEST,145,5,0,40
2026-01-07,P1013,WH-WEST,139,6,0,40
2026-01-08,P1013,WH-WEST,125,14,0,40
2026-01-09,P1013,WH-WEST,117,8,0,40
2026-01-10,P1013,WH-WEST,107,10,0,40
2026-01-11,P1013,WH-WEST,90,17,0,40
2026-01-12,P1013,WH-WEST,76,14,0,40
2026-01-13,P1013,WH-WEST,71,5,0,40
2026-01-14,P1013,WH-WEST,54,17,0,40
2026-01-15,P1013,WH-WEST,46,8,0,40
2026-01-16,P1013,WH-WEST,167,6,127,40
2026-01-17,P1013,WH-WEST,157,10,0,40
2026-01-18,P1013,WH-WEST,147,10,0,40
2026-01-19,P1013,WH-WEST,136,11,0,40
2026-01-20,P1013,WH-WEST,128,8,0,40
2026-01-21,P1013,WH-WEST,121,7,0,40
2026-01-22,P1013,WH-WEST,111,10,0,40
2026-01-23,P1013,WH-WEST,99,12,0,40
2026-01-24,P1013,WH-WEST,91,8,0,40
2026-01-25,P1013,WH-WEST,82,9,0,40
2026-01-26,P1013,WH-WEST,75,7,0,40
2026-01-27,P1013,WH-WEST,63,12,0,40
2026-01-28,P1013,WH-WEST,53,10,0,40
2026-01-29,P1013,WH-WEST,45,8,0,40
2026-01-30,P1013,WH-WEST,165,7,127,40
2026-01-31,P1013,WH-WEST,146,19,0,40
2026-02-01,P1013,WH-WEST,139,7,0,40
2026-02-02,P1013,WH-WEST,130,9,0,40
2026-02-03,P1013,WH-WEST,121,9,0,40
2026-02-04,P1013,WH-WEST,113,8,0,40
2026-02-05,P1013,WH-WEST,105,8,0,40
2026-02-06,P1013,WH-WEST,97,8,0,40
2026-02-07,P1013,WH-WEST,88,9,0,40
2026-02-08,P1013,WH-WEST,75,13,0,40
2026-02-09,P1013,WH-WEST,66,9,0,40
2026-02-10,P1013,WH-WEST,61,5,0,40
2026-02-11,P1013,WH-WEST,56,5,0,40
2026-02-12,P1013,WH-WEST,52,4,0,40
2026-02-13,P1013,WH-WEST,44,8,0,40
2026-02-14,P1013,WH-WEST,165,6,127,40
2026-02-15,P1013,WH-WEST,154,11,0,40
2026-02-16,P1013,WH-WEST,149,5,0,40
2026-02-17,P1013,WH-WEST,143,6,0,40
2026-02-18,P1013,WH-WEST,137,6,0,40
2026-02-19,P1013,WH-WEST,135,2,0,40
2026-02-20,P1013,WH-WEST,122,13,0,40
2026-02-21,P1013,WH-WEST,112,10,0,40
2026-02-22,P1013,WH-WEST,101,11,0,40
2026-02-23,P1013,WH-WEST,95,6,0,40
2026-02-24,P1013,WH-WEST,85,10,0,40
2026-02-25,P1013,WH-WEST,79,6,0,40
2026-02-26,P1013,WH-WEST,76,3,0,40
2026-02-27,P1013,WH-WEST,71,5,0,40
2026-02-28,P1013,WH-WEST,63,8,0,40
2026-03-01,P1013,WH-WEST,58,5,0,40
2026-03-02,P1013,WH-WEST,50,8,0,40
2026-03-03,P1013,WH-WEST,45,5,0,40
2026-03-04,P1013,WH-WEST,167,5,127,40
2026-03-05,P1013,WH-WEST,156,11,0,40
2026-03-06,P1013,WH-WEST,148,8,0,40
2026-03-07,P1013,WH-WEST,143,5,0,40
2026-03-08,P1013,WH-WEST,135,8,0,40
2026-03-09,P1013,WH-WEST,129,6,0,40
2026-03-10,P1013,WH-WEST,126,3,0,40
2026-03-11,P1013,WH-WEST,118,8,0,40
2026-03-12,P1013,WH-WEST,113,5,0,40
2026-03-13,P1013,WH-WEST,107,6,0,40
2026-03-14,P1013,WH-WEST,102,5,0,40
2026-03-15,P1013,WH-WEST,94,8,0,40
2026-03-16,P1013,WH-WEST,88,6,0,40
2026-03-17,P1013,WH-WEST,84,4,0,40
2026-03-18,P1013,WH-WEST,78,6,0,40
2026-03-19,P1013,WH-WEST,72,6,0,40
2026-03-20,P1013,WH-WEST,64,8,0,40
2026-03-21,P1013,WH-WEST,56,8,0,40
2026-03-22,P1013,WH-WEST,50,6,0,40
2026-03-23,P1013,WH-WEST,48,2,0,40
2026-03-24,P1013,WH-WEST,44,4,0,40
2026-03-25,P1013,WH-WEST,43,1,0,40
2026-03-26,P1013,WH-WEST,165,5,127,40
2026-03-27,P1013,WH-WEST,156,9,0,40
2026-03-28,P1013,WH-WEST,147,9,0,40
2026-03-29,P1013,WH-WEST,141,6,0,40
2026-03-30,P1013,WH-WEST,134,7,0,40
2026-03-31,P1013,WH-WEST,128,6,0,40
2026-04-01,P1013,WH-WEST,115,13,0,40
2026-04-02,P1013,WH-WEST,114,1,0,40
2026-04-03,P1013,WH-WEST,106,8,0,40
2026-04-04,P1013,WH-WEST,101,5,0,40
2026-04-05,P1013,WH-WEST,93,8,0,40
2026-04-06,P1013,WH-WEST,89,4,0,40
2026-04-07,P1013,WH-WEST,84,5,0,40
2026-04-08,P1013,WH-WEST,79,5,0,40
2026-04-09,P1013,WH-WEST,76,3,0,40
2026-04-10,P1013,WH-WEST,65,11,0,40
2026-04-11,P1013,WH-WEST,59,6,0,40
2026-04-12,P1013,WH-WEST,57,2,0,40
2026-04-13,P1013,WH-WEST,52,5,0,40
2026-04-14,P1013,WH-WEST,43,9,0,40
2026-04-15,P1013,WH-WEST,162,8,127,40
2026-04-16,P1013,WH-WEST,158,4,0,40
2026-04-17,P1013,WH-WEST,153,5,0,40
2026-04-18,P1013,WH-WEST,143,10,0,40
2026-04-19,P1013,WH-WEST,137,6,0,40
2026-04-20,P1013,WH-WEST,129,8,0,40
2026-04-21,P1013,WH-WEST,122,7,0,40
2026-04-22,P1013,WH-WEST,118,4,0,40
2026-04-23,P1013,WH-WEST,107,11,0,40
2026-04-24,P1013,WH-WEST,102,5,0,40
2026-04-25,P1013,WH-WEST,95,7,0,40
2026-04-26,P1013,WH-WEST,85,10,0,40
2026-04-27,P1013,WH-WEST,82,3,0,40
2026-04-28,P1013,WH-WEST,78,4,0,40
2026-04-29,P1013,WH-WEST,76,2,0,40
2026-04-30,P1013,WH-WEST,74,2,0,40
2026-05-01,P1013,WH-WEST,69,5,0,40
2026-05-02,P1013,WH-WEST,62,7,0,40
2026-05-03,P1013,WH-WEST,57,5,0,40
2026-05-04,P1013,WH-WEST,50,7,0,40
2026-05-05,P1013,WH-WEST,165,12,127,40
2026-05-06,P1013,WH-WEST,161,4,0,40
2026-05-07,P1013,WH-WEST,159,2,0,40
2026-05-08,P1013,WH-WEST,156,3,0,40
2026-05-09,P1013,WH-WEST,150,6,0,40
2026-05-10,P1013,WH-WEST,145,5,0,40
2026-05-11,P1013,WH-WEST,141,4,0,40
2026-05-12,P1013,WH-WEST,136,5,0,40
2026-05-13,P1013,WH-WEST,132,4,0,40
2026-05-14,P1013,WH-WEST,129,3,0,40
2026-05-15,P1013,WH-WEST,121,8,0,40
2026-05-16,P1013,WH-WEST,111,10,0,40
2026-05-17,P1013,WH-WEST,101,10,0,40
2026-05-18,P1013,WH-WEST,99,2,0,40
2026-05-19,P1013,WH-WEST,94,5,0,40
2026-05-20,P1013,WH-WEST,87,7,0,40
2026-05-21,P1013,WH-WEST,83,4,0,40
2026-05-22,P1013,WH-WEST,79,4,0,40
2026-05-23,P1013,WH-WEST,74,5,0,40
2026-05-24,P1013,WH-WEST,67,7,0,40
2026-05-25,P1013,WH-WEST,64,3,0,40
2026-05-26,P1013,WH-WEST,55,9,0,40
2026-05-27,P1013,WH-WEST,47,8,0,40
2026-05-28,P1013,WH-WEST,43,4,0,40
2026-05-29,P1013,WH-WEST,167,3,127,40
2026-05-30,P1013,WH-WEST,156,11,0,40
2026-05-31,P1013,WH-WEST,149,7,0,40
2026-06-01,P1013,WH-WEST,142,7,0,40
2026-06-02,P1013,WH-WEST,136,6,0,40
2026-06-03,P1013,WH-WEST,135,1,0,40
2026-06-04,P1013,WH-WEST,128,7,0,40
2026-06-05,P1013,WH-WEST,126,2,0,40
2026-06-06,P1013,WH-WEST,124,2,0,40
2026-06-07,P1013,WH-WEST,118,6,0,40
2026-06-08,P1013,WH-WEST,113,5,0,40
2026-06-09,P1013,WH-WEST,107,6,0,40
2026-06-10,P1013,WH-WEST,96,11,0,40
2026-06-11,P1013,WH-WEST,87,9,0,40
2026-06-12,P1013,WH-WEST,82,5,0,40
2026-06-13,P1013,WH-WEST,79,3,0,40
2026-06-14,P1013,WH-WEST,74,5,0,40
2026-06-15,P1013,WH-WEST,67,7,0,40
2026-06-16,P1013,WH-WEST,64,3,0,40
2026-06-17,P1013,WH-WEST,56,8,0,40
2026-06-18,P1013,WH-WEST,50,6,0,40
2026-06-19,P1013,WH-WEST,43,7,0,40
2026-06-20,P1013,WH-WEST,164,6,127,40
2026-06-21,P1013,WH-WEST,159,5,0,40
2026-06-22,P1013,WH-WEST,158,1,0,40
2026-06-23,P1013,WH-WEST,151,7,0,40
2026-06-24,P1013,WH-WEST,142,9,0,40
2026-06-25,P1013,WH-WEST,138,4,0,40
2026-06-26,P1013,WH-WEST,130,8,0,40
2026-06-27,P1013,WH-WEST,123,7,0,40
2026-06-28,P1013,WH-WEST,119,4,0,40
2026-06-29,P1013,WH-WEST,117,2,0,40
2026-06-30,P1013,WH-WEST,110,7,0,40
2026-07-01,P1013,WH-WEST,108,2,0,40
2026-07-02,P1013,WH-WEST,101,7,0,40
2026-07-03,P1013,WH-WEST,98,3,0,40
2026-07-04,P1013,WH-WEST,88,10,0,40
2026-07-05,P1013,WH-WEST,84,4,0,40
2026-07-06,P1013,WH-WEST,75,9,0,40
2026-07-07,P1013,WH-WEST,69,6,0,40
2026-07-08,P1013,WH-WEST,68,1,0,40
2026-07-09,P1013,WH-WEST,63,5,0,40
2026-07-10,P1013,WH-WEST,58,5,0,40
2026-07-11,P1013,WH-WEST,55,3,0,40
2026-07-12,P1013,WH-WEST,50,5,0,40
2026-07-13,P1013,WH-WEST,47,3,0,40
2026-07-14,P1013,WH-WEST,44,3,0,40
2026-07-15,P1013,WH-WEST,166,5,127,40
2026-07-16,P1013,WH-WEST,157,9,0,40
2026-07-17,P1013,WH-WEST,151,6,0,40
2026-07-18,P1013,WH-WEST,145,6,0,40
2026-07-19,P1013,WH-WEST,134,11,0,40
2026-07-20,P1013,WH-WEST,127,7,0,40
2026-07-21,P1013,WH-WEST,118,9,0,40
2026-07-22,P1013,WH-WEST,113,5,0,40
2026-07-23,P1013,WH-WEST,106,7,0,40
2026-07-24,P1013,WH-WEST,99,7,0,40
2026-07-25,P1013,WH-WEST,88,11,0,40
2026-07-26,P1013,WH-WEST,78,10,0,40
2026-07-27,P1013,WH-WEST,72,6,0,40
2026-07-28,P1013,WH-WEST,64,8,0,40
2026-07-29,P1013,WH-WEST,58,6,0,40
2026-07-30,P1013,WH-WEST,50,8,0,40
2026-07-31,P1013,WH-WEST,46,4,0,40
2026-08-01,P1013,WH-WEST,166,7,127,40
2026-08-02,P1013,WH-WEST,156,10,0,40
2026-08-03,P1013,WH-WEST,146,10,0,40
2026-08-04,P1013,WH-WEST,142,4,0,40
2026-08-05,P1013,WH-WEST,138,4,0,40
2026-08-06,P1013,WH-WEST,132,6,0,40
2026-08-07,P1013,WH-WEST,121,11,0,40
2026-08-08,P1013,WH-WEST,112,9,0,40
2026-08-09,P1013,WH-WEST,99,13,0,40
2026-08-10,P1013,WH-WEST,91,8,0,40
2026-08-11,P1013,WH-WEST,77,14,0,40
2026-08-12,P1013,WH-WEST,75,2,0,40
2026-08-13,P1013,WH-WEST,66,9,0,40
2025-08-15,P1014,WH-CENTRAL,55,1,0,28
2025-08-16,P1014,WH-CENTRAL,52,3,0,28
2025-08-17,P1014,WH-CENTRAL,43,9,0,28
2025-08-18,P1014,WH-CENTRAL,40,3,0,28
2025-08-19,P1014,WH-CENTRAL,29,11,0,28
2025-08-20,P1014,WH-CENTRAL,122,4,97,28
2025-08-21,P1014,WH-CENTRAL,118,4,0,28
2025-08-22,P1014,WH-CENTRAL,115,3,0,28
2025-08-23,P1014,WH-CENTRAL,104,11,0,28
2025-08-24,P1014,WH-CENTRAL,92,12,0,28
2025-08-25,P1014,WH-CENTRAL,88,4,0,28
2025-08-26,P1014,WH-CENTRAL,84,4,0,28
2025-08-27,P1014,WH-CENTRAL,76,8,0,28
2025-08-28,P1014,WH-CENTRAL,71,5,0,28
2025-08-29,P1014,WH-CENTRAL,67,4,0,28
2025-08-30,P1014,WH-CENTRAL,62,5,0,28
2025-08-31,P1014,WH-CENTRAL,55,7,0,28
2025-09-01,P1014,WH-CENTRAL,46,9,0,28
2025-09-02,P1014,WH-CENTRAL,37,9,0,28
2025-09-03,P1014,WH-CENTRAL,32,5,0,28
2025-09-04,P1014,WH-CENTRAL,120,9,97,28
2025-09-05,P1014,WH-CENTRAL,115,5,0,28
2025-09-06,P1014,WH-CENTRAL,108,7,0,28
2025-09-07,P1014,WH-CENTRAL,103,5,0,28
2025-09-08,P1014,WH-CENTRAL,94,9,0,28
2025-09-09,P1014,WH-CENTRAL,87,7,0,28
2025-09-10,P1014,WH-CENTRAL,84,3,0,28
2025-09-11,P1014,WH-CENTRAL,78,6,0,28
2025-09-12,P1014,WH-CENTRAL,73,5,0,28
2025-09-13,P1014,WH-CENTRAL,67,6,0,28
2025-09-14,P1014,WH-CENTRAL,62,5,0,28
2025-09-15,P1014,WH-CENTRAL,55,7,0,28
2025-09-16,P1014,WH-CENTRAL,49,6,0,28
2025-09-17,P1014,WH-CENTRAL,46,3,0,28
2025-09-18,P1014,WH-CENTRAL,37,9,0,28
2025-09-19,P1014,WH-CENTRAL,30,7,0,28
2025-09-20,P1014,WH-CENTRAL,121,6,97,28
2025-09-21,P1014,WH-CENTRAL,112,9,0,28
2025-09-22,P1014,WH-CENTRAL,98,14,0,28
2025-09-23,P1014,WH-CENTRAL,93,5,0,28
2025-09-24,P1014,WH-CENTRAL,88,5,0,28
2025-09-25,P1014,WH-CENTRAL,82,6,0,28
2025-09-26,P1014,WH-CENTRAL,72,10,0,28
2025-09-27,P1014,WH-CENTRAL,62,10,0,28
2025-09-28,P1014,WH-CENTRAL,55,7,0,28
2025-09-29,P1014,WH-CENTRAL,44,11,0,28
2025-09-30,P1014,WH-CENTRAL,35,9,0,28
2025-10-01,P1014,WH-CENTRAL,122,10,97,28
2025-10-02,P1014,WH-CENTRAL,116,6,0,28
2025-10-03,P1014,WH-CENTRAL,107,9,0,28
2025-10-04,P1014,WH-CENTRAL,101,6,0,28
2025-10-05,P1014,WH-CENTRAL,93,8,0,28
2025-10-06,P1014,WH-CENTRAL,86,7,0,28
2025-10-07,P1014,WH-CENTRAL,82,4,0,28
2025-10-08,P1014,WH-CENTRAL,76,6,0,28
2025-10-09,P1014,WH-CENTRAL,72,4,0,28
2025-10-10,P1014,WH-CENTRAL,66,6,0,28
2025-10-11,P1014,WH-CENTRAL,56,10,0,28
2025-10-12,P1014,WH-CENTRAL,47,9,0,28
2025-10-13,P1014,WH-CENTRAL,39,8,0,28
2025-10-14,P1014,WH-CENTRAL,34,5,0,28
2025-10-15,P1014,WH-CENTRAL,30,4,0,28
2025-10-16,P1014,WH-CENTRAL,118,9,97,28
2025-10-17,P1014,WH-CENTRAL,112,6,0,28
2025-10-18,P1014,WH-CENTRAL,106,6,0,28
2025-10-19,P1014,WH-CENTRAL,96,10,0,28
2025-10-20,P1014,WH-CENTRAL,88,8,0,28
2025-10-21,P1014,WH-CENTRAL,80,8,0,28
2025-10-22,P1014,WH-CENTRAL,70,10,0,28
2025-10-23,P1014,WH-CENTRAL,64,6,0,28
2025-10-24,P1014,WH-CENTRAL,58,6,0,28
2025-10-25,P1014,WH-CENTRAL,47,11,0,28
2025-10-26,P1014,WH-CENTRAL,39,8,0,28
2025-10-27,P1014,WH-CENTRAL,32,7,0,28
2025-10-28,P1014,WH-CENTRAL,120,9,97,28
2025-10-29,P1014,WH-CENTRAL,111,9,0,28
2025-10-30,P1014,WH-CENTRAL,103,8,0,28
2025-10-31,P1014,WH-CENTRAL,97,6,0,28
2025-11-01,P1014,WH-CENTRAL,90,7,0,28
2025-11-02,P1014,WH-CENTRAL,84,6,0,28
2025-11-03,P1014,WH-CENTRAL,73,11,0,28
2025-11-04,P1014,WH-CENTRAL,61,12,0,28
2025-11-05,P1014,WH-CENTRAL,55,6,0,28
2025-11-06,P1014,WH-CENTRAL,40,15,0,28
2025-11-07,P1014,WH-CENTRAL,34,6,0,28
2025-11-08,P1014,WH-CENTRAL,120,11,97,28
2025-11-09,P1014,WH-CENTRAL,112,8,0,28
2025-11-10,P1014,WH-CENTRAL,107,5,0,28
2025-11-11,P1014,WH-CENTRAL,97,10,0,28
2025-11-12,P1014,WH-CENTRAL,93,4,0,28
2025-11-13,P1014,WH-CENTRAL,85,8,0,28
2025-11-14,P1014,WH-CENTRAL,74,11,0,28
2025-11-15,P1014,WH-CENTRAL,67,7,0,28
2025-11-16,P1014,WH-CENTRAL,59,8,0,28
2025-11-17,P1014,WH-CENTRAL,51,8,0,28
2025-11-18,P1014,WH-CENTRAL,41,10,0,28
2025-11-19,P1014,WH-CENTRAL,32,9,0,28
2025-11-20,P1014,WH-CENTRAL,125,4,97,28
2025-11-21,P1014,WH-CENTRAL,118,7,0,28
2025-11-22,P1014,WH-CENTRAL,102,16,0,28
2025-11-23,P1014,WH-CENTRAL,92,10,0,28
2025-11-24,P1014,WH-CENTRAL,77,15,0,28
2025-11-25,P1014,WH-CENTRAL,68,9,0,28
2025-11-26,P1014,WH-CENTRAL,62,6,0,28
2025-11-27,P1014,WH-CENTRAL,55,7,0,28
2025-11-28,P1014,WH-CENTRAL,45,10,0,28
2025-11-29,P1014,WH-CENTRAL,34,11,0,28
2025-11-30,P1014,WH-CENTRAL,122,9,97,28
2025-12-01,P1014,WH-CENTRAL,112,10,0,28
2025-12-02,P1014,WH-CENTRAL,104,8,0,28
2025-12-03,P1014,WH-CENTRAL,96,8,0,28
2025-12-04,P1014,WH-CENTRAL,91,5,0,28
2025-12-05,P1014,WH-CENTRAL,87,4,0,28
2025-12-06,P1014,WH-CENTRAL,79,8,0,28
2025-12-07,P1014,WH-CENTRAL,69,10,0,28
2025-12-08,P1014,WH-CENTRAL,63,6,0,28
2025-12-09,P1014,WH-CENTRAL,57,6,0,28
2025-12-10,P1014,WH-CENTRAL,49,8,0,28
2025-12-11,P1014,WH-CENTRAL,38,11,0,28
2025-12-12,P1014,WH-CENTRAL,32,6,0,28
2025-12-13,P1014,WH-CENTRAL,118,11,97,28
2025-12-14,P1014,WH-CENTRAL,113,5,0,28
2025-12-15,P1014,WH-CENTRAL,109,4,0,28
2025-12-16,P1014,WH-CENTRAL,102,7,0,28
2025-12-17,P1014,WH-CENTRAL,95,7,0,28
2025-12-18,P1014,WH-CENTRAL,90,5,0,28
2025-12-19,P1014,WH-CENTRAL,79,11,0,28
2025-12-20,P1014,WH-CENTRAL,73,6,0,28
2025-12-21,P1014,WH-CENTRAL,64,9,0,28
2025-12-22,P1014,WH-CENTRAL,58,6,0,28
2025-12-23,P1014,WH-CENTRAL,50,8,0,28
2025-12-24,P1014,WH-CENTRAL,41,9,0,28
2025-12-25,P1014,WH-CENTRAL,37,4,0,28
2025-12-26,P1014,WH-CENTRAL,123,11,97,28
2025-12-27,P1014,WH-CENTRAL,114,9,0,28
2025-12-28,P1014,WH-CENTRAL,110,4,0,28
2025-12-29,P1014,WH-CENTRAL,99,11,0,28
2025-12-30,P1014,WH-CENTRAL,93,6,0,28
2025-12-31,P1014,WH-CENTRAL,84,9,0,28
2026-01-01,P1014,WH-CENTRAL,79,5,0,28
2026-01-02,P1014,WH-CENTRAL,74,5,0,28
2026-01-03,P1014,WH-CENTRAL,66,8,0,28
2026-01-04,P1014,WH-CENTRAL,60,6,0,28
2026-01-05,P1014,WH-CENTRAL,50,10,0,28
2026-01-06,P1014,WH-CENTRAL,47,3,0,28
2026-01-07,P1014,WH-CENTRAL,38,9,0,28
2026-01-08,P1014,WH-CENTRAL,32,6,0,28
2026-01-09,P1014,WH-CENTRAL,120,9,97,28
2026-01-10,P1014,WH-CENTRAL,110,10,0,28
2026-01-11,P1014,WH-CENTRAL,94,16,0,28
2026-01-12,P1014,WH-CENTRAL,84,10,0,28
2026-01-13,P1014,WH-CENTRAL,80,4,0,28
2026-01-14,P1014,WH-CENTRAL,75,5,0,28
2026-01-15,P1014,WH-CENTRAL,70,5,0,28
2026-01-16,P1014,WH-CENTRAL,65,5,0,28
2026-01-17,P1014,WH-CENTRAL,58,7,0,28
2026-01-18,P1014,WH-CENTRAL,52,6,0,28
2026-01-19,P1014,WH-CENTRAL,42,10,0,28
2026-01-20,P1014,WH-CENTRAL,36,6,0,28
2026-01-21,P1014,WH-CENTRAL,125,8,97,28
2026-01-22,P1014,WH-CENTRAL,119,6,0,28
2026-01-23,P1014,WH-CENTRAL,114,5,0,28
2026-01-24,P1014,WH-CENTRAL,106,8,0,28
2026-01-25,P1014,WH-CENTRAL,94,12,0,28
2026-01-26,P1014,WH-CENTRAL,90,4,0,28
2026-01-27,P1014,WH-CENTRAL,83,7,0,28
2026-01-28,P1014,WH-CENTRAL,77,6,0,28
2026-01-29,P1014,WH-CENTRAL,74,3,0,28
2026-01-30,P1014,WH-CENTRAL,67,7,0,28
2026-01-31,P1014,WH-CENTRAL,56,11,0,28
2026-02-01,P1014,WH-CENTRAL,53,3,0,28
2026-02-02,P1014,WH-CENTRAL,50,3,0,28
2026-02-03,P1014,WH-CENTRAL,49,1,0,28
2026-02-04,P1014,WH-CENTRAL,41,8,0,28
2026-02-05,P1014,WH-CENTRAL,33,8,0,28
2026-02-06,P1014,WH-CENTRAL,121,9,97,28
2026-02-07,P1014,WH-CENTRAL,111,10,0,28
2026-02-08,P1014,WH-CENTRAL,105,6,0,28
2026-02-09,P1014,WH-CENTRAL,95,10,0,28
2026-02-10,P1014,WH-CENTRAL,89,6,0,28
2026-02-11,P1014,WH-CENTRAL,80,9,0,28
2026-02-12,P1014,WH-CENTRAL,74,6,0,28
2026-02-13,P1014,WH-CENTRAL,70,4,0,28
2026-02-14,P1014,WH-CENTRAL,67,3,0,28
2026-02-15,P1014,WH-CENTRAL,62,5,0,28
2026-02-16,P1014,WH-CENTRAL,56,6,0,28
2026-02-17,P1014,WH-CENTRAL,50,6,0,28
2026-02-18,P1014,WH-CENTRAL,43,7,0,28
2026-02-19,P1014,WH-CENTRAL,37,6,0,28
2026-02-20,P1014,WH-CENTRAL,35,2,0,28
2026-02-21,P1014,WH-CENTRAL,125,7,97,28
2026-02-22,P1014,WH-CENTRAL,119,6,0,28
2026-02-23,P1014,WH-CENTRAL,116,3,0,28
2026-02-24,P1014,WH-CENTRAL,111,5,0,28
2026-02-25,P1014,WH-CENTRAL,101,10,0,28
2026-02-26,P1014,WH-CENTRAL,95,6,0,28
2026-02-27,P1014,WH-CENTRAL,90,5,0,28
2026-02-28,P1014,WH-CENTRAL,87,3,0,28
2026-03-01,P1014,WH-CENTRAL,81,6,0,28
2026-03-02,P1014,WH-CENTRAL,75,6,0,28
2026-03-03,P1014,WH-CENTRAL,71,4,0,28
2026-03-04,P1014,WH-CENTRAL,65,6,0,28
2026-03-05,P1014,WH-CENTRAL,61,4,0,28
2026-03-06,P1014,WH-CENTRAL,57,4,0,28
2026-03-07,P1014,WH-CENTRAL,54,3,0,28
2026-03-08,P1014,WH-CENTRAL,48,6,0,28
2026-03-09,P1014,WH-CENTRAL,42,6,0,28
2026-03-10,P1014,WH-CENTRAL,31,11,0,28
2026-03-11,P1014,WH-CENTRAL,121,7,97,28
2026-03-12,P1014,WH-CENTRAL,111,10,0,28
2026-03-13,P1014,WH-CENTRAL,103,8,0,28
2026-03-14,P1014,WH-CENTRAL,98,5,0,28
2026-03-15,P1014,WH-CENTRAL,91,7,0,28
2026-03-16,P1014,WH-CENTRAL,85,6,0,28
2026-03-17,P1014,WH-CENTRAL,82,3,0,28
2026-03-18,P1014,WH-CENTRAL,78,4,0,28
2026-03-19,P1014,WH-CENTRAL,72,6,0,28
2026-03-20,P1014,WH-CENTRAL,68,4,0,28
2026-03-21,P1014,WH-CENTRAL,55,13,0,28
2026-03-22,P1014,WH-CENTRAL,51,4,0,28
2026-03-23,P1014,WH-CENTRAL,43,8,0,28
2026-03-24,P1014,WH-CENTRAL,38,5,0,28
2026-03-25,P1014,WH-CENTRAL,37,1,0,28
2026-03-26,P1014,WH-CENTRAL,34,3,0,28
2026-03-27,P1014,WH-CENTRAL,123,8,97,28
2026-03-28,P1014,WH-CENTRAL,113,10,0,28
2026-03-29,P1014,WH-CENTRAL,107,6,0,28
2026-03-30,P1014,WH-CENTRAL,101,6,0,28
2026-03-31,P1014,WH-CENTRAL,93,8,0,28
2026-04-01,P1014,WH-CENTRAL,90,3,0,28
2026-04-02,P1014,WH-CENTRAL,83,7,0,28
2026-04-03,P1014,WH-CENTRAL,77,6,0,28
2026-04-04,P1014,WH-CENTRAL,70,7,0,28
2026-04-05,P1014,WH-CENTRAL,62,8,0,28
2026-04-06,P1014,WH-CENTRAL,59,3,0,28
2026-04-07,P1014,WH-CENTRAL,55,4,0,28
2026-04-08,P1014,WH-CENTRAL,52,3,0,28
2026-04-09,P1014,WH-CENTRAL,52,0,0,28
2026-04-10,P1014,WH-CENTRAL,45,7,0,28
2026-04-11,P1014,WH-CENTRAL,38,7,0,28
2026-04-12,P1014,WH-CENTRAL,35,3,0,28
2026-04-13,P1014,WH-CENTRAL,32,3,0,28
2026-04-14,P1014,WH-CENTRAL,29,3,0,28
2026-04-15,P1014,WH-CENTRAL,122,4,97,28
2026-04-16,P1014,WH-CENTRAL,115,7,0,28
2026-04-17,P1014,WH-CENTRAL,110,5,0,28
2026-04-18,P1014,WH-CENTRAL,102,8,0,28
2026-04-19,P1014,WH-CENTRAL,96,6,0,28
2026-04-20,P1014,WH-CENTRAL,91,5,0,28
2026-04-21,P1014,WH-CENTRAL,88,3,0,28
2026-04-22,P1014,WH-CENTRAL,83,5,0,28
2026-04-23,P1014,WH-CENTRAL,80,3,0,28
2026-04-24,P1014,WH-CENTRAL,77,3,0,28
2026-04-25,P1014,WH-CENTRAL,71,6,0,28
2026-04-26,P1014,WH-CENTRAL,66,5,0,28
2026-04-27,P1014,WH-CENTRAL,64,2,0,28
2026-04-28,P1014,WH-CENTRAL,61,3,0,28
2026-04-29,P1014,WH-CENTRAL,58,3,0,28
2026-04-30,P1014,WH-CENTRAL,54,4,0,28
2026-05-01,P1014,WH-CENTRAL,50,4,0,28
2026-05-02,P1014,WH-CENTRAL,41,9,0,28
2026-05-03,P1014,WH-CENTRAL,36,5,0,28
2026-05-04,P1014,WH-CENTRAL,33,3,0,28
2026-05-05,P1014,WH-CENTRAL,31,2,0,28
2026-05-06,P1014,WH-CENTRAL,29,2,0,28
2026-05-07,P1014,WH-CENTRAL,125,1,97,28
2026-05-08,P1014,WH-CENTRAL,117,8,0,28
2026-05-09,P1014,WH-CENTRAL,110,7,0,28
2026-05-10,P1014,WH-CENTRAL,105,5,0,28
2026-05-11,P1014,WH-CENTRAL,101,4,0,28
2026-05-12,P1014,WH-CENTRAL,96,5,0,28
2026-05-13,P1014,WH-CENTRAL,92,4,0,28
2026-05-14,P1014,WH-CENTRAL,87,5,0,28
2026-05-15,P1014,WH-CENTRAL,85,2,0,28
2026-05-16,P1014,WH-CENTRAL,80,5,0,28
2026-05-17,P1014,WH-CENTRAL,78,2,0,28
2026-05-18,P1014,WH-CENTRAL,74,4,0,28
2026-05-19,P1014,WH-CENTRAL,71,3,0,28
2026-05-20,P1014,WH-CENTRAL,70,1,0,28
2026-05-21,P1014,WH-CENTRAL,66,4,0,28
2026-05-22,P1014,WH-CENTRAL,62,4,0,28
2026-05-23,P1014,WH-CENTRAL,56,6,0,28
2026-05-24,P1014,WH-CENTRAL,51,5,0,28
2026-05-25,P1014,WH-CENTRAL,45,6,0,28
2026-05-26,P1014,WH-CENTRAL,43,2,0,28
2026-05-27,P1014,WH-CENTRAL,37,6,0,28
2026-05-28,P1014,WH-CENTRAL,35,2,0,28
2026-05-29,P1014,WH-CENTRAL,30,5,0,28
2026-05-30,P1014,WH-CENTRAL,120,7,97,28
2026-05-31,P1014,WH-CENTRAL,114,6,0,28
2026-06-01,P1014,WH-CENTRAL,110,4,0,28
2026-06-02,P1014,WH-CENTRAL,107,3,0,28
2026-06-03,P1014,WH-CENTRAL,104,3,0,28
2026-06-04,P1014,WH-CENTRAL,99,5,0,28
2026-06-05,P1014,WH-CENTRAL,91,8,0,28
2026-06-06,P1014,WH-CENTRAL,84,7,0,28
2026-06-07,P1014,WH-CENTRAL,76,8,0,28
2026-06-08,P1014,WH-CENTRAL,73,3,0,28
2026-06-09,P1014,WH-CENTRAL,69,4,0,28
2026-06-10,P1014,WH-CENTRAL,63,6,0,28
2026-06-11,P1014,WH-CENTRAL,60,3,0,28
2026-06-12,P1014,WH-CENTRAL,57,3,0,28
2026-06-13,P1014,WH-CENTRAL,47,10,0,28
2026-06-14,P1014,WH-CENTRAL,38,9,0,28
2026-06-15,P1014,WH-CENTRAL,36,2,0,28
2026-06-16,P1014,WH-CENTRAL,34,2,0,28
2026-06-17,P1014,WH-CENTRAL,121,10,97,28
2026-06-18,P1014,WH-CENTRAL,117,4,0,28
2026-06-19,P1014,WH-CENTRAL,111,6,0,28
2026-06-20,P1014,WH-CENTRAL,103,8,0,28
2026-06-21,P1014,WH-CENTRAL,100,3,0,28
2026-06-22,P1014,WH-CENTRAL,94,6,0,28
2026-06-23,P1014,WH-CENTRAL,85,9,0,28
2026-06-24,P1014,WH-CENTRAL,82,3,0,28
2026-06-25,P1014,WH-CENTRAL,77,5,0,28
2026-06-26,P1014,WH-CENTRAL,74,3,0,28
2026-06-27,P1014,WH-CENTRAL,70,4,0,28
2026-06-28,P1014,WH-CENTRAL,64,6,0,28
2026-06-29,P1014,WH-CENTRAL,60,4,0,28
2026-06-30,P1014,WH-CENTRAL,58,2,0,28
2026-07-01,P1014,WH-CENTRAL,54,4,0,28
2026-07-02,P1014,WH-CENTRAL,52,2,0,28
2026-07-03,P1014,WH-CENTRAL,48,4,0,28
2026-07-04,P1014,WH-CENTRAL,42,6,0,28
2026-07-05,P1014,WH-CENTRAL,35,7,0,28
2026-07-06,P1014,WH-CENTRAL,31,4,0,28
2026-07-07,P1014,WH-CENTRAL,123,5,97,28
2026-07-08,P1014,WH-CENTRAL,116,7,0,28
2026-07-09,P1014,WH-CENTRAL,111,5,0,28
2026-07-10,P1014,WH-CENTRAL,103,8,0,28
2026-07-11,P1014,WH-CENTRAL,101,2,0,28
2026-07-12,P1014,WH-CENTRAL,97,4,0,28
2026-07-13,P1014,WH-CENTRAL,93,4,0,28
2026-07-14,P1014,WH-CENTRAL,90,3,0,28
2026-07-15,P1014,WH-CENTRAL,86,4,0,28
2026-07-16,P1014,WH-CENTRAL,82,4,0,28
2026-07-17,P1014,WH-CENTRAL,78,4,0,28
2026-07-18,P1014,WH-CENTRAL,70,8,0,28
2026-07-19,P1014,WH-CENTRAL,62,8,0,28
2026-07-20,P1014,WH-CENTRAL,52,10,0,28
2026-07-21,P1014,WH-CENTRAL,44,8,0,28
2026-07-22,P1014,WH-CENTRAL,37,7,0,28
2026-07-23,P1014,WH-CENTRAL,32,5,0,28
2026-07-24,P1014,WH-CENTRAL,124,5,97,28
2026-07-25,P1014,WH-CENTRAL,116,8,0,28
2026-07-26,P1014,WH-CENTRAL,106,10,0,28
2026-07-27,P1014,WH-CENTRAL,101,5,0,28
2026-07-28,P1014,WH-CENTRAL,91,10,0,28
2026-07-29,P1014,WH-CENTRAL,85,6,0,28
2026-07-30,P1014,WH-CENTRAL,79,6,0,28
2026-07-31,P1014,WH-CENTRAL,69,10,0,28
2026-08-01,P1014,WH-CENTRAL,59,10,0,28
2026-08-02,P1014,WH-CENTRAL,52,7,0,28
2026-08-03,P1014,WH-CENTRAL,42,10,0,28
2026-08-04,P1014,WH-CENTRAL,32,10,0,28
2026-08-05,P1014,WH-CENTRAL,125,4,97,28
2026-08-06,P1014,WH-CENTRAL,120,5,0,28
2026-08-07,P1014,WH-CENTRAL,114,6,0,28
2026-08-08,P1014,WH-CENTRAL,106,8,0,28
2026-08-09,P1014,WH-CENTRAL,100,6,0,28
2026-08-10,P1014,WH-CENTRAL,95,5,0,28
2026-08-11,P1014,WH-CENTRAL,88,7,0,28
2026-08-12,P1014,WH-CENTRAL,81,7,0,28
2026-08-13,P1014,WH-CENTRAL,79,2,0,28
2025-08-15,P1015,WH-EAST,183,5,0,54
2025-08-16,P1015,WH-EAST,172,11,0,54
2025-08-17,P1015,WH-EAST,167,5,0,54
2025-08-18,P1015,WH-EAST,157,10,0,54
2025-08-19,P1015,WH-EAST,149,8,0,54
2025-08-20,P1015,WH-EAST,141,8,0,54
2025-08-21,P1015,WH-EAST,135,6,0,54
2025-08-22,P1015,WH-EAST,125,10,0,54
2025-08-23,P1015,WH-EAST,118,7,0,54
2025-08-24,P1015,WH-EAST,110,8,0,54
2025-08-25,P1015,WH-EAST,95,15,0,54
2025-08-26,P1015,WH-EAST,91,4,0,54
2025-08-27,P1015,WH-EAST,80,11,0,54
2025-08-28,P1015,WH-EAST,73,7,0,54
2025-08-29,P1015,WH-EAST,65,8,0,54
2025-08-30,P1015,WH-EAST,58,7,0,54
2025-08-31,P1015,WH-EAST,207,16,165,54
2025-09-01,P1015,WH-EAST,203,4,0,54
2025-09-02,P1015,WH-EAST,192,11,0,54
2025-09-03,P1015,WH-EAST,187,5,0,54
2025-09-04,P1015,WH-EAST,176,11,0,54
2025-09-05,P1015,WH-EAST,170,6,0,54
2025-09-06,P1015,WH-EAST,161,9,0,54
2025-09-07,P1015,WH-EAST,149,12,0,54
2025-09-08,P1015,WH-EAST,143,6,0,54
2025-09-09,P1015,WH-EAST,139,4,0,54
2025-09-10,P1015,WH-EAST,131,8,0,54
2025-09-11,P1015,WH-EAST,125,6,0,54
2025-09-12,P1015,WH-EAST,120,5,0,54
2025-09-13,P1015,WH-EAST,114,6,0,54
2025-09-14,P1015,WH-EAST,102,12,0,54
2025-09-15,P1015,WH-EAST,93,9,0,54
2025-09-16,P1015,WH-EAST,85,8,0,54
2025-09-17,P1015,WH-EAST,73,12,0,54
2025-09-18,P1015,WH-EAST,65,8,0,54
2025-09-19,P1015,WH-EAST,219,11,165,54
2025-09-20,P1015,WH-EAST,207,12,0,54
2025-09-21,P1015,WH-EAST,203,4,0,54
2025-09-22,P1015,WH-EAST,188,15,0,54
2025-09-23,P1015,WH-EAST,177,11,0,54
2025-09-24,P1015,WH-EAST,165,12,0,54
2025-09-25,P1015,WH-EAST,156,9,0,54
2025-09-26,P1015,WH-EAST,148,8,0,54
2025-09-27,P1015,WH-EAST,138,10,0,54
2025-09-28,P1015,WH-EAST,126,12,0,54
2025-09-29,P1015,WH-EAST,119,7,0,54
2025-09-30,P1015,WH-EAST,102,17,0,54
2025-10-01,P1015,WH-EAST,94,8,0,54
2025-10-02,P1015,WH-EAST,83,11,0,54
2025-10-03,P1015,WH-EAST,72,11,0,54
2025-10-04,P1015,WH-EAST,61,11,0,54
2025-10-05,P1015,WH-EAST,212,14,165,54
2025-10-06,P1015,WH-EAST,203,9,0,54
2025-10-07,P1015,WH-EAST,193,10,0,54
2025-10-08,P1015,WH-EAST,175,18,0,54
2025-10-09,P1015,WH-EAST,166,9,0,54
2025-10-10,P1015,WH-EAST,158,8,0,54
2025-10-11,P1015,WH-EAST,144,14,0,54
2025-10-12,P1015,WH-EAST,130,14,0,54
2025-10-13,P1015,WH-EAST,121,9,0,54
2025-10-14,P1015,WH-EAST,113,8,0,54
2025-10-15,P1015,WH-EAST,100,13,0,54
2025-10-16,P1015,WH-EAST,91,9,0,54
2025-10-17,P1015,WH-EAST,83,8,0,54
2025-10-18,P1015,WH-EAST,74,9,0,54
2025-10-19,P1015,WH-EAST,58,16,0,54
2025-10-20,P1015,WH-EAST,207,16,165,54
2025-10-21,P1015,WH-EAST,191,16,0,54
2025-10-22,P1015,WH-EAST,181,10,0,54
2025-10-23,P1015,WH-EAST,173,8,0,54
2025-10-24,P1015,WH-EAST,166,7,0,54
2025-10-25,P1015,WH-EAST,154,12,0,54
2025-10-26,P1015,WH-EAST,140,14,0,54
2025-10-27,P1015,WH-EAST,132,8,0,54
2025-10-28,P1015,WH-EAST,127,5,0,54
2025-10-29,P1015,WH-EAST,116,11,0,54
2025-10-30,P1015,WH-EAST,105,11,0,54
2025-10-31,P1015,WH-EAST,94,11,0,54
2025-11-01,P1015,WH-EAST,78,16,0,54
2025-11-02,P1015,WH-EAST,66,12,0,54
2025-11-03,P1015,WH-EAST,57,9,0,54
2025-11-04,P1015,WH-EAST,209,13,165,54
2025-11-05,P1015,WH-EAST,201,8,0,54
2025-11-06,P1015,WH-EAST,193,8,0,54
2025-11-07,P1015,WH-EAST,178,15,0,54
2025-11-08,P1015,WH-EAST,165,13,0,54
2025-11-09,P1015,WH-EAST,153,12,0,54
2025-11-10,P1015,WH-EAST,143,10,0,54
2025-11-11,P1015,WH-EAST,130,13,0,54
2025-11-12,P1015,WH-EAST,122,8,0,54
2025-11-13,P1015,WH-EAST,113,9,0,54
2025-11-14,P1015,WH-EAST,105,8,0,54
2025-11-15,P1015,WH-EAST,97,8,0,54
2025-11-16,P1015,WH-EAST,84,13,0,54
2025-11-17,P1015,WH-EAST,75,9,0,54
2025-11-18,P1015,WH-EAST,61,14,0,54
2025-11-19,P1015,WH-EAST,216,10,165,54
2025-11-20,P1015,WH-EAST,206,10,0,54
2025-11-21,P1015,WH-EAST,194,12,0,54
2025-11-22,P1015,WH-EAST,181,13,0,54
2025-11-23,P1015,WH-EAST,171,10,0,54
2025-11-24,P1015,WH-EAST,162,9,0,54
2025-11-25,P1015,WH-EAST,152,10,0,54
2025-11-26,P1015,WH-EAST,138,14,0,54
2025-11-27,P1015,WH-EAST,128,10,0,54
2025-11-28,P1015,WH-EAST,114,14,0,54
2025-11-29,P1015,WH-EAST,98,16,0,54
2025-11-30,P1015,WH-EAST,83,15,0,54
2025-12-01,P1015,WH-EAST,74,9,0,54
2025-12-02,P1015,WH-EAST,65,9,0,54
2025-12-03,P1015,WH-EAST,216,14,165,54
2025-12-04,P1015,WH-EAST,204,12,0,54
2025-12-05,P1015,WH-EAST,193,11,0,54
2025-12-06,P1015,WH-EAST,177,16,0,54
2025-12-07,P1015,WH-EAST,162,15,0,54
2025-12-08,P1015,WH-EAST,155,7,0,54
2025-12-09,P1015,WH-EAST,139,16,0,54
2025-12-10,P1015,WH-EAST,127,12,0,54
2025-12-11,P1015,WH-EAST,119,8,0,54
2025-12-12,P1015,WH-EAST,104,15,0,54
2025-12-13,P1015,WH-EAST,93,11,0,54
2025-12-14,P1015,WH-EAST,83,10,0,54
2025-12-15,P1015,WH-EAST,77,6,0,54
2025-12-16,P1015,WH-EAST,67,10,0,54
2025-12-17,P1015,WH-EAST,219,13,165,54
2025-12-18,P1015,WH-EAST,209,10,0,54
2025-12-19,P1015,WH-EAST,195,14,0,54
2025-12-20,P1015,WH-EAST,189,6,0,54
2025-12-21,P1015,WH-EAST,177,12,0,54
2025-12-22,P1015,WH-EAST,168,9,0,54
2025-12-23,P1015,WH-EAST,150,18,0,54
2025-12-24,P1015,WH-EAST,136,14,0,54
2025-12-25,P1015,WH-EAST,128,8,0,54
2025-12-26,P1015,WH-EAST,120,8,0,54
2025-12-27,P1015,WH-EAST,97,23,0,54
2025-12-28,P1015,WH-EAST,87,10,0,54
2025-12-29,P1015,WH-EAST,78,9,0,54
2025-12-30,P1015,WH-EAST,64,14,0,54
2025-12-31,P1015,WH-EAST,218,11,165,54
2026-01-01,P1015,WH-EAST,212,6,0,54
2026-01-02,P1015,WH-EAST,204,8,0,54
2026-01-03,P1015,WH-EAST,195,9,0,54
2026-01-04,P1015,WH-EAST,178,17,0,54
2026-01-05,P1015,WH-EAST,163,15,0,54
2026-01-06,P1015,WH-EAST,151,12,0,54
2026-01-07,P1015,WH-EAST,141,10,0,54
2026-01-08,P1015,WH-EAST,129,12,0,54
2026-01-09,P1015,WH-EAST,121,8,0,54
2026-01-10,P1015,WH-EAST,105,16,0,54
2026-01-11,P1015,WH-EAST,93,12,0,54
2026-01-12,P1015,WH-EAST,80,13,0,54
2026-01-13,P1015,WH-EAST,72,8,0,54
2026-01-14,P1015,WH-EAST,59,13,0,54
2026-01-15,P1015,WH-EAST,217,7,165,54
2026-01-16,P1015,WH-EAST,210,7,0,54
2026-01-17,P1015,WH-EAST,197,13,0,54
2026-01-18,P1015,WH-EAST,189,8,0,54
2026-01-19,P1015,WH-EAST,172,17,0,54
2026-01-20,P1015,WH-EAST,163,9,0,54
2026-01-21,P1015,WH-EAST,153,10,0,54
2026-01-22,P1015,WH-EAST,136,17,0,54
2026-01-23,P1015,WH-EAST,125,11,0,54
2026-01-24,P1015,WH-EAST,111,14,0,54
2026-01-25,P1015,WH-EAST,100,11,0,54
2026-01-26,P1015,WH-EAST,91,9,0,54
2026-01-27,P1015,WH-EAST,78,13,0,54
2026-01-28,P1015,WH-EAST,64,14,0,54
2026-01-29,P1015,WH-EAST,215,14,165,54
2026-01-30,P1015,WH-EAST,205,10,0,54
2026-01-31,P1015,WH-EAST,193,12,0,54
2026-02-01,P1015,WH-EAST,185,8,0,54
2026-02-02,P1015,WH-EAST,178,7,0,54
2026-02-03,P1015,WH-EAST,172,6,0,54
2026-02-04,P1015,WH-EAST,161,11,0,54
2026-02-05,P1015,WH-EAST,154,7,0,54
2026-02-06,P1015,WH-EAST,146,8,0,54
2026-02-07,P1015,WH-EAST,130,16,0,54
2026-02-08,P1015,WH-EAST,124,6,0,54
2026-02-09,P1015,WH-EAST,116,8,0,54
2026-02-10,P1015,WH-EAST,105,11,0,54
2026-02-11,P1015,WH-EAST,90,15,0,54
2026-02-12,P1015,WH-EAST,79,11,0,54
2026-02-13,P1015,WH-EAST,77,2,0,54
2026-02-14,P1015,WH-EAST,70,7,0,54
2026-02-15,P1015,WH-EAST,217,18,165,54
2026-02-16,P1015,WH-EAST,203,14,0,54
2026-02-17,P1015,WH-EAST,191,12,0,54
2026-02-18,P1015,WH-EAST,180,11,0,54
2026-02-19,P1015,WH-EAST,171,9,0,54
2026-02-20,P1015,WH-EAST,159,12,0,54
2026-02-21,P1015,WH-EAST,145,14,0,54
2026-02-22,P1015,WH-EAST,136,9,0,54
2026-02-23,P1015,WH-EAST,117,19,0,54
2026-02-24,P1015,WH-EAST,111,6,0,54
2026-02-25,P1015,WH-EAST,102,9,0,54
2026-02-26,P1015,WH-EAST,91,11,0,54
2026-02-27,P1015,WH-EAST,81,10,0,54
2026-02-28,P1015,WH-EAST,75,6,0,54
2026-03-01,P1015,WH-EAST,66,9,0,54
2026-03-02,P1015,WH-EAST,214,17,165,54
2026-03-03,P1015,WH-EAST,200,14,0,54
2026-03-04,P1015,WH-EAST,195,5,0,54
2026-03-05,P1015,WH-EAST,187,8,0,54
2026-03-06,P1015,WH-EAST,177,10,0,54
2026-03-07,P1015,WH-EAST,168,9,0,54
2026-03-08,P1015,WH-EAST,155,13,0,54
2026-03-09,P1015,WH-EAST,148,7,0,54
2026-03-10,P1015,WH-EAST,143,5,0,54
2026-03-11,P1015,WH-EAST,133,10,0,54
2026-03-12,P1015,WH-EAST,125,8,0,54
2026-03-13,P1015,WH-EAST,113,12,0,54
2026-03-14,P1015,WH-EAST,101,12,0,54
2026-03-15,P1015,WH-EAST,96,5,0,54
2026-03-16,P1015,WH-EAST,88,8,0,54
2026-03-17,P1015,WH-EAST,81,7,0,54
2026-03-18,P1015,WH-EAST,77,4,0,54
2026-03-19,P1015,WH-EAST,69,8,0,54
2026-03-20,P1015,WH-EAST,62,7,0,54
2026-03-21,P1015,WH-EAST,216,11,165,54
2026-03-22,P1015,WH-EAST,209,7,0,54
2026-03-23,P1015,WH-EAST,196,13,0,54
2026-03-24,P1015,WH-EAST,187,9,0,54
2026-03-25,P1015,WH-EAST,180,7,0,54
2026-03-26,P1015,WH-EAST,169,11,0,54
2026-03-27,P1015,WH-EAST,163,6,0,54
2026-03-28,P1015,WH-EAST,154,9,0,54
2026-03-29,P1015,WH-EAST,149,5,0,54
2026-03-30,P1015,WH-EAST,138,11,0,54
2026-03-31,P1015,WH-EAST,131,7,0,54
2026-04-01,P1015,WH-EAST,121,10,0,54
2026-04-02,P1015,WH-EAST,112,9,0,54
2026-04-03,P1015,WH-EAST,102,10,0,54
2026-04-04,P1015,WH-EAST,94,8,0,54
2026-04-05,P1015,WH-EAST,82,12,0,54
2026-04-06,P1015,WH-EAST,72,10,0,54
2026-04-07,P1015,WH-EAST,66,6,0,54
2026-04-08,P1015,WH-EAST,61,5,0,54
2026-04-09,P1015,WH-EAST,55,6,0,54
2026-04-10,P1015,WH-EAST,213,7,165,54
2026-04-11,P1015,WH-EAST,208,5,0,54
2026-04-12,P1015,WH-EAST,201,7,0,54
2026-04-13,P1015,WH-EAST,193,8,0,54
2026-04-14,P1015,WH-EAST,187,6,0,54
2026-04-15,P1015,WH-EAST,181,6,0,54
2026-04-16,P1015,WH-EAST,171,10,0,54
2026-04-17,P1015,WH-EAST,163,8,0,54
2026-04-18,P1015,WH-EAST,156,7,0,54
2026-04-19,P1015,WH-EAST,146,10,0,54
2026-04-20,P1015,WH-EAST,141,5,0,54
2026-04-21,P1015,WH-EAST,137,4,0,54
2026-04-22,P1015,WH-EAST,127,10,0,54
2026-04-23,P1015,WH-EAST,122,5,0,54
2026-04-24,P1015,WH-EAST,116,6,0,54
2026-04-25,P1015,WH-EAST,113,3,0,54
2026-04-26,P1015,WH-EAST,104,9,0,54
2026-04-27,P1015,WH-EAST,98,6,0,54
2026-04-28,P1015,WH-EAST,94,4,0,54
2026-04-29,P1015,WH-EAST,87,7,0,54
2026-04-30,P1015,WH-EAST,78,9,0,54
2026-05-01,P1015,WH-EAST,70,8,0,54
2026-05-02,P1015,WH-EAST,63,7,0,54
2026-05-03,P1015,WH-EAST,55,8,0,54
2026-05-04,P1015,WH-EAST,215,5,165,54
2026-05-05,P1015,WH-EAST,206,9,0,54
2026-05-06,P1015,WH-EAST,197,9,0,54
2026-05-07,P1015,WH-EAST,186,11,0,54
2026-05-08,P1015,WH-EAST,180,6,0,54
2026-05-09,P1015,WH-EAST,172,8,0,54
2026-05-10,P1015,WH-EAST,164,8,0,54
2026-05-11,P1015,WH-EAST,156,8,0,54
2026-05-12,P1015,WH-EAST,145,11,0,54
2026-05-13,P1015,WH-EAST,136,9,0,54
2026-05-14,P1015,WH-EAST,127,9,0,54
2026-05-15,P1015,WH-EAST,121,6,0,54
2026-05-16,P1015,WH-EAST,114,7,0,54
2026-05-17,P1015,WH-EAST,105,9,0,54
2026-05-18,P1015,WH-EAST,96,9,0,54
2026-05-19,P1015,WH-EAST,87,9,0,54
2026-05-20,P1015,WH-EAST,78,9,0,54
2026-05-21,P1015,WH-EAST,63,15,0,54
2026-05-22,P1015,WH-EAST,60,3,0,54
2026-05-23,P1015,WH-EAST,215,10,165,54
2026-05-24,P1015,WH-EAST,212,3,0,54
2026-05-25,P1015,WH-EAST,202,10,0,54
2026-05-26,P1015,WH-EAST,199,3,0,54
2026-05-27,P1015,WH-EAST,192,7,0,54
2026-05-28,P1015,WH-EAST,184,8,0,54
2026-05-29,P1015,WH-EAST,174,10,0,54
2026-05-30,P1015,WH-EAST,160,14,0,54
2026-05-31,P1015,WH-EAST,155,5,0,54
2026-06-01,P1015,WH-EAST,147,8,0,54
2026-06-02,P1015,WH-EAST,137,10,0,54
2026-06-03,P1015,WH-EAST,133,4,0,54
2026-06-04,P1015,WH-EAST,128,5,0,54
2026-06-05,P1015,WH-EAST,121,7,0,54
2026-06-06,P1015,WH-EAST,109,12,0,54
2026-06-07,P1015,WH-EAST,96,13,0,54
2026-06-08,P1015,WH-EAST,85,11,0,54
2026-06-09,P1015,WH-EAST,70,15,0,54
2026-06-10,P1015,WH-EAST,64,6,0,54
2026-06-11,P1015,WH-EAST,219,10,165,54
2026-06-12,P1015,WH-EAST,212,7,0,54
2026-06-13,P1015,WH-EAST,200,12,0,54
2026-06-14,P1015,WH-EAST,189,11,0,54
2026-06-15,P1015,WH-EAST,175,14,0,54
2026-06-16,P1015,WH-EAST,171,4,0,54
2026-06-17,P1015,WH-EAST,155,16,0,54
2026-06-18,P1015,WH-EAST,150,5,0,54
2026-06-19,P1015,WH-EAST,139,11,0,54
2026-06-20,P1015,WH-EAST,133,6,0,54
2026-06-21,P1015,WH-EAST,126,7,0,54
2026-06-22,P1015,WH-EAST,119,7,0,54
2026-06-23,P1015,WH-EAST,107,12,0,54
2026-06-24,P1015,WH-EAST,100,7,0,54
2026-06-25,P1015,WH-EAST,92,8,0,54
2026-06-26,P1015,WH-EAST,84,8,0,54
2026-06-27,P1015,WH-EAST,69,15,0,54
2026-06-28,P1015,WH-EAST,219,15,165,54
2026-06-29,P1015,WH-EAST,208,11,0,54
2026-06-30,P1015,WH-EAST,199,9,0,54
2026-07-01,P1015,WH-EAST,190,9,0,54
2026-07-02,P1015,WH-EAST,182,8,0,54
2026-07-03,P1015,WH-EAST,176,6,0,54
2026-07-04,P1015,WH-EAST,165,11,0,54
2026-07-05,P1015,WH-EAST,154,11,0,54
2026-07-06,P1015,WH-EAST,146,8,0,54
2026-07-07,P1015,WH-EAST,138,8,0,54
2026-07-08,P1015,WH-EAST,120,18,0,54
2026-07-09,P1015,WH-EAST,107,13,0,54
2026-07-10,P1015,WH-EAST,98,9,0,54
2026-07-11,P1015,WH-EAST,89,9,0,54
2026-07-12,P1015,WH-EAST,79,10,0,54
2026-07-13,P1015,WH-EAST,67,12,0,54
2026-07-14,P1015,WH-EAST,57,10,0,54
2026-07-15,P1015,WH-EAST,211,11,165,54
2026-07-16,P1015,WH-EAST,201,10,0,54
2026-07-17,P1015,WH-EAST,193,8,0,54
2026-07-18,P1015,WH-EAST,179,14,0,54
2026-07-19,P1015,WH-EAST,173,6,0,54
2026-07-20,P1015,WH-EAST,161,12,0,54
2026-07-21,P1015,WH-EAST,144,17,0,54
2026-07-22,P1015,WH-EAST,133,11,0,54
2026-07-23,P1015,WH-EAST,117,16,0,54
2026-07-24,P1015,WH-EAST,104,13,0,54
2026-07-25,P1015,WH-EAST,93,11,0,54
2026-07-26,P1015,WH-EAST,74,19,0,54
2026-07-27,P1015,WH-EAST,61,13,0,54
2026-07-28,P1015,WH-EAST,213,13,165,54
2026-07-29,P1015,WH-EAST,198,15,0,54
2026-07-30,P1015,WH-EAST,190,8,0,54
2026-07-31,P1015,WH-EAST,180,10,0,54
2026-08-01,P1015,WH-EAST,161,19,0,54
2026-08-02,P1015,WH-EAST,146,15,0,54
2026-08-03,P1015,WH-EAST,139,7,0,54
2026-08-04,P1015,WH-EAST,133,6,0,54
2026-08-05,P1015,WH-EAST,117,16,0,54
2026-08-06,P1015,WH-EAST,106,11,0,54
2026-08-07,P1015,WH-EAST,92,14,0,54
2026-08-08,P1015,WH-EAST,80,12,0,54
2026-08-09,P1015,WH-EAST,71,9,0,54
2026-08-10,P1015,WH-EAST,60,11,0,54
2026-08-11,P1015,WH-EAST,217,8,165,54
2026-08-12,P1015,WH-EAST,195,22,0,54
2026-08-13,P1015,WH-EAST,183,12,0,54
2025-08-15,P1016,WH-EAST,91,4,0,38
2025-08-16,P1016,WH-EAST,88,3,0,38
2025-08-17,P1016,WH-EAST,79,9,0,38
2025-08-18,P1016,WH-EAST,77,2,0,38
2025-08-19,P1016,WH-EAST,74,3,0,38
2025-08-20,P1016,WH-EAST,70,4,0,38
2025-08-21,P1016,WH-EAST,66,4,0,38
2025-08-22,P1016,WH-EAST,65,1,0,38
2025-08-23,P1016,WH-EAST,60,5,0,38
2025-08-24,P1016,WH-EAST,54,6,0,38
2025-08-25,P1016,WH-EAST,51,3,0,38
2025-08-26,P1016,WH-EAST,48,3,0,38
2025-08-27,P1016,WH-EAST,43,5,0,38
2025-08-28,P1016,WH-EAST,163,5,125,38
2025-08-29,P1016,WH-EAST,160,3,0,38
2025-08-30,P1016,WH-EAST,151,9,0,38
2025-08-31,P1016,WH-EAST,145,6,0,38
2025-09-01,P1016,WH-EAST,143,2,0,38
2025-09-02,P1016,WH-EAST,141,2,0,38
2025-09-03,P1016,WH-EAST,139,2,0,38
2025-09-04,P1016,WH-EAST,137,2,0,38
2025-09-05,P1016,WH-EAST,134,3,0,38
2025-09-06,P1016,WH-EAST,129,5,0,38
2025-09-07,P1016,WH-EAST,124,5,0,38
2025-09-08,P1016,WH-EAST,121,3,0,38
2025-09-09,P1016,WH-EAST,119,2,0,38
2025-09-10,P1016,WH-EAST,112,7,0,38
2025-09-11,P1016,WH-EAST,110,2,0,38
2025-09-12,P1016,WH-EAST,106,4,0,38
2025-09-13,P1016,WH-EAST,102,4,0,38
2025-09-14,P1016,WH-EAST,99,3,0,38
2025-09-15,P1016,WH-EAST,94,5,0,38
2025-09-16,P1016,WH-EAST,89,5,0,38
2025-09-17,P1016,WH-EAST,81,8,0,38
2025-09-18,P1016,WH-EAST,80,1,0,38
2025-09-19,P1016,WH-EAST,79,1,0,38
2025-09-20,P1016,WH-EAST,75,4,0,38
2025-09-21,P1016,WH-EAST,68,7,0,38
2025-09-22,P1016,WH-EAST,62,6,0,38
2025-09-23,P1016,WH-EAST,58,4,0,38
2025-09-24,P1016,WH-EAST,56,2,0,38
2025-09-25,P1016,WH-EAST,52,4,0,38
2025-09-26,P1016,WH-EAST,48,4,0,38
2025-09-27,P1016,WH-EAST,41,7,0,38
2025-09-28,P1016,WH-EAST,156,10,125,38
2025-09-29,P1016,WH-EAST,154,2,0,38
2025-09-30,P1016,WH-EAST,150,4,0,38
2025-10-01,P1016,WH-EAST,149,1,0,38
2025-10-02,P1016,WH-EAST,145,4,0,38
2025-10-03,P1016,WH-EAST,141,4,0,38
2025-10-04,P1016,WH-EAST,126,15,0,38
2025-10-05,P1016,WH-EAST,119,7,0,38
2025-10-06,P1016,WH-EAST,116,3,0,38
2025-10-07,P1016,WH-EAST,111,5,0,38
2025-10-08,P1016,WH-EAST,108,3,0,38
2025-10-09,P1016,WH-EAST,104,4,0,38
2025-10-10,P1016,WH-EAST,98,6,0,38
2025-10-11,P1016,WH-EAST,87,11,0,38
2025-10-12,P1016,WH-EAST,85,2,0,38
2025-10-13,P1016,WH-EAST,85,0,0,38
2025-10-14,P1016,WH-EAST,79,6,0,38
2025-10-15,P1016,WH-EAST,74,5,0,38
2025-10-16,P1016,WH-EAST,72,2,0,38
2025-10-17,P1016,WH-EAST,67,5,0,38
2025-10-18,P1016,WH-EAST,62,5,0,38
2025-10-19,P1016,WH-EAST,54,8,0,38
2025-10-20,P1016,WH-EAST,47,7,0,38
2025-10-21,P1016,WH-EAST,40,7,0,38
2025-10-22,P1016,WH-EAST,157,8,125,38
2025-10-23,P1016,WH-EAST,153,4,0,38
2025-10-24,P1016,WH-EAST,150,3,0,38
2025-10-25,P1016,WH-EAST,145,5,0,38
2025-10-26,P1016,WH-EAST,129,16,0,38
2025-10-27,P1016,WH-EAST,126,3,0,38
2025-10-28,P1016,WH-EAST,120,6,0,38
2025-10-29,P1016,WH-EAST,116,4,0,38
2025-10-30,P1016,WH-EAST,114,2,0,38
2025-10-31,P1016,WH-EAST,109,5,0,38
2025-11-01,P1016,WH-EAST,99,10,0,38
2025-11-02,P1016,WH-EAST,90,9,0,38
2025-11-03,P1016,WH-EAST,87,3,0,38
2025-11-04,P1016,WH-EAST,80,7,0,38
2025-11-05,P1016,WH-EAST,69,11,0,38
2025-11-06,P1016,WH-EAST,63,6,0,38
2025-11-07,P1016,WH-EAST,60,3,0,38
2025-11-08,P1016,WH-EAST,56,4,0,38
2025-11-09,P1016,WH-EAST,48,8,0,38
2025-11-10,P1016,WH-EAST,45,3,0,38
2025-11-11,P1016,WH-EAST,40,5,0,38
2025-11-12,P1016,WH-EAST,162,3,125,38
2025-11-13,P1016,WH-EAST,161,1,0,38
2025-11-14,P1016,WH-EAST,160,1,0,38
2025-11-15,P1016,WH-EAST,156,4,0,38
2025-11-16,P1016,WH-EAST,150,6,0,38
2025-11-17,P1016,WH-EAST,147,3,0,38
2025-11-18,P1016,WH-EAST,146,1,0,38
2025-11-19,P1016,WH-EAST,140,6,0,38
2025-11-20,P1016,WH-EAST,138,2,0,38
2025-11-21,P1016,WH-EAST,133,5,0,38
2025-11-22,P1016,WH-EAST,126,7,0,38
2025-11-23,P1016,WH-EAST,119,7,0,38
2025-11-24,P1016,WH-EAST,112,7,0,38
2025-11-25,P1016,WH-EAST,104,8,0,38
2025-11-26,P1016,WH-EAST,99,5,0,38
2025-11-27,P1016,WH-EAST,92,7,0,38
2025-11-28,P1016,WH-EAST,84,8,0,38
2025-11-29,P1016,WH-EAST,74,10,0,38
2025-11-30,P1016,WH-EAST,67,7,0,38
2025-12-01,P1016,WH-EAST,64,3,0,38
2025-12-02,P1016,WH-EAST,58,6,0,38
2025-12-03,P1016,WH-EAST,54,4,0,38
2025-12-04,P1016,WH-EAST,51,3,0,38
2025-12-05,P1016,WH-EAST,45,6,0,38
2025-12-06,P1016,WH-EAST,41,4,0,38
2025-12-07,P1016,WH-EAST,157,9,125,38
2025-12-08,P1016,WH-EAST,154,3,0,38
2025-12-09,P1016,WH-EAST,151,3,0,38
2025-12-10,P1016,WH-EAST,146,5,0,38
2025-12-11,P1016,WH-EAST,143,3,0,38
2025-12-12,P1016,WH-EAST,141,2,0,38
2025-12-13,P1016,WH-EAST,134,7,0,38
2025-12-14,P1016,WH-EAST,127,7,0,38
2025-12-15,P1016,WH-EAST,122,5,0,38
2025-12-16,P1016,WH-EAST,120,2,0,38
2025-12-17,P1016,WH-EAST,119,1,0,38
2025-12-18,P1016,WH-EAST,115,4,0,38
2025-12-19,P1016,WH-EAST,110,5,0,38
2025-12-20,P1016,WH-EAST,101,9,0,38
2025-12-21,P1016,WH-EAST,88,13,0,38
2025-12-22,P1016,WH-EAST,82,6,0,38
2025-12-23,P1016,WH-EAST,78,4,0,38
2025-12-24,P1016,WH-EAST,71,7,0,38
2025-12-25,P1016,WH-EAST,66,5,0,38
2025-12-26,P1016,WH-EAST,62,4,0,38
2025-12-27,P1016,WH-EAST,54,8,0,38
2025-12-28,P1016,WH-EAST,47,7,0,38
2025-12-29,P1016,WH-EAST,43,4,0,38
2025-12-30,P1016,WH-EAST,42,1,0,38
2025-12-31,P1016,WH-EAST,162,5,125,38
2026-01-01,P1016,WH-EAST,157,5,0,38
2026-01-02,P1016,WH-EAST,151,6,0,38
2026-01-03,P1016,WH-EAST,141,10,0,38
2026-01-04,P1016,WH-EAST,133,8,0,38
2026-01-05,P1016,WH-EAST,129,4,0,38
2026-01-06,P1016,WH-EAST,124,5,0,38
2026-01-07,P1016,WH-EAST,119,5,0,38
2026-01-08,P1016,WH-EAST,110,9,0,38
2026-01-09,P1016,WH-EAST,106,4,0,38
2026-01-10,P1016,WH-EAST,96,10,0,38
2026-01-11,P1016,WH-EAST,94,2,0,38
2026-01-12,P1016,WH-EAST,90,4,0,38
2026-01-13,P1016,WH-EAST,85,5,0,38
2026-01-14,P1016,WH-EAST,81,4,0,38
2026-01-15,P1016,WH-EAST,79,2,0,38
2026-01-16,P1016,WH-EAST,76,3,0,38
2026-01-17,P1016,WH-EAST,72,4,0,38
2026-01-18,P1016,WH-EAST,69,3,0,38
2026-01-19,P1016,WH-EAST,63,6,0,38
2026-01-20,P1016,WH-EAST,62,1,0,38
2026-01-21,P1016,WH-EAST,60,2,0,38
2026-01-22,P1016,WH-EAST,57,3,0,38
2026-01-23,P1016,WH-EAST,51,6,0,38
2026-01-24,P1016,WH-EAST,46,5,0,38
2026-01-25,P1016,WH-EAST,162,9,125,38
2026-01-26,P1016,WH-EAST,159,3,0,38
2026-01-27,P1016,WH-EAST,156,3,0,38
2026-01-28,P1016,WH-EAST,150,6,0,38
2026-01-29,P1016,WH-EAST,147,3,0,38
2026-01-30,P1016,WH-EAST,142,5,0,38
2026-01-31,P1016,WH-EAST,137,5,0,38
2026-02-01,P1016,WH-EAST,132,5,0,38
2026-02-02,P1016,WH-EAST,126,6,0,38
2026-02-03,P1016,WH-EAST,122,4,0,38
2026-02-04,P1016,WH-EAST,116,6,0,38
2026-02-05,P1016,WH-EAST,111,5,0,38
2026-02-06,P1016,WH-EAST,109,2,0,38
2026-02-07,P1016,WH-EAST,102,7,0,38
2026-02-08,P1016,WH-EAST,96,6,0,38
2026-02-09,P1016,WH-EAST,92,4,0,38
2026-02-10,P1016,WH-EAST,89,3,0,38
2026-02-11,P1016,WH-EAST,81,8,0,38
2026-02-12,P1016,WH-EAST,77,4,0,38
2026-02-13,P1016,WH-EAST,72,5,0,38
2026-02-14,P1016,WH-EAST,64,8,0,38
2026-02-15,P1016,WH-EAST,59,5,0,38
2026-02-16,P1016,WH-EAST,55,4,0,38
2026-02-17,P1016,WH-EAST,53,2,0,38
2026-02-18,P1016,WH-EAST,50,3,0,38
2026-02-19,P1016,WH-EAST,49,1,0,38
2026-02-20,P1016,WH-EAST,48,1,0,38
2026-02-21,P1016,WH-EAST,43,5,0,38
2026-02-22,P1016,WH-EAST,161,7,125,38
2026-02-23,P1016,WH-EAST,157,4,0,38
2026-02-24,P1016,WH-EAST,153,4,0,38
2026-02-25,P1016,WH-EAST,150,3,0,38
2026-02-26,P1016,WH-EAST,147,3,0,38
2026-02-27,P1016,WH-EAST,145,2,0,38
2026-02-28,P1016,WH-EAST,142,3,0,38
2026-03-01,P1016,WH-EAST,140,2,0,38
2026-03-02,P1016,WH-EAST,136,4,0,38
2026-03-03,P1016,WH-EAST,135,1,0,38
2026-03-04,P1016,WH-EAST,134,1,0,38
2026-03-05,P1016,WH-EAST,128,6,0,38
2026-03-06,P1016,WH-EAST,126,2,0,38
2026-03-07,P1016,WH-EAST,122,4,0,38
2026-03-08,P1016,WH-EAST,119,3,0,38
2026-03-09,P1016,WH-EAST,118,1,0,38
2026-03-10,P1016,WH-EAST,115,3,0,38
2026-03-11,P1016,WH-EAST,109,6,0,38
2026-03-12,P1016,WH-EAST,107,2,0,38
2026-03-13,P1016,WH-EAST,105,2,0,38
2026-03-14,P1016,WH-EAST,97,8,0,38
2026-03-15,P1016,WH-EAST,92,5,0,38
2026-03-16,P1016,WH-EAST,90,2,0,38
2026-03-17,P1016,WH-EAST,88,2,0,38
2026-03-18,P1016,WH-EAST,86,2,0,38
2026-03-19,P1016,WH-EAST,83,3,0,38
2026-03-20,P1016,WH-EAST,79,4,0,38
2026-03-21,P1016,WH-EAST,76,3,0,38
2026-03-22,P1016,WH-EAST,71,5,0,38
2026-03-23,P1016,WH-EAST,70,1,0,38
2026-03-24,P1016,WH-EAST,67,3,0,38
2026-03-25,P1016,WH-EAST,63,4,0,38
2026-03-26,P1016,WH-EAST,61,2,0,38
2026-03-27,P1016,WH-EAST,61,0,0,38
2026-03-28,P1016,WH-EAST,54,7,0,38
2026-03-29,P1016,WH-EAST,52,2,0,38
2026-03-30,P1016,WH-EAST,49,3,0,38
2026-03-31,P1016,WH-EAST,45,4,0,38
2026-04-01,P1016,WH-EAST,42,3,0,38
2026-04-02,P1016,WH-EAST,163,4,125,38
2026-04-03,P1016,WH-EAST,162,1,0,38
2026-04-04,P1016,WH-EAST,156,6,0,38
2026-04-05,P1016,WH-EAST,152,4,0,38
2026-04-06,P1016,WH-EAST,150,2,0,38
2026-04-07,P1016,WH-EAST,148,2,0,38
2026-04-08,P1016,WH-EAST,146,2,0,38
2026-04-09,P1016,WH-EAST,141,5,0,38
2026-04-10,P1016,WH-EAST,137,4,0,38
2026-04-11,P1016,WH-EAST,132,5,0,38
2026-04-12,P1016,WH-EAST,129,3,0,38
2026-04-13,P1016,WH-EAST,124,5,0,38
2026-04-14,P1016,WH-EAST,121,3,0,38
2026-04-15,P1016,WH-EAST,118,3,0,38
2026-04-16,P1016,WH-EAST,111,7,0,38
2026-04-17,P1016,WH-EAST,108,3,0,38
2026-04-18,P1016,WH-EAST,102,6,0,38
2026-04-19,P1016,WH-EAST,98,4,0,38
2026-04-20,P1016,WH-EAST,95,3,0,38
2026-04-21,P1016,WH-EAST,90,5,0,38
2026-04-22,P1016,WH-EAST,89,1,0,38
2026-04-23,P1016,WH-EAST,88,1,0,38
2026-04-24,P1016,WH-EAST,88,0,0,38
2026-04-25,P1016,WH-EAST,83,5,0,38
2026-04-26,P1016,WH-EAST,82,1,0,38
2026-04-27,P1016,WH-EAST,82,0,0,38
2026-04-28,P1016,WH-EAST,79,3,0,38
2026-04-29,P1016,WH-EAST,77,2,0,38
2026-04-30,P1016,WH-EAST,77,0,0,38
2026-05-01,P1016,WH-EAST,75,2,0,38
2026-05-02,P1016,WH-EAST,67,8,0,38
2026-05-03,P1016,WH-EAST,63,4,0,38
2026-05-04,P1016,WH-EAST,61,2,0,38
2026-05-05,P1016,WH-EAST,60,1,0,38
2026-05-06,P1016,WH-EAST,57,3,0,38
2026-05-07,P1016,WH-EAST,53,4,0,38
2026-05-08,P1016,WH-EAST,51,2,0,38
2026-05-09,P1016,WH-EAST,49,2,0,38
2026-05-10,P1016,WH-EAST,45,4,0,38
2026-05-11,P1016,WH-EAST,43,2,0,38
2026-05-12,P1016,WH-EAST,39,4,0,38
2026-05-13,P1016,WH-EAST,162,2,125,38
2026-05-14,P1016,WH-EAST,162,0,0,38
2026-05-15,P1016,WH-EAST,161,1,0,38
2026-05-16,P1016,WH-EAST,155,6,0,38
2026-05-17,P1016,WH-EAST,154,1,0,38
2026-05-18,P1016,WH-EAST,152,2,0,38
2026-05-19,P1016,WH-EAST,144,8,0,38
2026-05-20,P1016,WH-EAST,143,1,0,38
2026-05-21,P1016,WH-EAST,140,3,0,38
2026-05-22,P1016,WH-EAST,137,3,0,38
2026-05-23,P1016,WH-EAST,136,1,0,38
2026-05-24,P1016,WH-EAST,132,4,0,38
2026-05-25,P1016,WH-EAST,128,4,0,38
2026-05-26,P1016,WH-EAST,126,2,0,38
2026-05-27,P1016,WH-EAST,123,3,0,38
2026-05-28,P1016,WH-EAST,120,3,0,38
2026-05-29,P1016,WH-EAST,116,4,0,38
2026-05-30,P1016,WH-EAST,113,3,0,38
2026-05-31,P1016,WH-EAST,111,2,0,38
2026-06-01,P1016,WH-EAST,104,7,0,38
2026-06-02,P1016,WH-EAST,97,7,0,38
2026-06-03,P1016,WH-EAST,95,2,0,38
2026-06-04,P1016,WH-EAST,90,5,0,38
2026-06-05,P1016,WH-EAST,87,3,0,38
2026-06-06,P1016,WH-EAST,83,4,0,38
2026-06-07,P1016,WH-EAST,79,4,0,38
2026-06-08,P1016,WH-EAST,76,3,0,38
2026-06-09,P1016,WH-EAST,73,3,0,38
2026-06-10,P1016,WH-EAST,72,1,0,38
2026-06-11,P1016,WH-EAST,69,3,0,38
2026-06-12,P1016,WH-EAST,64,5,0,38
2026-06-13,P1016,WH-EAST,62,2,0,38
2026-06-14,P1016,WH-EAST,60,2,0,38
2026-06-15,P1016,WH-EAST,54,6,0,38
2026-06-16,P1016,WH-EAST,53,1,0,38
2026-06-17,P1016,WH-EAST,51,2,0,38
2026-06-18,P1016,WH-EAST,49,2,0,38
2026-06-19,P1016,WH-EAST,45,4,0,38
2026-06-20,P1016,WH-EAST,39,6,0,38
2026-06-21,P1016,WH-EAST,162,2,125,38
2026-06-22,P1016,WH-EAST,159,3,0,38
2026-06-23,P1016,WH-EAST,158,1,0,38
2026-06-24,P1016,WH-EAST,155,3,0,38
2026-06-25,P1016,WH-EAST,151,4,0,38
2026-06-26,P1016,WH-EAST,150,1,0,38
2026-06-27,P1016,WH-EAST,148,2,0,38
2026-06-28,P1016,WH-EAST,145,3,0,38
2026-06-29,P1016,WH-EAST,141,4,0,38
2026-06-30,P1016,WH-EAST,137,4,0,38
2026-07-01,P1016,WH-EAST,135,2,0,38
2026-07-02,P1016,WH-EAST,132,3,0,38
2026-07-03,P1016,WH-EAST,130,2,0,38
2026-07-04,P1016,WH-EAST,126,4,0,38
2026-07-05,P1016,WH-EAST,123,3,0,38
2026-07-06,P1016,WH-EAST,120,3,0,38
2026-07-07,P1016,WH-EAST,118,2,0,38
2026-07-08,P1016,WH-EAST,117,1,0,38
2026-07-09,P1016,WH-EAST,114,3,0,38
2026-07-10,P1016,WH-EAST,110,4,0,38
2026-07-11,P1016,WH-EAST,108,2,0,38
2026-07-12,P1016,WH-EAST,101,7,0,38
2026-07-13,P1016,WH-EAST,99,2,0,38
2026-07-14,P1016,WH-EAST,98,1,0,38
2026-07-15,P1016,WH-EAST,90,8,0,38
2026-07-16,P1016,WH-EAST,88,2,0,38
2026-07-17,P1016,WH-EAST,88,0,0,38
2026-07-18,P1016,WH-EAST,86,2,0,38
2026-07-19,P1016,WH-EAST,80,6,0,38
2026-07-20,P1016,WH-EAST,79,1,0,38
2026-07-21,P1016,WH-EAST,76,3,0,38
2026-07-22,P1016,WH-EAST,72,4,0,38
2026-07-23,P1016,WH-EAST,69,3,0,38
2026-07-24,P1016,WH-EAST,65,4,0,38
2026-07-25,P1016,WH-EAST,60,5,0,38
2026-07-26,P1016,WH-EAST,57,3,0,38
2026-07-27,P1016,WH-EAST,55,2,0,38
2026-07-28,P1016,WH-EAST,51,4,0,38
2026-07-29,P1016,WH-EAST,48,3,0,38
2026-07-30,P1016,WH-EAST,46,2,0,38
2026-07-31,P1016,WH-EAST,41,5,0,38
2026-08-01,P1016,WH-EAST,158,8,125,38
2026-08-02,P1016,WH-EAST,154,4,0,38
2026-08-03,P1016,WH-EAST,148,6,0,38
2026-08-04,P1016,WH-EAST,147,1,0,38
2026-08-05,P1016,WH-EAST,144,3,0,38
2026-08-06,P1016,WH-EAST,141,3,0,38
2026-08-07,P1016,WH-EAST,140,1,0,38
2026-08-08,P1016,WH-EAST,134,6,0,38
2026-08-09,P1016,WH-EAST,126,8,0,38
2026-08-10,P1016,WH-EAST,124,2,0,38
2026-08-11,P1016,WH-EAST,121,3,0,38
2026-08-12,P1016,WH-EAST,119,2,0,38
2026-08-13,P1016,WH-EAST,118,1,0,38
2025-08-15,P1017,WH-EAST,58,1,0,15
2025-08-16,P1017,WH-EAST,56,2,0,15
2025-08-17,P1017,WH-EAST,51,5,0,15
2025-08-18,P1017,WH-EAST,46,5,0,15
2025-08-19,P1017,WH-EAST,44,2,0,15
2025-08-20,P1017,WH-EAST,43,1,0,15
2025-08-21,P1017,WH-EAST,40,3,0,15
2025-08-22,P1017,WH-EAST,36,4,0,15
2025-08-23,P1017,WH-EAST,35,1,0,15
2025-08-24,P1017,WH-EAST,30,5,0,15
2025-08-25,P1017,WH-EAST,27,3,0,15
2025-08-26,P1017,WH-EAST,25,2,0,15
2025-08-27,P1017,WH-EAST,18,7,0,15
2025-08-28,P1017,WH-EAST,72,5,59,15
2025-08-29,P1017,WH-EAST,70,2,0,15
2025-08-30,P1017,WH-EAST,66,4,0,15
2025-08-31,P1017,WH-EAST,66,0,0,15
2025-09-01,P1017,WH-EAST,58,8,0,15
2025-09-02,P1017,WH-EAST,51,7,0,15
2025-09-03,P1017,WH-EAST,46,5,0,15
2025-09-04,P1017,WH-EAST,43,3,0,15
2025-09-05,P1017,WH-EAST,41,2,0,15
2025-09-06,P1017,WH-EAST,32,9,0,15
2025-09-07,P1017,WH-EAST,28,4,0,15
2025-09-08,P1017,WH-EAST,25,3,0,15
2025-09-09,P1017,WH-EAST,23,2,0,15
2025-09-10,P1017,WH-EAST,21,2,0,15
2025-09-11,P1017,WH-EAST,72,8,59,15
2025-09-12,P1017,WH-EAST,70,2,0,15
2025-09-13,P1017,WH-EAST,67,3,0,15
2025-09-14,P1017,WH-EAST,63,4,0,15
2025-09-15,P1017,WH-EAST,58,5,0,15
2025-09-16,P1017,WH-EAST,52,6,0,15
2025-09-17,P1017,WH-EAST,51,1,0,15
2025-09-18,P1017,WH-EAST,47,4,0,15
2025-09-19,P1017,WH-EAST,45,2,0,15
2025-09-20,P1017,WH-EAST,43,2,0,15
2025-09-21,P1017,WH-EAST,36,7,0,15
2025-09-22,P1017,WH-EAST,32,4,0,15
2025-09-23,P1017,WH-EAST,27,5,0,15
2025-09-24,P1017,WH-EAST,20,7,0,15
2025-09-25,P1017,WH-EAST,16,4,0,15
2025-09-26,P1017,WH-EAST,72,3,59,15
2025-09-27,P1017,WH-EAST,70,2,0,15
2025-09-28,P1017,WH-EAST,69,1,0,15
2025-09-29,P1017,WH-EAST,62,7,0,15
2025-09-30,P1017,WH-EAST,55,7,0,15
2025-10-01,P1017,WH-EAST,52,3,0,15
2025-10-02,P1017,WH-EAST,46,6,0,15
2025-10-03,P1017,WH-EAST,42,4,0,15
2025-10-04,P1017,WH-EAST,34,8,0,15
2025-10-05,P1017,WH-EAST,30,4,0,15
2025-10-06,P1017,WH-EAST,23,7,0,15
2025-10-07,P1017,WH-EAST,20,3,0,15
2025-10-08,P1017,WH-EAST,73,6,59,15
2025-10-09,P1017,WH-EAST,67,6,0,15
2025-10-10,P1017,WH-EAST,63,4,0,15
2025-10-11,P1017,WH-EAST,52,11,0,15
2025-10-12,P1017,WH-EAST,49,3,0,15
2025-10-13,P1017,WH-EAST,45,4,0,15
2025-10-14,P1017,WH-EAST,43,2,0,15
2025-10-15,P1017,WH-EAST,39,4,0,15
2025-10-16,P1017,WH-EAST,35,4,0,15
2025-10-17,P1017,WH-EAST,29,6,0,15
2025-10-18,P1017,WH-EAST,24,5,0,15
2025-10-19,P1017,WH-EAST,16,8,0,15
2025-10-20,P1017,WH-EAST,72,3,59,15
2025-10-21,P1017,WH-EAST,67,5,0,15
2025-10-22,P1017,WH-EAST,63,4,0,15
2025-10-23,P1017,WH-EAST,55,8,0,15
2025-10-24,P1017,WH-EAST,50,5,0,15
2025-10-25,P1017,WH-EAST,47,3,0,15
2025-10-26,P1017,WH-EAST,42,5,0,15
2025-10-27,P1017,WH-EAST,41,1,0,15
2025-10-28,P1017,WH-EAST,34,7,0,15
2025-10-29,P1017,WH-EAST,31,3,0,15
2025-10-30,P1017,WH-EAST,30,1,0,15
2025-10-31,P1017,WH-EAST,28,2,0,15
2025-11-01,P1017,WH-EAST,20,8,0,15
2025-11-02,P1017,WH-EAST,68,11,59,15
2025-11-03,P1017,WH-EAST,64,4,0,15
2025-11-04,P1017,WH-EAST,63,1,0,15
2025-11-05,P1017,WH-EAST,61,2,0,15
2025-11-06,P1017,WH-EAST,53,8,0,15
2025-11-07,P1017,WH-EAST,49,4,0,15
2025-11-08,P1017,WH-EAST,40,9,0,15
2025-11-09,P1017,WH-EAST,36,4,0,15
2025-11-10,P1017,WH-EAST,34,2,0,15
2025-11-11,P1017,WH-EAST,31,3,0,15
2025-11-12,P1017,WH-EAST,30,1,0,15
2025-11-13,P1017,WH-EAST,25,5,0,15
2025-11-14,P1017,WH-EAST,21,4,0,15
2025-11-15,P1017,WH-EAST,17,4,0,15
2025-11-16,P1017,WH-EAST,70,6,59,15
2025-11-17,P1017,WH-EAST,68,2,0,15
2025-11-18,P1017,WH-EAST,67,1,0,15
2025-11-19,P1017,WH-EAST,65,2,0,15
2025-11-20,P1017,WH-EAST,62,3,0,15
2025-11-21,P1017,WH-EAST,60,2,0,15
2025-11-22,P1017,WH-EAST,56,4,0,15
2025-11-23,P1017,WH-EAST,52,4,0,15
2025-11-24,P1017,WH-EAST,48,4,0,15
2025-11-25,P1017,WH-EAST,45,3,0,15
2025-11-26,P1017,WH-EAST,44,1,0,15
2025-11-27,P1017,WH-EAST,41,3,0,15
2025-11-28,P1017,WH-EAST,39,2,0,15
2025-11-29,P1017,WH-EAST,35,4,0,15
2025-11-30,P1017,WH-EAST,30,5,0,15
2025-12-01,P1017,WH-EAST,27,3,0,15
2025-12-02,P1017,WH-EAST,25,2,0,15
2025-12-03,P1017,WH-EAST,21,4,0,15
2025-12-04,P1017,WH-EAST,18,3,0,15
2025-12-05,P1017,WH-EAST,73,4,59,15
2025-12-06,P1017,WH-EAST,70,3,0,15
2025-12-07,P1017,WH-EAST,65,5,0,15
2025-12-08,P1017,WH-EAST,59,6,0,15
2025-12-09,P1017,WH-EAST,57,2,0,15
2025-12-10,P1017,WH-EAST,54,3,0,15
2025-12-11,P1017,WH-EAST,53,1,0,15
2025-12-12,P1017,WH-EAST,50,3,0,15
2025-12-13,P1017,WH-EAST,42,8,0,15
2025-12-14,P1017,WH-EAST,38,4,0,15
2025-12-15,P1017,WH-EAST,36,2,0,15
2025-12-16,P1017,WH-EAST,34,2,0,15
2025-12-17,P1017,WH-EAST,29,5,0,15
2025-12-18,P1017,WH-EAST,26,3,0,15
2025-12-19,P1017,WH-EAST,23,3,0,15
2025-12-20,P1017,WH-EAST,22,1,0,15
2025-12-21,P1017,WH-EAST,21,1,0,15
2025-12-22,P1017,WH-EAST,17,4,0,15
2025-12-23,P1017,WH-EAST,70,6,59,15
2025-12-24,P1017,WH-EAST,64,6,0,15
2025-12-25,P1017,WH-EAST,60,4,0,15
2025-12-26,P1017,WH-EAST,57,3,0,15
2025-12-27,P1017,WH-EAST,53,4,0,15
2025-12-28,P1017,WH-EAST,50,3,0,15
2025-12-29,P1017,WH-EAST,47,3,0,15
2025-12-30,P1017,WH-EAST,44,3,0,15
2025-12-31,P1017,WH-EAST,42,2,0,15
2026-01-01,P1017,WH-EAST,42,0,0,15
2026-01-02,P1017,WH-EAST,39,3,0,15
2026-01-03,P1017,WH-EAST,35,4,0,15
2026-01-04,P1017,WH-EAST,31,4,0,15
2026-01-05,P1017,WH-EAST,27,4,0,15
2026-01-06,P1017,WH-EAST,24,3,0,15
2026-01-07,P1017,WH-EAST,20,4,0,15
2026-01-08,P1017,WH-EAST,17,3,0,15
2026-01-09,P1017,WH-EAST,74,2,59,15
2026-01-10,P1017,WH-EAST,70,4,0,15
2026-01-11,P1017,WH-EAST,65,5,0,15
2026-01-12,P1017,WH-EAST,65,0,0,15
2026-01-13,P1017,WH-EAST,63,2,0,15
2026-01-14,P1017,WH-EAST,59,4,0,15
2026-01-15,P1017,WH-EAST,57,2,0,15
2026-01-16,P1017,WH-EAST,55,2,0,15
2026-01-17,P1017,WH-EAST,52,3,0,15
2026-01-18,P1017,WH-EAST,47,5,0,15
2026-01-19,P1017,WH-EAST,44,3,0,15
2026-01-20,P1017,WH-EAST,39,5,0,15
2026-01-21,P1017,WH-EAST,38,1,0,15
2026-01-22,P1017,WH-EAST,35,3,0,15
2026-01-23,P1017,WH-EAST,32,3,0,15
2026-01-24,P1017,WH-EAST,28,4,0,15
2026-01-25,P1017,WH-EAST,27,1,0,15
2026-01-26,P1017,WH-EAST,23,4,0,15
2026-01-27,P1017,WH-EAST,17,6,0,15
2026-01-28,P1017,WH-EAST,74,2,59,15
2026-01-29,P1017,WH-EAST,73,1,0,15
2026-01-30,P1017,WH-EAST,72,1,0,15
2026-01-31,P1017,WH-EAST,66,6,0,15
2026-02-01,P1017,WH-EAST,64,2,0,15
2026-02-02,P1017,WH-EAST,62,2,0,15
2026-02-03,P1017,WH-EAST,58,4,0,15
2026-02-04,P1017,WH-EAST,54,4,0,15
2026-02-05,P1017,WH-EAST,53,1,0,15
2026-02-06,P1017,WH-EAST,52,1,0,15
2026-02-07,P1017,WH-EAST,49,3,0,15
2026-02-08,P1017,WH-EAST,42,7,0,15
2026-02-09,P1017,WH-EAST,40,2,0,15
2026-02-10,P1017,WH-EAST,39,1,0,15
2026-02-11,P1017,WH-EAST,32,7,0,15
2026-02-12,P1017,WH-EAST,30,2,0,15
2026-02-13,P1017,WH-EAST,28,2,0,15
2026-02-14,P1017,WH-EAST,23,5,0,15
2026-02-15,P1017,WH-EAST,20,3,0,15
2026-02-16,P1017,WH-EAST,16,4,0,15
2026-02-17,P1017,WH-EAST,71,4,59,15
2026-02-18,P1017,WH-EAST,70,1,0,15
2026-02-19,P1017,WH-EAST,67,3,0,15
2026-02-20,P1017,WH-EAST,65,2,0,15
2026-02-21,P1017,WH-EAST,62,3,0,15
2026-02-22,P1017,WH-EAST,60,2,0,15
2026-02-23,P1017,WH-EAST,58,2,0,15
2026-02-24,P1017,WH-EAST,55,3,0,15
2026-02-25,P1017,WH-EAST,54,1,0,15
2026-02-26,P1017,WH-EAST,54,0,0,15
2026-02-27,P1017,WH-EAST,52,2,0,15
2026-02-28,P1017,WH-EAST,51,1,0,15
2026-03-01,P1017,WH-EAST,50,1,0,15
2026-03-02,P1017,WH-EAST,47,3,0,15
2026-03-03,P1017,WH-EAST,42,5,0,15
2026-03-04,P1017,WH-EAST,40,2,0,15
2026-03-05,P1017,WH-EAST,38,2,0,15
2026-03-06,P1017,WH-EAST,37,1,0,15
2026-03-07,P1017,WH-EAST,34,3,0,15
2026-03-08,P1017,WH-EAST,30,4,0,15
2026-03-09,P1017,WH-EAST,30,0,0,15
2026-03-10,P1017,WH-EAST,29,1,0,15
2026-03-11,P1017,WH-EAST,28,1,0,15
2026-03-12,P1017,WH-EAST,25,3,0,15
2026-03-13,P1017,WH-EAST,25,0,0,15
2026-03-14,P1017,WH-EAST,22,3,0,15
2026-03-15,P1017,WH-EAST,21,1,0,15
2026-03-16,P1017,WH-EAST,20,1,0,15
2026-03-17,P1017,WH-EAST,74,5,59,15
2026-03-18,P1017,WH-EAST,72,2,0,15
2026-03-19,P1017,WH-EAST,71,1,0,15
2026-03-20,P1017,WH-EAST,70,1,0,15
2026-03-21,P1017,WH-EAST,69,1,0,15
2026-03-22,P1017,WH-EAST,66,3,0,15
2026-03-23,P1017,WH-EAST,65,1,0,15
2026-03-24,P1017,WH-EAST,61,4,0,15
2026-03-25,P1017,WH-EAST,60,1,0,15
2026-03-26,P1017,WH-EAST,60,0,0,15
2026-03-27,P1017,WH-EAST,59,1,0,15
2026-03-28,P1017,WH-EAST,57,2,0,15
2026-03-29,P1017,WH-EAST,53,4,0,15
2026-03-30,P1017,WH-EAST,51,2,0,15
2026-03-31,P1017,WH-EAST,50,1,0,15
2026-04-01,P1017,WH-EAST,49,1,0,15
2026-04-02,P1017,WH-EAST,46,3,0,15
2026-04-03,P1017,WH-EAST,46,0,0,15
2026-04-04,P1017,WH-EAST,45,1,0,15
2026-04-05,P1017,WH-EAST,44,1,0,15
2026-04-06,P1017,WH-EAST,43,1,0,15
2026-04-07,P1017,WH-EAST,40,3,0,15
2026-04-08,P1017,WH-EAST,38,2,0,15
2026-04-09,P1017,WH-EAST,38,0,0,15
2026-04-10,P1017,WH-EAST,35,3,0,15
2026-04-11,P1017,WH-EAST,32,3,0,15
2026-04-12,P1017,WH-EAST,29,3,0,15
2026-04-13,P1017,WH-EAST,27,2,0,15
2026-04-14,P1017,WH-EAST,24,3,0,15
2026-04-15,P1017,WH-EAST,21,3,0,15
2026-04-16,P1017,WH-EAST,20,1,0,15
2026-04-17,P1017,WH-EAST,19,1,0,15
2026-04-18,P1017,WH-EAST,18,1,0,15
2026-04-19,P1017,WH-EAST,16,2,0,15
2026-04-20,P1017,WH-EAST,69,6,59,15
2026-04-21,P1017,WH-EAST,69,0,0,15
2026-04-22,P1017,WH-EAST,66,3,0,15
2026-04-23,P1017,WH-EAST,63,3,0,15
2026-04-24,P1017,WH-EAST,60,3,0,15
2026-04-25,P1017,WH-EAST,59,1,0,15
2026-04-26,P1017,WH-EAST,56,3,0,15
2026-04-27,P1017,WH-EAST,54,2,0,15
2026-04-28,P1017,WH-EAST,54,0,0,15
2026-04-29,P1017,WH-EAST,53,1,0,15
2026-04-30,P1017,WH-EAST,49,4,0,15
2026-05-01,P1017,WH-EAST,49,0,0,15
2026-05-02,P1017,WH-EAST,44,5,0,15
2026-05-03,P1017,WH-EAST,42,2,0,15
2026-05-04,P1017,WH-EAST,40,2,0,15
2026-05-05,P1017,WH-EAST,40,0,0,15
2026-05-06,P1017,WH-EAST,39,1,0,15
2026-05-07,P1017,WH-EAST,37,2,0,15
2026-05-08,P1017,WH-EAST,31,6,0,15
2026-05-09,P1017,WH-EAST,28,3,0,15
2026-05-10,P1017,WH-EAST,26,2,0,15
2026-05-11,P1017,WH-EAST,25,1,0,15
2026-05-12,P1017,WH-EAST,24,1,0,15
2026-05-13,P1017,WH-EAST,23,1,0,15
2026-05-14,P1017,WH-EAST,21,2,0,15
2026-05-15,P1017,WH-EAST,20,1,0,15
2026-05-16,P1017,WH-EAST,19,1,0,15
2026-05-17,P1017,WH-EAST,18,1,0,15
2026-05-18,P1017,WH-EAST,16,2,0,15
2026-05-19,P1017,WH-EAST,74,1,59,15
2026-05-20,P1017,WH-EAST,73,1,0,15
2026-05-21,P1017,WH-EAST,73,0,0,15
2026-05-22,P1017,WH-EAST,71,2,0,15
2026-05-23,P1017,WH-EAST,69,2,0,15
2026-05-24,P1017,WH-EAST,64,5,0,15
2026-05-25,P1017,WH-EAST,64,0,0,15
2026-05-26,P1017,WH-EAST,64,0,0,15
2026-05-27,P1017,WH-EAST,62,2,0,15
2026-05-28,P1017,WH-EAST,61,1,0,15
2026-05-29,P1017,WH-EAST,61,0,0,15
2026-05-30,P1017,WH-EAST,59,2,0,15
2026-05-31,P1017,WH-EAST,59,0,0,15
2026-06-01,P1017,WH-EAST,57,2,0,15
2026-06-02,P1017,WH-EAST,55,2,0,15
2026-06-03,P1017,WH-EAST,54,1,0,15
2026-06-04,P1017,WH-EAST,54,0,0,15
2026-06-05,P1017,WH-EAST,53,1,0,15
2026-06-06,P1017,WH-EAST,52,1,0,15
2026-06-07,P1017,WH-EAST,51,1,0,15
2026-06-08,P1017,WH-EAST,48,3,0,15
2026-06-09,P1017,WH-EAST,44,4,0,15
2026-06-10,P1017,WH-EAST,42,2,0,15
2026-06-11,P1017,WH-EAST,41,1,0,15
2026-06-12,P1017,WH-EAST,39,2,0,15
2026-06-13,P1017,WH-EAST,37,2,0,15
2026-06-14,P1017,WH-EAST,34,3,0,15
2026-06-15,P1017,WH-EAST,32,2,0,15
2026-06-16,P1017,WH-EAST,31,1,0,15
2026-06-17,P1017,WH-EAST,31,0,0,15
2026-06-18,P1017,WH-EAST,28,3,0,15
2026-06-19,P1017,WH-EAST,28,0,0,15
2026-06-20,P1017,WH-EAST,24,4,0,15
2026-06-21,P1017,WH-EAST,22,2,0,15
2026-06-22,P1017,WH-EAST,22,0,0,15
2026-06-23,P1017,WH-EAST,21,1,0,15
2026-06-24,P1017,WH-EAST,19,2,0,15
2026-06-25,P1017,WH-EAST,17,2,0,15
2026-06-26,P1017,WH-EAST,16,1,0,15
2026-06-27,P1017,WH-EAST,74,1,59,15
2026-06-28,P1017,WH-EAST,70,4,0,15
2026-06-29,P1017,WH-EAST,69,1,0,15
2026-06-30,P1017,WH-EAST,67,2,0,15
2026-07-01,P1017,WH-EAST,66,1,0,15
2026-07-02,P1017,WH-EAST,64,2,0,15
2026-07-03,P1017,WH-EAST,63,1,0,15
2026-07-04,P1017,WH-EAST,61,2,0,15
2026-07-05,P1017,WH-EAST,60,1,0,15
2026-07-06,P1017,WH-EAST,59,1,0,15
2026-07-07,P1017,WH-EAST,57,2,0,15
2026-07-08,P1017,WH-EAST,54,3,0,15
2026-07-09,P1017,WH-EAST,52,2,0,15
2026-07-10,P1017,WH-EAST,47,5,0,15
2026-07-11,P1017,WH-EAST,46,1,0,15
2026-07-12,P1017,WH-EAST,44,2,0,15
2026-07-13,P1017,WH-EAST,43,1,0,15
2026-07-14,P1017,WH-EAST,41,2,0,15
2026-07-15,P1017,WH-EAST,39,2,0,15
2026-07-16,P1017,WH-EAST,39,0,0,15
2026-07-17,P1017,WH-EAST,38,1,0,15
2026-07-18,P1017,WH-EAST,31,7,0,15
2026-07-19,P1017,WH-EAST,26,5,0,15
2026-07-20,P1017,WH-EAST,25,1,0,15
2026-07-21,P1017,WH-EAST,25,0,0,15
2026-07-22,P1017,WH-EAST,24,1,0,15
2026-07-23,P1017,WH-EAST,22,2,0,15
2026-07-24,P1017,WH-EAST,22,0,0,15
2026-07-25,P1017,WH-EAST,21,1,0,15
2026-07-26,P1017,WH-EAST,20,1,0,15
2026-07-27,P1017,WH-EAST,19,1,0,15
2026-07-28,P1017,WH-EAST,18,1,0,15
2026-07-29,P1017,WH-EAST,17,1,0,15
2026-07-30,P1017,WH-EAST,73,3,59,15
2026-07-31,P1017,WH-EAST,70,3,0,15
2026-08-01,P1017,WH-EAST,68,2,0,15
2026-08-02,P1017,WH-EAST,65,3,0,15
2026-08-03,P1017,WH-EAST,62,3,0,15
2026-08-04,P1017,WH-EAST,60,2,0,15
2026-08-05,P1017,WH-EAST,59,1,0,15
2026-08-06,P1017,WH-EAST,57,2,0,15
2026-08-07,P1017,WH-EAST,55,2,0,15
2026-08-08,P1017,WH-EAST,52,3,0,15
2026-08-09,P1017,WH-EAST,50,2,0,15
2026-08-10,P1017,WH-EAST,47,3,0,15
2026-08-11,P1017,WH-EAST,46,1,0,15
2026-08-12,P1017,WH-EAST,43,3,0,15
2026-08-13,P1017,WH-EAST,43,0,0,15
2025-08-15,P1018,WH-CENTRAL,81,1,0,22
2025-08-16,P1018,WH-CENTRAL,77,4,0,22
2025-08-17,P1018,WH-CENTRAL,75,2,0,22
2025-08-18,P1018,WH-CENTRAL,73,2,0,22
2025-08-19,P1018,WH-CENTRAL,70,3,0,22
2025-08-20,P1018,WH-CENTRAL,68,2,0,22
2025-08-21,P1018,WH-CENTRAL,66,2,0,22
2025-08-22,P1018,WH-CENTRAL,64,2,0,22
2025-08-23,P1018,WH-CENTRAL,63,1,0,22
2025-08-24,P1018,WH-CENTRAL,59,4,0,22
2025-08-25,P1018,WH-CENTRAL,57,2,0,22
2025-08-26,P1018,WH-CENTRAL,57,0,0,22
2025-08-27,P1018,WH-CENTRAL,55,2,0,22
2025-08-28,P1018,WH-CENTRAL,54,1,0,22
2025-08-29,P1018,WH-CENTRAL,52,2,0,22
2025-08-30,P1018,WH-CENTRAL,47,5,0,22
2025-08-31,P1018,WH-CENTRAL,47,0,0,22
2025-09-01,P1018,WH-CENTRAL,44,3,0,22
2025-09-02,P1018,WH-CENTRAL,42,2,0,22
2025-09-03,P1018,WH-CENTRAL,41,1,0,22
2025-09-04,P1018,WH-CENTRAL,40,1,0,22
2025-09-05,P1018,WH-CENTRAL,38,2,0,22
2025-09-06,P1018,WH-CENTRAL,38,0,0,22
2025-09-07,P1018,WH-CENTRAL,37,1,0,22
2025-09-08,P1018,WH-CENTRAL,32,5,0,22
2025-09-09,P1018,WH-CENTRAL,29,3,0,22
2025-09-10,P1018,WH-CENTRAL,25,4,0,22
2025-09-11,P1018,WH-CENTRAL,23,2,0,22
2025-09-12,P1018,WH-CENTRAL,74,4,55,22
2025-09-13,P1018,WH-CENTRAL,73,1,0,22
2025-09-14,P1018,WH-CENTRAL,63,10,0,22
2025-09-15,P1018,WH-CENTRAL,60,3,0,22
2025-09-16,P1018,WH-CENTRAL,56,4,0,22
2025-09-17,P1018,WH-CENTRAL,52,4,0,22
2025-09-18,P1018,WH-CENTRAL,49,3,0,22
2025-09-19,P1018,WH-CENTRAL,47,2,0,22
2025-09-20,P1018,WH-CENTRAL,42,5,0,22
2025-09-21,P1018,WH-CENTRAL,39,3,0,22
2025-09-22,P1018,WH-CENTRAL,39,0,0,22
2025-09-23,P1018,WH-CENTRAL,36,3,0,22
2025-09-24,P1018,WH-CENTRAL,34,2,0,22
2025-09-25,P1018,WH-CENTRAL,30,4,0,22
2025-09-26,P1018,WH-CENTRAL,25,5,0,22
2025-09-27,P1018,WH-CENTRAL,77,3,55,22
2025-09-28,P1018,WH-CENTRAL,72,5,0,22
2025-09-29,P1018,WH-CENTRAL,70,2,0,22
2025-09-30,P1018,WH-CENTRAL,66,4,0,22
2025-10-01,P1018,WH-CENTRAL,65,1,0,22
2025-10-02,P1018,WH-CENTRAL,63,2,0,22
2025-10-03,P1018,WH-CENTRAL,62,1,0,22
2025-10-04,P1018,WH-CENTRAL,59,3,0,22
2025-10-05,P1018,WH-CENTRAL,56,3,0,22
2025-10-06,P1018,WH-CENTRAL,51,5,0,22
2025-10-07,P1018,WH-CENTRAL,46,5,0,22
2025-10-08,P1018,WH-CENTRAL,41,5,0,22
2025-10-09,P1018,WH-CENTRAL,39,2,0,22
2025-10-10,P1018,WH-CENTRAL,33,6,0,22
2025-10-11,P1018,WH-CENTRAL,29,4,0,22
2025-10-12,P1018,WH-CENTRAL,25,4,0,22
2025-10-13,P1018,WH-CENTRAL,23,2,0,22
2025-10-14,P1018,WH-CENTRAL,76,2,55,22
2025-10-15,P1018,WH-CENTRAL,71,5,0,22
2025-10-16,P1018,WH-CENTRAL,67,4,0,22
2025-10-17,P1018,WH-CENTRAL,64,3,0,22
2025-10-18,P1018,WH-CENTRAL,59,5,0,22
2025-10-19,P1018,WH-CENTRAL,57,2,0,22
2025-10-20,P1018,WH-CENTRAL,55,2,0,22
2025-10-21,P1018,WH-CENTRAL,53,2,0,22
2025-10-22,P1018,WH-CENTRAL,50,3,0,22
2025-10-23,P1018,WH-CENTRAL,47,3,0,22
2025-10-24,P1018,WH-CENTRAL,44,3,0,22
2025-10-25,P1018,WH-CENTRAL,37,7,0,22
2025-10-26,P1018,WH-CENTRAL,34,3,0,22
2025-10-27,P1018,WH-CENTRAL,31,3,0,22
2025-10-28,P1018,WH-CENTRAL,30,1,0,22
2025-10-29,P1018,WH-CENTRAL,26,4,0,22
2025-10-30,P1018,WH-CENTRAL,24,2,0,22
2025-10-31,P1018,WH-CENTRAL,76,3,55,22
2025-11-01,P1018,WH-CENTRAL,64,12,0,22
2025-11-02,P1018,WH-CENTRAL,57,7,0,22
2025-11-03,P1018,WH-CENTRAL,57,0,0,22
2025-11-04,P1018,WH-CENTRAL,54,3,0,22
2025-11-05,P1018,WH-CENTRAL,51,3,0,22
2025-11-06,P1018,WH-CENTRAL,49,2,0,22
2025-11-07,P1018,WH-CENTRAL,47,2,0,22
2025-11-08,P1018,WH-CENTRAL,46,1,0,22
2025-11-09,P1018,WH-CENTRAL,43,3,0,22
2025-11-10,P1018,WH-CENTRAL,41,2,0,22
2025-11-11,P1018,WH-CENTRAL,39,2,0,22
2025-11-12,P1018,WH-CENTRAL,34,5,0,22
2025-11-13,P1018,WH-CENTRAL,32,2,0,22
2025-11-14,P1018,WH-CENTRAL,31,1,0,22
2025-11-15,P1018,WH-CENTRAL,23,8,0,22
2025-11-16,P1018,WH-CENTRAL,77,1,55,22
2025-11-17,P1018,WH-CENTRAL,73,4,0,22
2025-11-18,P1018,WH-CENTRAL,72,1,0,22
2025-11-19,P1018,WH-CENTRAL,71,1,0,22
2025-11-20,P1018,WH-CENTRAL,66,5,0,22
2025-11-21,P1018,WH-CENTRAL,64,2,0,22
2025-11-22,P1018,WH-CENTRAL,56,8,0,22
2025-11-23,P1018,WH-CENTRAL,51,5,0,22
2025-11-24,P1018,WH-CENTRAL,48,3,0,22
2025-11-25,P1018,WH-CENTRAL,44,4,0,22
2025-11-26,P1018,WH-CENTRAL,41,3,0,22
2025-11-27,P1018,WH-CENTRAL,38,3,0,22
2025-11-28,P1018,WH-CENTRAL,35,3,0,22
2025-11-29,P1018,WH-CENTRAL,30,5,0,22
2025-11-30,P1018,WH-CENTRAL,25,5,0,22
2025-12-01,P1018,WH-CENTRAL,77,3,55,22
2025-12-02,P1018,WH-CENTRAL,73,4,0,22
2025-12-03,P1018,WH-CENTRAL,68,5,0,22
2025-12-04,P1018,WH-CENTRAL,65,3,0,22
2025-12-05,P1018,WH-CENTRAL,63,2,0,22
2025-12-06,P1018,WH-CENTRAL,57,6,0,22
2025-12-07,P1018,WH-CENTRAL,55,2,0,22
2025-12-08,P1018,WH-CENTRAL,50,5,0,22
2025-12-09,P1018,WH-CENTRAL,45,5,0,22
2025-12-10,P1018,WH-CENTRAL,41,4,0,22
2025-12-11,P1018,WH-CENTRAL,38,3,0,22
2025-12-12,P1018,WH-CENTRAL,36,2,0,22
2025-12-13,P1018,WH-CENTRAL,32,4,0,22
2025-12-14,P1018,WH-CENTRAL,27,5,0,22
2025-12-15,P1018,WH-CENTRAL,77,5,55,22
2025-12-16,P1018,WH-CENTRAL,76,1,0,22
2025-12-17,P1018,WH-CENTRAL,75,1,0,22
2025-12-18,P1018,WH-CENTRAL,70,5,0,22
2025-12-19,P1018,WH-CENTRAL,68,2,0,22
2025-12-20,P1018,WH-CENTRAL,65,3,0,22
2025-12-21,P1018,WH-CENTRAL,60,5,0,22
2025-12-22,P1018,WH-CENTRAL,59,1,0,22
2025-12-23,P1018,WH-CENTRAL,55,4,0,22
2025-12-24,P1018,WH-CENTRAL,52,3,0,22
2025-12-25,P1018,WH-CENTRAL,50,2,0,22
2025-12-26,P1018,WH-CENTRAL,49,1,0,22
2025-12-27,P1018,WH-CENTRAL,45,4,0,22
2025-12-28,P1018,WH-CENTRAL,38,7,0,22
2025-12-29,P1018,WH-CENTRAL,35,3,0,22
2025-12-30,P1018,WH-CENTRAL,31,4,0,22
2025-12-31,P1018,WH-CENTRAL,28,3,0,22
2026-01-01,P1018,WH-CENTRAL,25,3,0,22
2026-01-02,P1018,WH-CENTRAL,23,2,0,22
2026-01-03,P1018,WH-CENTRAL,71,7,55,22
2026-01-04,P1018,WH-CENTRAL,69,2,0,22
2026-01-05,P1018,WH-CENTRAL,69,0,0,22
2026-01-06,P1018,WH-CENTRAL,68,1,0,22
2026-01-07,P1018,WH-CENTRAL,65,3,0,22
2026-01-08,P1018,WH-CENTRAL,64,1,0,22
2026-01-09,P1018,WH-CENTRAL,63,1,0,22
2026-01-10,P1018,WH-CENTRAL,62,1,0,22
2026-01-11,P1018,WH-CENTRAL,55,7,0,22
2026-01-12,P1018,WH-CENTRAL,50,5,0,22
2026-01-13,P1018,WH-CENTRAL,50,0,0,22
2026-01-14,P1018,WH-CENTRAL,47,3,0,22
2026-01-15,P1018,WH-CENTRAL,46,1,0,22
2026-01-16,P1018,WH-CENTRAL,39,7,0,22
2026-01-17,P1018,WH-CENTRAL,36,3,0,22
2026-01-18,P1018,WH-CENTRAL,33,3,0,22
2026-01-19,P1018,WH-CENTRAL,32,1,0,22
2026-01-20,P1018,WH-CENTRAL,29,3,0,22
2026-01-21,P1018,WH-CENTRAL,27,2,0,22
2026-01-22,P1018,WH-CENTRAL,26,1,0,22
2026-01-23,P1018,WH-CENTRAL,23,3,0,22
2026-01-24,P1018,WH-CENTRAL,73,5,55,22
2026-01-25,P1018,WH-CENTRAL,69,4,0,22
2026-01-26,P1018,WH-CENTRAL,65,4,0,22
2026-01-27,P1018,WH-CENTRAL,64,1,0,22
2026-01-28,P1018,WH-CENTRAL,59,5,0,22
2026-01-29,P1018,WH-CENTRAL,57,2,0,22
2026-01-30,P1018,WH-CENTRAL,54,3,0,22
2026-01-31,P1018,WH-CENTRAL,51,3,0,22
2026-02-01,P1018,WH-CENTRAL,49,2,0,22
2026-02-02,P1018,WH-CENTRAL,44,5,0,22
2026-02-03,P1018,WH-CENTRAL,41,3,0,22
2026-02-04,P1018,WH-CENTRAL,34,7,0,22
2026-02-05,P1018,WH-CENTRAL,32,2,0,22
2026-02-06,P1018,WH-CENTRAL,28,4,0,22
2026-02-07,P1018,WH-CENTRAL,77,6,55,22
2026-02-08,P1018,WH-CENTRAL,74,3,0,22
2026-02-09,P1018,WH-CENTRAL,68,6,0,22
2026-02-10,P1018,WH-CENTRAL,64,4,0,22
2026-02-11,P1018,WH-CENTRAL,62,2,0,22
2026-02-12,P1018,WH-CENTRAL,59,3,0,22
2026-02-13,P1018,WH-CENTRAL,56,3,0,22
2026-02-14,P1018,WH-CENTRAL,52,4,0,22
2026-02-15,P1018,WH-CENTRAL,44,8,0,22
2026-02-16,P1018,WH-CENTRAL,44,0,0,22
2026-02-17,P1018,WH-CENTRAL,42,2,0,22
2026-02-18,P1018,WH-CENTRAL,41,1,0,22
2026-02-19,P1018,WH-CENTRAL,40,1,0,22
2026-02-20,P1018,WH-CENTRAL,37,3,0,22
2026-02-21,P1018,WH-CENTRAL,35,2,0,22
2026-02-22,P1018,WH-CENTRAL,32,3,0,22
2026-02-23,P1018,WH-CENTRAL,31,1,0,22
2026-02-24,P1018,WH-CENTRAL,28,3,0,22
2026-02-25,P1018,WH-CENTRAL,28,0,0,22
2026-02-26,P1018,WH-CENTRAL,27,1,0,22
2026-02-27,P1018,WH-CENTRAL,26,1,0,22
2026-02-28,P1018,WH-CENTRAL,25,1,0,22
2026-03-01,P1018,WH-CENTRAL,24,1,0,22
2026-03-02,P1018,WH-CENTRAL,77,2,55,22
2026-03-03,P1018,WH-CENTRAL,73,4,0,22
2026-03-04,P1018,WH-CENTRAL,70,3,0,22
2026-03-05,P1018,WH-CENTRAL,67,3,0,22
2026-03-06,P1018,WH-CENTRAL,62,5,0,22
2026-03-07,P1018,WH-CENTRAL,62,0,0,22
2026-03-08,P1018,WH-CENTRAL,60,2,0,22
2026-03-09,P1018,WH-CENTRAL,60,0,0,22
2026-03-10,P1018,WH-CENTRAL,60,0,0,22
2026-03-11,P1018,WH-CENTRAL,57,3,0,22
2026-03-12,P1018,WH-CENTRAL,55,2,0,22
2026-03-13,P1018,WH-CENTRAL,54,1,0,22
2026-03-14,P1018,WH-CENTRAL,53,1,0,22
2026-03-15,P1018,WH-CENTRAL,48,5,0,22
2026-03-16,P1018,WH-CENTRAL,46,2,0,22
2026-03-17,P1018,WH-CENTRAL,45,1,0,22
2026-03-18,P1018,WH-CENTRAL,44,1,0,22
2026-03-19,P1018,WH-CENTRAL,42,2,0,22
2026-03-20,P1018,WH-CENTRAL,40,2,0,22
2026-03-21,P1018,WH-CENTRAL,35,5,0,22
2026-03-22,P1018,WH-CENTRAL,34,1,0,22
2026-03-23,P1018,WH-CENTRAL,31,3,0,22
2026-03-24,P1018,WH-CENTRAL,27,4,0,22
2026-03-25,P1018,WH-CENTRAL,77,5,55,22
2026-03-26,P1018,WH-CENTRAL,76,1,0,22
2026-03-27,P1018,WH-CENTRAL,73,3,0,22
2026-03-28,P1018,WH-CENTRAL,71,2,0,22
2026-03-29,P1018,WH-CENTRAL,67,4,0,22
2026-03-30,P1018,WH-CENTRAL,63,4,0,22
2026-03-31,P1018,WH-CENTRAL,62,1,0,22
2026-04-01,P1018,WH-CENTRAL,59,3,0,22
2026-04-02,P1018,WH-CENTRAL,56,3,0,22
2026-04-03,P1018,WH-CENTRAL,55,1,0,22
2026-04-04,P1018,WH-CENTRAL,49,6,0,22
2026-04-05,P1018,WH-CENTRAL,48,1,0,22
2026-04-06,P1018,WH-CENTRAL,47,1,0,22
2026-04-07,P1018,WH-CENTRAL,45,2,0,22
2026-04-08,P1018,WH-CENTRAL,44,1,0,22
2026-04-09,P1018,WH-CENTRAL,40,4,0,22
2026-04-10,P1018,WH-CENTRAL,37,3,0,22
2026-04-11,P1018,WH-CENTRAL,35,2,0,22
2026-04-12,P1018,WH-CENTRAL,34,1,0,22
2026-04-13,P1018,WH-CENTRAL,32,2,0,22
2026-04-14,P1018,WH-CENTRAL,29,3,0,22
2026-04-15,P1018,WH-CENTRAL,28,1,0,22
2026-04-16,P1018,WH-CENTRAL,26,2,0,22
2026-04-17,P1018,WH-CENTRAL,25,1,0,22
2026-04-18,P1018,WH-CENTRAL,77,3,55,22
2026-04-19,P1018,WH-CENTRAL,76,1,0,22
2026-04-20,P1018,WH-CENTRAL,76,0,0,22
2026-04-21,P1018,WH-CENTRAL,72,4,0,22
2026-04-22,P1018,WH-CENTRAL,70,2,0,22
2026-04-23,P1018,WH-CENTRAL,70,0,0,22
2026-04-24,P1018,WH-CENTRAL,69,1,0,22
2026-04-25,P1018,WH-CENTRAL,68,1,0,22
2026-04-26,P1018,WH-CENTRAL,65,3,0,22
2026-04-27,P1018,WH-CENTRAL,64,1,0,22
2026-04-28,P1018,WH-CENTRAL,64,0,0,22
2026-04-29,P1018,WH-CENTRAL,63,1,0,22
2026-04-30,P1018,WH-CENTRAL,61,2,0,22
2026-05-01,P1018,WH-CENTRAL,57,4,0,22
2026-05-02,P1018,WH-CENTRAL,55,2,0,22
2026-05-03,P1018,WH-CENTRAL,51,4,0,22
2026-05-04,P1018,WH-CENTRAL,51,0,0,22
2026-05-05,P1018,WH-CENTRAL,47,4,0,22
2026-05-06,P1018,WH-CENTRAL,46,1,0,22
2026-05-07,P1018,WH-CENTRAL,44,2,0,22
2026-05-08,P1018,WH-CENTRAL,44,0,0,22
2026-05-09,P1018,WH-CENTRAL,42,2,0,22
2026-05-10,P1018,WH-CENTRAL,41,1,0,22
2026-05-11,P1018,WH-CENTRAL,39,2,0,22
2026-05-12,P1018,WH-CENTRAL,38,1,0,22
2026-05-13,P1018,WH-CENTRAL,37,1,0,22
2026-05-14,P1018,WH-CENTRAL,34,3,0,22
2026-05-15,P1018,WH-CENTRAL,33,1,0,22
2026-05-16,P1018,WH-CENTRAL,32,1,0,22
2026-05-17,P1018,WH-CENTRAL,31,1,0,22
2026-05-18,P1018,WH-CENTRAL,28,3,0,22
2026-05-19,P1018,WH-CENTRAL,26,2,0,22
2026-05-20,P1018,WH-CENTRAL,77,4,55,22
2026-05-21,P1018,WH-CENTRAL,77,0,0,22
2026-05-22,P1018,WH-CENTRAL,77,0,0,22
2026-05-23,P1018,WH-CENTRAL,77,0,0,22
2026-05-24,P1018,WH-CENTRAL,76,1,0,22
2026-05-25,P1018,WH-CENTRAL,76,0,0,22
2026-05-26,P1018,WH-CENTRAL,75,1,0,22
2026-05-27,P1018,WH-CENTRAL,72,3,0,22
2026-05-28,P1018,WH-CENTRAL,71,1,0,22
2026-05-29,P1018,WH-CENTRAL,71,0,0,22
2026-05-30,P1018,WH-CENTRAL,68,3,0,22
2026-05-31,P1018,WH-CENTRAL,67,1,0,22
2026-06-01,P1018,WH-CENTRAL,65,2,0,22
2026-06-02,P1018,WH-CENTRAL,64,1,0,22
2026-06-03,P1018,WH-CENTRAL,64,0,0,22
2026-06-04,P1018,WH-CENTRAL,60,4,0,22
2026-06-05,P1018,WH-CENTRAL,59,1,0,22
2026-06-06,P1018,WH-CENTRAL,58,1,0,22
2026-06-07,P1018,WH-CENTRAL,57,1,0,22
2026-06-08,P1018,WH-CENTRAL,56,1,0,22
2026-06-09,P1018,WH-CENTRAL,54,2,0,22
2026-06-10,P1018,WH-CENTRAL,53,1,0,22
2026-06-11,P1018,WH-CENTRAL,52,1,0,22
2026-06-12,P1018,WH-CENTRAL,51,1,0,22
2026-06-13,P1018,WH-CENTRAL,47,4,0,22
2026-06-14,P1018,WH-CENTRAL,45,2,0,22
2026-06-15,P1018,WH-CENTRAL,45,0,0,22
2026-06-16,P1018,WH-CENTRAL,44,1,0,22
2026-06-17,P1018,WH-CENTRAL,42,2,0,22
2026-06-18,P1018,WH-CENTRAL,39,3,0,22
2026-06-19,P1018,WH-CENTRAL,34,5,0,22
2026-06-20,P1018,WH-CENTRAL,34,0,0,22
2026-06-21,P1018,WH-CENTRAL,30,4,0,22
2026-06-22,P1018,WH-CENTRAL,29,1,0,22
2026-06-23,P1018,WH-CENTRAL,27,2,0,22
2026-06-24,P1018,WH-CENTRAL,25,2,0,22
2026-06-25,P1018,WH-CENTRAL,24,1,0,22
2026-06-26,P1018,WH-CENTRAL,77,2,55,22
2026-06-27,P1018,WH-CENTRAL,75,2,0,22
2026-06-28,P1018,WH-CENTRAL,73,2,0,22
2026-06-29,P1018,WH-CENTRAL,70,3,0,22
2026-06-30,P1018,WH-CENTRAL,65,5,0,22
2026-07-01,P1018,WH-CENTRAL,63,2,0,22
2026-07-02,P1018,WH-CENTRAL,60,3,0,22
2026-07-03,P1018,WH-CENTRAL,54,6,0,22
2026-07-04,P1018,WH-CENTRAL,53,1,0,22
2026-07-05,P1018,WH-CENTRAL,50,3,0,22
2026-07-06,P1018,WH-CENTRAL,50,0,0,22
2026-07-07,P1018,WH-CENTRAL,46,4,0,22
2026-07-08,P1018,WH-CENTRAL,45,1,0,22
2026-07-09,P1018,WH-CENTRAL,43,2,0,22
2026-07-10,P1018,WH-CENTRAL,40,3,0,22
2026-07-11,P1018,WH-CENTRAL,38,2,0,22
2026-07-12,P1018,WH-CENTRAL,34,4,0,22
2026-07-13,P1018,WH-CENTRAL,32,2,0,22
2026-07-14,P1018,WH-CENTRAL,29,3,0,22
2026-07-15,P1018,WH-CENTRAL,28,1,0,22
2026-07-16,P1018,WH-CENTRAL,28,0,0,22
2026-07-17,P1018,WH-CENTRAL,26,2,0,22
2026-07-18,P1018,WH-CENTRAL,25,1,0,22
2026-07-19,P1018,WH-CENTRAL,75,5,55,22
2026-07-20,P1018,WH-CENTRAL,73,2,0,22
2026-07-21,P1018,WH-CENTRAL,71,2,0,22
2026-07-22,P1018,WH-CENTRAL,68,3,0,22
2026-07-23,P1018,WH-CENTRAL,66,2,0,22
2026-07-24,P1018,WH-CENTRAL,65,1,0,22
2026-07-25,P1018,WH-CENTRAL,63,2,0,22
2026-07-26,P1018,WH-CENTRAL,60,3,0,22
2026-07-27,P1018,WH-CENTRAL,58,2,0,22
2026-07-28,P1018,WH-CENTRAL,55,3,0,22
2026-07-29,P1018,WH-CENTRAL,54,1,0,22
2026-07-30,P1018,WH-CENTRAL,50,4,0,22
2026-07-31,P1018,WH-CENTRAL,49,1,0,22
2026-08-01,P1018,WH-CENTRAL,47,2,0,22
2026-08-02,P1018,WH-CENTRAL,44,3,0,22
2026-08-03,P1018,WH-CENTRAL,39,5,0,22
2026-08-04,P1018,WH-CENTRAL,39,0,0,22
2026-08-05,P1018,WH-CENTRAL,37,2,0,22
2026-08-06,P1018,WH-CENTRAL,37,0,0,22
2026-08-07,P1018,WH-CENTRAL,33,4,0,22
2026-08-08,P1018,WH-CENTRAL,31,2,0,22
2026-08-09,P1018,WH-CENTRAL,30,1,0,22
2026-08-10,P1018,WH-CENTRAL,24,6,0,22
2026-08-11,P1018,WH-CENTRAL,75,4,55,22
2026-08-12,P1018,WH-CENTRAL,74,1,0,22
2026-08-13,P1018,WH-CENTRAL,73,1,0,22
2025-08-15,P1019,WH-CENTRAL,96,6,0,49
2025-08-16,P1019,WH-CENTRAL,89,7,0,49
2025-08-17,P1019,WH-CENTRAL,83,6,0,49
2025-08-18,P1019,WH-CENTRAL,80,3,0,49
2025-08-19,P1019,WH-CENTRAL,80,0,0,49
2025-08-20,P1019,WH-CENTRAL,77,3,0,49
2025-08-21,P1019,WH-CENTRAL,72,5,0,49
2025-08-22,P1019,WH-CENTRAL,67,5,0,49
2025-08-23,P1019,WH-CENTRAL,61,6,0,49
2025-08-24,P1019,WH-CENTRAL,55,6,0,49
2025-08-25,P1019,WH-CENTRAL,202,7,154,49
2025-08-26,P1019,WH-CENTRAL,189,13,0,49
2025-08-27,P1019,WH-CENTRAL,186,3,0,49
2025-08-28,P1019,WH-CENTRAL,183,3,0,49
2025-08-29,P1019,WH-CENTRAL,177,6,0,49
2025-08-30,P1019,WH-CENTRAL,171,6,0,49
2025-08-31,P1019,WH-CENTRAL,168,3,0,49
2025-09-01,P1019,WH-CENTRAL,164,4,0,49
2025-09-02,P1019,WH-CENTRAL,161,3,0,49
2025-09-03,P1019,WH-CENTRAL,155,6,0,49
2025-09-04,P1019,WH-CENTRAL,150,5,0,49
2025-09-05,P1019,WH-CENTRAL,146,4,0,49
2025-09-06,P1019,WH-CENTRAL,142,4,0,49
2025-09-07,P1019,WH-CENTRAL,137,5,0,49
2025-09-08,P1019,WH-CENTRAL,133,4,0,49
2025-09-09,P1019,WH-CENTRAL,126,7,0,49
2025-09-10,P1019,WH-CENTRAL,123,3,0,49
2025-09-11,P1019,WH-CENTRAL,118,5,0,49
2025-09-12,P1019,WH-CENTRAL,116,2,0,49
2025-09-13,P1019,WH-CENTRAL,111,5,0,49
2025-09-14,P1019,WH-CENTRAL,106,5,0,49
2025-09-15,P1019,WH-CENTRAL,102,4,0,49
2025-09-16,P1019,WH-CENTRAL,98,4,0,49
2025-09-17,P1019,WH-CENTRAL,92,6,0,49
2025-09-18,P1019,WH-CENTRAL,90,2,0,49
2025-09-19,P1019,WH-CENTRAL,88,2,0,49
2025-09-20,P1019,WH-CENTRAL,85,3,0,49
2025-09-21,P1019,WH-CENTRAL,78,7,0,49
2025-09-22,P1019,WH-CENTRAL,75,3,0,49
2025-09-23,P1019,WH-CENTRAL,72,3,0,49
2025-09-24,P1019,WH-CENTRAL,72,0,0,49
2025-09-25,P1019,WH-CENTRAL,69,3,0,49
2025-09-26,P1019,WH-CENTRAL,62,7,0,49
2025-09-27,P1019,WH-CENTRAL,56,6,0,49
2025-09-28,P1019,WH-CENTRAL,50,6,0,49
2025-09-29,P1019,WH-CENTRAL,199,5,154,49
2025-09-30,P1019,WH-CENTRAL,195,4,0,49
2025-10-01,P1019,WH-CENTRAL,194,1,0,49
2025-10-02,P1019,WH-CENTRAL,189,5,0,49
2025-10-03,P1019,WH-CENTRAL,187,2,0,49
2025-10-04,P1019,WH-CENTRAL,180,7,0,49
2025-10-05,P1019,WH-CENTRAL,172,8,0,49
2025-10-06,P1019,WH-CENTRAL,166,6,0,49
2025-10-07,P1019,WH-CENTRAL,160,6,0,49
2025-10-08,P1019,WH-CENTRAL,160,0,0,49
2025-10-09,P1019,WH-CENTRAL,151,9,0,49
2025-10-10,P1019,WH-CENTRAL,148,3,0,49
2025-10-11,P1019,WH-CENTRAL,142,6,0,49
2025-10-12,P1019,WH-CENTRAL,137,5,0,49
2025-10-13,P1019,WH-CENTRAL,136,1,0,49
2025-10-14,P1019,WH-CENTRAL,131,5,0,49
2025-10-15,P1019,WH-CENTRAL,125,6,0,49
2025-10-16,P1019,WH-CENTRAL,119,6,0,49
2025-10-17,P1019,WH-CENTRAL,115,4,0,49
2025-10-18,P1019,WH-CENTRAL,109,6,0,49
2025-10-19,P1019,WH-CENTRAL,99,10,0,49
2025-10-20,P1019,WH-CENTRAL,93,6,0,49
2025-10-21,P1019,WH-CENTRAL,90,3,0,49
2025-10-22,P1019,WH-CENTRAL,88,2,0,49
2025-10-23,P1019,WH-CENTRAL,85,3,0,49
2025-10-24,P1019,WH-CENTRAL,76,9,0,49
2025-10-25,P1019,WH-CENTRAL,73,3,0,49
2025-10-26,P1019,WH-CENTRAL,70,3,0,49
2025-10-27,P1019,WH-CENTRAL,70,0,0,49
2025-10-28,P1019,WH-CENTRAL,65,5,0,49
2025-10-29,P1019,WH-CENTRAL,59,6,0,49
2025-10-30,P1019,WH-CENTRAL,57,2,0,49
2025-10-31,P1019,WH-CENTRAL,52,5,0,49
2025-11-01,P1019,WH-CENTRAL,200,6,154,49
2025-11-02,P1019,WH-CENTRAL,195,5,0,49
2025-11-03,P1019,WH-CENTRAL,194,1,0,49
2025-11-04,P1019,WH-CENTRAL,189,5,0,49
2025-11-05,P1019,WH-CENTRAL,182,7,0,49
2025-11-06,P1019,WH-CENTRAL,176,6,0,49
2025-11-07,P1019,WH-CENTRAL,174,2,0,49
2025-11-08,P1019,WH-CENTRAL,168,6,0,49
2025-11-09,P1019,WH-CENTRAL,163,5,0,49
2025-11-10,P1019,WH-CENTRAL,156,7,0,49
2025-11-11,P1019,WH-CENTRAL,153,3,0,49
2025-11-12,P1019,WH-CENTRAL,149,4,0,49
2025-11-13,P1019,WH-CENTRAL,146,3,0,49
2025-11-14,P1019,WH-CENTRAL,138,8,0,49
2025-11-15,P1019,WH-CENTRAL,127,11,0,49
2025-11-16,P1019,WH-CENTRAL,122,5,0,49
2025-11-17,P1019,WH-CENTRAL,120,2,0,49
2025-11-18,P1019,WH-CENTRAL,115,5,0,49
2025-11-19,P1019,WH-CENTRAL,113,2,0,49
2025-11-20,P1019,WH-CENTRAL,107,6,0,49
2025-11-21,P1019,WH-CENTRAL,101,6,0,49
2025-11-22,P1019,WH-CENTRAL,96,5,0,49
2025-11-23,P1019,WH-CENTRAL,94,2,0,49
2025-11-24,P1019,WH-CENTRAL,93,1,0,49
2025-11-25,P1019,WH-CENTRAL,86,7,0,49
2025-11-26,P1019,WH-CENTRAL,82,4,0,49
2025-11-27,P1019,WH-CENTRAL,78,4,0,49
2025-11-28,P1019,WH-CENTRAL,74,4,0,49
2025-11-29,P1019,WH-CENTRAL,71,3,0,49
2025-11-30,P1019,WH-CENTRAL,65,6,0,49
2025-12-01,P1019,WH-CENTRAL,61,4,0,49
2025-12-02,P1019,WH-CENTRAL,56,5,0,49
2025-12-03,P1019,WH-CENTRAL,51,5,0,49
2025-12-04,P1019,WH-CENTRAL,198,7,154,49
2025-12-05,P1019,WH-CENTRAL,194,4,0,49
2025-12-06,P1019,WH-CENTRAL,187,7,0,49
2025-12-07,P1019,WH-CENTRAL,180,7,0,49
2025-12-08,P1019,WH-CENTRAL,177,3,0,49
2025-12-09,P1019,WH-CENTRAL,173,4,0,49
2025-12-10,P1019,WH-CENTRAL,165,8,0,49
2025-12-11,P1019,WH-CENTRAL,159,6,0,49
2025-12-12,P1019,WH-CENTRAL,157,2,0,49
2025-12-13,P1019,WH-CENTRAL,150,7,0,49
2025-12-14,P1019,WH-CENTRAL,143,7,0,49
2025-12-15,P1019,WH-CENTRAL,141,2,0,49
2025-12-16,P1019,WH-CENTRAL,137,4,0,49
2025-12-17,P1019,WH-CENTRAL,133,4,0,49
2025-12-18,P1019,WH-CENTRAL,131,2,0,49
2025-12-19,P1019,WH-CENTRAL,131,0,0,49
2025-12-20,P1019,WH-CENTRAL,127,4,0,49
2025-12-21,P1019,WH-CENTRAL,123,4,0,49
2025-12-22,P1019,WH-CENTRAL,119,4,0,49
2025-12-23,P1019,WH-CENTRAL,116,3,0,49
2025-12-24,P1019,WH-CENTRAL,112,4,0,49
2025-12-25,P1019,WH-CENTRAL,108,4,0,49
2025-12-26,P1019,WH-CENTRAL,105,3,0,49
2025-12-27,P1019,WH-CENTRAL,100,5,0,49
2025-12-28,P1019,WH-CENTRAL,94,6,0,49
2025-12-29,P1019,WH-CENTRAL,90,4,0,49
2025-12-30,P1019,WH-CENTRAL,89,1,0,49
2025-12-31,P1019,WH-CENTRAL,87,2,0,49
2026-01-01,P1019,WH-CENTRAL,80,7,0,49
2026-01-02,P1019,WH-CENTRAL,79,1,0,49
2026-01-03,P1019,WH-CENTRAL,75,4,0,49
2026-01-04,P1019,WH-CENTRAL,71,4,0,49
2026-01-05,P1019,WH-CENTRAL,70,1,0,49
2026-01-06,P1019,WH-CENTRAL,69,1,0,49
2026-01-07,P1019,WH-CENTRAL,64,5,0,49
2026-01-08,P1019,WH-CENTRAL,60,4,0,49
2026-01-09,P1019,WH-CENTRAL,56,4,0,49
2026-01-10,P1019,WH-CENTRAL,52,4,0,49
2026-01-11,P1019,WH-CENTRAL,201,5,154,49
2026-01-12,P1019,WH-CENTRAL,197,4,0,49
2026-01-13,P1019,WH-CENTRAL,195,2,0,49
2026-01-14,P1019,WH-CENTRAL,194,1,0,49
2026-01-15,P1019,WH-CENTRAL,192,2,0,49
2026-01-16,P1019,WH-CENTRAL,190,2,0,49
2026-01-17,P1019,WH-CENTRAL,186,4,0,49
2026-01-18,P1019,WH-CENTRAL,182,4,0,49
2026-01-19,P1019,WH-CENTRAL,180,2,0,49
2026-01-20,P1019,WH-CENTRAL,176,4,0,49
2026-01-21,P1019,WH-CENTRAL,172,4,0,49
2026-01-22,P1019,WH-CENTRAL,168,4,0,49
2026-01-23,P1019,WH-CENTRAL,166,2,0,49
2026-01-24,P1019,WH-CENTRAL,165,1,0,49
2026-01-25,P1019,WH-CENTRAL,161,4,0,49
2026-01-26,P1019,WH-CENTRAL,160,1,0,49
2026-01-27,P1019,WH-CENTRAL,156,4,0,49
2026-01-28,P1019,WH-CENTRAL,152,4,0,49
2026-01-29,P1019,WH-CENTRAL,149,3,0,49
2026-01-30,P1019,WH-CENTRAL,145,4,0,49
2026-01-31,P1019,WH-CENTRAL,144,1,0,49
2026-02-01,P1019,WH-CENTRAL,140,4,0,49
2026-02-02,P1019,WH-CENTRAL,136,4,0,49
2026-02-03,P1019,WH-CENTRAL,134,2,0,49
2026-02-04,P1019,WH-CENTRAL,132,2,0,49
2026-02-05,P1019,WH-CENTRAL,131,1,0,49
2026-02-06,P1019,WH-CENTRAL,127,4,0,49
2026-02-07,P1019,WH-CENTRAL,125,2,0,49
2026-02-08,P1019,WH-CENTRAL,121,4,0,49
2026-02-09,P1019,WH-CENTRAL,116,5,0,49
2026-02-10,P1019,WH-CENTRAL,114,2,0,49
2026-02-11,P1019,WH-CENTRAL,110,4,0,49
2026-02-12,P1019,WH-CENTRAL,106,4,0,49
2026-02-13,P1019,WH-CENTRAL,104,2,0,49
2026-02-14,P1019,WH-CENTRAL,101,3,0,49
2026-02-15,P1019,WH-CENTRAL,101,0,0,49
2026-02-16,P1019,WH-CENTRAL,97,4,0,49
2026-02-17,P1019,WH-CENTRAL,97,0,0,49
2026-02-18,P1019,WH-CENTRAL,96,1,0,49
2026-02-19,P1019,WH-CENTRAL,94,2,0,49
2026-02-20,P1019,WH-CENTRAL,92,2,0,49
2026-02-21,P1019,WH-CENTRAL,88,4,0,49
2026-02-22,P1019,WH-CENTRAL,85,3,0,49
2026-02-23,P1019,WH-CENTRAL,83,2,0,49
2026-02-24,P1019,WH-CENTRAL,81,2,0,49
2026-02-25,P1019,WH-CENTRAL,79,2,0,49
2026-02-26,P1019,WH-CENTRAL,75,4,0,49
2026-02-27,P1019,WH-CENTRAL,73,2,0,49
2026-02-28,P1019,WH-CENTRAL,70,3,0,49
2026-03-01,P1019,WH-CENTRAL,67,3,0,49
2026-03-02,P1019,WH-CENTRAL,66,1,0,49
2026-03-03,P1019,WH-CENTRAL,63,3,0,49
2026-03-04,P1019,WH-CENTRAL,63,0,0,49
2026-03-05,P1019,WH-CENTRAL,60,3,0,49
2026-03-06,P1019,WH-CENTRAL,56,4,0,49
2026-03-07,P1019,WH-CENTRAL,56,0,0,49
2026-03-08,P1019,WH-CENTRAL,52,4,0,49
2026-03-09,P1019,WH-CENTRAL,50,2,0,49
2026-03-10,P1019,WH-CENTRAL,199,5,154,49
2026-03-11,P1019,WH-CENTRAL,198,1,0,49
2026-03-12,P1019,WH-CENTRAL,197,1,0,49
2026-03-13,P1019,WH-CENTRAL,196,1,0,49
2026-03-14,P1019,WH-CENTRAL,193,3,0,49
2026-03-15,P1019,WH-CENTRAL,189,4,0,49
2026-03-16,P1019,WH-CENTRAL,187,2,0,49
2026-03-17,P1019,WH-CENTRAL,183,4,0,49
2026-03-18,P1019,WH-CENTRAL,183,0,0,49
2026-03-19,P1019,WH-CENTRAL,183,0,0,49
2026-03-20,P1019,WH-CENTRAL,181,2,0,49
2026-03-21,P1019,WH-CENTRAL,178,3,0,49
2026-03-22,P1019,WH-CENTRAL,178,0,0,49
2026-03-23,P1019,WH-CENTRAL,178,0,0,49
2026-03-24,P1019,WH-CENTRAL,176,2,0,49
2026-03-25,P1019,WH-CENTRAL,173,3,0,49
2026-03-26,P1019,WH-CENTRAL,168,5,0,49
2026-03-27,P1019,WH-CENTRAL,165,3,0,49
2026-03-28,P1019,WH-CENTRAL,162,3,0,49
2026-03-29,P1019,WH-CENTRAL,161,1,0,49
2026-03-30,P1019,WH-CENTRAL,160,1,0,49
2026-03-31,P1019,WH-CENTRAL,159,1,0,49
2026-04-01,P1019,WH-CENTRAL,156,3,0,49
2026-04-02,P1019,WH-CENTRAL,156,0,0,49
2026-04-03,P1019,WH-CENTRAL,153,3,0,49
2026-04-04,P1019,WH-CENTRAL,150,3,0,49
2026-04-05,P1019,WH-CENTRAL,147,3,0,49
2026-04-06,P1019,WH-CENTRAL,147,0,0,49
2026-04-07,P1019,WH-CENTRAL,145,2,0,49
2026-04-08,P1019,WH-CENTRAL,143,2,0,49
2026-04-09,P1019,WH-CENTRAL,135,8,0,49
2026-04-10,P1019,WH-CENTRAL,133,2,0,49
2026-04-11,P1019,WH-CENTRAL,132,1,0,49
2026-04-12,P1019,WH-CENTRAL,131,1,0,49
2026-04-13,P1019,WH-CENTRAL,131,0,0,49
2026-04-14,P1019,WH-CENTRAL,131,0,0,49
2026-04-15,P1019,WH-CENTRAL,128,3,0,49
2026-04-16,P1019,WH-CENTRAL,126,2,0,49
2026-04-17,P1019,WH-CENTRAL,126,0,0,49
2026-04-18,P1019,WH-CENTRAL,125,1,0,49
2026-04-19,P1019,WH-CENTRAL,124,1,0,49
2026-04-20,P1019,WH-CENTRAL,123,1,0,49
2026-04-21,P1019,WH-CENTRAL,122,1,0,49
2026-04-22,P1019,WH-CENTRAL,121,1,0,49
2026-04-23,P1019,WH-CENTRAL,119,2,0,49
2026-04-24,P1019,WH-CENTRAL,117,2,0,49
2026-04-25,P1019,WH-CENTRAL,117,0,0,49
2026-04-26,P1019,WH-CENTRAL,115,2,0,49
2026-04-27,P1019,WH-CENTRAL,114,1,0,49
2026-04-28,P1019,WH-CENTRAL,113,1,0,49
2026-04-29,P1019,WH-CENTRAL,113,0,0,49
2026-04-30,P1019,WH-CENTRAL,111,2,0,49
2026-05-01,P1019,WH-CENTRAL,111,0,0,49
2026-05-02,P1019,WH-CENTRAL,110,1,0,49
2026-05-03,P1019,WH-CENTRAL,109,1,0,49
2026-05-04,P1019,WH-CENTRAL,109,0,0,49
2026-05-05,P1019,WH-CENTRAL,107,2,0,49
2026-05-06,P1019,WH-CENTRAL,106,1,0,49
2026-05-07,P1019,WH-CENTRAL,105,1,0,49
2026-05-08,P1019,WH-CENTRAL,105,0,0,49
2026-05-09,P1019,WH-CENTRAL,105,0,0,49
2026-05-10,P1019,WH-CENTRAL,101,4,0,49
2026-05-11,P1019,WH-CENTRAL,101,0,0,49
2026-05-12,P1019,WH-CENTRAL,98,3,0,49
2026-05-13,P1019,WH-CENTRAL,97,1,0,49
2026-05-14,P1019,WH-CENTRAL,96,1,0,49
2026-05-15,P1019,WH-CENTRAL,94,2,0,49
2026-05-16,P1019,WH-CENTRAL,92,2,0,49
2026-05-17,P1019,WH-CENTRAL,90,2,0,49
2026-05-18,P1019,WH-CENTRAL,89,1,0,49
2026-05-19,P1019,WH-CENTRAL,89,0,0,49
2026-05-20,P1019,WH-CENTRAL,89,0,0,49
2026-05-21,P1019,WH-CENTRAL,88,1,0,49
2026-05-22,P1019,WH-CENTRAL,87,1,0,49
2026-05-23,P1019,WH-CENTRAL,87,0,0,49
2026-05-24,P1019,WH-CENTRAL,83,4,0,49
2026-05-25,P1019,WH-CENTRAL,83,0,0,49
2026-05-26,P1019,WH-CENTRAL,82,1,0,49
2026-05-27,P1019,WH-CENTRAL,82,0,0,49
2026-05-28,P1019,WH-CENTRAL,82,0,0,49
2026-05-29,P1019,WH-CENTRAL,81,1,0,49
2026-05-30,P1019,WH-CENTRAL,80,1,0,49
2026-05-31,P1019,WH-CENTRAL,80,0,0,49
2026-06-01,P1019,WH-CENTRAL,78,2,0,49
2026-06-02,P1019,WH-CENTRAL,77,1,0,49
2026-06-03,P1019,WH-CENTRAL,75,2,0,49
2026-06-04,P1019,WH-CENTRAL,74,1,0,49
2026-06-05,P1019,WH-CENTRAL,74,0,0,49
2026-06-06,P1019,WH-CENTRAL,73,1,0,49
2026-06-07,P1019,WH-CENTRAL,73,0,0,49
2026-06-08,P1019,WH-CENTRAL,72,1,0,49
2026-06-09,P1019,WH-CENTRAL,72,0,0,49
2026-06-10,P1019,WH-CENTRAL,71,1,0,49
2026-06-11,P1019,WH-CENTRAL,70,1,0,49
2026-06-12,P1019,WH-CENTRAL,69,1,0,49
2026-06-13,P1019,WH-CENTRAL,67,2,0,49
2026-06-14,P1019,WH-CENTRAL,66,1,0,49
2026-06-15,P1019,WH-CENTRAL,65,1,0,49
2026-06-16,P1019,WH-CENTRAL,63,2,0,49
2026-06-17,P1019,WH-CENTRAL,61,2,0,49
2026-06-18,P1019,WH-CENTRAL,60,1,0,49
2026-06-19,P1019,WH-CENTRAL,57,3,0,49
2026-06-20,P1019,WH-CENTRAL,57,0,0,49
2026-06-21,P1019,WH-CENTRAL,56,1,0,49
2026-06-22,P1019,WH-CENTRAL,55,1,0,49
2026-06-23,P1019,WH-CENTRAL,55,0,0,49
2026-06-24,P1019,WH-CENTRAL,54,1,0,49
2026-06-25,P1019,WH-CENTRAL,54,0,0,49
2026-06-26,P1019,WH-CENTRAL,53,1,0,49
2026-06-27,P1019,WH-CENTRAL,51,2,0,49
2026-06-28,P1019,WH-CENTRAL,50,1,0,49
2026-06-29,P1019,WH-CENTRAL,202,2,154,49
2026-06-30,P1019,WH-CENTRAL,201,1,0,49
2026-07-01,P1019,WH-CENTRAL,200,1,0,49
2026-07-02,P1019,WH-CENTRAL,200,0,0,49
2026-07-03,P1019,WH-CENTRAL,199,1,0,49
2026-07-04,P1019,WH-CENTRAL,195,4,0,49
2026-07-05,P1019,WH-CENTRAL,194,1,0,49
2026-07-06,P1019,WH-CENTRAL,193,1,0,49
2026-07-07,P1019,WH-CENTRAL,192,1,0,49
2026-07-08,P1019,WH-CENTRAL,190,2,0,49
2026-07-09,P1019,WH-CENTRAL,190,0,0,49
2026-07-10,P1019,WH-CENTRAL,188,2,0,49
2026-07-11,P1019,WH-CENTRAL,188,0,0,49
2026-07-12,P1019,WH-CENTRAL,188,0,0,49
2026-07-13,P1019,WH-CENTRAL,188,0,0,49
2026-07-14,P1019,WH-CENTRAL,188,0,0,49
2026-07-15,P1019,WH-CENTRAL,187,1,0,49
2026-07-16,P1019,WH-CENTRAL,187,0,0,49
2026-07-17,P1019,WH-CENTRAL,185,2,0,49
2026-07-18,P1019,WH-CENTRAL,185,0,0,49
2026-07-19,P1019,WH-CENTRAL,185,0,0,49
2026-07-20,P1019,WH-CENTRAL,185,0,0,49
2026-07-21,P1019,WH-CENTRAL,184,1,0,49
2026-07-22,P1019,WH-CENTRAL,183,1,0,49
2026-07-23,P1019,WH-CENTRAL,182,1,0,49
2026-07-24,P1019,WH-CENTRAL,180,2,0,49
2026-07-25,P1019,WH-CENTRAL,177,3,0,49
2026-07-26,P1019,WH-CENTRAL,177,0,0,49
2026-07-27,P1019,WH-CENTRAL,177,0,0,49
2026-07-28,P1019,WH-CENTRAL,177,0,0,49
2026-07-29,P1019,WH-CENTRAL,177,0,0,49
2026-07-30,P1019,WH-CENTRAL,176,1,0,49
2026-07-31,P1019,WH-CENTRAL,174,2,0,49
2026-08-01,P1019,WH-CENTRAL,172,2,0,49
2026-08-02,P1019,WH-CENTRAL,169,3,0,49
2026-08-03,P1019,WH-CENTRAL,168,1,0,49
2026-08-04,P1019,WH-CENTRAL,168,0,0,49
2026-08-05,P1019,WH-CENTRAL,166,2,0,49
2026-08-06,P1019,WH-CENTRAL,166,0,0,49
2026-08-07,P1019,WH-CENTRAL,165,1,0,49
2026-08-08,P1019,WH-CENTRAL,164,1,0,49
2026-08-09,P1019,WH-CENTRAL,162,2,0,49
2026-08-10,P1019,WH-CENTRAL,162,0,0,49
2026-08-11,P1019,WH-CENTRAL,161,1,0,49
2026-08-12,P1019,WH-CENTRAL,160,1,0,49
2026-08-13,P1019,WH-CENTRAL,159,1,0,49
2025-08-15,P1020,WH-EAST,219,7,0,55
2025-08-16,P1020,WH-EAST,209,10,0,55
2025-08-17,P1020,WH-EAST,200,9,0,55
2025-08-18,P1020,WH-EAST,193,7,0,55
2025-08-19,P1020,WH-EAST,184,9,0,55
2025-08-20,P1020,WH-EAST,173,11,0,55
2025-08-21,P1020,WH-EAST,163,10,0,55
2025-08-22,P1020,WH-EAST,155,8,0,55
2025-08-23,P1020,WH-EAST,139,16,0,55
2025-08-24,P1020,WH-EAST,131,8,0,55
2025-08-25,P1020,WH-EAST,124,7,0,55
2025-08-26,P1020,WH-EAST,117,7,0,55
2025-08-27,P1020,WH-EAST,109,8,0,55
2025-08-28,P1020,WH-EAST,101,8,0,55
2025-08-29,P1020,WH-EAST,91,10,0,55
2025-08-30,P1020,WH-EAST,78,13,0,55
2025-08-31,P1020,WH-EAST,58,20,0,55
2025-09-01,P1020,WH-EAST,254,11,207,55
2025-09-02,P1020,WH-EAST,244,10,0,55
2025-09-03,P1020,WH-EAST,233,11,0,55
2025-09-04,P1020,WH-EAST,224,9,0,55
2025-09-05,P1020,WH-EAST,217,7,0,55
2025-09-06,P1020,WH-EAST,203,14,0,55
2025-09-07,P1020,WH-EAST,190,13,0,55
2025-09-08,P1020,WH-EAST,180,10,0,55
2025-09-09,P1020,WH-EAST,163,17,0,55
2025-09-10,P1020,WH-EAST,150,13,0,55
2025-09-11,P1020,WH-EAST,139,11,0,55
2025-09-12,P1020,WH-EAST,131,8,0,55
2025-09-13,P1020,WH-EAST,114,17,0,55
2025-09-14,P1020,WH-EAST,106,8,0,55
2025-09-15,P1020,WH-EAST,95,11,0,55
2025-09-16,P1020,WH-EAST,85,10,0,55
2025-09-17,P1020,WH-EAST,78,7,0,55
2025-09-18,P1020,WH-EAST,68,10,0,55
2025-09-19,P1020,WH-EAST,59,9,0,55
2025-09-20,P1020,WH-EAST,254,12,207,55
2025-09-21,P1020,WH-EAST,243,11,0,55
2025-09-22,P1020,WH-EAST,237,6,0,55
2025-09-23,P1020,WH-EAST,229,8,0,55
2025-09-24,P1020,WH-EAST,222,7,0,55
2025-09-25,P1020,WH-EAST,215,7,0,55
2025-09-26,P1020,WH-EAST,210,5,0,55
2025-09-27,P1020,WH-EAST,196,14,0,55
2025-09-28,P1020,WH-EAST,180,16,0,55
2025-09-29,P1020,WH-EAST,170,10,0,55
2025-09-30,P1020,WH-EAST,167,3,0,55
2025-10-01,P1020,WH-EAST,158,9,0,55
2025-10-02,P1020,WH-EAST,149,9,0,55
2025-10-03,P1020,WH-EAST,138,11,0,55
2025-10-04,P1020,WH-EAST,118,20,0,55
2025-10-05,P1020,WH-EAST,102,16,0,55
2025-10-06,P1020,WH-EAST,90,12,0,55
2025-10-07,P1020,WH-EAST,83,7,0,55
2025-10-08,P1020,WH-EAST,80,3,0,55
2025-10-09,P1020,WH-EAST,74,6,0,55
2025-10-10,P1020,WH-EAST,66,8,0,55
2025-10-11,P1020,WH-EAST,248,25,207,55
2025-10-12,P1020,WH-EAST,239,9,0,55
2025-10-13,P1020,WH-EAST,229,10,0,55
2025-10-14,P1020,WH-EAST,225,4,0,55
2025-10-15,P1020,WH-EAST,213,12,0,55
2025-10-16,P1020,WH-EAST,197,16,0,55
2025-10-17,P1020,WH-EAST,190,7,0,55
2025-10-18,P1020,WH-EAST,168,22,0,55
2025-10-19,P1020,WH-EAST,149,19,0,55
2025-10-20,P1020,WH-EAST,138,11,0,55
2025-10-21,P1020,WH-EAST,131,7,0,55
2025-10-22,P1020,WH-EAST,122,9,0,55
2025-10-23,P1020,WH-EAST,104,18,0,55
2025-10-24,P1020,WH-EAST,92,12,0,55
2025-10-25,P1020,WH-EAST,71,21,0,55
2025-10-26,P1020,WH-EAST,261,17,207,55
2025-10-27,P1020,WH-EAST,251,10,0,55
2025-10-28,P1020,WH-EAST,241,10,0,55
2025-10-29,P1020,WH-EAST,229,12,0,55
2025-10-30,P1020,WH-EAST,223,6,0,55
2025-10-31,P1020,WH-EAST,209,14,0,55
2025-11-01,P1020,WH-EAST,195,14,0,55
2025-11-02,P1020,WH-EAST,182,13,0,55
2025-11-03,P1020,WH-EAST,168,14,0,55
2025-11-04,P1020,WH-EAST,159,9,0,55
2025-11-05,P1020,WH-EAST,146,13,0,55
2025-11-06,P1020,WH-EAST,137,9,0,55
2025-11-07,P1020,WH-EAST,121,16,0,55
2025-11-08,P1020,WH-EAST,107,14,0,55
2025-11-09,P1020,WH-EAST,83,24,0,55
2025-11-10,P1020,WH-EAST,75,8,0,55
2025-11-11,P1020,WH-EAST,63,12,0,55
2025-11-12,P1020,WH-EAST,56,7,0,55
2025-11-13,P1020,WH-EAST,254,9,207,55
2025-11-14,P1020,WH-EAST,250,4,0,55
2025-11-15,P1020,WH-EAST,234,16,0,55
2025-11-16,P1020,WH-EAST,215,19,0,55
2025-11-17,P1020,WH-EAST,205,10,0,55
2025-11-18,P1020,WH-EAST,196,9,0,55
2025-11-19,P1020,WH-EAST,187,9,0,55
2025-11-20,P1020,WH-EAST,180,7,0,55
2025-11-21,P1020,WH-EAST,172,8,0,55
2025-11-22,P1020,WH-EAST,158,14,0,55
2025-11-23,P1020,WH-EAST,139,19,0,55
2025-11-24,P1020,WH-EAST,132,7,0,55
2025-11-25,P1020,WH-EAST,120,12,0,55
2025-11-26,P1020,WH-EAST,108,12,0,55
2025-11-27,P1020,WH-EAST,96,12,0,55
2025-11-28,P1020,WH-EAST,92,4,0,55
2025-11-29,P1020,WH-EAST,82,10,0,55
2025-11-30,P1020,WH-EAST,64,18,0,55
2025-12-01,P1020,WH-EAST,261,10,207,55
2025-12-02,P1020,WH-EAST,248,13,0,55
2025-12-03,P1020,WH-EAST,242,6,0,55
2025-12-04,P1020,WH-EAST,229,13,0,55
2025-12-05,P1020,WH-EAST,223,6,0,55
2025-12-06,P1020,WH-EAST,212,11,0,55
2025-12-07,P1020,WH-EAST,197,15,0,55
2025-12-08,P1020,WH-EAST,191,6,0,55
2025-12-09,P1020,WH-EAST,178,13,0,55
2025-12-10,P1020,WH-EAST,170,8,0,55
2025-12-11,P1020,WH-EAST,161,9,0,55
2025-12-12,P1020,WH-EAST,153,8,0,55
2025-12-13,P1020,WH-EAST,144,9,0,55
2025-12-14,P1020,WH-EAST,123,21,0,55
2025-12-15,P1020,WH-EAST,114,9,0,55
2025-12-16,P1020,WH-EAST,103,11,0,55
2025-12-17,P1020,WH-EAST,94,9,0,55
2025-12-18,P1020,WH-EAST,78,16,0,55
2025-12-19,P1020,WH-EAST,71,7,0,55
2025-12-20,P1020,WH-EAST,57,14,0,55
2025-12-21,P1020,WH-EAST,247,17,207,55
2025-12-22,P1020,WH-EAST,240,7,0,55
2025-12-23,P1020,WH-EAST,235,5,0,55
2025-12-24,P1020,WH-EAST,221,14,0,55
2025-12-25,P1020,WH-EAST,209,12,0,55
2025-12-26,P1020,WH-EAST,202,7,0,55
2025-12-27,P1020,WH-EAST,186,16,0,55
2025-12-28,P1020,WH-EAST,175,11,0,55
2025-12-29,P1020,WH-EAST,165,10,0,55
2025-12-30,P1020,WH-EAST,158,7,0,55
2025-12-31,P1020,WH-EAST,148,10,0,55
2026-01-01,P1020,WH-EAST,141,7,0,55
2026-01-02,P1020,WH-EAST,136,5,0,55
2026-01-03,P1020,WH-EAST,127,9,0,55
2026-01-04,P1020,WH-EAST,109,18,0,55
2026-01-05,P1020,WH-EAST,100,9,0,55
2026-01-06,P1020,WH-EAST,91,9,0,55
2026-01-07,P1020,WH-EAST,78,13,0,55
2026-01-08,P1020,WH-EAST,64,14,0,55
2026-01-09,P1020,WH-EAST,261,10,207,55
2026-01-10,P1020,WH-EAST,245,16,0,55
2026-01-11,P1020,WH-EAST,228,17,0,55
2026-01-12,P1020,WH-EAST,221,7,0,55
2026-01-13,P1020,WH-EAST,211,10,0,55
2026-01-14,P1020,WH-EAST,204,7,0,55
2026-01-15,P1020,WH-EAST,195,9,0,55
2026-01-16,P1020,WH-EAST,187,8,0,55
2026-01-17,P1020,WH-EAST,173,14,0,55
2026-01-18,P1020,WH-EAST,160,13,0,55
2026-01-19,P1020,WH-EAST,149,11,0,55
2026-01-20,P1020,WH-EAST,139,10,0,55
2026-01-21,P1020,WH-EAST,129,10,0,55
2026-01-22,P1020,WH-EAST,119,10,0,55
2026-01-23,P1020,WH-EAST,113,6,0,55
2026-01-24,P1020,WH-EAST,99,14,0,55
2026-01-25,P1020,WH-EAST,83,16,0,55
2026-01-26,P1020,WH-EAST,74,9,0,55
2026-01-27,P1020,WH-EAST,67,7,0,55
2026-01-28,P1020,WH-EAST,56,11,0,55
2026-01-29,P1020,WH-EAST,256,7,207,55
2026-01-30,P1020,WH-EAST,251,5,0,55
2026-01-31,P1020,WH-EAST,236,15,0,55
2026-02-01,P1020,WH-EAST,225,11,0,55
2026-02-02,P1020,WH-EAST,213,12,0,55
2026-02-03,P1020,WH-EAST,204,9,0,55
2026-02-04,P1020,WH-EAST,193,11,0,55
2026-02-05,P1020,WH-EAST,188,5,0,55
2026-02-06,P1020,WH-EAST,180,8,0,55
2026-02-07,P1020,WH-EAST,168,12,0,55
2026-02-08,P1020,WH-EAST,157,11,0,55
2026-02-09,P1020,WH-EAST,151,6,0,55
2026-02-10,P1020,WH-EAST,145,6,0,55
2026-02-11,P1020,WH-EAST,134,11,0,55
2026-02-12,P1020,WH-EAST,129,5,0,55
2026-02-13,P1020,WH-EAST,122,7,0,55
2026-02-14,P1020,WH-EAST,114,8,0,55
2026-02-15,P1020,WH-EAST,100,14,0,55
2026-02-16,P1020,WH-EAST,90,10,0,55
2026-02-17,P1020,WH-EAST,85,5,0,55
2026-02-18,P1020,WH-EAST,76,9,0,55
2026-02-19,P1020,WH-EAST,63,13,0,55
2026-02-20,P1020,WH-EAST,59,4,0,55
2026-02-21,P1020,WH-EAST,252,14,207,55
2026-02-22,P1020,WH-EAST,236,16,0,55
2026-02-23,P1020,WH-EAST,226,10,0,55
2026-02-24,P1020,WH-EAST,221,5,0,55
2026-02-25,P1020,WH-EAST,214,7,0,55
2026-02-26,P1020,WH-EAST,209,5,0,55
2026-02-27,P1020,WH-EAST,202,7,0,55
2026-02-28,P1020,WH-EAST,188,14,0,55
2026-03-01,P1020,WH-EAST,172,16,0,55
2026-03-02,P1020,WH-EAST,166,6,0,55
2026-03-03,P1020,WH-EAST,160,6,0,55
2026-03-04,P1020,WH-EAST,150,10,0,55
2026-03-05,P1020,WH-EAST,142,8,0,55
2026-03-06,P1020,WH-EAST,136,6,0,55
2026-03-07,P1020,WH-EAST,120,16,0,55
2026-03-08,P1020,WH-EAST,108,12,0,55
2026-03-09,P1020,WH-EAST,103,5,0,55
2026-03-10,P1020,WH-EAST,96,7,0,55
2026-03-11,P1020,WH-EAST,90,6,0,55
2026-03-12,P1020,WH-EAST,83,7,0,55
2026-03-13,P1020,WH-EAST,77,6,0,55
2026-03-14,P1020,WH-EAST,68,9,0,55
2026-03-15,P1020,WH-EAST,57,11,0,55
2026-03-16,P1020,WH-EAST,255,9,207,55
2026-03-17,P1020,WH-EAST,246,9,0,55
2026-03-18,P1020,WH-EAST,239,7,0,55
2026-03-19,P1020,WH-EAST,233,6,0,55
2026-03-20,P1020,WH-EAST,226,7,0,55
2026-03-21,P1020,WH-EAST,218,8,0,55
2026-03-22,P1020,WH-EAST,207,11,0,55
2026-03-23,P1020,WH-EAST,204,3,0,55
2026-03-24,P1020,WH-EAST,195,9,0,55
2026-03-25,P1020,WH-EAST,189,6,0,55
2026-03-26,P1020,WH-EAST,181,8,0,55
2026-03-27,P1020,WH-EAST,175,6,0,55
2026-03-28,P1020,WH-EAST,167,8,0,55
2026-03-29,P1020,WH-EAST,158,9,0,55
2026-03-30,P1020,WH-EAST,152,6,0,55
2026-03-31,P1020,WH-EAST,142,10,0,55
2026-04-01,P1020,WH-EAST,137,5,0,55
2026-04-02,P1020,WH-EAST,130,7,0,55
2026-04-03,P1020,WH-EAST,127,3,0,55
2026-04-04,P1020,WH-EAST,114,13,0,55
2026-04-05,P1020,WH-EAST,105,9,0,55
2026-04-06,P1020,WH-EAST,102,3,0,55
2026-04-07,P1020,WH-EAST,101,1,0,55
2026-04-08,P1020,WH-EAST,99,2,0,55
2026-04-09,P1020,WH-EAST,93,6,0,55
2026-04-10,P1020,WH-EAST,88,5,0,55
2026-04-11,P1020,WH-EAST,82,6,0,55
2026-04-12,P1020,WH-EAST,74,8,0,55
2026-04-13,P1020,WH-EAST,67,7,0,55
2026-04-14,P1020,WH-EAST,64,3,0,55
2026-04-15,P1020,WH-EAST,262,9,207,55
2026-04-16,P1020,WH-EAST,258,4,0,55
2026-04-17,P1020,WH-EAST,251,7,0,55
2026-04-18,P1020,WH-EAST,240,11,0,55
2026-04-19,P1020,WH-EAST,235,5,0,55
2026-04-20,P1020,WH-EAST,227,8,0,55
2026-04-21,P1020,WH-EAST,220,7,0,55
2026-04-22,P1020,WH-EAST,218,2,0,55
2026-04-23,P1020,WH-EAST,216,2,0,55
2026-04-24,P1020,WH-EAST,211,5,0,55
2026-04-25,P1020,WH-EAST,207,4,0,55
2026-04-26,P1020,WH-EAST,195,12,0,55
2026-04-27,P1020,WH-EAST,190,5,0,55
2026-04-28,P1020,WH-EAST,180,10,0,55
2026-04-29,P1020,WH-EAST,175,5,0,55
2026-04-30,P1020,WH-EAST,169,6,0,55
2026-05-01,P1020,WH-EAST,162,7,0,55
2026-05-02,P1020,WH-EAST,154,8,0,55
2026-05-03,P1020,WH-EAST,147,7,0,55
2026-05-04,P1020,WH-EAST,137,10,0,55
2026-05-05,P1020,WH-EAST,132,5,0,55
2026-05-06,P1020,WH-EAST,129,3,0,55
2026-05-07,P1020,WH-EAST,124,5,0,55
2026-05-08,P1020,WH-EAST,118,6,0,55
2026-05-09,P1020,WH-EAST,110,8,0,55
2026-05-10,P1020,WH-EAST,104,6,0,55
2026-05-11,P1020,WH-EAST,100,4,0,55
2026-05-12,P1020,WH-EAST,94,6,0,55
2026-05-13,P1020,WH-EAST,90,4,0,55
2026-05-14,P1020,WH-EAST,83,7,0,55
2026-05-15,P1020,WH-EAST,77,6,0,55
2026-05-16,P1020,WH-EAST,64,13,0,55
2026-05-17,P1020,WH-EAST,262,9,207,55
2026-05-18,P1020,WH-EAST,259,3,0,55
2026-05-19,P1020,WH-EAST,253,6,0,55
2026-05-20,P1020,WH-EAST,250,3,0,55
2026-05-21,P1020,WH-EAST,246,4,0,55
2026-05-22,P1020,WH-EAST,241,5,0,55
2026-05-23,P1020,WH-EAST,235,6,0,55
2026-05-24,P1020,WH-EAST,229,6,0,55
2026-05-25,P1020,WH-EAST,228,1,0,55
2026-05-26,P1020,WH-EAST,225,3,0,55
2026-05-27,P1020,WH-EAST,223,2,0,55
2026-05-28,P1020,WH-EAST,215,8,0,55
2026-05-29,P1020,WH-EAST,203,12,0,55
2026-05-30,P1020,WH-EAST,194,9,0,55
2026-05-31,P1020,WH-EAST,184,10,0,55
2026-06-01,P1020,WH-EAST,179,5,0,55
2026-06-02,P1020,WH-EAST,172,7,0,55
2026-06-03,P1020,WH-EAST,165,7,0,55
2026-06-04,P1020,WH-EAST,162,3,0,55
2026-06-05,P1020,WH-EAST,159,3,0,55
2026-06-06,P1020,WH-EAST,154,5,0,55
2026-06-07,P1020,WH-EAST,141,13,0,55
2026-06-08,P1020,WH-EAST,133,8,0,55
2026-06-09,P1020,WH-EAST,126,7,0,55
2026-06-10,P1020,WH-EAST,122,4,0,55
2026-06-11,P1020,WH-EAST,115,7,0,55
2026-06-12,P1020,WH-EAST,110,5,0,55
2026-06-13,P1020,WH-EAST,103,7,0,55
2026-06-14,P1020,WH-EAST,93,10,0,55
2026-06-15,P1020,WH-EAST,90,3,0,55
2026-06-16,P1020,WH-EAST,84,6,0,55
2026-06-17,P1020,WH-EAST,80,4,0,55
2026-06-18,P1020,WH-EAST,74,6,0,55
2026-06-19,P1020,WH-EAST,65,9,0,55
2026-06-20,P1020,WH-EAST,56,9,0,55
2026-06-21,P1020,WH-EAST,247,16,207,55
2026-06-22,P1020,WH-EAST,239,8,0,55
2026-06-23,P1020,WH-EAST,229,10,0,55
2026-06-24,P1020,WH-EAST,223,6,0,55
2026-06-25,P1020,WH-EAST,214,9,0,55
2026-06-26,P1020,WH-EAST,201,13,0,55
2026-06-27,P1020,WH-EAST,192,9,0,55
2026-06-28,P1020,WH-EAST,185,7,0,55
2026-06-29,P1020,WH-EAST,180,5,0,55
2026-06-30,P1020,WH-EAST,168,12,0,55
2026-07-01,P1020,WH-EAST,162,6,0,55
2026-07-02,P1020,WH-EAST,155,7,0,55
2026-07-03,P1020,WH-EAST,150,5,0,55
2026-07-04,P1020,WH-EAST,144,6,0,55
2026-07-05,P1020,WH-EAST,137,7,0,55
2026-07-06,P1020,WH-EAST,129,8,0,55
2026-07-07,P1020,WH-EAST,121,8,0,55
2026-07-08,P1020,WH-EAST,111,10,0,55
2026-07-09,P1020,WH-EAST,106,5,0,55
2026-07-10,P1020,WH-EAST,102,4,0,55
2026-07-11,P1020,WH-EAST,94,8,0,55
2026-07-12,P1020,WH-EAST,88,6,0,55
2026-07-13,P1020,WH-EAST,84,4,0,55
2026-07-14,P1020,WH-EAST,78,6,0,55
2026-07-15,P1020,WH-EAST,65,13,0,55
2026-07-16,P1020,WH-EAST,61,4,0,55
2026-07-17,P1020,WH-EAST,262,6,207,55
2026-07-18,P1020,WH-EAST,246,16,0,55
2026-07-19,P1020,WH-EAST,238,8,0,55
2026-07-20,P1020,WH-EAST,230,8,0,55
2026-07-21,P1020,WH-EAST,226,4,0,55
2026-07-22,P1020,WH-EAST,217,9,0,55
2026-07-23,P1020,WH-EAST,212,5,0,55
2026-07-24,P1020,WH-EAST,207,5,0,55
2026-07-25,P1020,WH-EAST,196,11,0,55
2026-07-26,P1020,WH-EAST,180,16,0,55
2026-07-27,P1020,WH-EAST,170,10,0,55
2026-07-28,P1020,WH-EAST,161,9,0,55
2026-07-29,P1020,WH-EAST,156,5,0,55
2026-07-30,P1020,WH-EAST,148,8,0,55
2026-07-31,P1020,WH-EAST,142,6,0,55
2026-08-01,P1020,WH-EAST,131,11,0,55
2026-08-02,P1020,WH-EAST,122,9,0,55
2026-08-03,P1020,WH-EAST,112,10,0,55
2026-08-04,P1020,WH-EAST,102,10,0,55
2026-08-05,P1020,WH-EAST,97,5,0,55
2026-08-06,P1020,WH-EAST,91,6,0,55
2026-08-07,P1020,WH-EAST,88,3,0,55
2026-08-08,P1020,WH-EAST,80,8,0,55
2026-08-09,P1020,WH-EAST,72,8,0,55
2026-08-10,P1020,WH-EAST,68,4,0,55
2026-08-11,P1020,WH-EAST,60,8,0,55
2026-08-12,P1020,WH-EAST,56,4,0,55
2026-08-13,P1020,WH-EAST,260,3,207,55
2025-08-15,P1021,WH-CENTRAL,114,1,0,47
2025-08-16,P1021,WH-CENTRAL,114,0,0,47
2025-08-17,P1021,WH-CENTRAL,114,0,0,47
2025-08-18,P1021,WH-CENTRAL,113,1,0,47
2025-08-19,P1021,WH-CENTRAL,113,0,0,47
2025-08-20,P1021,WH-CENTRAL,113,0,0,47
2025-08-21,P1021,WH-CENTRAL,111,2,0,47
2025-08-22,P1021,WH-CENTRAL,111,0,0,47
2025-08-23,P1021,WH-CENTRAL,111,0,0,47
2025-08-24,P1021,WH-CENTRAL,110,1,0,47
2025-08-25,P1021,WH-CENTRAL,108,2,0,47
2025-08-26,P1021,WH-CENTRAL,108,0,0,47
2025-08-27,P1021,WH-CENTRAL,107,1,0,47
2025-08-28,P1021,WH-CENTRAL,106,1,0,47
2025-08-29,P1021,WH-CENTRAL,105,1,0,47
2025-08-30,P1021,WH-CENTRAL,105,0,0,47
2025-08-31,P1021,WH-CENTRAL,103,2,0,47
2025-09-01,P1021,WH-CENTRAL,102,1,0,47
2025-09-02,P1021,WH-CENTRAL,102,0,0,47
2025-09-03,P1021,WH-CENTRAL,101,1,0,47
2025-09-04,P1021,WH-CENTRAL,101,0,0,47
2025-09-05,P1021,WH-CENTRAL,101,0,0,47
2025-09-06,P1021,WH-CENTRAL,97,4,0,47
2025-09-07,P1021,WH-CENTRAL,97,0,0,47
2025-09-08,P1021,WH-CENTRAL,97,0,0,47
2025-09-09,P1021,WH-CENTRAL,97,0,0,47
2025-09-10,P1021,WH-CENTRAL,96,1,0,47
2025-09-11,P1021,WH-CENTRAL,95,1,0,47
2025-09-12,P1021,WH-CENTRAL,95,0,0,47
2025-09-13,P1021,WH-CENTRAL,94,1,0,47
2025-09-14,P1021,WH-CENTRAL,93,1,0,47
2025-09-15,P1021,WH-CENTRAL,91,2,0,47
2025-09-16,P1021,WH-CENTRAL,91,0,0,47
2025-09-17,P1021,WH-CENTRAL,91,0,0,47
2025-09-18,P1021,WH-CENTRAL,90,1,0,47
2025-09-19,P1021,WH-CENTRAL,89,1,0,47
2025-09-20,P1021,WH-CENTRAL,88,1,0,47
2025-09-21,P1021,WH-CENTRAL,88,0,0,47
2025-09-22,P1021,WH-CENTRAL,86,2,0,47
2025-09-23,P1021,WH-CENTRAL,85,1,0,47
2025-09-24,P1021,WH-CENTRAL,84,1,0,47
2025-09-25,P1021,WH-CENTRAL,83,1,0,47
2025-09-26,P1021,WH-CENTRAL,83,0,0,47
2025-09-27,P1021,WH-CENTRAL,82,1,0,47
2025-09-28,P1021,WH-CENTRAL,81,1,0,47
2025-09-29,P1021,WH-CENTRAL,80,1,0,47
2025-09-30,P1021,WH-CENTRAL,78,2,0,47
2025-10-01,P1021,WH-CENTRAL,77,1,0,47
2025-10-02,P1021,WH-CENTRAL,77,0,0,47
2025-10-03,P1021,WH-CENTRAL,77,0,0,47
2025-10-04,P1021,WH-CENTRAL,75,2,0,47
2025-10-05,P1021,WH-CENTRAL,75,0,0,47
2025-10-06,P1021,WH-CENTRAL,75,0,0,47
2025-10-07,P1021,WH-CENTRAL,74,1,0,47
2025-10-08,P1021,WH-CENTRAL,74,0,0,47
2025-10-09,P1021,WH-CENTRAL,73,1,0,47
2025-10-10,P1021,WH-CENTRAL,73,0,0,47
2025-10-11,P1021,WH-CENTRAL,72,1,0,47
2025-10-12,P1021,WH-CENTRAL,71,1,0,47
2025-10-13,P1021,WH-CENTRAL,70,1,0,47
2025-10-14,P1021,WH-CENTRAL,69,1,0,47
2025-10-15,P1021,WH-CENTRAL,69,0,0,47
2025-10-16,P1021,WH-CENTRAL,68,1,0,47
2025-10-17,P1021,WH-CENTRAL,67,1,0,47
2025-10-18,P1021,WH-CENTRAL,67,0,0,47
2025-10-19,P1021,WH-CENTRAL,67,0,0,47
2025-10-20,P1021,WH-CENTRAL,67,0,0,47
2025-10-21,P1021,WH-CENTRAL,67,0,0,47
2025-10-22,P1021,WH-CENTRAL,66,1,0,47
2025-10-23,P1021,WH-CENTRAL,65,1,0,47
2025-10-24,P1021,WH-CENTRAL,63,2,0,47
2025-10-25,P1021,WH-CENTRAL,62,1,0,47
2025-10-26,P1021,WH-CENTRAL,61,1,0,47
2025-10-27,P1021,WH-CENTRAL,59,2,0,47
2025-10-28,P1021,WH-CENTRAL,57,2,0,47
2025-10-29,P1021,WH-CENTRAL,56,1,0,47
2025-10-30,P1021,WH-CENTRAL,56,0,0,47
2025-10-31,P1021,WH-CENTRAL,56,0,0,47
2025-11-01,P1021,WH-CENTRAL,55,1,0,47
2025-11-02,P1021,WH-CENTRAL,54,1,0,47
2025-11-03,P1021,WH-CENTRAL,54,0,0,47
2025-11-04,P1021,WH-CENTRAL,54,0,0,47
2025-11-05,P1021,WH-CENTRAL,53,1,0,47
2025-11-06,P1021,WH-CENTRAL,52,1,0,47
2025-11-07,P1021,WH-CENTRAL,52,0,0,47
2025-11-08,P1021,WH-CENTRAL,52,0,0,47
2025-11-09,P1021,WH-CENTRAL,51,1,0,47
2025-11-10,P1021,WH-CENTRAL,51,0,0,47
2025-11-11,P1021,WH-CENTRAL,51,0,0,47
2025-11-12,P1021,WH-CENTRAL,50,1,0,47
2025-11-13,P1021,WH-CENTRAL,50,0,0,47
2025-11-14,P1021,WH-CENTRAL,49,1,0,47
2025-11-15,P1021,WH-CENTRAL,48,1,0,47
2025-11-16,P1021,WH-CENTRAL,187,1,140,47
2025-11-17,P1021,WH-CENTRAL,186,1,0,47
2025-11-18,P1021,WH-CENTRAL,186,0,0,47
2025-11-19,P1021,WH-CENTRAL,185,1,0,47
2025-11-20,P1021,WH-CENTRAL,182,3,0,47
2025-11-21,P1021,WH-CENTRAL,182,0,0,47
2025-11-22,P1021,WH-CENTRAL,181,1,0,47
2025-11-23,P1021,WH-CENTRAL,181,0,0,47
2025-11-24,P1021,WH-CENTRAL,180,1,0,47
2025-11-25,P1021,WH-CENTRAL,179,1,0,47
2025-11-26,P1021,WH-CENTRAL,176,3,0,47
2025-11-27,P1021,WH-CENTRAL,176,0,0,47
2025-11-28,P1021,WH-CENTRAL,176,0,0,47
2025-11-29,P1021,WH-CENTRAL,175,1,0,47
2025-11-30,P1021,WH-CENTRAL,175,0,0,47
2025-12-01,P1021,WH-CENTRAL,175,0,0,47
2025-12-02,P1021,WH-CENTRAL,175,0,0,47
2025-12-03,P1021,WH-CENTRAL,175,0,0,47
2025-12-04,P1021,WH-CENTRAL,175,0,0,47
2025-12-05,P1021,WH-CENTRAL,174,1,0,47
2025-12-06,P1021,WH-CENTRAL,173,1,0,47
2025-12-07,P1021,WH-CENTRAL,173,0,0,47
2025-12-08,P1021,WH-CENTRAL,171,2,0,47
2025-12-09,P1021,WH-CENTRAL,166,5,0,47
2025-12-10,P1021,WH-CENTRAL,165,1,0,47
2025-12-11,P1021,WH-CENTRAL,164,1,0,47
2025-12-12,P1021,WH-CENTRAL,164,0,0,47
2025-12-13,P1021,WH-CENTRAL,163,1,0,47
2025-12-14,P1021,WH-CENTRAL,162,1,0,47
2025-12-15,P1021,WH-CENTRAL,162,0,0,47
2025-12-16,P1021,WH-CENTRAL,161,1,0,47
2025-12-17,P1021,WH-CENTRAL,160,1,0,47
2025-12-18,P1021,WH-CENTRAL,159,1,0,47
2025-12-19,P1021,WH-CENTRAL,159,0,0,47
2025-12-20,P1021,WH-CENTRAL,159,0,0,47
2025-12-21,P1021,WH-CENTRAL,159,0,0,47
2025-12-22,P1021,WH-CENTRAL,157,2,0,47
2025-12-23,P1021,WH-CENTRAL,156,1,0,47
2025-12-24,P1021,WH-CENTRAL,156,0,0,47
2025-12-25,P1021,WH-CENTRAL,154,2,0,47
2025-12-26,P1021,WH-CENTRAL,152,2,0,47
2025-12-27,P1021,WH-CENTRAL,151,1,0,47
2025-12-28,P1021,WH-CENTRAL,150,1,0,47
2025-12-29,P1021,WH-CENTRAL,150,0,0,47
2025-12-30,P1021,WH-CENTRAL,150,0,0,47
2025-12-31,P1021,WH-CENTRAL,150,0,0,47
2026-01-01,P1021,WH-CENTRAL,148,2,0,47
2026-01-02,P1021,WH-CENTRAL,147,1,0,47
2026-01-03,P1021,WH-CENTRAL,147,0,0,47
2026-01-04,P1021,WH-CENTRAL,146,1,0,47
2026-01-05,P1021,WH-CENTRAL,145,1,0,47
2026-01-06,P1021,WH-CENTRAL,145,0,0,47
2026-01-07,P1021,WH-CENTRAL,144,1,0,47
2026-01-08,P1021,WH-CENTRAL,144,0,0,47
2026-01-09,P1021,WH-CENTRAL,143,1,0,47
2026-01-10,P1021,WH-CENTRAL,141,2,0,47
2026-01-11,P1021,WH-CENTRAL,140,1,0,47
2026-01-12,P1021,WH-CENTRAL,139,1,0,47
2026-01-13,P1021,WH-CENTRAL,139,0,0,47
2026-01-14,P1021,WH-CENTRAL,138,1,0,47
2026-01-15,P1021,WH-CENTRAL,138,0,0,47
2026-01-16,P1021,WH-CENTRAL,138,0,0,47
2026-01-17,P1021,WH-CENTRAL,138,0,0,47
2026-01-18,P1021,WH-CENTRAL,138,0,0,47
2026-01-19,P1021,WH-CENTRAL,137,1,0,47
2026-01-20,P1021,WH-CENTRAL,136,1,0,47
2026-01-21,P1021,WH-CENTRAL,136,0,0,47
2026-01-22,P1021,WH-CENTRAL,134,2,0,47
2026-01-23,P1021,WH-CENTRAL,132,2,0,47
2026-01-24,P1021,WH-CENTRAL,132,0,0,47
2026-01-25,P1021,WH-CENTRAL,132,0,0,47
2026-01-26,P1021,WH-CENTRAL,131,1,0,47
2026-01-27,P1021,WH-CENTRAL,131,0,0,47
2026-01-28,P1021,WH-CENTRAL,131,0,0,47
2026-01-29,P1021,WH-CENTRAL,131,0,0,47
2026-01-30,P1021,WH-CENTRAL,131,0,0,47
2026-01-31,P1021,WH-CENTRAL,129,2,0,47
2026-02-01,P1021,WH-CENTRAL,129,0,0,47
2026-02-02,P1021,WH-CENTRAL,129,0,0,47
2026-02-03,P1021,WH-CENTRAL,128,1,0,47
2026-02-04,P1021,WH-CENTRAL,127,1,0,47
2026-02-05,P1021,WH-CENTRAL,126,1,0,47
2026-02-06,P1021,WH-CENTRAL,125,1,0,47
2026-02-07,P1021,WH-CENTRAL,125,0,0,47
2026-02-08,P1021,WH-CENTRAL,124,1,0,47
2026-02-09,P1021,WH-CENTRAL,124,0,0,47
2026-02-10,P1021,WH-CENTRAL,124,0,0,47
2026-02-11,P1021,WH-CENTRAL,124,0,0,47
2026-02-12,P1021,WH-CENTRAL,124,0,0,47
2026-02-13,P1021,WH-CENTRAL,124,0,0,47
2026-02-14,P1021,WH-CENTRAL,122,2,0,47
2026-02-15,P1021,WH-CENTRAL,122,0,0,47
2026-02-16,P1021,WH-CENTRAL,121,1,0,47
2026-02-17,P1021,WH-CENTRAL,121,0,0,47
2026-02-18,P1021,WH-CENTRAL,121,0,0,47
2026-02-19,P1021,WH-CENTRAL,120,1,0,47
2026-02-20,P1021,WH-CENTRAL,118,2,0,47
2026-02-21,P1021,WH-CENTRAL,117,1,0,47
2026-02-22,P1021,WH-CENTRAL,116,1,0,47
2026-02-23,P1021,WH-CENTRAL,116,0,0,47
2026-02-24,P1021,WH-CENTRAL,115,1,0,47
2026-02-25,P1021,WH-CENTRAL,113,2,0,47
2026-02-26,P1021,WH-CENTRAL,110,3,0,47
2026-02-27,P1021,WH-CENTRAL,110,0,0,47
2026-02-28,P1021,WH-CENTRAL,108,2,0,47
2026-03-01,P1021,WH-CENTRAL,108,0,0,47
2026-03-02,P1021,WH-CENTRAL,107,1,0,47
2026-03-03,P1021,WH-CENTRAL,107,0,0,47
2026-03-04,P1021,WH-CENTRAL,105,2,0,47
2026-03-05,P1021,WH-CENTRAL,105,0,0,47
2026-03-06,P1021,WH-CENTRAL,102,3,0,47
2026-03-07,P1021,WH-CENTRAL,100,2,0,47
2026-03-08,P1021,WH-CENTRAL,100,0,0,47
2026-03-09,P1021,WH-CENTRAL,99,1,0,47
2026-03-10,P1021,WH-CENTRAL,99,0,0,47
2026-03-11,P1021,WH-CENTRAL,99,0,0,47
2026-03-12,P1021,WH-CENTRAL,99,0,0,47
2026-03-13,P1021,WH-CENTRAL,99,0,0,47
2026-03-14,P1021,WH-CENTRAL,97,2,0,47
2026-03-15,P1021,WH-CENTRAL,97,0,0,47
2026-03-16,P1021,WH-CENTRAL,97,0,0,47
2026-03-17,P1021,WH-CENTRAL,96,1,0,47
2026-03-18,P1021,WH-CENTRAL,95,1,0,47
2026-03-19,P1021,WH-CENTRAL,95,0,0,47
2026-03-20,P1021,WH-CENTRAL,95,0,0,47
2026-03-21,P1021,WH-CENTRAL,95,0,0,47
2026-03-22,P1021,WH-CENTRAL,92,3,0,47
2026-03-23,P1021,WH-CENTRAL,92,0,0,47
2026-03-24,P1021,WH-CENTRAL,92,0,0,47
2026-03-25,P1021,WH-CENTRAL,92,0,0,47
2026-03-26,P1021,WH-CENTRAL,92,0,0,47
2026-03-27,P1021,WH-CENTRAL,91,1,0,47
2026-03-28,P1021,WH-CENTRAL,91,0,0,47
2026-03-29,P1021,WH-CENTRAL,91,0,0,47
2026-03-30,P1021,WH-CENTRAL,89,2,0,47
2026-03-31,P1021,WH-CENTRAL,89,0,0,47
2026-04-01,P1021,WH-CENTRAL,89,0,0,47
2026-04-02,P1021,WH-CENTRAL,88,1,0,47
2026-04-03,P1021,WH-CENTRAL,87,1,0,47
2026-04-04,P1021,WH-CENTRAL,86,1,0,47
2026-04-05,P1021,WH-CENTRAL,86,0,0,47
2026-04-06,P1021,WH-CENTRAL,85,1,0,47
2026-04-07,P1021,WH-CENTRAL,85,0,0,47
2026-04-08,P1021,WH-CENTRAL,85,0,0,47
2026-04-09,P1021,WH-CENTRAL,85,0,0,47
2026-04-10,P1021,WH-CENTRAL,85,0,0,47
2026-04-11,P1021,WH-CENTRAL,85,0,0,47
2026-04-12,P1021,WH-CENTRAL,85,0,0,47
2026-04-13,P1021,WH-CENTRAL,83,2,0,47
2026-04-14,P1021,WH-CENTRAL,83,0,0,47
2026-04-15,P1021,WH-CENTRAL,83,0,0,47
2026-04-16,P1021,WH-CENTRAL,83,0,0,47
2026-04-17,P1021,WH-CENTRAL,83,0,0,47
2026-04-18,P1021,WH-CENTRAL,81,2,0,47
2026-04-19,P1021,WH-CENTRAL,81,0,0,47
2026-04-20,P1021,WH-CENTRAL,81,0,0,47
2026-04-21,P1021,WH-CENTRAL,80,1,0,47
2026-04-22,P1021,WH-CENTRAL,79,1,0,47
2026-04-23,P1021,WH-CENTRAL,79,0,0,47
2026-04-24,P1021,WH-CENTRAL,77,2,0,47
2026-04-25,P1021,WH-CENTRAL,77,0,0,47
2026-04-26,P1021,WH-CENTRAL,77,0,0,47
2026-04-27,P1021,WH-CENTRAL,77,0,0,47
2026-04-28,P1021,WH-CENTRAL,75,2,0,47
2026-04-29,P1021,WH-CENTRAL,74,1,0,47
2026-04-30,P1021,WH-CENTRAL,74,0,0,47
2026-05-01,P1021,WH-CENTRAL,74,0,0,47
2026-05-02,P1021,WH-CENTRAL,74,0,0,47
2026-05-03,P1021,WH-CENTRAL,74,0,0,47
2026-05-04,P1021,WH-CENTRAL,73,1,0,47
2026-05-05,P1021,WH-CENTRAL,71,2,0,47
2026-05-06,P1021,WH-CENTRAL,71,0,0,47
2026-05-07,P1021,WH-CENTRAL,71,0,0,47
2026-05-08,P1021,WH-CENTRAL,71,0,0,47
2026-05-09,P1021,WH-CENTRAL,71,0,0,47
2026-05-10,P1021,WH-CENTRAL,71,0,0,47
2026-05-11,P1021,WH-CENTRAL,70,1,0,47
2026-05-12,P1021,WH-CENTRAL,70,0,0,47
2026-05-13,P1021,WH-CENTRAL,70,0,0,47
2026-05-14,P1021,WH-CENTRAL,70,0,0,47
2026-05-15,P1021,WH-CENTRAL,69,1,0,47
2026-05-16,P1021,WH-CENTRAL,68,1,0,47
2026-05-17,P1021,WH-CENTRAL,68,0,0,47
2026-05-18,P1021,WH-CENTRAL,68,0,0,47
2026-05-19,P1021,WH-CENTRAL,68,0,0,47
2026-05-20,P1021,WH-CENTRAL,67,1,0,47
2026-05-21,P1021,WH-CENTRAL,66,1,0,47
2026-05-22,P1021,WH-CENTRAL,66,0,0,47
2026-05-23,P1021,WH-CENTRAL,66,0,0,47
2026-05-24,P1021,WH-CENTRAL,65,1,0,47
2026-05-25,P1021,WH-CENTRAL,65,0,0,47
2026-05-26,P1021,WH-CENTRAL,65,0,0,47
2026-05-27,P1021,WH-CENTRAL,65,0,0,47
2026-05-28,P1021,WH-CENTRAL,65,0,0,47
2026-05-29,P1021,WH-CENTRAL,65,0,0,47
2026-05-30,P1021,WH-CENTRAL,65,0,0,47
2026-05-31,P1021,WH-CENTRAL,63,2,0,47
2026-06-01,P1021,WH-CENTRAL,62,1,0,47
2026-06-02,P1021,WH-CENTRAL,62,0,0,47
2026-06-03,P1021,WH-CENTRAL,62,0,0,47
2026-06-04,P1021,WH-CENTRAL,61,1,0,47
2026-06-05,P1021,WH-CENTRAL,61,0,0,47
2026-06-06,P1021,WH-CENTRAL,60,1,0,47
2026-06-07,P1021,WH-CENTRAL,59,1,0,47
2026-06-08,P1021,WH-CENTRAL,58,1,0,47
2026-06-09,P1021,WH-CENTRAL,57,1,0,47
2026-06-10,P1021,WH-CENTRAL,56,1,0,47
2026-06-11,P1021,WH-CENTRAL,55,1,0,47
2026-06-12,P1021,WH-CENTRAL,55,0,0,47
2026-06-13,P1021,WH-CENTRAL,54,1,0,47
2026-06-14,P1021,WH-CENTRAL,54,0,0,47
2026-06-15,P1021,WH-CENTRAL,54,0,0,47
2026-06-16,P1021,WH-CENTRAL,54,0,0,47
2026-06-17,P1021,WH-CENTRAL,54,0,0,47
2026-06-18,P1021,WH-CENTRAL,53,1,0,47
2026-06-19,P1021,WH-CENTRAL,53,0,0,47
2026-06-20,P1021,WH-CENTRAL,51,2,0,47
2026-06-21,P1021,WH-CENTRAL,51,0,0,47
2026-06-22,P1021,WH-CENTRAL,51,0,0,47
2026-06-23,P1021,WH-CENTRAL,50,1,0,47
2026-06-24,P1021,WH-CENTRAL,50,0,0,47
2026-06-25,P1021,WH-CENTRAL,50,0,0,47
2026-06-26,P1021,WH-CENTRAL,50,0,0,47
2026-06-27,P1021,WH-CENTRAL,50,0,0,47
2026-06-28,P1021,WH-CENTRAL,50,0,0,47
2026-06-29,P1021,WH-CENTRAL,50,0,0,47
2026-06-30,P1021,WH-CENTRAL,50,0,0,47
2026-07-01,P1021,WH-CENTRAL,50,0,0,47
2026-07-02,P1021,WH-CENTRAL,50,0,0,47
2026-07-03,P1021,WH-CENTRAL,50,0,0,47
2026-07-04,P1021,WH-CENTRAL,50,0,0,47
2026-07-05,P1021,WH-CENTRAL,50,0,0,47
2026-07-06,P1021,WH-CENTRAL,50,0,0,47
2026-07-07,P1021,WH-CENTRAL,50,0,0,47
2026-07-08,P1021,WH-CENTRAL,50,0,0,47
2026-07-09,P1021,WH-CENTRAL,50,0,0,47
2026-07-10,P1021,WH-CENTRAL,49,1,0,47
2026-07-11,P1021,WH-CENTRAL,49,0,0,47
2026-07-12,P1021,WH-CENTRAL,49,0,0,47
2026-07-13,P1021,WH-CENTRAL,49,0,0,47
2026-07-14,P1021,WH-CENTRAL,49,0,0,47
2026-07-15,P1021,WH-CENTRAL,49,0,0,47
2026-07-16,P1021,WH-CENTRAL,48,1,0,47
2026-07-17,P1021,WH-CENTRAL,48,0,0,47
2026-07-18,P1021,WH-CENTRAL,187,1,140,47
2026-07-19,P1021,WH-CENTRAL,187,0,0,47
2026-07-20,P1021,WH-CENTRAL,186,1,0,47
2026-07-21,P1021,WH-CENTRAL,186,0,0,47
2026-07-22,P1021,WH-CENTRAL,186,0,0,47
2026-07-23,P1021,WH-CENTRAL,186,0,0,47
2026-07-24,P1021,WH-CENTRAL,186,0,0,47
2026-07-25,P1021,WH-CENTRAL,186,0,0,47
2026-07-26,P1021,WH-CENTRAL,185,1,0,47
2026-07-27,P1021,WH-CENTRAL,185,0,0,47
2026-07-28,P1021,WH-CENTRAL,185,0,0,47
2026-07-29,P1021,WH-CENTRAL,185,0,0,47
2026-07-30,P1021,WH-CENTRAL,185,0,0,47
2026-07-31,P1021,WH-CENTRAL,185,0,0,47
2026-08-01,P1021,WH-CENTRAL,183,2,0,47
2026-08-02,P1021,WH-CENTRAL,183,0,0,47
2026-08-03,P1021,WH-CENTRAL,183,0,0,47
2026-08-04,P1021,WH-CENTRAL,182,1,0,47
2026-08-05,P1021,WH-CENTRAL,182,0,0,47
2026-08-06,P1021,WH-CENTRAL,182,0,0,47
2026-08-07,P1021,WH-CENTRAL,181,1,0,47
2026-08-08,P1021,WH-CENTRAL,180,1,0,47
2026-08-09,P1021,WH-CENTRAL,179,1,0,47
2026-08-10,P1021,WH-CENTRAL,179,0,0,47
2026-08-11,P1021,WH-CENTRAL,179,0,0,47
2026-08-12,P1021,WH-CENTRAL,178,1,0,47
2026-08-13,P1021,WH-CENTRAL,177,1,0,47
2025-08-15,P1022,WH-WEST,105,5,0,49
2025-08-16,P1022,WH-WEST,102,3,0,49
2025-08-17,P1022,WH-WEST,95,7,0,49
2025-08-18,P1022,WH-WEST,86,9,0,49
2025-08-19,P1022,WH-WEST,84,2,0,49
2025-08-20,P1022,WH-WEST,77,7,0,49
2025-08-21,P1022,WH-WEST,70,7,0,49
2025-08-22,P1022,WH-WEST,64,6,0,49
2025-08-23,P1022,WH-WEST,58,6,0,49
2025-08-24,P1022,WH-WEST,52,6,0,49
2025-08-25,P1022,WH-WEST,212,8,168,49
2025-08-26,P1022,WH-WEST,206,6,0,49
2025-08-27,P1022,WH-WEST,199,7,0,49
2025-08-28,P1022,WH-WEST,190,9,0,49
2025-08-29,P1022,WH-WEST,183,7,0,49
2025-08-30,P1022,WH-WEST,178,5,0,49
2025-08-31,P1022,WH-WEST,167,11,0,49
2025-09-01,P1022,WH-WEST,164,3,0,49
2025-09-02,P1022,WH-WEST,160,4,0,49
2025-09-03,P1022,WH-WEST,154,6,0,49
2025-09-04,P1022,WH-WEST,147,7,0,49
2025-09-05,P1022,WH-WEST,143,4,0,49
2025-09-06,P1022,WH-WEST,127,16,0,49
2025-09-07,P1022,WH-WEST,123,4,0,49
2025-09-08,P1022,WH-WEST,120,3,0,49
2025-09-09,P1022,WH-WEST,119,1,0,49
2025-09-10,P1022,WH-WEST,111,8,0,49
2025-09-11,P1022,WH-WEST,98,13,0,49
2025-09-12,P1022,WH-WEST,96,2,0,49
2025-09-13,P1022,WH-WEST,89,7,0,49
2025-09-14,P1022,WH-WEST,81,8,0,49
2025-09-15,P1022,WH-WEST,75,6,0,49
2025-09-16,P1022,WH-WEST,68,7,0,49
2025-09-17,P1022,WH-WEST,60,8,0,49
2025-09-18,P1022,WH-WEST,56,4,0,49
2025-09-19,P1022,WH-WEST,215,9,168,49
2025-09-20,P1022,WH-WEST,205,10,0,49
2025-09-21,P1022,WH-WEST,194,11,0,49
2025-09-22,P1022,WH-WEST,190,4,0,49
2025-09-23,P1022,WH-WEST,183,7,0,49
2025-09-24,P1022,WH-WEST,175,8,0,49
2025-09-25,P1022,WH-WEST,170,5,0,49
2025-09-26,P1022,WH-WEST,167,3,0,49
2025-09-27,P1022,WH-WEST,161,6,0,49
2025-09-28,P1022,WH-WEST,154,7,0,49
2025-09-29,P1022,WH-WEST,149,5,0,49
2025-09-30,P1022,WH-WEST,140,9,0,49
2025-10-01,P1022,WH-WEST,133,7,0,49
2025-10-02,P1022,WH-WEST,128,5,0,49
2025-10-03,P1022,WH-WEST,123,5,0,49
2025-10-04,P1022,WH-WEST,116,7,0,49
2025-10-05,P1022,WH-WEST,111,5,0,49
2025-10-06,P1022,WH-WEST,104,7,0,49
2025-10-07,P1022,WH-WEST,96,8,0,49
2025-10-08,P1022,WH-WEST,90,6,0,49
2025-10-09,P1022,WH-WEST,80,10,0,49
2025-10-10,P1022,WH-WEST,75,5,0,49
2025-10-11,P1022,WH-WEST,71,4,0,49
2025-10-12,P1022,WH-WEST,65,6,0,49
2025-10-13,P1022,WH-WEST,57,8,0,49
2025-10-14,P1022,WH-WEST,217,8,168,49
2025-10-15,P1022,WH-WEST,212,5,0,49
2025-10-16,P1022,WH-WEST,206,6,0,49
2025-10-17,P1022,WH-WEST,201,5,0,49
2025-10-18,P1022,WH-WEST,194,7,0,49
2025-10-19,P1022,WH-WEST,185,9,0,49
2025-10-20,P1022,WH-WEST,174,11,0,49
2025-10-21,P1022,WH-WEST,164,10,0,49
2025-10-22,P1022,WH-WEST,155,9,0,49
2025-10-23,P1022,WH-WEST,150,5,0,49
2025-10-24,P1022,WH-WEST,144,6,0,49
2025-10-25,P1022,WH-WEST,140,4,0,49
2025-10-26,P1022,WH-WEST,134,6,0,49
2025-10-27,P1022,WH-WEST,128,6,0,49
2025-10-28,P1022,WH-WEST,124,4,0,49
2025-10-29,P1022,WH-WEST,117,7,0,49
2025-10-30,P1022,WH-WEST,111,6,0,49
2025-10-31,P1022,WH-WEST,108,3,0,49
2025-11-01,P1022,WH-WEST,98,10,0,49
2025-11-02,P1022,WH-WEST,91,7,0,49
2025-11-03,P1022,WH-WEST,86,5,0,49
2025-11-04,P1022,WH-WEST,79,7,0,49
2025-11-05,P1022,WH-WEST,73,6,0,49
2025-11-06,P1022,WH-WEST,67,6,0,49
2025-11-07,P1022,WH-WEST,62,5,0,49
2025-11-08,P1022,WH-WEST,56,6,0,49
2025-11-09,P1022,WH-WEST,215,9,168,49
2025-11-10,P1022,WH-WEST,212,3,0,49
2025-11-11,P1022,WH-WEST,205,7,0,49
2025-11-12,P1022,WH-WEST,201,4,0,49
2025-11-13,P1022,WH-WEST,196,5,0,49
2025-11-14,P1022,WH-WEST,194,2,0,49
2025-11-15,P1022,WH-WEST,185,9,0,49
2025-11-16,P1022,WH-WEST,181,4,0,49
2025-11-17,P1022,WH-WEST,176,5,0,49
2025-11-18,P1022,WH-WEST,168,8,0,49
2025-11-19,P1022,WH-WEST,163,5,0,49
2025-11-20,P1022,WH-WEST,163,0,0,49
2025-11-21,P1022,WH-WEST,160,3,0,49
2025-11-22,P1022,WH-WEST,156,4,0,49
2025-11-23,P1022,WH-WEST,149,7,0,49
2025-11-24,P1022,WH-WEST,137,12,0,49
2025-11-25,P1022,WH-WEST,132,5,0,49
2025-11-26,P1022,WH-WEST,125,7,0,49
2025-11-27,P1022,WH-WEST,118,7,0,49
2025-11-28,P1022,WH-WEST,112,6,0,49
2025-11-29,P1022,WH-WEST,103,9,0,49
2025-11-30,P1022,WH-WEST,98,5,0,49
2025-12-01,P1022,WH-WEST,95,3,0,49
2025-12-02,P1022,WH-WEST,91,4,0,49
2025-12-03,P1022,WH-WEST,84,7,0,49
2025-12-04,P1022,WH-WEST,79,5,0,49
2025-12-05,P1022,WH-WEST,74,5,0,49
2025-12-06,P1022,WH-WEST,68,6,0,49
2025-12-07,P1022,WH-WEST,59,9,0,49
2025-12-08,P1022,WH-WEST,56,3,0,49
2025-12-09,P1022,WH-WEST,53,3,0,49
2025-12-10,P1022,WH-WEST,52,1,0,49
2025-12-11,P1022,WH-WEST,217,3,168,49
2025-12-12,P1022,WH-WEST,213,4,0,49
2025-12-13,P1022,WH-WEST,207,6,0,49
2025-12-14,P1022,WH-WEST,205,2,0,49
2025-12-15,P1022,WH-WEST,197,8,0,49
2025-12-16,P1022,WH-WEST,195,2,0,49
2025-12-17,P1022,WH-WEST,193,2,0,49
2025-12-18,P1022,WH-WEST,190,3,0,49
2025-12-19,P1022,WH-WEST,181,9,0,49
2025-12-20,P1022,WH-WEST,179,2,0,49
2025-12-21,P1022,WH-WEST,173,6,0,49
2025-12-22,P1022,WH-WEST,169,4,0,49
2025-12-23,P1022,WH-WEST,163,6,0,49
2025-12-24,P1022,WH-WEST,160,3,0,49
2025-12-25,P1022,WH-WEST,154,6,0,49
2025-12-26,P1022,WH-WEST,149,5,0,49
2025-12-27,P1022,WH-WEST,143,6,0,49
2025-12-28,P1022,WH-WEST,135,8,0,49
2025-12-29,P1022,WH-WEST,129,6,0,49
2025-12-30,P1022,WH-WEST,123,6,0,49
2025-12-31,P1022,WH-WEST,119,4,0,49
2026-01-01,P1022,WH-WEST,113,6,0,49
2026-01-02,P1022,WH-WEST,109,4,0,49
2026-01-03,P1022,WH-WEST,102,7,0,49
2026-01-04,P1022,WH-WEST,95,7,0,49
2026-01-05,P1022,WH-WEST,92,3,0,49
2026-01-06,P1022,WH-WEST,86,6,0,49
2026-01-07,P1022,WH-WEST,84,2,0,49
2026-01-08,P1022,WH-WEST,78,6,0,49
2026-01-09,P1022,WH-WEST,69,9,0,49
2026-01-10,P1022,WH-WEST,66,3,0,49
2026-01-11,P1022,WH-WEST,63,3,0,49
2026-01-12,P1022,WH-WEST,60,3,0,49
2026-01-13,P1022,WH-WEST,55,5,0,49
2026-01-14,P1022,WH-WEST,52,3,0,49
2026-01-15,P1022,WH-WEST,214,6,168,49
2026-01-16,P1022,WH-WEST,212,2,0,49
2026-01-17,P1022,WH-WEST,206,6,0,49
2026-01-18,P1022,WH-WEST,202,4,0,49
2026-01-19,P1022,WH-WEST,199,3,0,49
2026-01-20,P1022,WH-WEST,196,3,0,49
2026-01-21,P1022,WH-WEST,194,2,0,49
2026-01-22,P1022,WH-WEST,188,6,0,49
2026-01-23,P1022,WH-WEST,185,3,0,49
2026-01-24,P1022,WH-WEST,180,5,0,49
2026-01-25,P1022,WH-WEST,175,5,0,49
2026-01-26,P1022,WH-WEST,172,3,0,49
2026-01-27,P1022,WH-WEST,169,3,0,49
2026-01-28,P1022,WH-WEST,168,1,0,49
2026-01-29,P1022,WH-WEST,166,2,0,49
2026-01-30,P1022,WH-WEST,163,3,0,49
2026-01-31,P1022,WH-WEST,161,2,0,49
2026-02-01,P1022,WH-WEST,156,5,0,49
2026-02-02,P1022,WH-WEST,155,1,0,49
2026-02-03,P1022,WH-WEST,152,3,0,49
2026-02-04,P1022,WH-WEST,149,3,0,49
2026-02-05,P1022,WH-WEST,148,1,0,49
2026-02-06,P1022,WH-WEST,140,8,0,49
2026-02-07,P1022,WH-WEST,134,6,0,49
2026-02-08,P1022,WH-WEST,132,2,0,49
2026-02-09,P1022,WH-WEST,129,3,0,49
2026-02-10,P1022,WH-WEST,125,4,0,49
2026-02-11,P1022,WH-WEST,120,5,0,49
2026-02-12,P1022,WH-WEST,115,5,0,49
2026-02-13,P1022,WH-WEST,110,5,0,49
2026-02-14,P1022,WH-WEST,105,5,0,49
2026-02-15,P1022,WH-WEST,103,2,0,49
2026-02-16,P1022,WH-WEST,100,3,0,49
2026-02-17,P1022,WH-WEST,97,3,0,49
2026-02-18,P1022,WH-WEST,96,1,0,49
2026-02-19,P1022,WH-WEST,95,1,0,49
2026-02-20,P1022,WH-WEST,94,1,0,49
2026-02-21,P1022,WH-WEST,92,2,0,49
2026-02-22,P1022,WH-WEST,87,5,0,49
2026-02-23,P1022,WH-WEST,85,2,0,49
2026-02-24,P1022,WH-WEST,82,3,0,49
2026-02-25,P1022,WH-WEST,82,0,0,49
2026-02-26,P1022,WH-WEST,81,1,0,49
2026-02-27,P1022,WH-WEST,79,2,0,49
2026-02-28,P1022,WH-WEST,74,5,0,49
2026-03-01,P1022,WH-WEST,70,4,0,49
2026-03-02,P1022,WH-WEST,68,2,0,49
2026-03-03,P1022,WH-WEST,65,3,0,49
2026-03-04,P1022,WH-WEST,64,1,0,49
2026-03-05,P1022,WH-WEST,63,1,0,49
2026-03-06,P1022,WH-WEST,61,2,0,49
2026-03-07,P1022,WH-WEST,61,0,0,49
2026-03-08,P1022,WH-WEST,59,2,0,49
2026-03-09,P1022,WH-WEST,57,2,0,49
2026-03-10,P1022,WH-WEST,55,2,0,49
2026-03-11,P1022,WH-WEST,54,1,0,49
2026-03-12,P1022,WH-WEST,51,3,0,49
2026-03-13,P1022,WH-WEST,217,2,168,49
2026-03-14,P1022,WH-WEST,215,2,0,49
2026-03-15,P1022,WH-WEST,213,2,0,49
2026-03-16,P1022,WH-WEST,212,1,0,49
2026-03-17,P1022,WH-WEST,208,4,0,49
2026-03-18,P1022,WH-WEST,206,2,0,49
2026-03-19,P1022,WH-WEST,204,2,0,49
2026-03-20,P1022,WH-WEST,203,1,0,49
2026-03-21,P1022,WH-WEST,199,4,0,49
2026-03-22,P1022,WH-WEST,198,1,0,49
2026-03-23,P1022,WH-WEST,197,1,0,49
2026-03-24,P1022,WH-WEST,195,2,0,49
2026-03-25,P1022,WH-WEST,194,1,0,49
2026-03-26,P1022,WH-WEST,194,0,0,49
2026-03-27,P1022,WH-WEST,191,3,0,49
2026-03-28,P1022,WH-WEST,187,4,0,49
2026-03-29,P1022,WH-WEST,184,3,0,49
2026-03-30,P1022,WH-WEST,181,3,0,49
2026-03-31,P1022,WH-WEST,181,0,0,49
2026-04-01,P1022,WH-WEST,181,0,0,49
2026-04-02,P1022,WH-WEST,177,4,0,49
2026-04-03,P1022,WH-WEST,176,1,0,49
2026-04-04,P1022,WH-WEST,175,1,0,49
2026-04-05,P1022,WH-WEST,173,2,0,49
2026-04-06,P1022,WH-WEST,173,0,0,49
2026-04-07,P1022,WH-WEST,173,0,0,49
2026-04-08,P1022,WH-WEST,165,8,0,49
2026-04-09,P1022,WH-WEST,163,2,0,49
2026-04-10,P1022,WH-WEST,162,1,0,49
2026-04-11,P1022,WH-WEST,160,2,0,49
2026-04-12,P1022,WH-WEST,159,1,0,49
2026-04-13,P1022,WH-WEST,155,4,0,49
2026-04-14,P1022,WH-WEST,152,3,0,49
2026-04-15,P1022,WH-WEST,152,0,0,49
2026-04-16,P1022,WH-WEST,151,1,0,49
2026-04-17,P1022,WH-WEST,151,0,0,49
2026-04-18,P1022,WH-WEST,150,1,0,49
2026-04-19,P1022,WH-WEST,145,5,0,49
2026-04-20,P1022,WH-WEST,144,1,0,49
2026-04-21,P1022,WH-WEST,142,2,0,49
2026-04-22,P1022,WH-WEST,141,1,0,49
2026-04-23,P1022,WH-WEST,138,3,0,49
2026-04-24,P1022,WH-WEST,133,5,0,49
2026-04-25,P1022,WH-WEST,131,2,0,49
2026-04-26,P1022,WH-WEST,131,0,0,49
2026-04-27,P1022,WH-WEST,131,0,0,49
2026-04-28,P1022,WH-WEST,129,2,0,49
2026-04-29,P1022,WH-WEST,128,1,0,49
2026-04-30,P1022,WH-WEST,128,0,0,49
2026-05-01,P1022,WH-WEST,127,1,0,49
2026-05-02,P1022,WH-WEST,125,2,0,49
2026-05-03,P1022,WH-WEST,124,1,0,49
2026-05-04,P1022,WH-WEST,124,0,0,49
2026-05-05,P1022,WH-WEST,122,2,0,49
2026-05-06,P1022,WH-WEST,119,3,0,49
2026-05-07,P1022,WH-WEST,119,0,0,49
2026-05-08,P1022,WH-WEST,119,0,0,49
2026-05-09,P1022,WH-WEST,117,2,0,49
2026-05-10,P1022,WH-WEST,116,1,0,49
2026-05-11,P1022,WH-WEST,116,0,0,49
2026-05-12,P1022,WH-WEST,115,1,0,49
2026-05-13,P1022,WH-WEST,115,0,0,49
2026-05-14,P1022,WH-WEST,113,2,0,49
2026-05-15,P1022,WH-WEST,112,1,0,49
2026-05-16,P1022,WH-WEST,112,0,0,49
2026-05-17,P1022,WH-WEST,112,0,0,49
2026-05-18,P1022,WH-WEST,110,2,0,49
2026-05-19,P1022,WH-WEST,110,0,0,49
2026-05-20,P1022,WH-WEST,110,0,0,49
2026-05-21,P1022,WH-WEST,109,1,0,49
2026-05-22,P1022,WH-WEST,107,2,0,49
2026-05-23,P1022,WH-WEST,107,0,0,49
2026-05-24,P1022,WH-WEST,104,3,0,49
2026-05-25,P1022,WH-WEST,103,1,0,49
2026-05-26,P1022,WH-WEST,102,1,0,49
2026-05-27,P1022,WH-WEST,102,0,0,49
2026-05-28,P1022,WH-WEST,101,1,0,49
2026-05-29,P1022,WH-WEST,101,0,0,49
2026-05-30,P1022,WH-WEST,100,1,0,49
2026-05-31,P1022,WH-WEST,100,0,0,49
2026-06-01,P1022,WH-WEST,100,0,0,49
2026-06-02,P1022,WH-WEST,100,0,0,49
2026-06-03,P1022,WH-WEST,99,1,0,49
2026-06-04,P1022,WH-WEST,99,0,0,49
2026-06-05,P1022,WH-WEST,99,0,0,49
2026-06-06,P1022,WH-WEST,97,2,0,49
2026-06-07,P1022,WH-WEST,96,1,0,49
2026-06-08,P1022,WH-WEST,95,1,0,49
2026-06-09,P1022,WH-WEST,94,1,0,49
2026-06-10,P1022,WH-WEST,93,1,0,49
2026-06-11,P1022,WH-WEST,91,2,0,49
2026-06-12,P1022,WH-WEST,90,1,0,49
2026-06-13,P1022,WH-WEST,90,0,0,49
2026-06-14,P1022,WH-WEST,89,1,0,49
2026-06-15,P1022,WH-WEST,88,1,0,49
2026-06-16,P1022,WH-WEST,88,0,0,49
2026-06-17,P1022,WH-WEST,87,1,0,49
2026-06-18,P1022,WH-WEST,87,0,0,49
2026-06-19,P1022,WH-WEST,86,1,0,49
2026-06-20,P1022,WH-WEST,84,2,0,49
2026-06-21,P1022,WH-WEST,84,0,0,49
2026-06-22,P1022,WH-WEST,84,0,0,49
2026-06-23,P1022,WH-WEST,84,0,0,49
2026-06-24,P1022,WH-WEST,84,0,0,49
2026-06-25,P1022,WH-WEST,83,1,0,49
2026-06-26,P1022,WH-WEST,83,0,0,49
2026-06-27,P1022,WH-WEST,82,1,0,49
2026-06-28,P1022,WH-WEST,80,2,0,49
2026-06-29,P1022,WH-WEST,80,0,0,49
2026-06-30,P1022,WH-WEST,80,0,0,49
2026-07-01,P1022,WH-WEST,80,0,0,49
2026-07-02,P1022,WH-WEST,80,0,0,49
2026-07-03,P1022,WH-WEST,80,0,0,49
2026-07-04,P1022,WH-WEST,79,1,0,49
2026-07-05,P1022,WH-WEST,75,4,0,49
2026-07-06,P1022,WH-WEST,72,3,0,49
2026-07-07,P1022,WH-WEST,70,2,0,49
2026-07-08,P1022,WH-WEST,69,1,0,49
2026-07-09,P1022,WH-WEST,69,0,0,49
2026-07-10,P1022,WH-WEST,69,0,0,49
2026-07-11,P1022,WH-WEST,69,0,0,49
2026-07-12,P1022,WH-WEST,68,1,0,49
2026-07-13,P1022,WH-WEST,67,1,0,49
2026-07-14,P1022,WH-WEST,66,1,0,49
2026-07-15,P1022,WH-WEST,66,0,0,49
2026-07-16,P1022,WH-WEST,65,1,0,49
2026-07-17,P1022,WH-WEST,65,0,0,49
2026-07-18,P1022,WH-WEST,65,0,0,49
2026-07-19,P1022,WH-WEST,62,3,0,49
2026-07-20,P1022,WH-WEST,62,0,0,49
2026-07-21,P1022,WH-WEST,62,0,0,49
2026-07-22,P1022,WH-WEST,62,0,0,49
2026-07-23,P1022,WH-WEST,61,1,0,49
2026-07-24,P1022,WH-WEST,61,0,0,49
2026-07-25,P1022,WH-WEST,60,1,0,49
2026-07-26,P1022,WH-WEST,59,1,0,49
2026-07-27,P1022,WH-WEST,59,0,0,49
2026-07-28,P1022,WH-WEST,59,0,0,49
2026-07-29,P1022,WH-WEST,59,0,0,49
2026-07-30,P1022,WH-WEST,59,0,0,49
2026-07-31,P1022,WH-WEST,59,0,0,49
2026-08-01,P1022,WH-WEST,59,0,0,49
2026-08-02,P1022,WH-WEST,59,0,0,49
2026-08-03,P1022,WH-WEST,59,0,0,49
2026-08-04,P1022,WH-WEST,59,0,0,49
2026-08-05,P1022,WH-WEST,59,0,0,49
2026-08-06,P1022,WH-WEST,59,0,0,49
2026-08-07,P1022,WH-WEST,57,2,0,49
2026-08-08,P1022,WH-WEST,56,1,0,49
2026-08-09,P1022,WH-WEST,54,2,0,49
2026-08-10,P1022,WH-WEST,54,0,0,49
2026-08-11,P1022,WH-WEST,53,1,0,49
2026-08-12,P1022,WH-WEST,53,0,0,49
2026-08-13,P1022,WH-WEST,53,0,0,49
2025-08-15,P1023,WH-CENTRAL,199,6,0,49
2025-08-16,P1023,WH-CENTRAL,198,1,0,49
2025-08-17,P1023,WH-CENTRAL,197,1,0,49
2025-08-18,P1023,WH-CENTRAL,192,5,0,49
2025-08-19,P1023,WH-CENTRAL,184,8,0,49
2025-08-20,P1023,WH-CENTRAL,181,3,0,49
2025-08-21,P1023,WH-CENTRAL,175,6,0,49
2025-08-22,P1023,WH-CENTRAL,172,3,0,49
2025-08-23,P1023,WH-CENTRAL,169,3,0,49
2025-08-24,P1023,WH-CENTRAL,166,3,0,49
2025-08-25,P1023,WH-CENTRAL,161,5,0,49
2025-08-26,P1023,WH-CENTRAL,157,4,0,49
2025-08-27,P1023,WH-CENTRAL,151,6,0,49
2025-08-28,P1023,WH-CENTRAL,148,3,0,49
2025-08-29,P1023,WH-CENTRAL,146,2,0,49
2025-08-30,P1023,WH-CENTRAL,137,9,0,49
2025-08-31,P1023,WH-CENTRAL,132,5,0,49
2025-09-01,P1023,WH-CENTRAL,126,6,0,49
2025-09-02,P1023,WH-CENTRAL,121,5,0,49
2025-09-03,P1023,WH-CENTRAL,119,2,0,49
2025-09-04,P1023,WH-CENTRAL,117,2,0,49
2025-09-05,P1023,WH-CENTRAL,112,5,0,49
2025-09-06,P1023,WH-CENTRAL,106,6,0,49
2025-09-07,P1023,WH-CENTRAL,101,5,0,49
2025-09-08,P1023,WH-CENTRAL,97,4,0,49
2025-09-09,P1023,WH-CENTRAL,91,6,0,49
2025-09-10,P1023,WH-CENTRAL,88,3,0,49
2025-09-11,P1023,WH-CENTRAL,82,6,0,49
2025-09-12,P1023,WH-CENTRAL,81,1,0,49
2025-09-13,P1023,WH-CENTRAL,74,7,0,49
2025-09-14,P1023,WH-CENTRAL,67,7,0,49
2025-09-15,P1023,WH-CENTRAL,60,7,0,49
2025-09-16,P1023,WH-CENTRAL,53,7,0,49
2025-09-17,P1023,WH-CENTRAL,50,3,0,49
2025-09-18,P1023,WH-CENTRAL,214,1,165,49
2025-09-19,P1023,WH-CENTRAL,206,8,0,49
2025-09-20,P1023,WH-CENTRAL,201,5,0,49
2025-09-21,P1023,WH-CENTRAL,196,5,0,49
2025-09-22,P1023,WH-CENTRAL,192,4,0,49
2025-09-23,P1023,WH-CENTRAL,186,6,0,49
2025-09-24,P1023,WH-CENTRAL,180,6,0,49
2025-09-25,P1023,WH-CENTRAL,177,3,0,49
2025-09-26,P1023,WH-CENTRAL,172,5,0,49
2025-09-27,P1023,WH-CENTRAL,170,2,0,49
2025-09-28,P1023,WH-CENTRAL,165,5,0,49
2025-09-29,P1023,WH-CENTRAL,160,5,0,49
2025-09-30,P1023,WH-CENTRAL,154,6,0,49
2025-10-01,P1023,WH-CENTRAL,149,5,0,49
2025-10-02,P1023,WH-CENTRAL,142,7,0,49
2025-10-03,P1023,WH-CENTRAL,141,1,0,49
2025-10-04,P1023,WH-CENTRAL,133,8,0,49
2025-10-05,P1023,WH-CENTRAL,125,8,0,49
2025-10-06,P1023,WH-CENTRAL,122,3,0,49
2025-10-07,P1023,WH-CENTRAL,118,4,0,49
2025-10-08,P1023,WH-CENTRAL,114,4,0,49
2025-10-09,P1023,WH-CENTRAL,107,7,0,49
2025-10-10,P1023,WH-CENTRAL,104,3,0,49
2025-10-11,P1023,WH-CENTRAL,98,6,0,49
2025-10-12,P1023,WH-CENTRAL,91,7,0,49
2025-10-13,P1023,WH-CENTRAL,88,3,0,49
2025-10-14,P1023,WH-CENTRAL,85,3,0,49
2025-10-15,P1023,WH-CENTRAL,81,4,0,49
2025-10-16,P1023,WH-CENTRAL,76,5,0,49
2025-10-17,P1023,WH-CENTRAL,73,3,0,49
2025-10-18,P1023,WH-CENTRAL,64,9,0,49
2025-10-19,P1023,WH-CENTRAL,61,3,0,49
2025-10-20,P1023,WH-CENTRAL,57,4,0,49
2025-10-21,P1023,WH-CENTRAL,50,7,0,49
2025-10-22,P1023,WH-CENTRAL,204,11,165,49
2025-10-23,P1023,WH-CENTRAL,203,1,0,49
2025-10-24,P1023,WH-CENTRAL,198,5,0,49
2025-10-25,P1023,WH-CENTRAL,190,8,0,49
2025-10-26,P1023,WH-CENTRAL,187,3,0,49
2025-10-27,P1023,WH-CENTRAL,182,5,0,49
2025-10-28,P1023,WH-CENTRAL,177,5,0,49
2025-10-29,P1023,WH-CENTRAL,172,5,0,49
2025-10-30,P1023,WH-CENTRAL,168,4,0,49
2025-10-31,P1023,WH-CENTRAL,162,6,0,49
2025-11-01,P1023,WH-CENTRAL,154,8,0,49
2025-11-02,P1023,WH-CENTRAL,149,5,0,49
2025-11-03,P1023,WH-CENTRAL,144,5,0,49
2025-11-04,P1023,WH-CENTRAL,139,5,0,49
2025-11-05,P1023,WH-CENTRAL,135,4,0,49
2025-11-06,P1023,WH-CENTRAL,128,7,0,49
2025-11-07,P1023,WH-CENTRAL,119,9,0,49
2025-11-08,P1023,WH-CENTRAL,112,7,0,49
2025-11-09,P1023,WH-CENTRAL,102,10,0,49
2025-11-10,P1023,WH-CENTRAL,97,5,0,49
2025-11-11,P1023,WH-CENTRAL,94,3,0,49
2025-11-12,P1023,WH-CENTRAL,89,5,0,49
2025-11-13,P1023,WH-CENTRAL,80,9,0,49
2025-11-14,P1023,WH-CENTRAL,72,8,0,49
2025-11-15,P1023,WH-CENTRAL,69,3,0,49
2025-11-16,P1023,WH-CENTRAL,66,3,0,49
2025-11-17,P1023,WH-CENTRAL,55,11,0,49
2025-11-18,P1023,WH-CENTRAL,51,4,0,49
2025-11-19,P1023,WH-CENTRAL,210,6,165,49
2025-11-20,P1023,WH-CENTRAL,206,4,0,49
2025-11-21,P1023,WH-CENTRAL,199,7,0,49
2025-11-22,P1023,WH-CENTRAL,193,6,0,49
2025-11-23,P1023,WH-CENTRAL,186,7,0,49
2025-11-24,P1023,WH-CENTRAL,183,3,0,49
2025-11-25,P1023,WH-CENTRAL,179,4,0,49
2025-11-26,P1023,WH-CENTRAL,174,5,0,49
2025-11-27,P1023,WH-CENTRAL,165,9,0,49
2025-11-28,P1023,WH-CENTRAL,156,9,0,49
2025-11-29,P1023,WH-CENTRAL,147,9,0,49
2025-11-30,P1023,WH-CENTRAL,138,9,0,49
2025-12-01,P1023,WH-CENTRAL,133,5,0,49
2025-12-02,P1023,WH-CENTRAL,131,2,0,49
2025-12-03,P1023,WH-CENTRAL,124,7,0,49
2025-12-04,P1023,WH-CENTRAL,122,2,0,49
2025-12-05,P1023,WH-CENTRAL,117,5,0,49
2025-12-06,P1023,WH-CENTRAL,113,4,0,49
2025-12-07,P1023,WH-CENTRAL,109,4,0,49
2025-12-08,P1023,WH-CENTRAL,100,9,0,49
2025-12-09,P1023,WH-CENTRAL,94,6,0,49
2025-12-10,P1023,WH-CENTRAL,92,2,0,49
2025-12-11,P1023,WH-CENTRAL,85,7,0,49
2025-12-12,P1023,WH-CENTRAL,79,6,0,49
2025-12-13,P1023,WH-CENTRAL,68,11,0,49
2025-12-14,P1023,WH-CENTRAL,61,7,0,49
2025-12-15,P1023,WH-CENTRAL,55,6,0,49
2025-12-16,P1023,WH-CENTRAL,214,6,165,49
2025-12-17,P1023,WH-CENTRAL,213,1,0,49
2025-12-18,P1023,WH-CENTRAL,210,3,0,49
2025-12-19,P1023,WH-CENTRAL,207,3,0,49
2025-12-20,P1023,WH-CENTRAL,206,1,0,49
2025-12-21,P1023,WH-CENTRAL,202,4,0,49
2025-12-22,P1023,WH-CENTRAL,196,6,0,49
2025-12-23,P1023,WH-CENTRAL,188,8,0,49
2025-12-24,P1023,WH-CENTRAL,181,7,0,49
2025-12-25,P1023,WH-CENTRAL,178,3,0,49
2025-12-26,P1023,WH-CENTRAL,173,5,0,49
2025-12-27,P1023,WH-CENTRAL,166,7,0,49
2025-12-28,P1023,WH-CENTRAL,161,5,0,49
2025-12-29,P1023,WH-CENTRAL,159,2,0,49
2025-12-30,P1023,WH-CENTRAL,158,1,0,49
2025-12-31,P1023,WH-CENTRAL,153,5,0,49
2026-01-01,P1023,WH-CENTRAL,146,7,0,49
2026-01-02,P1023,WH-CENTRAL,140,6,0,49
2026-01-03,P1023,WH-CENTRAL,130,10,0,49
2026-01-04,P1023,WH-CENTRAL,123,7,0,49
2026-01-05,P1023,WH-CENTRAL,122,1,0,49
2026-01-06,P1023,WH-CENTRAL,118,4,0,49
2026-01-07,P1023,WH-CENTRAL,116,2,0,49
2026-01-08,P1023,WH-CENTRAL,113,3,0,49
2026-01-09,P1023,WH-CENTRAL,109,4,0,49
2026-01-10,P1023,WH-CENTRAL,103,6,0,49
2026-01-11,P1023,WH-CENTRAL,99,4,0,49
2026-01-12,P1023,WH-CENTRAL,96,3,0,49
2026-01-13,P1023,WH-CENTRAL,90,6,0,49
2026-01-14,P1023,WH-CENTRAL,87,3,0,49
2026-01-15,P1023,WH-CENTRAL,83,4,0,49
2026-01-16,P1023,WH-CENTRAL,79,4,0,49
2026-01-17,P1023,WH-CENTRAL,70,9,0,49
2026-01-18,P1023,WH-CENTRAL,58,12,0,49
2026-01-19,P1023,WH-CENTRAL,57,1,0,49
2026-01-20,P1023,WH-CENTRAL,213,9,165,49
2026-01-21,P1023,WH-CENTRAL,212,1,0,49
2026-01-22,P1023,WH-CENTRAL,208,4,0,49
2026-01-23,P1023,WH-CENTRAL,208,0,0,49
2026-01-24,P1023,WH-CENTRAL,202,6,0,49
2026-01-25,P1023,WH-CENTRAL,197,5,0,49
2026-01-26,P1023,WH-CENTRAL,195,2,0,49
2026-01-27,P1023,WH-CENTRAL,189,6,0,49
2026-01-28,P1023,WH-CENTRAL,185,4,0,49
2026-01-29,P1023,WH-CENTRAL,181,4,0,49
2026-01-30,P1023,WH-CENTRAL,178,3,0,49
2026-01-31,P1023,WH-CENTRAL,177,1,0,49
2026-02-01,P1023,WH-CENTRAL,172,5,0,49
2026-02-02,P1023,WH-CENTRAL,163,9,0,49
2026-02-03,P1023,WH-CENTRAL,160,3,0,49
2026-02-04,P1023,WH-CENTRAL,158,2,0,49
2026-02-05,P1023,WH-CENTRAL,152,6,0,49
2026-02-06,P1023,WH-CENTRAL,149,3,0,49
2026-02-07,P1023,WH-CENTRAL,139,10,0,49
2026-02-08,P1023,WH-CENTRAL,133,6,0,49
2026-02-09,P1023,WH-CENTRAL,123,10,0,49
2026-02-10,P1023,WH-CENTRAL,118,5,0,49
2026-02-11,P1023,WH-CENTRAL,118,0,0,49
2026-02-12,P1023,WH-CENTRAL,111,7,0,49
2026-02-13,P1023,WH-CENTRAL,108,3,0,49
2026-02-14,P1023,WH-CENTRAL,105,3,0,49
2026-02-15,P1023,WH-CENTRAL,104,1,0,49
2026-02-16,P1023,WH-CENTRAL,100,4,0,49
2026-02-17,P1023,WH-CENTRAL,94,6,0,49
2026-02-18,P1023,WH-CENTRAL,90,4,0,49
2026-02-19,P1023,WH-CENTRAL,85,5,0,49
2026-02-20,P1023,WH-CENTRAL,85,0,0,49
2026-02-21,P1023,WH-CENTRAL,82,3,0,49
2026-02-22,P1023,WH-CENTRAL,79,3,0,49
2026-02-23,P1023,WH-CENTRAL,77,2,0,49
2026-02-24,P1023,WH-CENTRAL,73,4,0,49
2026-02-25,P1023,WH-CENTRAL,72,1,0,49
2026-02-26,P1023,WH-CENTRAL,69,3,0,49
2026-02-27,P1023,WH-CENTRAL,68,1,0,49
2026-02-28,P1023,WH-CENTRAL,62,6,0,49
2026-03-01,P1023,WH-CENTRAL,59,3,0,49
2026-03-02,P1023,WH-CENTRAL,56,3,0,49
2026-03-03,P1023,WH-CENTRAL,51,5,0,49
2026-03-04,P1023,WH-CENTRAL,209,7,165,49
2026-03-05,P1023,WH-CENTRAL,206,3,0,49
2026-03-06,P1023,WH-CENTRAL,204,2,0,49
2026-03-07,P1023,WH-CENTRAL,198,6,0,49
2026-03-08,P1023,WH-CENTRAL,193,5,0,49
2026-03-09,P1023,WH-CENTRAL,190,3,0,49
2026-03-10,P1023,WH-CENTRAL,188,2,0,49
2026-03-11,P1023,WH-CENTRAL,186,2,0,49
2026-03-12,P1023,WH-CENTRAL,185,1,0,49
2026-03-13,P1023,WH-CENTRAL,182,3,0,49
2026-03-14,P1023,WH-CENTRAL,180,2,0,49
2026-03-15,P1023,WH-CENTRAL,176,4,0,49
2026-03-16,P1023,WH-CENTRAL,171,5,0,49
2026-03-17,P1023,WH-CENTRAL,167,4,0,49
2026-03-18,P1023,WH-CENTRAL,161,6,0,49
2026-03-19,P1023,WH-CENTRAL,158,3,0,49
2026-03-20,P1023,WH-CENTRAL,156,2,0,49
2026-03-21,P1023,WH-CENTRAL,152,4,0,49
2026-03-22,P1023,WH-CENTRAL,151,1,0,49
2026-03-23,P1023,WH-CENTRAL,146,5,0,49
2026-03-24,P1023,WH-CENTRAL,145,1,0,49
2026-03-25,P1023,WH-CENTRAL,142,3,0,49
2026-03-26,P1023,WH-CENTRAL,139,3,0,49
2026-03-27,P1023,WH-CENTRAL,134,5,0,49
2026-03-28,P1023,WH-CENTRAL,133,1,0,49
2026-03-29,P1023,WH-CENTRAL,128,5,0,49
2026-03-30,P1023,WH-CENTRAL,122,6,0,49
2026-03-31,P1023,WH-CENTRAL,122,0,0,49
2026-04-01,P1023,WH-CENTRAL,118,4,0,49
2026-04-02,P1023,WH-CENTRAL,114,4,0,49
2026-04-03,P1023,WH-CENTRAL,107,7,0,49
2026-04-04,P1023,WH-CENTRAL,105,2,0,49
2026-04-05,P1023,WH-CENTRAL,101,4,0,49
2026-04-06,P1023,WH-CENTRAL,100,1,0,49
2026-04-07,P1023,WH-CENTRAL,99,1,0,49
2026-04-08,P1023,WH-CENTRAL,95,4,0,49
2026-04-09,P1023,WH-CENTRAL,93,2,0,49
2026-04-10,P1023,WH-CENTRAL,92,1,0,49
2026-04-11,P1023,WH-CENTRAL,85,7,0,49
2026-04-12,P1023,WH-CENTRAL,79,6,0,49
2026-04-13,P1023,WH-CENTRAL,78,1,0,49
2026-04-14,P1023,WH-CENTRAL,76,2,0,49
2026-04-15,P1023,WH-CENTRAL,73,3,0,49
2026-04-16,P1023,WH-CENTRAL,72,1,0,49
2026-04-17,P1023,WH-CENTRAL,70,2,0,49
2026-04-18,P1023,WH-CENTRAL,68,2,0,49
2026-04-19,P1023,WH-CENTRAL,64,4,0,49
2026-04-20,P1023,WH-CENTRAL,60,4,0,49
2026-04-21,P1023,WH-CENTRAL,56,4,0,49
2026-04-22,P1023,WH-CENTRAL,53,3,0,49
2026-04-23,P1023,WH-CENTRAL,50,3,0,49
2026-04-24,P1023,WH-CENTRAL,211,4,165,49
2026-04-25,P1023,WH-CENTRAL,208,3,0,49
2026-04-26,P1023,WH-CENTRAL,205,3,0,49
2026-04-27,P1023,WH-CENTRAL,204,1,0,49
2026-04-28,P1023,WH-CENTRAL,202,2,0,49
2026-04-29,P1023,WH-CENTRAL,197,5,0,49
2026-04-30,P1023,WH-CENTRAL,195,2,0,49
2026-05-01,P1023,WH-CENTRAL,191,4,0,49
2026-05-02,P1023,WH-CENTRAL,189,2,0,49
2026-05-03,P1023,WH-CENTRAL,187,2,0,49
2026-05-04,P1023,WH-CENTRAL,187,0,0,49
2026-05-05,P1023,WH-CENTRAL,185,2,0,49
2026-05-06,P1023,WH-CENTRAL,184,1,0,49
2026-05-07,P1023,WH-CENTRAL,179,5,0,49
2026-05-08,P1023,WH-CENTRAL,178,1,0,49
2026-05-09,P1023,WH-CENTRAL,174,4,0,49
2026-05-10,P1023,WH-CENTRAL,168,6,0,49
2026-05-11,P1023,WH-CENTRAL,163,5,0,49
2026-05-12,P1023,WH-CENTRAL,160,3,0,49
2026-05-13,P1023,WH-CENTRAL,159,1,0,49
2026-05-14,P1023,WH-CENTRAL,159,0,0,49
2026-05-15,P1023,WH-CENTRAL,155,4,0,49
2026-05-16,P1023,WH-CENTRAL,155,0,0,49
2026-05-17,P1023,WH-CENTRAL,152,3,0,49
2026-05-18,P1023,WH-CENTRAL,150,2,0,49
2026-05-19,P1023,WH-CENTRAL,148,2,0,49
2026-05-20,P1023,WH-CENTRAL,146,2,0,49
2026-05-21,P1023,WH-CENTRAL,139,7,0,49
2026-05-22,P1023,WH-CENTRAL,137,2,0,49
2026-05-23,P1023,WH-CENTRAL,132,5,0,49
2026-05-24,P1023,WH-CENTRAL,131,1,0,49
2026-05-25,P1023,WH-CENTRAL,130,1,0,49
2026-05-26,P1023,WH-CENTRAL,129,1,0,49
2026-05-27,P1023,WH-CENTRAL,126,3,0,49
2026-05-28,P1023,WH-CENTRAL,123,3,0,49
2026-05-29,P1023,WH-CENTRAL,118,5,0,49
2026-05-30,P1023,WH-CENTRAL,112,6,0,49
2026-05-31,P1023,WH-CENTRAL,111,1,0,49
2026-06-01,P1023,WH-CENTRAL,110,1,0,49
2026-06-02,P1023,WH-CENTRAL,107,3,0,49
2026-06-03,P1023,WH-CENTRAL,106,1,0,49
2026-06-04,P1023,WH-CENTRAL,103,3,0,49
2026-06-05,P1023,WH-CENTRAL,102,1,0,49
2026-06-06,P1023,WH-CENTRAL,97,5,0,49
2026-06-07,P1023,WH-CENTRAL,95,2,0,49
2026-06-08,P1023,WH-CENTRAL,86,9,0,49
2026-06-09,P1023,WH-CENTRAL,86,0,0,49
2026-06-10,P1023,WH-CENTRAL,83,3,0,49
2026-06-11,P1023,WH-CENTRAL,79,4,0,49
2026-06-12,P1023,WH-CENTRAL,76,3,0,49
2026-06-13,P1023,WH-CENTRAL,71,5,0,49
2026-06-14,P1023,WH-CENTRAL,71,0,0,49
2026-06-15,P1023,WH-CENTRAL,67,4,0,49
2026-06-16,P1023,WH-CENTRAL,64,3,0,49
2026-06-17,P1023,WH-CENTRAL,58,6,0,49
2026-06-18,P1023,WH-CENTRAL,55,3,0,49
2026-06-19,P1023,WH-CENTRAL,55,0,0,49
2026-06-20,P1023,WH-CENTRAL,50,5,0,49
2026-06-21,P1023,WH-CENTRAL,211,4,165,49
2026-06-22,P1023,WH-CENTRAL,208,3,0,49
2026-06-23,P1023,WH-CENTRAL,204,4,0,49
2026-06-24,P1023,WH-CENTRAL,203,1,0,49
2026-06-25,P1023,WH-CENTRAL,199,4,0,49
2026-06-26,P1023,WH-CENTRAL,196,3,0,49
2026-06-27,P1023,WH-CENTRAL,192,4,0,49
2026-06-28,P1023,WH-CENTRAL,190,2,0,49
2026-06-29,P1023,WH-CENTRAL,187,3,0,49
2026-06-30,P1023,WH-CENTRAL,185,2,0,49
2026-07-01,P1023,WH-CENTRAL,184,1,0,49
2026-07-02,P1023,WH-CENTRAL,181,3,0,49
2026-07-03,P1023,WH-CENTRAL,179,2,0,49
2026-07-04,P1023,WH-CENTRAL,172,7,0,49
2026-07-05,P1023,WH-CENTRAL,170,2,0,49
2026-07-06,P1023,WH-CENTRAL,167,3,0,49
2026-07-07,P1023,WH-CENTRAL,163,4,0,49
2026-07-08,P1023,WH-CENTRAL,157,6,0,49
2026-07-09,P1023,WH-CENTRAL,154,3,0,49
2026-07-10,P1023,WH-CENTRAL,151,3,0,49
2026-07-11,P1023,WH-CENTRAL,149,2,0,49
2026-07-12,P1023,WH-CENTRAL,145,4,0,49
2026-07-13,P1023,WH-CENTRAL,143,2,0,49
2026-07-14,P1023,WH-CENTRAL,136,7,0,49
2026-07-15,P1023,WH-CENTRAL,132,4,0,49
2026-07-16,P1023,WH-CENTRAL,130,2,0,49
2026-07-17,P1023,WH-CENTRAL,128,2,0,49
2026-07-18,P1023,WH-CENTRAL,124,4,0,49
2026-07-19,P1023,WH-CENTRAL,116,8,0,49
2026-07-20,P1023,WH-CENTRAL,115,1,0,49
2026-07-21,P1023,WH-CENTRAL,111,4,0,49
2026-07-22,P1023,WH-CENTRAL,110,1,0,49
2026-07-23,P1023,WH-CENTRAL,108,2,0,49
2026-07-24,P1023,WH-CENTRAL,105,3,0,49
2026-07-25,P1023,WH-CENTRAL,102,3,0,49
2026-07-26,P1023,WH-CENTRAL,96,6,0,49
2026-07-27,P1023,WH-CENTRAL,93,3,0,49
2026-07-28,P1023,WH-CENTRAL,91,2,0,49
2026-07-29,P1023,WH-CENTRAL,89,2,0,49
2026-07-30,P1023,WH-CENTRAL,89,0,0,49
2026-07-31,P1023,WH-CENTRAL,85,4,0,49
2026-08-01,P1023,WH-CENTRAL,82,3,0,49
2026-08-02,P1023,WH-CENTRAL,76,6,0,49
2026-08-03,P1023,WH-CENTRAL,75,1,0,49
2026-08-04,P1023,WH-CENTRAL,69,6,0,49
2026-08-05,P1023,WH-CENTRAL,63,6,0,49
2026-08-06,P1023,WH-CENTRAL,61,2,0,49
2026-08-07,P1023,WH-CENTRAL,61,0,0,49
2026-08-08,P1023,WH-CENTRAL,57,4,0,49
2026-08-09,P1023,WH-CENTRAL,53,4,0,49
2026-08-10,P1023,WH-CENTRAL,212,6,165,49
2026-08-11,P1023,WH-CENTRAL,212,0,0,49
2026-08-12,P1023,WH-CENTRAL,210,2,0,49
2026-08-13,P1023,WH-CENTRAL,207,3,0,49
2025-08-15,P1024,WH-CENTRAL,44,8,0,19
2025-08-16,P1024,WH-CENTRAL,34,10,0,19
2025-08-17,P1024,WH-CENTRAL,28,6,0,19
2025-08-18,P1024,WH-CENTRAL,22,6,0,19
2025-08-19,P1024,WH-CENTRAL,76,3,57,19
2025-08-20,P1024,WH-CENTRAL,72,4,0,19
2025-08-21,P1024,WH-CENTRAL,66,6,0,19
2025-08-22,P1024,WH-CENTRAL,60,6,0,19
2025-08-23,P1024,WH-CENTRAL,54,6,0,19
2025-08-24,P1024,WH-CENTRAL,49,5,0,19
2025-08-25,P1024,WH-CENTRAL,40,9,0,19
2025-08-26,P1024,WH-CENTRAL,34,6,0,19
2025-08-27,P1024,WH-CENTRAL,27,7,0,19
2025-08-28,P1024,WH-CENTRAL,22,5,0,19
2025-08-29,P1024,WH-CENTRAL,74,5,57,19
2025-08-30,P1024,WH-CENTRAL,69,5,0,19
2025-08-31,P1024,WH-CENTRAL,62,7,0,19
2025-09-01,P1024,WH-CENTRAL,52,10,0,19
2025-09-02,P1024,WH-CENTRAL,44,8,0,19
2025-09-03,P1024,WH-CENTRAL,40,4,0,19
2025-09-04,P1024,WH-CENTRAL,32,8,0,19
2025-09-05,P1024,WH-CENTRAL,27,5,0,19
2025-09-06,P1024,WH-CENTRAL,74,10,57,19
2025-09-07,P1024,WH-CENTRAL,71,3,0,19
2025-09-08,P1024,WH-CENTRAL,64,7,0,19
2025-09-09,P1024,WH-CENTRAL,58,6,0,19
2025-09-10,P1024,WH-CENTRAL,56,2,0,19
2025-09-11,P1024,WH-CENTRAL,53,3,0,19
2025-09-12,P1024,WH-CENTRAL,49,4,0,19
2025-09-13,P1024,WH-CENTRAL,41,8,0,19
2025-09-14,P1024,WH-CENTRAL,35,6,0,19
2025-09-15,P1024,WH-CENTRAL,28,7,0,19
2025-09-16,P1024,WH-CENTRAL,24,4,0,19
2025-09-17,P1024,WH-CENTRAL,76,5,57,19
2025-09-18,P1024,WH-CENTRAL,73,3,0,19
2025-09-19,P1024,WH-CENTRAL,65,8,0,19
2025-09-20,P1024,WH-CENTRAL,58,7,0,19
2025-09-21,P1024,WH-CENTRAL,50,8,0,19
2025-09-22,P1024,WH-CENTRAL,44,6,0,19
2025-09-23,P1024,WH-CENTRAL,38,6,0,19
2025-09-24,P1024,WH-CENTRAL,31,7,0,19
2025-09-25,P1024,WH-CENTRAL,28,3,0,19
2025-09-26,P1024,WH-CENTRAL,24,4,0,19
2025-09-27,P1024,WH-CENTRAL,73,8,57,19
2025-09-28,P1024,WH-CENTRAL,72,1,0,19
2025-09-29,P1024,WH-CENTRAL,69,3,0,19
2025-09-30,P1024,WH-CENTRAL,64,5,0,19
2025-10-01,P1024,WH-CENTRAL,56,8,0,19
2025-10-02,P1024,WH-CENTRAL,49,7,0,19
2025-10-03,P1024,WH-CENTRAL,44,5,0,19
2025-10-04,P1024,WH-CENTRAL,36,8,0,19
2025-10-05,P1024,WH-CENTRAL,31,5,0,19
2025-10-06,P1024,WH-CENTRAL,20,11,0,19
2025-10-07,P1024,WH-CENTRAL,73,4,57,19
2025-10-08,P1024,WH-CENTRAL,68,5,0,19
2025-10-09,P1024,WH-CENTRAL,59,9,0,19
2025-10-10,P1024,WH-CENTRAL,51,8,0,19
2025-10-11,P1024,WH-CENTRAL,45,6,0,19
2025-10-12,P1024,WH-CENTRAL,34,11,0,19
2025-10-13,P1024,WH-CENTRAL,24,10,0,19
2025-10-14,P1024,WH-CENTRAL,76,5,57,19
2025-10-15,P1024,WH-CENTRAL,70,6,0,19
2025-10-16,P1024,WH-CENTRAL,65,5,0,19
2025-10-17,P1024,WH-CENTRAL,60,5,0,19
2025-10-18,P1024,WH-CENTRAL,51,9,0,19
2025-10-19,P1024,WH-CENTRAL,45,6,0,19
2025-10-20,P1024,WH-CENTRAL,40,5,0,19
2025-10-21,P1024,WH-CENTRAL,34,6,0,19
2025-10-22,P1024,WH-CENTRAL,25,9,0,19
2025-10-23,P1024,WH-CENTRAL,23,2,0,19
2025-10-24,P1024,WH-CENTRAL,21,2,0,19
2025-10-25,P1024,WH-CENTRAL,68,10,57,19
2025-10-26,P1024,WH-CENTRAL,63,5,0,19
2025-10-27,P1024,WH-CENTRAL,58,5,0,19
2025-10-28,P1024,WH-CENTRAL,53,5,0,19
2025-10-29,P1024,WH-CENTRAL,50,3,0,19
2025-10-30,P1024,WH-CENTRAL,41,9,0,19
2025-10-31,P1024,WH-CENTRAL,33,8,0,19
2025-11-01,P1024,WH-CENTRAL,24,9,0,19
2025-11-02,P1024,WH-CENTRAL,74,7,57,19
2025-11-03,P1024,WH-CENTRAL,72,2,0,19
2025-11-04,P1024,WH-CENTRAL,64,8,0,19
2025-11-05,P1024,WH-CENTRAL,61,3,0,19
2025-11-06,P1024,WH-CENTRAL,58,3,0,19
2025-11-07,P1024,WH-CENTRAL,53,5,0,19
2025-11-08,P1024,WH-CENTRAL,46,7,0,19
2025-11-09,P1024,WH-CENTRAL,39,7,0,19
2025-11-10,P1024,WH-CENTRAL,31,8,0,19
2025-11-11,P1024,WH-CENTRAL,21,10,0,19
2025-11-12,P1024,WH-CENTRAL,72,6,57,19
2025-11-13,P1024,WH-CENTRAL,65,7,0,19
2025-11-14,P1024,WH-CENTRAL,61,4,0,19
2025-11-15,P1024,WH-CENTRAL,49,12,0,19
2025-11-16,P1024,WH-CENTRAL,41,8,0,19
2025-11-17,P1024,WH-CENTRAL,36,5,0,19
2025-11-18,P1024,WH-CENTRAL,31,5,0,19
2025-11-19,P1024,WH-CENTRAL,24,7,0,19
2025-11-20,P1024,WH-CENTRAL,74,7,57,19
2025-11-21,P1024,WH-CENTRAL,68,6,0,19
2025-11-22,P1024,WH-CENTRAL,64,4,0,19
2025-11-23,P1024,WH-CENTRAL,60,4,0,19
2025-11-24,P1024,WH-CENTRAL,55,5,0,19
2025-11-25,P1024,WH-CENTRAL,42,13,0,19
2025-11-26,P1024,WH-CENTRAL,36,6,0,19
2025-11-27,P1024,WH-CENTRAL,29,7,0,19
2025-11-28,P1024,WH-CENTRAL,24,5,0,19
2025-11-29,P1024,WH-CENTRAL,72,9,57,19
2025-11-30,P1024,WH-CENTRAL,63,9,0,19
2025-12-01,P1024,WH-CENTRAL,56,7,0,19
2025-12-02,P1024,WH-CENTRAL,51,5,0,19
2025-12-03,P1024,WH-CENTRAL,46,5,0,19
2025-12-04,P1024,WH-CENTRAL,40,6,0,19
2025-12-05,P1024,WH-CENTRAL,35,5,0,19
2025-12-06,P1024,WH-CENTRAL,27,8,0,19
2025-12-07,P1024,WH-CENTRAL,76,8,57,19
2025-12-08,P1024,WH-CENTRAL,66,10,0,19
2025-12-09,P1024,WH-CENTRAL,58,8,0,19
2025-12-10,P1024,WH-CENTRAL,56,2,0,19
2025-12-11,P1024,WH-CENTRAL,51,5,0,19
2025-12-12,P1024,WH-CENTRAL,44,7,0,19
2025-12-13,P1024,WH-CENTRAL,38,6,0,19
2025-12-14,P1024,WH-CENTRAL,28,10,0,19
2025-12-15,P1024,WH-CENTRAL,20,8,0,19
2025-12-16,P1024,WH-CENTRAL,68,9,57,19
2025-12-17,P1024,WH-CENTRAL,59,9,0,19
2025-12-18,P1024,WH-CENTRAL,57,2,0,19
2025-12-19,P1024,WH-CENTRAL,48,9,0,19
2025-12-20,P1024,WH-CENTRAL,39,9,0,19
2025-12-21,P1024,WH-CENTRAL,22,17,0,19
2025-12-22,P1024,WH-CENTRAL,69,10,57,19
2025-12-23,P1024,WH-CENTRAL,60,9,0,19
2025-12-24,P1024,WH-CENTRAL,54,6,0,19
2025-12-25,P1024,WH-CENTRAL,45,9,0,19
2025-12-26,P1024,WH-CENTRAL,37,8,0,19
2025-12-27,P1024,WH-CENTRAL,28,9,0,19
2025-12-28,P1024,WH-CENTRAL,23,5,0,19
2025-12-29,P1024,WH-CENTRAL,75,5,57,19
2025-12-30,P1024,WH-CENTRAL,72,3,0,19
2025-12-31,P1024,WH-CENTRAL,69,3,0,19
2026-01-01,P1024,WH-CENTRAL,67,2,0,19
2026-01-02,P1024,WH-CENTRAL,59,8,0,19
2026-01-03,P1024,WH-CENTRAL,53,6,0,19
2026-01-04,P1024,WH-CENTRAL,45,8,0,19
2026-01-05,P1024,WH-CENTRAL,39,6,0,19
2026-01-06,P1024,WH-CENTRAL,28,11,0,19
2026-01-07,P1024,WH-CENTRAL,23,5,0,19
2026-01-08,P1024,WH-CENTRAL,72,8,57,19
2026-01-09,P1024,WH-CENTRAL,72,0,0,19
2026-01-10,P1024,WH-CENTRAL,58,14,0,19
2026-01-11,P1024,WH-CENTRAL,54,4,0,19
2026-01-12,P1024,WH-CENTRAL,45,9,0,19
2026-01-13,P1024,WH-CENTRAL,44,1,0,19
2026-01-14,P1024,WH-CENTRAL,39,5,0,19
2026-01-15,P1024,WH-CENTRAL,36,3,0,19
2026-01-16,P1024,WH-CENTRAL,32,4,0,19
2026-01-17,P1024,WH-CENTRAL,27,5,0,19
2026-01-18,P1024,WH-CENTRAL,24,3,0,19
2026-01-19,P1024,WH-CENTRAL,71,10,57,19
2026-01-20,P1024,WH-CENTRAL,67,4,0,19
2026-01-21,P1024,WH-CENTRAL,61,6,0,19
2026-01-22,P1024,WH-CENTRAL,54,7,0,19
2026-01-23,P1024,WH-CENTRAL,45,9,0,19
2026-01-24,P1024,WH-CENTRAL,43,2,0,19
2026-01-25,P1024,WH-CENTRAL,31,12,0,19
2026-01-26,P1024,WH-CENTRAL,24,7,0,19
2026-01-27,P1024,WH-CENTRAL,74,7,57,19
2026-01-28,P1024,WH-CENTRAL,70,4,0,19
2026-01-29,P1024,WH-CENTRAL,61,9,0,19
2026-01-30,P1024,WH-CENTRAL,53,8,0,19
2026-01-31,P1024,WH-CENTRAL,44,9,0,19
2026-02-01,P1024,WH-CENTRAL,36,8,0,19
2026-02-02,P1024,WH-CENTRAL,32,4,0,19
2026-02-03,P1024,WH-CENTRAL,27,5,0,19
2026-02-04,P1024,WH-CENTRAL,20,7,0,19
2026-02-05,P1024,WH-CENTRAL,69,8,57,19
2026-02-06,P1024,WH-CENTRAL,63,6,0,19
2026-02-07,P1024,WH-CENTRAL,57,6,0,19
2026-02-08,P1024,WH-CENTRAL,53,4,0,19
2026-02-09,P1024,WH-CENTRAL,49,4,0,19
2026-02-10,P1024,WH-CENTRAL,43,6,0,19
2026-02-11,P1024,WH-CENTRAL,38,5,0,19
2026-02-12,P1024,WH-CENTRAL,36,2,0,19
2026-02-13,P1024,WH-CENTRAL,25,11,0,19
2026-02-14,P1024,WH-CENTRAL,75,7,57,19
2026-02-15,P1024,WH-CENTRAL,69,6,0,19
2026-02-16,P1024,WH-CENTRAL,64,5,0,19
2026-02-17,P1024,WH-CENTRAL,59,5,0,19
2026-02-18,P1024,WH-CENTRAL,56,3,0,19
2026-02-19,P1024,WH-CENTRAL,51,5,0,19
2026-02-20,P1024,WH-CENTRAL,47,4,0,19
2026-02-21,P1024,WH-CENTRAL,38,9,0,19
2026-02-22,P1024,WH-CENTRAL,31,7,0,19
2026-02-23,P1024,WH-CENTRAL,25,6,0,19
2026-02-24,P1024,WH-CENTRAL,24,1,0,19
2026-02-25,P1024,WH-CENTRAL,22,2,0,19
2026-02-26,P1024,WH-CENTRAL,73,6,57,19
2026-02-27,P1024,WH-CENTRAL,68,5,0,19
2026-02-28,P1024,WH-CENTRAL,61,7,0,19
2026-03-01,P1024,WH-CENTRAL,52,9,0,19
2026-03-02,P1024,WH-CENTRAL,48,4,0,19
2026-03-03,P1024,WH-CENTRAL,42,6,0,19
2026-03-04,P1024,WH-CENTRAL,38,4,0,19
2026-03-05,P1024,WH-CENTRAL,34,4,0,19
2026-03-06,P1024,WH-CENTRAL,30,4,0,19
2026-03-07,P1024,WH-CENTRAL,26,4,0,19
2026-03-08,P1024,WH-CENTRAL,21,5,0,19
2026-03-09,P1024,WH-CENTRAL,72,6,57,19
2026-03-10,P1024,WH-CENTRAL,69,3,0,19
2026-03-11,P1024,WH-CENTRAL,66,3,0,19
2026-03-12,P1024,WH-CENTRAL,65,1,0,19
2026-03-13,P1024,WH-CENTRAL,61,4,0,19
2026-03-14,P1024,WH-CENTRAL,55,6,0,19
2026-03-15,P1024,WH-CENTRAL,52,3,0,19
2026-03-16,P1024,WH-CENTRAL,48,4,0,19
2026-03-17,P1024,WH-CENTRAL,44,4,0,19
2026-03-18,P1024,WH-CENTRAL,39,5,0,19
2026-03-19,P1024,WH-CENTRAL,35,4,0,19
2026-03-20,P1024,WH-CENTRAL,31,4,0,19
2026-03-21,P1024,WH-CENTRAL,30,1,0,19
2026-03-22,P1024,WH-CENTRAL,22,8,0,19
2026-03-23,P1024,WH-CENTRAL,70,9,57,19
2026-03-24,P1024,WH-CENTRAL,65,5,0,19
2026-03-25,P1024,WH-CENTRAL,60,5,0,19
2026-03-26,P1024,WH-CENTRAL,56,4,0,19
2026-03-27,P1024,WH-CENTRAL,49,7,0,19
2026-03-28,P1024,WH-CENTRAL,43,6,0,19
2026-03-29,P1024,WH-CENTRAL,41,2,0,19
2026-03-30,P1024,WH-CENTRAL,36,5,0,19
2026-03-31,P1024,WH-CENTRAL,34,2,0,19
2026-04-01,P1024,WH-CENTRAL,31,3,0,19
2026-04-02,P1024,WH-CENTRAL,28,3,0,19
2026-04-03,P1024,WH-CENTRAL,20,8,0,19
2026-04-04,P1024,WH-CENTRAL,71,6,57,19
2026-04-05,P1024,WH-CENTRAL,65,6,0,19
2026-04-06,P1024,WH-CENTRAL,59,6,0,19
2026-04-07,P1024,WH-CENTRAL,55,4,0,19
2026-04-08,P1024,WH-CENTRAL,52,3,0,19
2026-04-09,P1024,WH-CENTRAL,47,5,0,19
2026-04-10,P1024,WH-CENTRAL,43,4,0,19
2026-04-11,P1024,WH-CENTRAL,34,9,0,19
2026-04-12,P1024,WH-CENTRAL,29,5,0,19
2026-04-13,P1024,WH-CENTRAL,21,8,0,19
2026-04-14,P1024,WH-CENTRAL,76,2,57,19
2026-04-15,P1024,WH-CENTRAL,70,6,0,19
2026-04-16,P1024,WH-CENTRAL,69,1,0,19
2026-04-17,P1024,WH-CENTRAL,65,4,0,19
2026-04-18,P1024,WH-CENTRAL,64,1,0,19
2026-04-19,P1024,WH-CENTRAL,60,4,0,19
2026-04-20,P1024,WH-CENTRAL,53,7,0,19
2026-04-21,P1024,WH-CENTRAL,52,1,0,19
2026-04-22,P1024,WH-CENTRAL,46,6,0,19
2026-04-23,P1024,WH-CENTRAL,38,8,0,19
2026-04-24,P1024,WH-CENTRAL,35,3,0,19
2026-04-25,P1024,WH-CENTRAL,27,8,0,19
2026-04-26,P1024,WH-CENTRAL,25,2,0,19
2026-04-27,P1024,WH-CENTRAL,21,4,0,19
2026-04-28,P1024,WH-CENTRAL,76,2,57,19
2026-04-29,P1024,WH-CENTRAL,71,5,0,19
2026-04-30,P1024,WH-CENTRAL,68,3,0,19
2026-05-01,P1024,WH-CENTRAL,67,1,0,19
2026-05-02,P1024,WH-CENTRAL,60,7,0,19
2026-05-03,P1024,WH-CENTRAL,56,4,0,19
2026-05-04,P1024,WH-CENTRAL,52,4,0,19
2026-05-05,P1024,WH-CENTRAL,46,6,0,19
2026-05-06,P1024,WH-CENTRAL,40,6,0,19
2026-05-07,P1024,WH-CENTRAL,35,5,0,19
2026-05-08,P1024,WH-CENTRAL,31,4,0,19
2026-05-09,P1024,WH-CENTRAL,27,4,0,19
2026-05-10,P1024,WH-CENTRAL,24,3,0,19
2026-05-11,P1024,WH-CENTRAL,23,1,0,19
2026-05-12,P1024,WH-CENTRAL,76,4,57,19
2026-05-13,P1024,WH-CENTRAL,75,1,0,19
2026-05-14,P1024,WH-CENTRAL,71,4,0,19
2026-05-15,P1024,WH-CENTRAL,65,6,0,19
2026-05-16,P1024,WH-CENTRAL,57,8,0,19
2026-05-17,P1024,WH-CENTRAL,56,1,0,19
2026-05-18,P1024,WH-CENTRAL,49,7,0,19
2026-05-19,P1024,WH-CENTRAL,45,4,0,19
2026-05-20,P1024,WH-CENTRAL,42,3,0,19
2026-05-21,P1024,WH-CENTRAL,36,6,0,19
2026-05-22,P1024,WH-CENTRAL,36,0,0,19
2026-05-23,P1024,WH-CENTRAL,33,3,0,19
2026-05-24,P1024,WH-CENTRAL,29,4,0,19
2026-05-25,P1024,WH-CENTRAL,26,3,0,19
2026-05-26,P1024,WH-CENTRAL,20,6,0,19
2026-05-27,P1024,WH-CENTRAL,75,2,57,19
2026-05-28,P1024,WH-CENTRAL,70,5,0,19
2026-05-29,P1024,WH-CENTRAL,69,1,0,19
2026-05-30,P1024,WH-CENTRAL,60,9,0,19
2026-05-31,P1024,WH-CENTRAL,56,4,0,19
2026-06-01,P1024,WH-CENTRAL,51,5,0,19
2026-06-02,P1024,WH-CENTRAL,44,7,0,19
2026-06-03,P1024,WH-CENTRAL,41,3,0,19
2026-06-04,P1024,WH-CENTRAL,38,3,0,19
2026-06-05,P1024,WH-CENTRAL,34,4,0,19
2026-06-06,P1024,WH-CENTRAL,29,5,0,19
2026-06-07,P1024,WH-CENTRAL,25,4,0,19
2026-06-08,P1024,WH-CENTRAL,75,7,57,19
2026-06-09,P1024,WH-CENTRAL,72,3,0,19
2026-06-10,P1024,WH-CENTRAL,66,6,0,19
2026-06-11,P1024,WH-CENTRAL,64,2,0,19
2026-06-12,P1024,WH-CENTRAL,61,3,0,19
2026-06-13,P1024,WH-CENTRAL,55,6,0,19
2026-06-14,P1024,WH-CENTRAL,51,4,0,19
2026-06-15,P1024,WH-CENTRAL,49,2,0,19
2026-06-16,P1024,WH-CENTRAL,46,3,0,19
2026-06-17,P1024,WH-CENTRAL,41,5,0,19
2026-06-18,P1024,WH-CENTRAL,39,2,0,19
2026-06-19,P1024,WH-CENTRAL,36,3,0,19
2026-06-20,P1024,WH-CENTRAL,30,6,0,19
2026-06-21,P1024,WH-CENTRAL,22,8,0,19
2026-06-22,P1024,WH-CENTRAL,74,5,57,19
2026-06-23,P1024,WH-CENTRAL,69,5,0,19
2026-06-24,P1024,WH-CENTRAL,65,4,0,19
2026-06-25,P1024,WH-CENTRAL,59,6,0,19
2026-06-26,P1024,WH-CENTRAL,58,1,0,19
2026-06-27,P1024,WH-CENTRAL,53,5,0,19
2026-06-28,P1024,WH-CENTRAL,44,9,0,19
2026-06-29,P1024,WH-CENTRAL,40,4,0,19
2026-06-30,P1024,WH-CENTRAL,34,6,0,19
2026-07-01,P1024,WH-CENTRAL,33,1,0,19
2026-07-02,P1024,WH-CENTRAL,29,4,0,19
2026-07-03,P1024,WH-CENTRAL,21,8,0,19
2026-07-04,P1024,WH-CENTRAL,74,4,57,19
2026-07-05,P1024,WH-CENTRAL,69,5,0,19
2026-07-06,P1024,WH-CENTRAL,64,5,0,19
2026-07-07,P1024,WH-CENTRAL,62,2,0,19
2026-07-08,P1024,WH-CENTRAL,57,5,0,19
2026-07-09,P1024,WH-CENTRAL,57,0,0,19
2026-07-10,P1024,WH-CENTRAL,54,3,0,19
2026-07-11,P1024,WH-CENTRAL,49,5,0,19
2026-07-12,P1024,WH-CENTRAL,42,7,0,19
2026-07-13,P1024,WH-CENTRAL,36,6,0,19
2026-07-14,P1024,WH-CENTRAL,32,4,0,19
2026-07-15,P1024,WH-CENTRAL,28,4,0,19
2026-07-16,P1024,WH-CENTRAL,25,3,0,19
2026-07-17,P1024,WH-CENTRAL,23,2,0,19
2026-07-18,P1024,WH-CENTRAL,76,4,57,19
2026-07-19,P1024,WH-CENTRAL,67,9,0,19
2026-07-20,P1024,WH-CENTRAL,64,3,0,19
2026-07-21,P1024,WH-CENTRAL,59,5,0,19
2026-07-22,P1024,WH-CENTRAL,48,11,0,19
2026-07-23,P1024,WH-CENTRAL,46,2,0,19
2026-07-24,P1024,WH-CENTRAL,41,5,0,19
2026-07-25,P1024,WH-CENTRAL,33,8,0,19
2026-07-26,P1024,WH-CENTRAL,28,5,0,19
2026-07-27,P1024,WH-CENTRAL,22,6,0,19
2026-07-28,P1024,WH-CENTRAL,76,3,57,19
2026-07-29,P1024,WH-CENTRAL,68,8,0,19
2026-07-30,P1024,WH-CENTRAL,65,3,0,19
2026-07-31,P1024,WH-CENTRAL,60,5,0,19
2026-08-01,P1024,WH-CENTRAL,55,5,0,19
2026-08-02,P1024,WH-CENTRAL,48,7,0,19
2026-08-03,P1024,WH-CENTRAL,47,1,0,19
2026-08-04,P1024,WH-CENTRAL,41,6,0,19
2026-08-05,P1024,WH-CENTRAL,40,1,0,19
2026-08-06,P1024,WH-CENTRAL,37,3,0,19
2026-08-07,P1024,WH-CENTRAL,29,8,0,19
2026-08-08,P1024,WH-CENTRAL,26,3,0,19
2026-08-09,P1024,WH-CENTRAL,22,4,0,19
2026-08-10,P1024,WH-CENTRAL,75,4,57,19
2026-08-11,P1024,WH-CENTRAL,68,7,0,19
2026-08-12,P1024,WH-CENTRAL,62,6,0,19
2026-08-13,P1024,WH-CENTRAL,60,2,0,19
2025-08-15,P1025,WH-CENTRAL,163,3,0,56
2025-08-16,P1025,WH-CENTRAL,157,6,0,56
2025-08-17,P1025,WH-CENTRAL,153,4,0,56
2025-08-18,P1025,WH-CENTRAL,151,2,0,56
2025-08-19,P1025,WH-CENTRAL,148,3,0,56
2025-08-20,P1025,WH-CENTRAL,147,1,0,56
2025-08-21,P1025,WH-CENTRAL,146,1,0,56
2025-08-22,P1025,WH-CENTRAL,139,7,0,56
2025-08-23,P1025,WH-CENTRAL,137,2,0,56
2025-08-24,P1025,WH-CENTRAL,135,2,0,56
2025-08-25,P1025,WH-CENTRAL,131,4,0,56
2025-08-26,P1025,WH-CENTRAL,126,5,0,56
2025-08-27,P1025,WH-CENTRAL,125,1,0,56
2025-08-28,P1025,WH-CENTRAL,121,4,0,56
2025-08-29,P1025,WH-CENTRAL,120,1,0,56
2025-08-30,P1025,WH-CENTRAL,118,2,0,56
2025-08-31,P1025,WH-CENTRAL,113,5,0,56
2025-09-01,P1025,WH-CENTRAL,113,0,0,56
2025-09-02,P1025,WH-CENTRAL,111,2,0,56
2025-09-03,P1025,WH-CENTRAL,107,4,0,56
2025-09-04,P1025,WH-CENTRAL,104,3,0,56
2025-09-05,P1025,WH-CENTRAL,102,2,0,56
2025-09-06,P1025,WH-CENTRAL,98,4,0,56
2025-09-07,P1025,WH-CENTRAL,97,1,0,56
2025-09-08,P1025,WH-CENTRAL,95,2,0,56
2025-09-09,P1025,WH-CENTRAL,91,4,0,56
2025-09-10,P1025,WH-CENTRAL,88,3,0,56
2025-09-11,P1025,WH-CENTRAL,84,4,0,56
2025-09-12,P1025,WH-CENTRAL,81,3,0,56
2025-09-13,P1025,WH-CENTRAL,75,6,0,56
2025-09-14,P1025,WH-CENTRAL,69,6,0,56
2025-09-15,P1025,WH-CENTRAL,63,6,0,56
2025-09-16,P1025,WH-CENTRAL,61,2,0,56
2025-09-17,P1025,WH-CENTRAL,60,1,0,56
2025-09-18,P1025,WH-CENTRAL,256,4,200,56
2025-09-19,P1025,WH-CENTRAL,248,8,0,56
2025-09-20,P1025,WH-CENTRAL,243,5,0,56
2025-09-21,P1025,WH-CENTRAL,242,1,0,56
2025-09-22,P1025,WH-CENTRAL,242,0,0,56
2025-09-23,P1025,WH-CENTRAL,240,2,0,56
2025-09-24,P1025,WH-CENTRAL,235,5,0,56
2025-09-25,P1025,WH-CENTRAL,234,1,0,56
2025-09-26,P1025,WH-CENTRAL,231,3,0,56
2025-09-27,P1025,WH-CENTRAL,230,1,0,56
2025-09-28,P1025,WH-CENTRAL,226,4,0,56
2025-09-29,P1025,WH-CENTRAL,223,3,0,56
2025-09-30,P1025,WH-CENTRAL,218,5,0,56
2025-10-01,P1025,WH-CENTRAL,214,4,0,56
2025-10-02,P1025,WH-CENTRAL,209,5,0,56
2025-10-03,P1025,WH-CENTRAL,206,3,0,56
2025-10-04,P1025,WH-CENTRAL,197,9,0,56
2025-10-05,P1025,WH-CENTRAL,194,3,0,56
2025-10-06,P1025,WH-CENTRAL,192,2,0,56
2025-10-07,P1025,WH-CENTRAL,186,6,0,56
2025-10-08,P1025,WH-CENTRAL,182,4,0,56
2025-10-09,P1025,WH-CENTRAL,176,6,0,56
2025-10-10,P1025,WH-CENTRAL,170,6,0,56
2025-10-11,P1025,WH-CENTRAL,166,4,0,56
2025-10-12,P1025,WH-CENTRAL,162,4,0,56
2025-10-13,P1025,WH-CENTRAL,159,3,0,56
2025-10-14,P1025,WH-CENTRAL,157,2,0,56
2025-10-15,P1025,WH-CENTRAL,153,4,0,56
2025-10-16,P1025,WH-CENTRAL,151,2,0,56
2025-10-17,P1025,WH-CENTRAL,148,3,0,56
2025-10-18,P1025,WH-CENTRAL,144,4,0,56
2025-10-19,P1025,WH-CENTRAL,138,6,0,56
2025-10-20,P1025,WH-CENTRAL,136,2,0,56
2025-10-21,P1025,WH-CENTRAL,134,2,0,56
2025-10-22,P1025,WH-CENTRAL,133,1,0,56
2025-10-23,P1025,WH-CENTRAL,129,4,0,56
2025-10-24,P1025,WH-CENTRAL,125,4,0,56
2025-10-25,P1025,WH-CENTRAL,123,2,0,56
2025-10-26,P1025,WH-CENTRAL,117,6,0,56
2025-10-27,P1025,WH-CENTRAL,115,2,0,56
2025-10-28,P1025,WH-CENTRAL,111,4,0,56
2025-10-29,P1025,WH-CENTRAL,109,2,0,56
2025-10-30,P1025,WH-CENTRAL,105,4,0,56
2025-10-31,P1025,WH-CENTRAL,103,2,0,56
2025-11-01,P1025,WH-CENTRAL,103,0,0,56
2025-11-02,P1025,WH-CENTRAL,101,2,0,56
2025-11-03,P1025,WH-CENTRAL,99,2,0,56
2025-11-04,P1025,WH-CENTRAL,97,2,0,56
2025-11-05,P1025,WH-CENTRAL,92,5,0,56
2025-11-06,P1025,WH-CENTRAL,91,1,0,56
2025-11-07,P1025,WH-CENTRAL,87,4,0,56
2025-11-08,P1025,WH-CENTRAL,85,2,0,56
2025-11-09,P1025,WH-CENTRAL,80,5,0,56
2025-11-10,P1025,WH-CENTRAL,78,2,0,56
2025-11-11,P1025,WH-CENTRAL,75,3,0,56
2025-11-12,P1025,WH-CENTRAL,74,1,0,56
2025-11-13,P1025,WH-CENTRAL,72,2,0,56
2025-11-14,P1025,WH-CENTRAL,67,5,0,56
2025-11-15,P1025,WH-CENTRAL,64,3,0,56
2025-11-16,P1025,WH-CENTRAL,63,1,0,56
2025-11-17,P1025,WH-CENTRAL,61,2,0,56
2025-11-18,P1025,WH-CENTRAL,256,5,200,56
2025-11-19,P1025,WH-CENTRAL,251,5,0,56
2025-11-20,P1025,WH-CENTRAL,249,2,0,56
2025-11-21,P1025,WH-CENTRAL,246,3,0,56
2025-11-22,P1025,WH-CENTRAL,242,4,0,56
2025-11-23,P1025,WH-CENTRAL,241,1,0,56
2025-11-24,P1025,WH-CENTRAL,240,1,0,56
2025-11-25,P1025,WH-CENTRAL,236,4,0,56
2025-11-26,P1025,WH-CENTRAL,235,1,0,56
2025-11-27,P1025,WH-CENTRAL,232,3,0,56
2025-11-28,P1025,WH-CENTRAL,229,3,0,56
2025-11-29,P1025,WH-CENTRAL,221,8,0,56
2025-11-30,P1025,WH-CENTRAL,215,6,0,56
2025-12-01,P1025,WH-CENTRAL,215,0,0,56
2025-12-02,P1025,WH-CENTRAL,213,2,0,56
2025-12-03,P1025,WH-CENTRAL,213,0,0,56
2025-12-04,P1025,WH-CENTRAL,212,1,0,56
2025-12-05,P1025,WH-CENTRAL,212,0,0,56
2025-12-06,P1025,WH-CENTRAL,205,7,0,56
2025-12-07,P1025,WH-CENTRAL,202,3,0,56
2025-12-08,P1025,WH-CENTRAL,201,1,0,56
2025-12-09,P1025,WH-CENTRAL,196,5,0,56
2025-12-10,P1025,WH-CENTRAL,193,3,0,56
2025-12-11,P1025,WH-CENTRAL,191,2,0,56
2025-12-12,P1025,WH-CENTRAL,190,1,0,56
2025-12-13,P1025,WH-CENTRAL,186,4,0,56
2025-12-14,P1025,WH-CENTRAL,180,6,0,56
2025-12-15,P1025,WH-CENTRAL,178,2,0,56
2025-12-16,P1025,WH-CENTRAL,176,2,0,56
2025-12-17,P1025,WH-CENTRAL,173,3,0,56
2025-12-18,P1025,WH-CENTRAL,170,3,0,56
2025-12-19,P1025,WH-CENTRAL,169,1,0,56
2025-12-20,P1025,WH-CENTRAL,168,1,0,56
2025-12-21,P1025,WH-CENTRAL,167,1,0,56
2025-12-22,P1025,WH-CENTRAL,163,4,0,56
2025-12-23,P1025,WH-CENTRAL,160,3,0,56
2025-12-24,P1025,WH-CENTRAL,155,5,0,56
2025-12-25,P1025,WH-CENTRAL,153,2,0,56
2025-12-26,P1025,WH-CENTRAL,150,3,0,56
2025-12-27,P1025,WH-CENTRAL,149,1,0,56
2025-12-28,P1025,WH-CENTRAL,147,2,0,56
2025-12-29,P1025,WH-CENTRAL,145,2,0,56
2025-12-30,P1025,WH-CENTRAL,143,2,0,56
2025-12-31,P1025,WH-CENTRAL,141,2,0,56
2026-01-01,P1025,WH-CENTRAL,136,5,0,56
2026-01-02,P1025,WH-CENTRAL,134,2,0,56
2026-01-03,P1025,WH-CENTRAL,134,0,0,56
2026-01-04,P1025,WH-CENTRAL,130,4,0,56
2026-01-05,P1025,WH-CENTRAL,127,3,0,56
2026-01-06,P1025,WH-CENTRAL,123,4,0,56
2026-01-07,P1025,WH-CENTRAL,120,3,0,56
2026-01-08,P1025,WH-CENTRAL,119,1,0,56
2026-01-09,P1025,WH-CENTRAL,116,3,0,56
2026-01-10,P1025,WH-CENTRAL,114,2,0,56
2026-01-11,P1025,WH-CENTRAL,114,0,0,56
2026-01-12,P1025,WH-CENTRAL,111,3,0,56
2026-01-13,P1025,WH-CENTRAL,105,6,0,56
2026-01-14,P1025,WH-CENTRAL,104,1,0,56
2026-01-15,P1025,WH-CENTRAL,103,1,0,56
2026-01-16,P1025,WH-CENTRAL,100,3,0,56
2026-01-17,P1025,WH-CENTRAL,97,3,0,56
2026-01-18,P1025,WH-CENTRAL,95,2,0,56
2026-01-19,P1025,WH-CENTRAL,94,1,0,56
2026-01-20,P1025,WH-CENTRAL,92,2,0,56
2026-01-21,P1025,WH-CENTRAL,92,0,0,56
2026-01-22,P1025,WH-CENTRAL,88,4,0,56
2026-01-23,P1025,WH-CENTRAL,87,1,0,56
2026-01-24,P1025,WH-CENTRAL,85,2,0,56
2026-01-25,P1025,WH-CENTRAL,84,1,0,56
2026-01-26,P1025,WH-CENTRAL,83,1,0,56
2026-01-27,P1025,WH-CENTRAL,80,3,0,56
2026-01-28,P1025,WH-CENTRAL,78,2,0,56
2026-01-29,P1025,WH-CENTRAL,75,3,0,56
2026-01-30,P1025,WH-CENTRAL,75,0,0,56
2026-01-31,P1025,WH-CENTRAL,74,1,0,56
2026-02-01,P1025,WH-CENTRAL,73,1,0,56
2026-02-02,P1025,WH-CENTRAL,73,0,0,56
2026-02-03,P1025,WH-CENTRAL,72,1,0,56
2026-02-04,P1025,WH-CENTRAL,70,2,0,56
2026-02-05,P1025,WH-CENTRAL,70,0,0,56
2026-02-06,P1025,WH-CENTRAL,69,1,0,56
2026-02-07,P1025,WH-CENTRAL,67,2,0,56
2026-02-08,P1025,WH-CENTRAL,65,2,0,56
2026-02-09,P1025,WH-CENTRAL,64,1,0,56
2026-02-10,P1025,WH-CENTRAL,61,3,0,56
2026-02-11,P1025,WH-CENTRAL,60,1,0,56
2026-02-12,P1025,WH-CENTRAL,60,0,0,56
2026-02-13,P1025,WH-CENTRAL,59,1,0,56
2026-02-14,P1025,WH-CENTRAL,59,0,0,56
2026-02-15,P1025,WH-CENTRAL,256,3,200,56
2026-02-16,P1025,WH-CENTRAL,254,2,0,56
2026-02-17,P1025,WH-CENTRAL,254,0,0,56
2026-02-18,P1025,WH-CENTRAL,254,0,0,56
2026-02-19,P1025,WH-CENTRAL,254,0,0,56
2026-02-20,P1025,WH-CENTRAL,253,1,0,56
2026-02-21,P1025,WH-CENTRAL,252,1,0,56
2026-02-22,P1025,WH-CENTRAL,252,0,0,56
2026-02-23,P1025,WH-CENTRAL,252,0,0,56
2026-02-24,P1025,WH-CENTRAL,249,3,0,56
2026-02-25,P1025,WH-CENTRAL,246,3,0,56
2026-02-26,P1025,WH-CENTRAL,244,2,0,56
2026-02-27,P1025,WH-CENTRAL,244,0,0,56
2026-02-28,P1025,WH-CENTRAL,244,0,0,56
2026-03-01,P1025,WH-CENTRAL,243,1,0,56
2026-03-02,P1025,WH-CENTRAL,241,2,0,56
2026-03-03,P1025,WH-CENTRAL,240,1,0,56
2026-03-04,P1025,WH-CENTRAL,240,0,0,56
2026-03-05,P1025,WH-CENTRAL,239,1,0,56
2026-03-06,P1025,WH-CENTRAL,239,0,0,56
2026-03-07,P1025,WH-CENTRAL,239,0,0,56
2026-03-08,P1025,WH-CENTRAL,238,1,0,56
2026-03-09,P1025,WH-CENTRAL,234,4,0,56
2026-03-10,P1025,WH-CENTRAL,234,0,0,56
2026-03-11,P1025,WH-CENTRAL,233,1,0,56
2026-03-12,P1025,WH-CENTRAL,232,1,0,56
2026-03-13,P1025,WH-CENTRAL,228,4,0,56
2026-03-14,P1025,WH-CENTRAL,228,0,0,56
2026-03-15,P1025,WH-CENTRAL,227,1,0,56
2026-03-16,P1025,WH-CENTRAL,227,0,0,56
2026-03-17,P1025,WH-CENTRAL,227,0,0,56
2026-03-18,P1025,WH-CENTRAL,226,1,0,56
2026-03-19,P1025,WH-CENTRAL,225,1,0,56
2026-03-20,P1025,WH-CENTRAL,224,1,0,56
2026-03-21,P1025,WH-CENTRAL,223,1,0,56
2026-03-22,P1025,WH-CENTRAL,222,1,0,56
2026-03-23,P1025,WH-CENTRAL,221,1,0,56
2026-03-24,P1025,WH-CENTRAL,220,1,0,56
2026-03-25,P1025,WH-CENTRAL,219,1,0,56
2026-03-26,P1025,WH-CENTRAL,219,0,0,56
2026-03-27,P1025,WH-CENTRAL,219,0,0,56
2026-03-28,P1025,WH-CENTRAL,218,1,0,56
2026-03-29,P1025,WH-CENTRAL,217,1,0,56
2026-03-30,P1025,WH-CENTRAL,216,1,0,56
2026-03-31,P1025,WH-CENTRAL,215,1,0,56
2026-04-01,P1025,WH-CENTRAL,214,1,0,56
2026-04-02,P1025,WH-CENTRAL,210,4,0,56
2026-04-03,P1025,WH-CENTRAL,209,1,0,56
2026-04-04,P1025,WH-CENTRAL,209,0,0,56
2026-04-05,P1025,WH-CENTRAL,208,1,0,56
2026-04-06,P1025,WH-CENTRAL,208,0,0,56
2026-04-07,P1025,WH-CENTRAL,206,2,0,56
2026-04-08,P1025,WH-CENTRAL,206,0,0,56
2026-04-09,P1025,WH-CENTRAL,206,0,0,56
2026-04-10,P1025,WH-CENTRAL,206,0,0,56
2026-04-11,P1025,WH-CENTRAL,205,1,0,56
2026-04-12,P1025,WH-CENTRAL,205,0,0,56
2026-04-13,P1025,WH-CENTRAL,204,1,0,56
2026-04-14,P1025,WH-CENTRAL,202,2,0,56
2026-04-15,P1025,WH-CENTRAL,201,1,0,56
2026-04-16,P1025,WH-CENTRAL,199,2,0,56
2026-04-17,P1025,WH-CENTRAL,196,3,0,56
2026-04-18,P1025,WH-CENTRAL,196,0,0,56
2026-04-19,P1025,WH-CENTRAL,196,0,0,56
2026-04-20,P1025,WH-CENTRAL,195,1,0,56
2026-04-21,P1025,WH-CENTRAL,192,3,0,56
2026-04-22,P1025,WH-CENTRAL,192,0,0,56
2026-04-23,P1025,WH-CENTRAL,191,1,0,56
2026-04-24,P1025,WH-CENTRAL,190,1,0,56
2026-04-25,P1025,WH-CENTRAL,189,1,0,56
2026-04-26,P1025,WH-CENTRAL,189,0,0,56
2026-04-27,P1025,WH-CENTRAL,189,0,0,56
2026-04-28,P1025,WH-CENTRAL,189,0,0,56
2026-04-29,P1025,WH-CENTRAL,189,0,0,56
2026-04-30,P1025,WH-CENTRAL,186,3,0,56
2026-05-01,P1025,WH-CENTRAL,186,0,0,56
2026-05-02,P1025,WH-CENTRAL,186,0,0,56
2026-05-03,P1025,WH-CENTRAL,186,0,0,56
2026-05-04,P1025,WH-CENTRAL,186,0,0,56
2026-05-05,P1025,WH-CENTRAL,186,0,0,56
2026-05-06,P1025,WH-CENTRAL,186,0,0,56
2026-05-07,P1025,WH-CENTRAL,184,2,0,56
2026-05-08,P1025,WH-CENTRAL,184,0,0,56
2026-05-09,P1025,WH-CENTRAL,183,1,0,56
2026-05-10,P1025,WH-CENTRAL,181,2,0,56
2026-05-11,P1025,WH-CENTRAL,181,0,0,56
2026-05-12,P1025,WH-CENTRAL,179,2,0,56
2026-05-13,P1025,WH-CENTRAL,179,0,0,56
2026-05-14,P1025,WH-CENTRAL,179,0,0,56
2026-05-15,P1025,WH-CENTRAL,178,1,0,56
2026-05-16,P1025,WH-CENTRAL,178,0,0,56
2026-05-17,P1025,WH-CENTRAL,178,0,0,56
2026-05-18,P1025,WH-CENTRAL,176,2,0,56
2026-05-19,P1025,WH-CENTRAL,175,1,0,56
2026-05-20,P1025,WH-CENTRAL,175,0,0,56
2026-05-21,P1025,WH-CENTRAL,175,0,0,56
2026-05-22,P1025,WH-CENTRAL,175,0,0,56
2026-05-23,P1025,WH-CENTRAL,175,0,0,56
2026-05-24,P1025,WH-CENTRAL,175,0,0,56
2026-05-25,P1025,WH-CENTRAL,175,0,0,56
2026-05-26,P1025,WH-CENTRAL,175,0,0,56
2026-05-27,P1025,WH-CENTRAL,175,0,0,56
2026-05-28,P1025,WH-CENTRAL,175,0,0,56
2026-05-29,P1025,WH-CENTRAL,175,0,0,56
2026-05-30,P1025,WH-CENTRAL,174,1,0,56
2026-05-31,P1025,WH-CENTRAL,174,0,0,56
2026-06-01,P1025,WH-CENTRAL,174,0,0,56
2026-06-02,P1025,WH-CENTRAL,174,0,0,56
2026-06-03,P1025,WH-CENTRAL,173,1,0,56
2026-06-04,P1025,WH-CENTRAL,170,3,0,56
2026-06-05,P1025,WH-CENTRAL,169,1,0,56
2026-06-06,P1025,WH-CENTRAL,168,1,0,56
2026-06-07,P1025,WH-CENTRAL,168,0,0,56
2026-06-08,P1025,WH-CENTRAL,167,1,0,56
2026-06-09,P1025,WH-CENTRAL,167,0,0,56
2026-06-10,P1025,WH-CENTRAL,166,1,0,56
2026-06-11,P1025,WH-CENTRAL,166,0,0,56
2026-06-12,P1025,WH-CENTRAL,166,0,0,56
2026-06-13,P1025,WH-CENTRAL,166,0,0,56
2026-06-14,P1025,WH-CENTRAL,166,0,0,56
2026-06-15,P1025,WH-CENTRAL,165,1,0,56
2026-06-16,P1025,WH-CENTRAL,164,1,0,56
2026-06-17,P1025,WH-CENTRAL,164,0,0,56
2026-06-18,P1025,WH-CENTRAL,163,1,0,56
2026-06-19,P1025,WH-CENTRAL,163,0,0,56
2026-06-20,P1025,WH-CENTRAL,162,1,0,56
2026-06-21,P1025,WH-CENTRAL,162,0,0,56
2026-06-22,P1025,WH-CENTRAL,162,0,0,56
2026-06-23,P1025,WH-CENTRAL,162,0,0,56
2026-06-24,P1025,WH-CENTRAL,161,1,0,56
2026-06-25,P1025,WH-CENTRAL,159,2,0,56
2026-06-26,P1025,WH-CENTRAL,159,0,0,56
2026-06-27,P1025,WH-CENTRAL,159,0,0,56
2026-06-28,P1025,WH-CENTRAL,159,0,0,56
2026-06-29,P1025,WH-CENTRAL,159,0,0,56
2026-06-30,P1025,WH-CENTRAL,159,0,0,56
2026-07-01,P1025,WH-CENTRAL,159,0,0,56
2026-07-02,P1025,WH-CENTRAL,159,0,0,56
2026-07-03,P1025,WH-CENTRAL,159,0,0,56
2026-07-04,P1025,WH-CENTRAL,159,0,0,56
2026-07-05,P1025,WH-CENTRAL,157,2,0,56
2026-07-06,P1025,WH-CENTRAL,156,1,0,56
2026-07-07,P1025,WH-CENTRAL,156,0,0,56
2026-07-08,P1025,WH-CENTRAL,156,0,0,56
2026-07-09,P1025,WH-CENTRAL,156,0,0,56
2026-07-10,P1025,WH-CENTRAL,156,0,0,56
2026-07-11,P1025,WH-CENTRAL,156,0,0,56
2026-07-12,P1025,WH-CENTRAL,154,2,0,56
2026-07-13,P1025,WH-CENTRAL,153,1,0,56
2026-07-14,P1025,WH-CENTRAL,153,0,0,56
2026-07-15,P1025,WH-CENTRAL,153,0,0,56
2026-07-16,P1025,WH-CENTRAL,153,0,0,56
2026-07-17,P1025,WH-CENTRAL,153,0,0,56
2026-07-18,P1025,WH-CENTRAL,153,0,0,56
2026-07-19,P1025,WH-CENTRAL,153,0,0,56
2026-07-20,P1025,WH-CENTRAL,153,0,0,56
2026-07-21,P1025,WH-CENTRAL,153,0,0,56
2026-07-22,P1025,WH-CENTRAL,153,0,0,56
2026-07-23,P1025,WH-CENTRAL,152,1,0,56
2026-07-24,P1025,WH-CENTRAL,150,2,0,56
2026-07-25,P1025,WH-CENTRAL,150,0,0,56
2026-07-26,P1025,WH-CENTRAL,150,0,0,56
2026-07-27,P1025,WH-CENTRAL,150,0,0,56
2026-07-28,P1025,WH-CENTRAL,150,0,0,56
2026-07-29,P1025,WH-CENTRAL,150,0,0,56
2026-07-30,P1025,WH-CENTRAL,150,0,0,56
2026-07-31,P1025,WH-CENTRAL,150,0,0,56
2026-08-01,P1025,WH-CENTRAL,149,1,0,56
2026-08-02,P1025,WH-CENTRAL,149,0,0,56
2026-08-03,P1025,WH-CENTRAL,149,0,0,56
2026-08-04,P1025,WH-CENTRAL,149,0,0,56
2026-08-05,P1025,WH-CENTRAL,147,2,0,56
2026-08-06,P1025,WH-CENTRAL,146,1,0,56
2026-08-07,P1025,WH-CENTRAL,145,1,0,56
2026-08-08,P1025,WH-CENTRAL,145,0,0,56
2026-08-09,P1025,WH-CENTRAL,145,0,0,56
2026-08-10,P1025,WH-CENTRAL,145,0,0,56
2026-08-11,P1025,WH-CENTRAL,145,0,0,56
2026-08-12,P1025,WH-CENTRAL,144,1,0,56
2026-08-13,P1025,WH-CENTRAL,144,0,0,56
2025-08-15,P1026,WH-WEST,147,0,0,46
2025-08-16,P1026,WH-WEST,147,0,0,46
2025-08-17,P1026,WH-WEST,147,0,0,46
2025-08-18,P1026,WH-WEST,145,2,0,46
2025-08-19,P1026,WH-WEST,145,0,0,46
2025-08-20,P1026,WH-WEST,145,0,0,46
2025-08-21,P1026,WH-WEST,145,0,0,46
2025-08-22,P1026,WH-WEST,145,0,0,46
2025-08-23,P1026,WH-WEST,142,3,0,46
2025-08-24,P1026,WH-WEST,141,1,0,46
2025-08-25,P1026,WH-WEST,140,1,0,46
2025-08-26,P1026,WH-WEST,140,0,0,46
2025-08-27,P1026,WH-WEST,140,0,0,46
2025-08-28,P1026,WH-WEST,140,0,0,46
2025-08-29,P1026,WH-WEST,140,0,0,46
2025-08-30,P1026,WH-WEST,140,0,0,46
2025-08-31,P1026,WH-WEST,139,1,0,46
2025-09-01,P1026,WH-WEST,139,0,0,46
2025-09-02,P1026,WH-WEST,139,0,0,46
2025-09-03,P1026,WH-WEST,139,0,0,46
2025-09-04,P1026,WH-WEST,139,0,0,46
2025-09-05,P1026,WH-WEST,138,1,0,46
2025-09-06,P1026,WH-WEST,138,0,0,46
2025-09-07,P1026,WH-WEST,137,1,0,46
2025-09-08,P1026,WH-WEST,136,1,0,46
2025-09-09,P1026,WH-WEST,136,0,0,46
2025-09-10,P1026,WH-WEST,134,2,0,46
2025-09-11,P1026,WH-WEST,134,0,0,46
2025-09-12,P1026,WH-WEST,133,1,0,46
2025-09-13,P1026,WH-WEST,132,1,0,46
2025-09-14,P1026,WH-WEST,132,0,0,46
2025-09-15,P1026,WH-WEST,132,0,0,46
2025-09-16,P1026,WH-WEST,130,2,0,46
2025-09-17,P1026,WH-WEST,129,1,0,46
2025-09-18,P1026,WH-WEST,129,0,0,46
2025-09-19,P1026,WH-WEST,128,1,0,46
2025-09-20,P1026,WH-WEST,128,0,0,46
2025-09-21,P1026,WH-WEST,128,0,0,46
2025-09-22,P1026,WH-WEST,127,1,0,46
2025-09-23,P1026,WH-WEST,126,1,0,46
2025-09-24,P1026,WH-WEST,126,0,0,46
2025-09-25,P1026,WH-WEST,123,3,0,46
2025-09-26,P1026,WH-WEST,122,1,0,46
2025-09-27,P1026,WH-WEST,121,1,0,46
2025-09-28,P1026,WH-WEST,120,1,0,46
2025-09-29,P1026,WH-WEST,120,0,0,46
2025-09-30,P1026,WH-WEST,120,0,0,46
2025-10-01,P1026,WH-WEST,120,0,0,46
2025-10-02,P1026,WH-WEST,120,0,0,46
2025-10-03,P1026,WH-WEST,120,0,0,46
2025-10-04,P1026,WH-WEST,120,0,0,46
2025-10-05,P1026,WH-WEST,120,0,0,46
2025-10-06,P1026,WH-WEST,120,0,0,46
2025-10-07,P1026,WH-WEST,120,0,0,46
2025-10-08,P1026,WH-WEST,118,2,0,46
2025-10-09,P1026,WH-WEST,118,0,0,46
2025-10-10,P1026,WH-WEST,117,1,0,46
2025-10-11,P1026,WH-WEST,116,1,0,46
2025-10-12,P1026,WH-WEST,113,3,0,46
2025-10-13,P1026,WH-WEST,113,0,0,46
2025-10-14,P1026,WH-WEST,112,1,0,46
2025-10-15,P1026,WH-WEST,111,1,0,46
2025-10-16,P1026,WH-WEST,110,1,0,46
2025-10-17,P1026,WH-WEST,109,1,0,46
2025-10-18,P1026,WH-WEST,107,2,0,46
2025-10-19,P1026,WH-WEST,106,1,0,46
2025-10-20,P1026,WH-WEST,106,0,0,46
2025-10-21,P1026,WH-WEST,104,2,0,46
2025-10-22,P1026,WH-WEST,102,2,0,46
2025-10-23,P1026,WH-WEST,101,1,0,46
2025-10-24,P1026,WH-WEST,101,0,0,46
2025-10-25,P1026,WH-WEST,100,1,0,46
2025-10-26,P1026,WH-WEST,99,1,0,46
2025-10-27,P1026,WH-WEST,98,1,0,46
2025-10-28,P1026,WH-WEST,98,0,0,46
2025-10-29,P1026,WH-WEST,97,1,0,46
2025-10-30,P1026,WH-WEST,97,0,0,46
2025-10-31,P1026,WH-WEST,94,3,0,46
2025-11-01,P1026,WH-WEST,94,0,0,46
2025-11-02,P1026,WH-WEST,93,1,0,46
2025-11-03,P1026,WH-WEST,91,2,0,46
2025-11-04,P1026,WH-WEST,91,0,0,46
2025-11-05,P1026,WH-WEST,89,2,0,46
2025-11-06,P1026,WH-WEST,88,1,0,46
2025-11-07,P1026,WH-WEST,85,3,0,46
2025-11-08,P1026,WH-WEST,84,1,0,46
2025-11-09,P1026,WH-WEST,82,2,0,46
2025-11-10,P1026,WH-WEST,82,0,0,46
2025-11-11,P1026,WH-WEST,82,0,0,46
2025-11-12,P1026,WH-WEST,81,1,0,46
2025-11-13,P1026,WH-WEST,80,1,0,46
2025-11-14,P1026,WH-WEST,78,2,0,46
2025-11-15,P1026,WH-WEST,77,1,0,46
2025-11-16,P1026,WH-WEST,74,3,0,46
2025-11-17,P1026,WH-WEST,74,0,0,46
2025-11-18,P1026,WH-WEST,74,0,0,46
2025-11-19,P1026,WH-WEST,74,0,0,46
2025-11-20,P1026,WH-WEST,73,1,0,46
2025-11-21,P1026,WH-WEST,71,2,0,46
2025-11-22,P1026,WH-WEST,70,1,0,46
2025-11-23,P1026,WH-WEST,69,1,0,46
2025-11-24,P1026,WH-WEST,68,1,0,46
2025-11-25,P1026,WH-WEST,66,2,0,46
2025-11-26,P1026,WH-WEST,66,0,0,46
2025-11-27,P1026,WH-WEST,65,1,0,46
2025-11-28,P1026,WH-WEST,65,0,0,46
2025-11-29,P1026,WH-WEST,64,1,0,46
2025-11-30,P1026,WH-WEST,63,1,0,46
2025-12-01,P1026,WH-WEST,62,1,0,46
2025-12-02,P1026,WH-WEST,60,2,0,46
2025-12-03,P1026,WH-WEST,60,0,0,46
2025-12-04,P1026,WH-WEST,59,1,0,46
2025-12-05,P1026,WH-WEST,59,0,0,46
2025-12-06,P1026,WH-WEST,58,1,0,46
2025-12-07,P1026,WH-WEST,58,0,0,46
2025-12-08,P1026,WH-WEST,56,2,0,46
2025-12-09,P1026,WH-WEST,56,0,0,46
2025-12-10,P1026,WH-WEST,55,1,0,46
2025-12-11,P1026,WH-WEST,55,0,0,46
2025-12-12,P1026,WH-WEST,53,2,0,46
2025-12-13,P1026,WH-WEST,52,1,0,46
2025-12-14,P1026,WH-WEST,51,1,0,46
2025-12-15,P1026,WH-WEST,51,0,0,46
2025-12-16,P1026,WH-WEST,50,1,0,46
2025-12-17,P1026,WH-WEST,49,1,0,46
2025-12-18,P1026,WH-WEST,194,3,148,46
2025-12-19,P1026,WH-WEST,192,2,0,46
2025-12-20,P1026,WH-WEST,192,0,0,46
2025-12-21,P1026,WH-WEST,192,0,0,46
2025-12-22,P1026,WH-WEST,191,1,0,46
2025-12-23,P1026,WH-WEST,189,2,0,46
2025-12-24,P1026,WH-WEST,188,1,0,46
2025-12-25,P1026,WH-WEST,188,0,0,46
2025-12-26,P1026,WH-WEST,188,0,0,46
2025-12-27,P1026,WH-WEST,186,2,0,46
2025-12-28,P1026,WH-WEST,183,3,0,46
2025-12-29,P1026,WH-WEST,183,0,0,46
2025-12-30,P1026,WH-WEST,183,0,0,46
2025-12-31,P1026,WH-WEST,183,0,0,46
2026-01-01,P1026,WH-WEST,183,0,0,46
2026-01-02,P1026,WH-WEST,181,2,0,46
2026-01-03,P1026,WH-WEST,181,0,0,46
2026-01-04,P1026,WH-WEST,181,0,0,46
2026-01-05,P1026,WH-WEST,181,0,0,46
2026-01-06,P1026,WH-WEST,179,2,0,46
2026-01-07,P1026,WH-WEST,179,0,0,46
2026-01-08,P1026,WH-WEST,179,0,0,46
2026-01-09,P1026,WH-WEST,177,2,0,46
2026-01-10,P1026,WH-WEST,176,1,0,46
2026-01-11,P1026,WH-WEST,174,2,0,46
2026-01-12,P1026,WH-WEST,174,0,0,46
2026-01-13,P1026,WH-WEST,173,1,0,46
2026-01-14,P1026,WH-WEST,172,1,0,46
2026-01-15,P1026,WH-WEST,171,1,0,46
2026-01-16,P1026,WH-WEST,171,0,0,46
2026-01-17,P1026,WH-WEST,170,1,0,46
2026-01-18,P1026,WH-WEST,167,3,0,46
2026-01-19,P1026,WH-WEST,166,1,0,46
2026-01-20,P1026,WH-WEST,165,1,0,46
2026-01-21,P1026,WH-WEST,165,0,0,46
2026-01-22,P1026,WH-WEST,165,0,0,46
2026-01-23,P1026,WH-WEST,164,1,0,46
2026-01-24,P1026,WH-WEST,162,2,0,46
2026-01-25,P1026,WH-WEST,161,1,0,46
2026-01-26,P1026,WH-WEST,160,1,0,46
2026-01-27,P1026,WH-WEST,160,0,0,46
2026-01-28,P1026,WH-WEST,160,0,0,46
2026-01-29,P1026,WH-WEST,160,0,0,46
2026-01-30,P1026,WH-WEST,160,0,0,46
2026-01-31,P1026,WH-WEST,159,1,0,46
2026-02-01,P1026,WH-WEST,156,3,0,46
2026-02-02,P1026,WH-WEST,156,0,0,46
2026-02-03,P1026,WH-WEST,155,1,0,46
2026-02-04,P1026,WH-WEST,154,1,0,46
2026-02-05,P1026,WH-WEST,154,0,0,46
2026-02-06,P1026,WH-WEST,152,2,0,46
2026-02-07,P1026,WH-WEST,150,2,0,46
2026-02-08,P1026,WH-WEST,147,3,0,46
2026-02-09,P1026,WH-WEST,146,1,0,46
2026-02-10,P1026,WH-WEST,145,1,0,46
2026-02-11,P1026,WH-WEST,144,1,0,46
2026-02-12,P1026,WH-WEST,143,1,0,46
2026-02-13,P1026,WH-WEST,143,0,0,46
2026-02-14,P1026,WH-WEST,142,1,0,46
2026-02-15,P1026,WH-WEST,140,2,0,46
2026-02-16,P1026,WH-WEST,140,0,0,46
2026-02-17,P1026,WH-WEST,140,0,0,46
2026-02-18,P1026,WH-WEST,139,1,0,46
2026-02-19,P1026,WH-WEST,136,3,0,46
2026-02-20,P1026,WH-WEST,135,1,0,46
2026-02-21,P1026,WH-WEST,134,1,0,46
2026-02-22,P1026,WH-WEST,134,0,0,46
2026-02-23,P1026,WH-WEST,129,5,0,46
2026-02-24,P1026,WH-WEST,129,0,0,46
2026-02-25,P1026,WH-WEST,127,2,0,46
2026-02-26,P1026,WH-WEST,126,1,0,46
2026-02-27,P1026,WH-WEST,125,1,0,46
2026-02-28,P1026,WH-WEST,125,0,0,46
2026-03-01,P1026,WH-WEST,121,4,0,46
2026-03-02,P1026,WH-WEST,120,1,0,46
2026-03-03,P1026,WH-WEST,119,1,0,46
2026-03-04,P1026,WH-WEST,116,3,0,46
2026-03-05,P1026,WH-WEST,115,1,0,46
2026-03-06,P1026,WH-WEST,115,0,0,46
2026-03-07,P1026,WH-WEST,114,1,0,46
2026-03-08,P1026,WH-WEST,112,2,0,46
2026-03-09,P1026,WH-WEST,112,0,0,46
2026-03-10,P1026,WH-WEST,111,1,0,46
2026-03-11,P1026,WH-WEST,111,0,0,46
2026-03-12,P1026,WH-WEST,110,1,0,46
2026-03-13,P1026,WH-WEST,110,0,0,46
2026-03-14,P1026,WH-WEST,110,0,0,46
2026-03-15,P1026,WH-WEST,109,1,0,46
2026-03-16,P1026,WH-WEST,108,1,0,46
2026-03-17,P1026,WH-WEST,108,0,0,46
2026-03-18,P1026,WH-WEST,108,0,0,46
2026-03-19,P1026,WH-WEST,107,1,0,46
2026-03-20,P1026,WH-WEST,107,0,0,46
2026-03-21,P1026,WH-WEST,105,2,0,46
2026-03-22,P1026,WH-WEST,104,1,0,46
2026-03-23,P1026,WH-WEST,103,1,0,46
2026-03-24,P1026,WH-WEST,102,1,0,46
2026-03-25,P1026,WH-WEST,102,0,0,46
2026-03-26,P1026,WH-WEST,100,2,0,46
2026-03-27,P1026,WH-WEST,99,1,0,46
2026-03-28,P1026,WH-WEST,97,2,0,46
2026-03-29,P1026,WH-WEST,97,0,0,46
2026-03-30,P1026,WH-WEST,96,1,0,46
2026-03-31,P1026,WH-WEST,95,1,0,46
2026-04-01,P1026,WH-WEST,95,0,0,46
2026-04-02,P1026,WH-WEST,95,0,0,46
2026-04-03,P1026,WH-WEST,94,1,0,46
2026-04-04,P1026,WH-WEST,93,1,0,46
2026-04-05,P1026,WH-WEST,93,0,0,46
2026-04-06,P1026,WH-WEST,93,0,0,46
2026-04-07,P1026,WH-WEST,92,1,0,46
2026-04-08,P1026,WH-WEST,90,2,0,46
2026-04-09,P1026,WH-WEST,88,2,0,46
2026-04-10,P1026,WH-WEST,86,2,0,46
2026-04-11,P1026,WH-WEST,85,1,0,46
2026-04-12,P1026,WH-WEST,84,1,0,46
2026-04-13,P1026,WH-WEST,83,1,0,46
2026-04-14,P1026,WH-WEST,83,0,0,46
2026-04-15,P1026,WH-WEST,82,1,0,46
2026-04-16,P1026,WH-WEST,82,0,0,46
2026-04-17,P1026,WH-WEST,82,0,0,46
2026-04-18,P1026,WH-WEST,82,0,0,46
2026-04-19,P1026,WH-WEST,81,1,0,46
2026-04-20,P1026,WH-WEST,80,1,0,46
2026-04-21,P1026,WH-WEST,79,1,0,46
2026-04-22,P1026,WH-WEST,79,0,0,46
2026-04-23,P1026,WH-WEST,79,0,0,46
2026-04-24,P1026,WH-WEST,79,0,0,46
2026-04-25,P1026,WH-WEST,78,1,0,46
2026-04-26,P1026,WH-WEST,77,1,0,46
2026-04-27,P1026,WH-WEST,77,0,0,46
2026-04-28,P1026,WH-WEST,76,1,0,46
2026-04-29,P1026,WH-WEST,76,0,0,46
2026-04-30,P1026,WH-WEST,74,2,0,46
2026-05-01,P1026,WH-WEST,73,1,0,46
2026-05-02,P1026,WH-WEST,71,2,0,46
2026-05-03,P1026,WH-WEST,70,1,0,46
2026-05-04,P1026,WH-WEST,70,0,0,46
2026-05-05,P1026,WH-WEST,68,2,0,46
2026-05-06,P1026,WH-WEST,67,1,0,46
2026-05-07,P1026,WH-WEST,64,3,0,46
2026-05-08,P1026,WH-WEST,63,1,0,46
2026-05-09,P1026,WH-WEST,63,0,0,46
2026-05-10,P1026,WH-WEST,63,0,0,46
2026-05-11,P1026,WH-WEST,63,0,0,46
2026-05-12,P1026,WH-WEST,63,0,0,46
2026-05-13,P1026,WH-WEST,63,0,0,46
2026-05-14,P1026,WH-WEST,62,1,0,46
2026-05-15,P1026,WH-WEST,61,1,0,46
2026-05-16,P1026,WH-WEST,61,0,0,46
2026-05-17,P1026,WH-WEST,60,1,0,46
2026-05-18,P1026,WH-WEST,59,1,0,46
2026-05-19,P1026,WH-WEST,57,2,0,46
2026-05-20,P1026,WH-WEST,56,1,0,46
2026-05-21,P1026,WH-WEST,56,0,0,46
2026-05-22,P1026,WH-WEST,56,0,0,46
2026-05-23,P1026,WH-WEST,55,1,0,46
2026-05-24,P1026,WH-WEST,55,0,0,46
2026-05-25,P1026,WH-WEST,53,2,0,46
2026-05-26,P1026,WH-WEST,51,2,0,46
2026-05-27,P1026,WH-WEST,50,1,0,46
2026-05-28,P1026,WH-WEST,48,2,0,46
2026-05-29,P1026,WH-WEST,48,0,0,46
2026-05-30,P1026,WH-WEST,48,0,0,46
2026-05-31,P1026,WH-WEST,47,1,0,46
2026-06-01,P1026,WH-WEST,193,2,148,46
2026-06-02,P1026,WH-WEST,193,0,0,46
2026-06-03,P1026,WH-WEST,191,2,0,46
2026-06-04,P1026,WH-WEST,191,0,0,46
2026-06-05,P1026,WH-WEST,191,0,0,46
2026-06-06,P1026,WH-WEST,191,0,0,46
2026-06-07,P1026,WH-WEST,191,0,0,46
2026-06-08,P1026,WH-WEST,190,1,0,46
2026-06-09,P1026,WH-WEST,189,1,0,46
2026-06-10,P1026,WH-WEST,189,0,0,46
2026-06-11,P1026,WH-WEST,188,1,0,46
2026-06-12,P1026,WH-WEST,187,1,0,46
2026-06-13,P1026,WH-WEST,187,0,0,46
2026-06-14,P1026,WH-WEST,187,0,0,46
2026-06-15,P1026,WH-WEST,185,2,0,46
2026-06-16,P1026,WH-WEST,184,1,0,46
2026-06-17,P1026,WH-WEST,181,3,0,46
2026-06-18,P1026,WH-WEST,181,0,0,46
2026-06-19,P1026,WH-WEST,180,1,0,46
2026-06-20,P1026,WH-WEST,180,0,0,46
2026-06-21,P1026,WH-WEST,179,1,0,46
2026-06-22,P1026,WH-WEST,179,0,0,46
2026-06-23,P1026,WH-WEST,179,0,0,46
2026-06-24,P1026,WH-WEST,179,0,0,46
2026-06-25,P1026,WH-WEST,178,1,0,46
2026-06-26,P1026,WH-WEST,176,2,0,46
2026-06-27,P1026,WH-WEST,176,0,0,46
2026-06-28,P1026,WH-WEST,175,1,0,46
2026-06-29,P1026,WH-WEST,174,1,0,46
2026-06-30,P1026,WH-WEST,174,0,0,46
2026-07-01,P1026,WH-WEST,173,1,0,46
2026-07-02,P1026,WH-WEST,173,0,0,46
2026-07-03,P1026,WH-WEST,171,2,0,46
2026-07-04,P1026,WH-WEST,169,2,0,46
2026-07-05,P1026,WH-WEST,169,0,0,46
2026-07-06,P1026,WH-WEST,169,0,0,46
2026-07-07,P1026,WH-WEST,168,1,0,46
2026-07-08,P1026,WH-WEST,168,0,0,46
2026-07-09,P1026,WH-WEST,166,2,0,46
2026-07-10,P1026,WH-WEST,166,0,0,46
2026-07-11,P1026,WH-WEST,166,0,0,46
2026-07-12,P1026,WH-WEST,161,5,0,46
2026-07-13,P1026,WH-WEST,161,0,0,46
2026-07-14,P1026,WH-WEST,159,2,0,46
2026-07-15,P1026,WH-WEST,159,0,0,46
2026-07-16,P1026,WH-WEST,158,1,0,46
2026-07-17,P1026,WH-WEST,158,0,0,46
2026-07-18,P1026,WH-WEST,155,3,0,46
2026-07-19,P1026,WH-WEST,153,2,0,46
2026-07-20,P1026,WH-WEST,153,0,0,46
2026-07-21,P1026,WH-WEST,153,0,0,46
2026-07-22,P1026,WH-WEST,151,2,0,46
2026-07-23,P1026,WH-WEST,150,1,0,46
2026-07-24,P1026,WH-WEST,146,4,0,46
2026-07-25,P1026,WH-WEST,145,1,0,46
2026-07-26,P1026,WH-WEST,143,2,0,46
2026-07-27,P1026,WH-WEST,142,1,0,46
2026-07-28,P1026,WH-WEST,140,2,0,46
2026-07-29,P1026,WH-WEST,138,2,0,46
2026-07-30,P1026,WH-WEST,137,1,0,46
2026-07-31,P1026,WH-WEST,136,1,0,46
2026-08-01,P1026,WH-WEST,135,1,0,46
2026-08-02,P1026,WH-WEST,133,2,0,46
2026-08-03,P1026,WH-WEST,131,2,0,46
2026-08-04,P1026,WH-WEST,131,0,0,46
2026-08-05,P1026,WH-WEST,130,1,0,46
2026-08-06,P1026,WH-WEST,129,1,0,46
2026-08-07,P1026,WH-WEST,129,0,0,46
2026-08-08,P1026,WH-WEST,128,1,0,46
2026-08-09,P1026,WH-WEST,127,1,0,46
2026-08-10,P1026,WH-WEST,126,1,0,46
2026-08-11,P1026,WH-WEST,125,1,0,46
2026-08-12,P1026,WH-WEST,124,1,0,46
2026-08-13,P1026,WH-WEST,124,0,0,46
2025-08-15,P1027,WH-EAST,108,5,0,29
2025-08-16,P1027,WH-EAST,100,8,0,29
2025-08-17,P1027,WH-EAST,88,12,0,29
2025-08-18,P1027,WH-EAST,82,6,0,29
2025-08-19,P1027,WH-EAST,75,7,0,29
2025-08-20,P1027,WH-EAST,66,9,0,29
2025-08-21,P1027,WH-EAST,59,7,0,29
2025-08-22,P1027,WH-EAST,50,9,0,29
2025-08-23,P1027,WH-EAST,36,14,0,29
2025-08-24,P1027,WH-EAST,127,10,101,29
2025-08-25,P1027,WH-EAST,123,4,0,29
2025-08-26,P1027,WH-EAST,110,13,0,29
2025-08-27,P1027,WH-EAST,101,9,0,29
2025-08-28,P1027,WH-EAST,97,4,0,29
2025-08-29,P1027,WH-EAST,91,6,0,29
2025-08-30,P1027,WH-EAST,75,16,0,29
2025-08-31,P1027,WH-EAST,59,16,0,29
2025-09-01,P1027,WH-EAST,50,9,0,29
2025-09-02,P1027,WH-EAST,46,4,0,29
2025-09-03,P1027,WH-EAST,32,14,0,29
2025-09-04,P1027,WH-EAST,126,7,101,29
2025-09-05,P1027,WH-EAST,120,6,0,29
2025-09-06,P1027,WH-EAST,111,9,0,29
2025-09-07,P1027,WH-EAST,101,10,0,29
2025-09-08,P1027,WH-EAST,92,9,0,29
2025-09-09,P1027,WH-EAST,83,9,0,29
2025-09-10,P1027,WH-EAST,72,11,0,29
2025-09-11,P1027,WH-EAST,61,11,0,29
2025-09-12,P1027,WH-EAST,54,7,0,29
2025-09-13,P1027,WH-EAST,42,12,0,29
2025-09-14,P1027,WH-EAST,30,12,0,29
2025-09-15,P1027,WH-EAST,121,10,101,29
2025-09-16,P1027,WH-EAST,113,8,0,29
2025-09-17,P1027,WH-EAST,110,3,0,29
2025-09-18,P1027,WH-EAST,101,9,0,29
2025-09-19,P1027,WH-EAST,96,5,0,29
2025-09-20,P1027,WH-EAST,89,7,0,29
2025-09-21,P1027,WH-EAST,75,14,0,29
2025-09-22,P1027,WH-EAST,70,5,0,29
2025-09-23,P1027,WH-EAST,62,8,0,29
2025-09-24,P1027,WH-EAST,50,12,0,29
2025-09-25,P1027,WH-EAST,43,7,0,29
2025-09-26,P1027,WH-EAST,34,9,0,29
2025-09-27,P1027,WH-EAST,120,15,101,29
2025-09-28,P1027,WH-EAST,102,18,0,29
2025-09-29,P1027,WH-EAST,96,6,0,29
2025-09-30,P1027,WH-EAST,89,7,0,29
2025-10-01,P1027,WH-EAST,83,6,0,29
2025-10-02,P1027,WH-EAST,70,13,0,29
2025-10-03,P1027,WH-EAST,56,14,0,29
2025-10-04,P1027,WH-EAST,46,10,0,29
2025-10-05,P1027,WH-EAST,36,10,0,29
2025-10-06,P1027,WH-EAST,128,9,101,29
2025-10-07,P1027,WH-EAST,116,12,0,29
2025-10-08,P1027,WH-EAST,106,10,0,29
2025-10-09,P1027,WH-EAST,96,10,0,29
2025-10-10,P1027,WH-EAST,83,13,0,29
2025-10-11,P1027,WH-EAST,65,18,0,29
2025-10-12,P1027,WH-EAST,49,16,0,29
2025-10-13,P1027,WH-EAST,37,12,0,29
2025-10-14,P1027,WH-EAST,124,14,101,29
2025-10-15,P1027,WH-EAST,117,7,0,29
2025-10-16,P1027,WH-EAST,103,14,0,29
2025-10-17,P1027,WH-EAST,101,2,0,29
2025-10-18,P1027,WH-EAST,97,4,0,29
2025-10-19,P1027,WH-EAST,88,9,0,29
2025-10-20,P1027,WH-EAST,84,4,0,29
2025-10-21,P1027,WH-EAST,76,8,0,29
2025-10-22,P1027,WH-EAST,72,4,0,29
2025-10-23,P1027,WH-EAST,63,9,0,29
2025-10-24,P1027,WH-EAST,62,1,0,29
2025-10-25,P1027,WH-EAST,48,14,0,29
2025-10-26,P1027,WH-EAST,32,16,0,29
2025-10-27,P1027,WH-EAST,125,8,101,29
2025-10-28,P1027,WH-EAST,121,4,0,29
2025-10-29,P1027,WH-EAST,117,4,0,29
2025-10-30,P1027,WH-EAST,109,8,0,29
2025-10-31,P1027,WH-EAST,101,8,0,29
2025-11-01,P1027,WH-EAST,84,17,0,29
2025-11-02,P1027,WH-EAST,70,14,0,29
2025-11-03,P1027,WH-EAST,59,11,0,29
2025-11-04,P1027,WH-EAST,49,10,0,29
2025-11-05,P1027,WH-EAST,41,8,0,29
2025-11-06,P1027,WH-EAST,30,11,0,29
2025-11-07,P1027,WH-EAST,120,11,101,29
2025-11-08,P1027,WH-EAST,109,11,0,29
2025-11-09,P1027,WH-EAST,94,15,0,29
2025-11-10,P1027,WH-EAST,83,11,0,29
2025-11-11,P1027,WH-EAST,75,8,0,29
2025-11-12,P1027,WH-EAST,66,9,0,29
2025-11-13,P1027,WH-EAST,59,7,0,29
2025-11-14,P1027,WH-EAST,45,14,0,29
2025-11-15,P1027,WH-EAST,30,15,0,29
2025-11-16,P1027,WH-EAST,110,21,101,29
2025-11-17,P1027,WH-EAST,97,13,0,29
2025-11-18,P1027,WH-EAST,89,8,0,29
2025-11-19,P1027,WH-EAST,78,11,0,29
2025-11-20,P1027,WH-EAST,67,11,0,29
2025-11-21,P1027,WH-EAST,57,10,0,29
2025-11-22,P1027,WH-EAST,42,15,0,29
2025-11-23,P1027,WH-EAST,128,15,101,29
2025-11-24,P1027,WH-EAST,123,5,0,29
2025-11-25,P1027,WH-EAST,110,13,0,29
2025-11-26,P1027,WH-EAST,99,11,0,29
2025-11-27,P1027,WH-EAST,90,9,0,29
2025-11-28,P1027,WH-EAST,77,13,0,29
2025-11-29,P1027,WH-EAST,59,18,0,29
2025-11-30,P1027,WH-EAST,39,20,0,29
2025-12-01,P1027,WH-EAST,130,10,101,29
2025-12-02,P1027,WH-EAST,119,11,0,29
2025-12-03,P1027,WH-EAST,102,17,0,29
2025-12-04,P1027,WH-EAST,95,7,0,29
2025-12-05,P1027,WH-EAST,91,4,0,29
2025-12-06,P1027,WH-EAST,69,22,0,29
2025-12-07,P1027,WH-EAST,52,17,0,29
2025-12-08,P1027,WH-EAST,44,8,0,29
2025-12-09,P1027,WH-EAST,38,6,0,29
2025-12-10,P1027,WH-EAST,34,4,0,29
2025-12-11,P1027,WH-EAST,128,7,101,29
2025-12-12,P1027,WH-EAST,119,9,0,29
2025-12-13,P1027,WH-EAST,110,9,0,29
2025-12-14,P1027,WH-EAST,96,14,0,29
2025-12-15,P1027,WH-EAST,89,7,0,29
2025-12-16,P1027,WH-EAST,77,12,0,29
2025-12-17,P1027,WH-EAST,68,9,0,29
2025-12-18,P1027,WH-EAST,61,7,0,29
2025-12-19,P1027,WH-EAST,53,8,0,29
2025-12-20,P1027,WH-EAST,45,8,0,29
2025-12-21,P1027,WH-EAST,37,8,0,29
2025-12-22,P1027,WH-EAST,130,8,101,29
2025-12-23,P1027,WH-EAST,119,11,0,29
2025-12-24,P1027,WH-EAST,108,11,0,29
2025-12-25,P1027,WH-EAST,97,11,0,29
2025-12-26,P1027,WH-EAST,93,4,0,29
2025-12-27,P1027,WH-EAST,78,15,0,29
2025-12-28,P1027,WH-EAST,58,20,0,29
2025-12-29,P1027,WH-EAST,51,7,0,29
2025-12-30,P1027,WH-EAST,43,8,0,29
2025-12-31,P1027,WH-EAST,36,7,0,29
2026-01-01,P1027,WH-EAST,130,7,101,29
2026-01-02,P1027,WH-EAST,114,16,0,29
2026-01-03,P1027,WH-EAST,98,16,0,29
2026-01-04,P1027,WH-EAST,77,21,0,29
2026-01-05,P1027,WH-EAST,70,7,0,29
2026-01-06,P1027,WH-EAST,59,11,0,29
2026-01-07,P1027,WH-EAST,52,7,0,29
2026-01-08,P1027,WH-EAST,40,12,0,29
2026-01-09,P1027,WH-EAST,31,9,0,29
2026-01-10,P1027,WH-EAST,120,12,101,29
2026-01-11,P1027,WH-EAST,109,11,0,29
2026-01-12,P1027,WH-EAST,99,10,0,29
2026-01-13,P1027,WH-EAST,89,10,0,29
2026-01-14,P1027,WH-EAST,82,7,0,29
2026-01-15,P1027,WH-EAST,69,13,0,29
2026-01-16,P1027,WH-EAST,60,9,0,29
2026-01-17,P1027,WH-EAST,51,9,0,29
2026-01-18,P1027,WH-EAST,38,13,0,29
2026-01-19,P1027,WH-EAST,128,11,101,29
2026-01-20,P1027,WH-EAST,115,13,0,29
2026-01-21,P1027,WH-EAST,105,10,0,29
2026-01-22,P1027,WH-EAST,98,7,0,29
2026-01-23,P1027,WH-EAST,92,6,0,29
2026-01-24,P1027,WH-EAST,73,19,0,29
2026-01-25,P1027,WH-EAST,61,12,0,29
2026-01-26,P1027,WH-EAST,54,7,0,29
2026-01-27,P1027,WH-EAST,43,11,0,29
2026-01-28,P1027,WH-EAST,39,4,0,29
2026-01-29,P1027,WH-EAST,32,7,0,29
2026-01-30,P1027,WH-EAST,128,5,101,29
2026-01-31,P1027,WH-EAST,119,9,0,29
2026-02-01,P1027,WH-EAST,102,17,0,29
2026-02-02,P1027,WH-EAST,95,7,0,29
2026-02-03,P1027,WH-EAST,86,9,0,29
2026-02-04,P1027,WH-EAST,78,8,0,29
2026-02-05,P1027,WH-EAST,66,12,0,29
2026-02-06,P1027,WH-EAST,59,7,0,29
2026-02-07,P1027,WH-EAST,46,13,0,29
2026-02-08,P1027,WH-EAST,38,8,0,29
2026-02-09,P1027,WH-EAST,30,8,0,29
2026-02-10,P1027,WH-EAST,122,9,101,29
2026-02-11,P1027,WH-EAST,113,9,0,29
2026-02-12,P1027,WH-EAST,109,4,0,29
2026-02-13,P1027,WH-EAST,103,6,0,29
2026-02-14,P1027,WH-EAST,98,5,0,29
2026-02-15,P1027,WH-EAST,81,17,0,29
2026-02-16,P1027,WH-EAST,72,9,0,29
2026-02-17,P1027,WH-EAST,67,5,0,29
2026-02-18,P1027,WH-EAST,59,8,0,29
2026-02-19,P1027,WH-EAST,52,7,0,29
2026-02-20,P1027,WH-EAST,46,6,0,29
2026-02-21,P1027,WH-EAST,34,12,0,29
2026-02-22,P1027,WH-EAST,30,4,0,29
2026-02-23,P1027,WH-EAST,128,3,101,29
2026-02-24,P1027,WH-EAST,126,2,0,29
2026-02-25,P1027,WH-EAST,113,13,0,29
2026-02-26,P1027,WH-EAST,106,7,0,29
2026-02-27,P1027,WH-EAST,102,4,0,29
2026-02-28,P1027,WH-EAST,89,13,0,29
2026-03-01,P1027,WH-EAST,81,8,0,29
2026-03-02,P1027,WH-EAST,73,8,0,29
2026-03-03,P1027,WH-EAST,68,5,0,29
2026-03-04,P1027,WH-EAST,63,5,0,29
2026-03-05,P1027,WH-EAST,56,7,0,29
2026-03-06,P1027,WH-EAST,48,8,0,29
2026-03-07,P1027,WH-EAST,40,8,0,29
2026-03-08,P1027,WH-EAST,130,11,101,29
2026-03-09,P1027,WH-EAST,125,5,0,29
2026-03-10,P1027,WH-EAST,113,12,0,29
2026-03-11,P1027,WH-EAST,108,5,0,29
2026-03-12,P1027,WH-EAST,99,9,0,29
2026-03-13,P1027,WH-EAST,93,6,0,29
2026-03-14,P1027,WH-EAST,87,6,0,29
2026-03-15,P1027,WH-EAST,77,10,0,29
2026-03-16,P1027,WH-EAST,71,6,0,29
2026-03-17,P1027,WH-EAST,70,1,0,29
2026-03-18,P1027,WH-EAST,64,6,0,29
2026-03-19,P1027,WH-EAST,55,9,0,29
2026-03-20,P1027,WH-EAST,52,3,0,29
2026-03-21,P1027,WH-EAST,43,9,0,29
2026-03-22,P1027,WH-EAST,36,7,0,29
2026-03-23,P1027,WH-EAST,127,10,101,29
2026-03-24,P1027,WH-EAST,122,5,0,29
2026-03-25,P1027,WH-EAST,114,8,0,29
2026-03-26,P1027,WH-EAST,109,5,0,29
2026-03-27,P1027,WH-EAST,108,1,0,29
2026-03-28,P1027,WH-EAST,103,5,0,29
2026-03-29,P1027,WH-EAST,98,5,0,29
2026-03-30,P1027,WH-EAST,93,5,0,29
2026-03-31,P1027,WH-EAST,90,3,0,29
2026-04-01,P1027,WH-EAST,85,5,0,29
2026-04-02,P1027,WH-EAST,80,5,0,29
2026-04-03,P1027,WH-EAST,75,5,0,29
2026-04-04,P1027,WH-EAST,71,4,0,29
2026-04-05,P1027,WH-EAST,61,10,0,29
2026-04-06,P1027,WH-EAST,55,6,0,29
2026-04-07,P1027,WH-EAST,48,7,0,29
2026-04-08,P1027,WH-EAST,40,8,0,29
2026-04-09,P1027,WH-EAST,35,5,0,29
2026-04-10,P1027,WH-EAST,30,5,0,29
2026-04-11,P1027,WH-EAST,124,7,101,29
2026-04-12,P1027,WH-EAST,116,8,0,29
2026-04-13,P1027,WH-EAST,113,3,0,29
2026-04-14,P1027,WH-EAST,108,5,0,29
2026-04-15,P1027,WH-EAST,104,4,0,29
2026-04-16,P1027,WH-EAST,100,4,0,29
2026-04-17,P1027,WH-EAST,95,5,0,29
2026-04-18,P1027,WH-EAST,89,6,0,29
2026-04-19,P1027,WH-EAST,80,9,0,29
2026-04-20,P1027,WH-EAST,76,4,0,29
2026-04-21,P1027,WH-EAST,67,9,0,29
2026-04-22,P1027,WH-EAST,60,7,0,29
2026-04-23,P1027,WH-EAST,56,4,0,29
2026-04-24,P1027,WH-EAST,53,3,0,29
2026-04-25,P1027,WH-EAST,46,7,0,29
2026-04-26,P1027,WH-EAST,36,10,0,29
2026-04-27,P1027,WH-EAST,30,6,0,29
2026-04-28,P1027,WH-EAST,124,7,101,29
2026-04-29,P1027,WH-EAST,119,5,0,29
2026-04-30,P1027,WH-EAST,116,3,0,29
2026-05-01,P1027,WH-EAST,110,6,0,29
2026-05-02,P1027,WH-EAST,106,4,0,29
2026-05-03,P1027,WH-EAST,99,7,0,29
2026-05-04,P1027,WH-EAST,94,5,0,29
2026-05-05,P1027,WH-EAST,91,3,0,29
2026-05-06,P1027,WH-EAST,85,6,0,29
2026-05-07,P1027,WH-EAST,80,5,0,29
2026-05-08,P1027,WH-EAST,77,3,0,29
2026-05-09,P1027,WH-EAST,68,9,0,29
2026-05-10,P1027,WH-EAST,64,4,0,29
2026-05-11,P1027,WH-EAST,57,7,0,29
2026-05-12,P1027,WH-EAST,51,6,0,29
2026-05-13,P1027,WH-EAST,47,4,0,29
2026-05-14,P1027,WH-EAST,35,12,0,29
2026-05-15,P1027,WH-EAST,31,4,0,29
2026-05-16,P1027,WH-EAST,121,11,101,29
2026-05-17,P1027,WH-EAST,116,5,0,29
2026-05-18,P1027,WH-EAST,112,4,0,29
2026-05-19,P1027,WH-EAST,107,5,0,29
2026-05-20,P1027,WH-EAST,103,4,0,29
2026-05-21,P1027,WH-EAST,98,5,0,29
2026-05-22,P1027,WH-EAST,94,4,0,29
2026-05-23,P1027,WH-EAST,86,8,0,29
2026-05-24,P1027,WH-EAST,80,6,0,29
2026-05-25,P1027,WH-EAST,74,6,0,29
2026-05-26,P1027,WH-EAST,73,1,0,29
2026-05-27,P1027,WH-EAST,69,4,0,29
2026-05-28,P1027,WH-EAST,63,6,0,29
2026-05-29,P1027,WH-EAST,58,5,0,29
2026-05-30,P1027,WH-EAST,52,6,0,29
2026-05-31,P1027,WH-EAST,43,9,0,29
2026-06-01,P1027,WH-EAST,34,9,0,29
2026-06-02,P1027,WH-EAST,33,1,0,29
2026-06-03,P1027,WH-EAST,128,6,101,29
2026-06-04,P1027,WH-EAST,124,4,0,29
2026-06-05,P1027,WH-EAST,117,7,0,29
2026-06-06,P1027,WH-EAST,108,9,0,29
2026-06-07,P1027,WH-EAST,100,8,0,29
2026-06-08,P1027,WH-EAST,98,2,0,29
2026-06-09,P1027,WH-EAST,90,8,0,29
2026-06-10,P1027,WH-EAST,85,5,0,29
2026-06-11,P1027,WH-EAST,80,5,0,29
2026-06-12,P1027,WH-EAST,79,1,0,29
2026-06-13,P1027,WH-EAST,69,10,0,29
2026-06-14,P1027,WH-EAST,60,9,0,29
2026-06-15,P1027,WH-EAST,57,3,0,29
2026-06-16,P1027,WH-EAST,51,6,0,29
2026-06-17,P1027,WH-EAST,45,6,0,29
2026-06-18,P1027,WH-EAST,43,2,0,29
2026-06-19,P1027,WH-EAST,37,6,0,29
2026-06-20,P1027,WH-EAST,30,7,0,29
2026-06-21,P1027,WH-EAST,127,4,101,29
2026-06-22,P1027,WH-EAST,125,2,0,29
2026-06-23,P1027,WH-EAST,119,6,0,29
2026-06-24,P1027,WH-EAST,109,10,0,29
2026-06-25,P1027,WH-EAST,103,6,0,29
2026-06-26,P1027,WH-EAST,98,5,0,29
2026-06-27,P1027,WH-EAST,88,10,0,29
2026-06-28,P1027,WH-EAST,68,20,0,29
2026-06-29,P1027,WH-EAST,63,5,0,29
2026-06-30,P1027,WH-EAST,56,7,0,29
2026-07-01,P1027,WH-EAST,51,5,0,29
2026-07-02,P1027,WH-EAST,46,5,0,29
2026-07-03,P1027,WH-EAST,38,8,0,29
2026-07-04,P1027,WH-EAST,31,7,0,29
2026-07-05,P1027,WH-EAST,125,7,101,29
2026-07-06,P1027,WH-EAST,119,6,0,29
2026-07-07,P1027,WH-EAST,112,7,0,29
2026-07-08,P1027,WH-EAST,107,5,0,29
2026-07-09,P1027,WH-EAST,99,8,0,29
2026-07-10,P1027,WH-EAST,95,4,0,29
2026-07-11,P1027,WH-EAST,87,8,0,29
2026-07-12,P1027,WH-EAST,80,7,0,29
2026-07-13,P1027,WH-EAST,71,9,0,29
2026-07-14,P1027,WH-EAST,66,5,0,29
2026-07-15,P1027,WH-EAST,59,7,0,29
2026-07-16,P1027,WH-EAST,55,4,0,29
2026-07-17,P1027,WH-EAST,48,7,0,29
2026-07-18,P1027,WH-EAST,40,8,0,29
2026-07-19,P1027,WH-EAST,31,9,0,29
2026-07-20,P1027,WH-EAST,125,7,101,29
2026-07-21,P1027,WH-EAST,120,5,0,29
2026-07-22,P1027,WH-EAST,112,8,0,29
2026-07-23,P1027,WH-EAST,103,9,0,29
2026-07-24,P1027,WH-EAST,98,5,0,29
2026-07-25,P1027,WH-EAST,87,11,0,29
2026-07-26,P1027,WH-EAST,78,9,0,29
2026-07-27,P1027,WH-EAST,70,8,0,29
2026-07-28,P1027,WH-EAST,61,9,0,29
2026-07-29,P1027,WH-EAST,55,6,0,29
2026-07-30,P1027,WH-EAST,44,11,0,29
2026-07-31,P1027,WH-EAST,130,15,101,29
2026-08-01,P1027,WH-EAST,122,8,0,29
2026-08-02,P1027,WH-EAST,112,10,0,29
2026-08-03,P1027,WH-EAST,104,8,0,29
2026-08-04,P1027,WH-EAST,95,9,0,29
2026-08-05,P1027,WH-EAST,93,2,0,29
2026-08-06,P1027,WH-EAST,84,9,0,29
2026-08-07,P1027,WH-EAST,77,7,0,29
2026-08-08,P1027,WH-EAST,70,7,0,29
2026-08-09,P1027,WH-EAST,64,6,0,29
2026-08-10,P1027,WH-EAST,60,4,0,29
2026-08-11,P1027,WH-EAST,54,6,0,29
2026-08-12,P1027,WH-EAST,49,5,0,29
2026-08-13,P1027,WH-EAST,43,6,0,29
2025-08-15,P1028,WH-WEST,92,4,0,36
2025-08-16,P1028,WH-WEST,88,4,0,36
2025-08-17,P1028,WH-WEST,87,1,0,36
2025-08-18,P1028,WH-WEST,85,2,0,36
2025-08-19,P1028,WH-WEST,83,2,0,36
2025-08-20,P1028,WH-WEST,82,1,0,36
2025-08-21,P1028,WH-WEST,79,3,0,36
2025-08-22,P1028,WH-WEST,77,2,0,36
2025-08-23,P1028,WH-WEST,74,3,0,36
2025-08-24,P1028,WH-WEST,69,5,0,36
2025-08-25,P1028,WH-WEST,65,4,0,36
2025-08-26,P1028,WH-WEST,63,2,0,36
2025-08-27,P1028,WH-WEST,60,3,0,36
2025-08-28,P1028,WH-WEST,59,1,0,36
2025-08-29,P1028,WH-WEST,53,6,0,36
2025-08-30,P1028,WH-WEST,46,7,0,36
2025-08-31,P1028,WH-WEST,43,3,0,36
2025-09-01,P1028,WH-WEST,40,3,0,36
2025-09-02,P1028,WH-WEST,38,2,0,36
2025-09-03,P1028,WH-WEST,158,5,125,36
2025-09-04,P1028,WH-WEST,156,2,0,36
2025-09-05,P1028,WH-WEST,154,2,0,36
2025-09-06,P1028,WH-WEST,152,2,0,36
2025-09-07,P1028,WH-WEST,149,3,0,36
2025-09-08,P1028,WH-WEST,147,2,0,36
2025-09-09,P1028,WH-WEST,142,5,0,36
2025-09-10,P1028,WH-WEST,139,3,0,36
2025-09-11,P1028,WH-WEST,130,9,0,36
2025-09-12,P1028,WH-WEST,126,4,0,36
2025-09-13,P1028,WH-WEST,120,6,0,36
2025-09-14,P1028,WH-WEST,116,4,0,36
2025-09-15,P1028,WH-WEST,112,4,0,36
2025-09-16,P1028,WH-WEST,108,4,0,36
2025-09-17,P1028,WH-WEST,104,4,0,36
2025-09-18,P1028,WH-WEST,98,6,0,36
2025-09-19,P1028,WH-WEST,92,6,0,36
2025-09-20,P1028,WH-WEST,87,5,0,36
2025-09-21,P1028,WH-WEST,82,5,0,36
2025-09-22,P1028,WH-WEST,76,6,0,36
2025-09-23,P1028,WH-WEST,72,4,0,36
2025-09-24,P1028,WH-WEST,68,4,0,36
2025-09-25,P1028,WH-WEST,66,2,0,36
2025-09-26,P1028,WH-WEST,64,2,0,36
2025-09-27,P1028,WH-WEST,61,3,0,36
2025-09-28,P1028,WH-WEST,57,4,0,36
2025-09-29,P1028,WH-WEST,54,3,0,36
2025-09-30,P1028,WH-WEST,53,1,0,36
2025-10-01,P1028,WH-WEST,46,7,0,36
2025-10-02,P1028,WH-WEST,44,2,0,36
2025-10-03,P1028,WH-WEST,39,5,0,36
2025-10-04,P1028,WH-WEST,160,4,125,36
2025-10-05,P1028,WH-WEST,154,6,0,36
2025-10-06,P1028,WH-WEST,150,4,0,36
2025-10-07,P1028,WH-WEST,145,5,0,36
2025-10-08,P1028,WH-WEST,141,4,0,36
2025-10-09,P1028,WH-WEST,139,2,0,36
2025-10-10,P1028,WH-WEST,136,3,0,36
2025-10-11,P1028,WH-WEST,134,2,0,36
2025-10-12,P1028,WH-WEST,129,5,0,36
2025-10-13,P1028,WH-WEST,125,4,0,36
2025-10-14,P1028,WH-WEST,121,4,0,36
2025-10-15,P1028,WH-WEST,117,4,0,36
2025-10-16,P1028,WH-WEST,111,6,0,36
2025-10-17,P1028,WH-WEST,108,3,0,36
2025-10-18,P1028,WH-WEST,103,5,0,36
2025-10-19,P1028,WH-WEST,100,3,0,36
2025-10-20,P1028,WH-WEST,98,2,0,36
2025-10-21,P1028,WH-WEST,94,4,0,36
2025-10-22,P1028,WH-WEST,92,2,0,36
2025-10-23,P1028,WH-WEST,88,4,0,36
2025-10-24,P1028,WH-WEST,86,2,0,36
2025-10-25,P1028,WH-WEST,84,2,0,36
2025-10-26,P1028,WH-WEST,80,4,0,36
2025-10-27,P1028,WH-WEST,75,5,0,36
2025-10-28,P1028,WH-WEST,73,2,0,36
2025-10-29,P1028,WH-WEST,69,4,0,36
2025-10-30,P1028,WH-WEST,62,7,0,36
2025-10-31,P1028,WH-WEST,59,3,0,36
2025-11-01,P1028,WH-WEST,56,3,0,36
2025-11-02,P1028,WH-WEST,49,7,0,36
2025-11-03,P1028,WH-WEST,47,2,0,36
2025-11-04,P1028,WH-WEST,45,2,0,36
2025-11-05,P1028,WH-WEST,44,1,0,36
2025-11-06,P1028,WH-WEST,40,4,0,36
2025-11-07,P1028,WH-WEST,160,5,125,36
2025-11-08,P1028,WH-WEST,154,6,0,36
2025-11-09,P1028,WH-WEST,151,3,0,36
2025-11-10,P1028,WH-WEST,147,4,0,36
2025-11-11,P1028,WH-WEST,144,3,0,36
2025-11-12,P1028,WH-WEST,140,4,0,36
2025-11-13,P1028,WH-WEST,139,1,0,36
2025-11-14,P1028,WH-WEST,137,2,0,36
2025-11-15,P1028,WH-WEST,133,4,0,36
2025-11-16,P1028,WH-WEST,128,5,0,36
2025-11-17,P1028,WH-WEST,122,6,0,36
2025-11-18,P1028,WH-WEST,118,4,0,36
2025-11-19,P1028,WH-WEST,114,4,0,36
2025-11-20,P1028,WH-WEST,111,3,0,36
2025-11-21,P1028,WH-WEST,107,4,0,36
2025-11-22,P1028,WH-WEST,105,2,0,36
2025-11-23,P1028,WH-WEST,104,1,0,36
2025-11-24,P1028,WH-WEST,100,4,0,36
2025-11-25,P1028,WH-WEST,94,6,0,36
2025-11-26,P1028,WH-WEST,90,4,0,36
2025-11-27,P1028,WH-WEST,86,4,0,36
2025-11-28,P1028,WH-WEST,82,4,0,36
2025-11-29,P1028,WH-WEST,77,5,0,36
2025-11-30,P1028,WH-WEST,73,4,0,36
2025-12-01,P1028,WH-WEST,70,3,0,36
2025-12-02,P1028,WH-WEST,67,3,0,36
2025-12-03,P1028,WH-WEST,61,6,0,36
2025-12-04,P1028,WH-WEST,55,6,0,36
2025-12-05,P1028,WH-WEST,51,4,0,36
2025-12-06,P1028,WH-WEST,46,5,0,36
2025-12-07,P1028,WH-WEST,43,3,0,36
2025-12-08,P1028,WH-WEST,39,4,0,36
2025-12-09,P1028,WH-WEST,161,3,125,36
2025-12-10,P1028,WH-WEST,156,5,0,36
2025-12-11,P1028,WH-WEST,153,3,0,36
2025-12-12,P1028,WH-WEST,149,4,0,36
2025-12-13,P1028,WH-WEST,145,4,0,36
2025-12-14,P1028,WH-WEST,138,7,0,36
2025-12-15,P1028,WH-WEST,134,4,0,36
2025-12-16,P1028,WH-WEST,127,7,0,36
2025-12-17,P1028,WH-WEST,121,6,0,36
2025-12-18,P1028,WH-WEST,116,5,0,36
2025-12-19,P1028,WH-WEST,112,4,0,36
2025-12-20,P1028,WH-WEST,102,10,0,36
2025-12-21,P1028,WH-WEST,97,5,0,36
2025-12-22,P1028,WH-WEST,95,2,0,36
2025-12-23,P1028,WH-WEST,92,3,0,36
2025-12-24,P1028,WH-WEST,86,6,0,36
2025-12-25,P1028,WH-WEST,82,4,0,36
2025-12-26,P1028,WH-WEST,81,1,0,36
2025-12-27,P1028,WH-WEST,77,4,0,36
2025-12-28,P1028,WH-WEST,73,4,0,36
2025-12-29,P1028,WH-WEST,67,6,0,36
2025-12-30,P1028,WH-WEST,64,3,0,36
2025-12-31,P1028,WH-WEST,60,4,0,36
2026-01-01,P1028,WH-WEST,51,9,0,36
2026-01-02,P1028,WH-WEST,48,3,0,36
2026-01-03,P1028,WH-WEST,43,5,0,36
2026-01-04,P1028,WH-WEST,38,5,0,36
2026-01-05,P1028,WH-WEST,160,3,125,36
2026-01-06,P1028,WH-WEST,155,5,0,36
2026-01-07,P1028,WH-WEST,153,2,0,36
2026-01-08,P1028,WH-WEST,147,6,0,36
2026-01-09,P1028,WH-WEST,139,8,0,36
2026-01-10,P1028,WH-WEST,134,5,0,36
2026-01-11,P1028,WH-WEST,133,1,0,36
2026-01-12,P1028,WH-WEST,129,4,0,36
2026-01-13,P1028,WH-WEST,126,3,0,36
2026-01-14,P1028,WH-WEST,122,4,0,36
2026-01-15,P1028,WH-WEST,120,2,0,36
2026-01-16,P1028,WH-WEST,118,2,0,36
2026-01-17,P1028,WH-WEST,114,4,0,36
2026-01-18,P1028,WH-WEST,108,6,0,36
2026-01-19,P1028,WH-WEST,104,4,0,36
2026-01-20,P1028,WH-WEST,103,1,0,36
2026-01-21,P1028,WH-WEST,102,1,0,36
2026-01-22,P1028,WH-WEST,100,2,0,36
2026-01-23,P1028,WH-WEST,95,5,0,36
2026-01-24,P1028,WH-WEST,90,5,0,36
2026-01-25,P1028,WH-WEST,87,3,0,36
2026-01-26,P1028,WH-WEST,84,3,0,36
2026-01-27,P1028,WH-WEST,80,4,0,36
2026-01-28,P1028,WH-WEST,76,4,0,36
2026-01-29,P1028,WH-WEST,76,0,0,36
2026-01-30,P1028,WH-WEST,71,5,0,36
2026-01-31,P1028,WH-WEST,65,6,0,36
2026-02-01,P1028,WH-WEST,58,7,0,36
2026-02-02,P1028,WH-WEST,56,2,0,36
2026-02-03,P1028,WH-WEST,50,6,0,36
2026-02-04,P1028,WH-WEST,46,4,0,36
2026-02-05,P1028,WH-WEST,42,4,0,36
2026-02-06,P1028,WH-WEST,39,3,0,36
2026-02-07,P1028,WH-WEST,160,4,125,36
2026-02-08,P1028,WH-WEST,156,4,0,36
2026-02-09,P1028,WH-WEST,149,7,0,36
2026-02-10,P1028,WH-WEST,144,5,0,36
2026-02-11,P1028,WH-WEST,142,2,0,36
2026-02-12,P1028,WH-WEST,138,4,0,36
2026-02-13,P1028,WH-WEST,135,3,0,36
2026-02-14,P1028,WH-WEST,131,4,0,36
2026-02-15,P1028,WH-WEST,127,4,0,36
2026-02-16,P1028,WH-WEST,125,2,0,36
2026-02-17,P1028,WH-WEST,121,4,0,36
2026-02-18,P1028,WH-WEST,119,2,0,36
2026-02-19,P1028,WH-WEST,116,3,0,36
2026-02-20,P1028,WH-WEST,112,4,0,36
2026-02-21,P1028,WH-WEST,108,4,0,36
2026-02-22,P1028,WH-WEST,102,6,0,36
2026-02-23,P1028,WH-WEST,98,4,0,36
2026-02-24,P1028,WH-WEST,98,0,0,36
2026-02-25,P1028,WH-WEST,96,2,0,36
2026-02-26,P1028,WH-WEST,91,5,0,36
2026-02-27,P1028,WH-WEST,90,1,0,36
2026-02-28,P1028,WH-WEST,86,4,0,36
2026-03-01,P1028,WH-WEST,82,4,0,36
2026-03-02,P1028,WH-WEST,79,3,0,36
2026-03-03,P1028,WH-WEST,76,3,0,36
2026-03-04,P1028,WH-WEST,70,6,0,36
2026-03-05,P1028,WH-WEST,66,4,0,36
2026-03-06,P1028,WH-WEST,61,5,0,36
2026-03-07,P1028,WH-WEST,59,2,0,36
2026-03-08,P1028,WH-WEST,54,5,0,36
2026-03-09,P1028,WH-WEST,52,2,0,36
2026-03-10,P1028,WH-WEST,50,2,0,36
2026-03-11,P1028,WH-WEST,47,3,0,36
2026-03-12,P1028,WH-WEST,44,3,0,36
2026-03-13,P1028,WH-WEST,39,5,0,36
2026-03-14,P1028,WH-WEST,37,2,0,36
2026-03-15,P1028,WH-WEST,159,3,125,36
2026-03-16,P1028,WH-WEST,156,3,0,36
2026-03-17,P1028,WH-WEST,153,3,0,36
2026-03-18,P1028,WH-WEST,152,1,0,36
2026-03-19,P1028,WH-WEST,150,2,0,36
2026-03-20,P1028,WH-WEST,148,2,0,36
2026-03-21,P1028,WH-WEST,143,5,0,36
2026-03-22,P1028,WH-WEST,141,2,0,36
2026-03-23,P1028,WH-WEST,140,1,0,36
2026-03-24,P1028,WH-WEST,139,1,0,36
2026-03-25,P1028,WH-WEST,134,5,0,36
2026-03-26,P1028,WH-WEST,131,3,0,36
2026-03-27,P1028,WH-WEST,127,4,0,36
2026-03-28,P1028,WH-WEST,124,3,0,36
2026-03-29,P1028,WH-WEST,121,3,0,36
2026-03-30,P1028,WH-WEST,116,5,0,36
2026-03-31,P1028,WH-WEST,112,4,0,36
2026-04-01,P1028,WH-WEST,111,1,0,36
2026-04-02,P1028,WH-WEST,109,2,0,36
2026-04-03,P1028,WH-WEST,106,3,0,36
2026-04-04,P1028,WH-WEST,102,4,0,36
2026-04-05,P1028,WH-WEST,102,0,0,36
2026-04-06,P1028,WH-WEST,102,0,0,36
2026-04-07,P1028,WH-WEST,99,3,0,36
2026-04-08,P1028,WH-WEST,94,5,0,36
2026-04-09,P1028,WH-WEST,90,4,0,36
2026-04-10,P1028,WH-WEST,87,3,0,36
2026-04-11,P1028,WH-WEST,85,2,0,36
2026-04-12,P1028,WH-WEST,83,2,0,36
2026-04-13,P1028,WH-WEST,81,2,0,36
2026-04-14,P1028,WH-WEST,80,1,0,36
2026-04-15,P1028,WH-WEST,78,2,0,36
2026-04-16,P1028,WH-WEST,74,4,0,36
2026-04-17,P1028,WH-WEST,71,3,0,36
2026-04-18,P1028,WH-WEST,66,5,0,36
2026-04-19,P1028,WH-WEST,60,6,0,36
2026-04-20,P1028,WH-WEST,59,1,0,36
2026-04-21,P1028,WH-WEST,55,4,0,36
2026-04-22,P1028,WH-WEST,53,2,0,36
2026-04-23,P1028,WH-WEST,50,3,0,36
2026-04-24,P1028,WH-WEST,46,4,0,36
2026-04-25,P1028,WH-WEST,46,0,0,36
2026-04-26,P1028,WH-WEST,40,6,0,36
2026-04-27,P1028,WH-WEST,37,3,0,36
2026-04-28,P1028,WH-WEST,161,1,125,36
2026-04-29,P1028,WH-WEST,159,2,0,36
2026-04-30,P1028,WH-WEST,155,4,0,36
2026-05-01,P1028,WH-WEST,152,3,0,36
2026-05-02,P1028,WH-WEST,150,2,0,36
2026-05-03,P1028,WH-WEST,148,2,0,36
2026-05-04,P1028,WH-WEST,146,2,0,36
2026-05-05,P1028,WH-WEST,139,7,0,36
2026-05-06,P1028,WH-WEST,139,0,0,36
2026-05-07,P1028,WH-WEST,135,4,0,36
2026-05-08,P1028,WH-WEST,135,0,0,36
2026-05-09,P1028,WH-WEST,132,3,0,36
2026-05-10,P1028,WH-WEST,129,3,0,36
2026-05-11,P1028,WH-WEST,127,2,0,36
2026-05-12,P1028,WH-WEST,125,2,0,36
2026-05-13,P1028,WH-WEST,125,0,0,36
2026-05-14,P1028,WH-WEST,124,1,0,36
2026-05-15,P1028,WH-WEST,121,3,0,36
2026-05-16,P1028,WH-WEST,119,2,0,36
2026-05-17,P1028,WH-WEST,118,1,0,36
2026-05-18,P1028,WH-WEST,114,4,0,36
2026-05-19,P1028,WH-WEST,110,4,0,36
2026-05-20,P1028,WH-WEST,109,1,0,36
2026-05-21,P1028,WH-WEST,107,2,0,36
2026-05-22,P1028,WH-WEST,107,0,0,36
2026-05-23,P1028,WH-WEST,105,2,0,36
2026-05-24,P1028,WH-WEST,95,10,0,36
2026-05-25,P1028,WH-WEST,94,1,0,36
2026-05-26,P1028,WH-WEST,90,4,0,36
2026-05-27,P1028,WH-WEST,86,4,0,36
2026-05-28,P1028,WH-WEST,83,3,0,36
2026-05-29,P1028,WH-WEST,79,4,0,36
2026-05-30,P1028,WH-WEST,76,3,0,36
2026-05-31,P1028,WH-WEST,71,5,0,36
2026-06-01,P1028,WH-WEST,69,2,0,36
2026-06-02,P1028,WH-WEST,63,6,0,36
2026-06-03,P1028,WH-WEST,59,4,0,36
2026-06-04,P1028,WH-WEST,58,1,0,36
2026-06-05,P1028,WH-WEST,56,2,0,36
2026-06-06,P1028,WH-WEST,53,3,0,36
2026-06-07,P1028,WH-WEST,52,1,0,36
2026-06-08,P1028,WH-WEST,43,9,0,36
2026-06-09,P1028,WH-WEST,43,0,0,36
2026-06-10,P1028,WH-WEST,42,1,0,36
2026-06-11,P1028,WH-WEST,38,4,0,36
2026-06-12,P1028,WH-WEST,160,3,125,36
2026-06-13,P1028,WH-WEST,158,2,0,36
2026-06-14,P1028,WH-WEST,155,3,0,36
2026-06-15,P1028,WH-WEST,151,4,0,36
2026-06-16,P1028,WH-WEST,149,2,0,36
2026-06-17,P1028,WH-WEST,143,6,0,36
2026-06-18,P1028,WH-WEST,138,5,0,36
2026-06-19,P1028,WH-WEST,136,2,0,36
2026-06-20,P1028,WH-WEST,132,4,0,36
2026-06-21,P1028,WH-WEST,129,3,0,36
2026-06-22,P1028,WH-WEST,126,3,0,36
2026-06-23,P1028,WH-WEST,124,2,0,36
2026-06-24,P1028,WH-WEST,122,2,0,36
2026-06-25,P1028,WH-WEST,120,2,0,36
2026-06-26,P1028,WH-WEST,118,2,0,36
2026-06-27,P1028,WH-WEST,114,4,0,36
2026-06-28,P1028,WH-WEST,111,3,0,36
2026-06-29,P1028,WH-WEST,108,3,0,36
2026-06-30,P1028,WH-WEST,104,4,0,36
2026-07-01,P1028,WH-WEST,104,0,0,36
2026-07-02,P1028,WH-WEST,102,2,0,36
2026-07-03,P1028,WH-WEST,101,1,0,36
2026-07-04,P1028,WH-WEST,100,1,0,36
2026-07-05,P1028,WH-WEST,94,6,0,36
2026-07-06,P1028,WH-WEST,90,4,0,36
2026-07-07,P1028,WH-WEST,89,1,0,36
2026-07-08,P1028,WH-WEST,87,2,0,36
2026-07-09,P1028,WH-WEST,82,5,0,36
2026-07-10,P1028,WH-WEST,74,8,0,36
2026-07-11,P1028,WH-WEST,71,3,0,36
2026-07-12,P1028,WH-WEST,69,2,0,36
2026-07-13,P1028,WH-WEST,65,4,0,36
2026-07-14,P1028,WH-WEST,63,2,0,36
2026-07-15,P1028,WH-WEST,62,1,0,36
2026-07-16,P1028,WH-WEST,60,2,0,36
2026-07-17,P1028,WH-WEST,57,3,0,36
2026-07-18,P1028,WH-WEST,48,9,0,36
2026-07-19,P1028,WH-WEST,42,6,0,36
2026-07-20,P1028,WH-WEST,40,2,0,36
2026-07-21,P1028,WH-WEST,158,7,125,36
2026-07-22,P1028,WH-WEST,152,6,0,36
2026-07-23,P1028,WH-WEST,147,5,0,36
2026-07-24,P1028,WH-WEST,144,3,0,36
2026-07-25,P1028,WH-WEST,140,4,0,36
2026-07-26,P1028,WH-WEST,139,1,0,36
2026-07-27,P1028,WH-WEST,133,6,0,36
2026-07-28,P1028,WH-WEST,132,1,0,36
2026-07-29,P1028,WH-WEST,126,6,0,36
2026-07-30,P1028,WH-WEST,123,3,0,36
2026-07-31,P1028,WH-WEST,115,8,0,36
2026-08-01,P1028,WH-WEST,112,3,0,36
2026-08-02,P1028,WH-WEST,110,2,0,36
2026-08-03,P1028,WH-WEST,108,2,0,36
2026-08-04,P1028,WH-WEST,105,3,0,36
2026-08-05,P1028,WH-WEST,103,2,0,36
2026-08-06,P1028,WH-WEST,98,5,0,36
2026-08-07,P1028,WH-WEST,92,6,0,36
2026-08-08,P1028,WH-WEST,88,4,0,36
2026-08-09,P1028,WH-WEST,84,4,0,36
2026-08-10,P1028,WH-WEST,79,5,0,36
2026-08-11,P1028,WH-WEST,77,2,0,36
2026-08-12,P1028,WH-WEST,77,0,0,36
2026-08-13,P1028,WH-WEST,72,5,0,36
2025-08-15,P1029,WH-WEST,46,6,0,20
2025-08-16,P1029,WH-WEST,32,14,0,20
2025-08-17,P1029,WH-WEST,26,6,0,20
2025-08-18,P1029,WH-WEST,79,8,61,20
2025-08-19,P1029,WH-WEST,75,4,0,20
2025-08-20,P1029,WH-WEST,69,6,0,20
2025-08-21,P1029,WH-WEST,62,7,0,20
2025-08-22,P1029,WH-WEST,59,3,0,20
2025-08-23,P1029,WH-WEST,52,7,0,20
2025-08-24,P1029,WH-WEST,42,10,0,20
2025-08-25,P1029,WH-WEST,33,9,0,20
2025-08-26,P1029,WH-WEST,31,2,0,20
2025-08-27,P1029,WH-WEST,27,4,0,20
2025-08-28,P1029,WH-WEST,22,5,0,20
2025-08-29,P1029,WH-WEST,75,8,61,20
2025-08-30,P1029,WH-WEST,64,11,0,20
2025-08-31,P1029,WH-WEST,50,14,0,20
2025-09-01,P1029,WH-WEST,38,12,0,20
2025-09-02,P1029,WH-WEST,31,7,0,20
2025-09-03,P1029,WH-WEST,28,3,0,20
2025-09-04,P1029,WH-WEST,76,13,61,20
2025-09-05,P1029,WH-WEST,66,10,0,20
2025-09-06,P1029,WH-WEST,59,7,0,20
2025-09-07,P1029,WH-WEST,45,14,0,20
2025-09-08,P1029,WH-WEST,40,5,0,20
2025-09-09,P1029,WH-WEST,30,10,0,20
2025-09-10,P1029,WH-WEST,26,4,0,20
2025-09-11,P1029,WH-WEST,21,5,0,20
2025-09-12,P1029,WH-WEST,72,10,61,20
2025-09-13,P1029,WH-WEST,59,13,0,20
2025-09-14,P1029,WH-WEST,52,7,0,20
2025-09-15,P1029,WH-WEST,47,5,0,20
2025-09-16,P1029,WH-WEST,41,6,0,20
2025-09-17,P1029,WH-WEST,32,9,0,20
2025-09-18,P1029,WH-WEST,23,9,0,20
2025-09-19,P1029,WH-WEST,79,5,61,20
2025-09-20,P1029,WH-WEST,67,12,0,20
2025-09-21,P1029,WH-WEST,50,17,0,20
2025-09-22,P1029,WH-WEST,44,6,0,20
2025-09-23,P1029,WH-WEST,35,9,0,20
2025-09-24,P1029,WH-WEST,30,5,0,20
2025-09-25,P1029,WH-WEST,22,8,0,20
2025-09-26,P1029,WH-WEST,74,9,61,20
2025-09-27,P1029,WH-WEST,61,13,0,20
2025-09-28,P1029,WH-WEST,47,14,0,20
2025-09-29,P1029,WH-WEST,40,7,0,20
2025-09-30,P1029,WH-WEST,33,7,0,20
2025-10-01,P1029,WH-WEST,22,11,0,20
2025-10-02,P1029,WH-WEST,75,8,61,20
2025-10-03,P1029,WH-WEST,67,8,0,20
2025-10-04,P1029,WH-WEST,62,5,0,20
2025-10-05,P1029,WH-WEST,51,11,0,20
2025-10-06,P1029,WH-WEST,43,8,0,20
2025-10-07,P1029,WH-WEST,36,7,0,20
2025-10-08,P1029,WH-WEST,32,4,0,20
2025-10-09,P1029,WH-WEST,23,9,0,20
2025-10-10,P1029,WH-WEST,75,9,61,20
2025-10-11,P1029,WH-WEST,59,16,0,20
2025-10-12,P1029,WH-WEST,49,10,0,20
2025-10-13,P1029,WH-WEST,41,8,0,20
2025-10-14,P1029,WH-WEST,34,7,0,20
2025-10-15,P1029,WH-WEST,28,6,0,20
2025-10-16,P1029,WH-WEST,81,8,61,20
2025-10-17,P1029,WH-WEST,74,7,0,20
2025-10-18,P1029,WH-WEST,59,15,0,20
2025-10-19,P1029,WH-WEST,51,8,0,20
2025-10-20,P1029,WH-WEST,42,9,0,20
2025-10-21,P1029,WH-WEST,32,10,0,20
2025-10-22,P1029,WH-WEST,22,10,0,20
2025-10-23,P1029,WH-WEST,70,13,61,20
2025-10-24,P1029,WH-WEST,64,6,0,20
2025-10-25,P1029,WH-WEST,57,7,0,20
2025-10-26,P1029,WH-WEST,40,17,0,20
2025-10-27,P1029,WH-WEST,34,6,0,20
2025-10-28,P1029,WH-WEST,24,10,0,20
2025-10-29,P1029,WH-WEST,74,11,61,20
2025-10-30,P1029,WH-WEST,67,7,0,20
2025-10-31,P1029,WH-WEST,52,15,0,20
2025-11-01,P1029,WH-WEST,29,23,0,20
2025-11-02,P1029,WH-WEST,77,13,61,20
2025-11-03,P1029,WH-WEST,73,4,0,20
2025-11-04,P1029,WH-WEST,65,8,0,20
2025-11-05,P1029,WH-WEST,57,8,0,20
2025-11-06,P1029,WH-WEST,53,4,0,20
2025-11-07,P1029,WH-WEST,48,5,0,20
2025-11-08,P1029,WH-WEST,35,13,0,20
2025-11-09,P1029,WH-WEST,23,12,0,20
2025-11-10,P1029,WH-WEST,80,4,61,20
2025-11-11,P1029,WH-WEST,71,9,0,20
2025-11-12,P1029,WH-WEST,67,4,0,20
2025-11-13,P1029,WH-WEST,62,5,0,20
2025-11-14,P1029,WH-WEST,56,6,0,20
2025-11-15,P1029,WH-WEST,47,9,0,20
2025-11-16,P1029,WH-WEST,37,10,0,20
2025-11-17,P1029,WH-WEST,30,7,0,20
2025-11-18,P1029,WH-WEST,80,11,61,20
2025-11-19,P1029,WH-WEST,72,8,0,20
2025-11-20,P1029,WH-WEST,63,9,0,20
2025-11-21,P1029,WH-WEST,54,9,0,20
2025-11-22,P1029,WH-WEST,34,20,0,20
2025-11-23,P1029,WH-WEST,74,21,61,20
2025-11-24,P1029,WH-WEST,68,6,0,20
2025-11-25,P1029,WH-WEST,59,9,0,20
2025-11-26,P1029,WH-WEST,50,9,0,20
2025-11-27,P1029,WH-WEST,39,11,0,20
2025-11-28,P1029,WH-WEST,31,8,0,20
2025-11-29,P1029,WH-WEST,76,16,61,20
2025-11-30,P1029,WH-WEST,64,12,0,20
2025-12-01,P1029,WH-WEST,56,8,0,20
2025-12-02,P1029,WH-WEST,50,6,0,20
2025-12-03,P1029,WH-WEST,39,11,0,20
2025-12-04,P1029,WH-WEST,35,4,0,20
2025-12-05,P1029,WH-WEST,32,3,0,20
2025-12-06,P1029,WH-WEST,23,9,0,20
2025-12-07,P1029,WH-WEST,71,13,61,20
2025-12-08,P1029,WH-WEST,59,12,0,20
2025-12-09,P1029,WH-WEST,50,9,0,20
2025-12-10,P1029,WH-WEST,42,8,0,20
2025-12-11,P1029,WH-WEST,32,10,0,20
2025-12-12,P1029,WH-WEST,81,12,61,20
2025-12-13,P1029,WH-WEST,64,17,0,20
2025-12-14,P1029,WH-WEST,51,13,0,20
2025-12-15,P1029,WH-WEST,43,8,0,20
2025-12-16,P1029,WH-WEST,37,6,0,20
2025-12-17,P1029,WH-WEST,29,8,0,20
2025-12-18,P1029,WH-WEST,81,9,61,20
2025-12-19,P1029,WH-WEST,78,3,0,20
2025-12-20,P1029,WH-WEST,60,18,0,20
2025-12-21,P1029,WH-WEST,48,12,0,20
2025-12-22,P1029,WH-WEST,37,11,0,20
2025-12-23,P1029,WH-WEST,31,6,0,20
2025-12-24,P1029,WH-WEST,81,11,61,20
2025-12-25,P1029,WH-WEST,77,4,0,20
2025-12-26,P1029,WH-WEST,73,4,0,20
2025-12-27,P1029,WH-WEST,62,11,0,20
2025-12-28,P1029,WH-WEST,44,18,0,20
2025-12-29,P1029,WH-WEST,39,5,0,20
2025-12-30,P1029,WH-WEST,33,6,0,20
2025-12-31,P1029,WH-WEST,28,5,0,20
2026-01-01,P1029,WH-WEST,81,8,61,20
2026-01-02,P1029,WH-WEST,70,11,0,20
2026-01-03,P1029,WH-WEST,66,4,0,20
2026-01-04,P1029,WH-WEST,56,10,0,20
2026-01-05,P1029,WH-WEST,49,7,0,20
2026-01-06,P1029,WH-WEST,37,12,0,20
2026-01-07,P1029,WH-WEST,31,6,0,20
2026-01-08,P1029,WH-WEST,22,9,0,20
2026-01-09,P1029,WH-WEST,76,7,61,20
2026-01-10,P1029,WH-WEST,68,8,0,20
2026-01-11,P1029,WH-WEST,64,4,0,20
2026-01-12,P1029,WH-WEST,58,6,0,20
2026-01-13,P1029,WH-WEST,54,4,0,20
2026-01-14,P1029,WH-WEST,51,3,0,20
2026-01-15,P1029,WH-WEST,46,5,0,20
2026-01-16,P1029,WH-WEST,38,8,0,20
2026-01-17,P1029,WH-WEST,25,13,0,20
2026-01-18,P1029,WH-WEST,76,10,61,20
2026-01-19,P1029,WH-WEST,64,12,0,20
2026-01-20,P1029,WH-WEST,59,5,0,20
2026-01-21,P1029,WH-WEST,42,17,0,20
2026-01-22,P1029,WH-WEST,39,3,0,20
2026-01-23,P1029,WH-WEST,36,3,0,20
2026-01-24,P1029,WH-WEST,29,7,0,20
2026-01-25,P1029,WH-WEST,73,17,61,20
2026-01-26,P1029,WH-WEST,64,9,0,20
2026-01-27,P1029,WH-WEST,60,4,0,20
2026-01-28,P1029,WH-WEST,53,7,0,20
2026-01-29,P1029,WH-WEST,48,5,0,20
2026-01-30,P1029,WH-WEST,41,7,0,20
2026-01-31,P1029,WH-WEST,31,10,0,20
2026-02-01,P1029,WH-WEST,21,10,0,20
2026-02-02,P1029,WH-WEST,78,4,61,20
2026-02-03,P1029,WH-WEST,67,11,0,20
2026-02-04,P1029,WH-WEST,62,5,0,20
2026-02-05,P1029,WH-WEST,55,7,0,20
2026-02-06,P1029,WH-WEST,47,8,0,20
2026-02-07,P1029,WH-WEST,36,11,0,20
2026-02-08,P1029,WH-WEST,81,16,61,20
2026-02-09,P1029,WH-WEST,73,8,0,20
2026-02-10,P1029,WH-WEST,70,3,0,20
2026-02-11,P1029,WH-WEST,63,7,0,20
2026-02-12,P1029,WH-WEST,57,6,0,20
2026-02-13,P1029,WH-WEST,49,8,0,20
2026-02-14,P1029,WH-WEST,39,10,0,20
2026-02-15,P1029,WH-WEST,32,7,0,20
2026-02-16,P1029,WH-WEST,26,6,0,20
2026-02-17,P1029,WH-WEST,23,3,0,20
2026-02-18,P1029,WH-WEST,79,5,61,20
2026-02-19,P1029,WH-WEST,71,8,0,20
2026-02-20,P1029,WH-WEST,66,5,0,20
2026-02-21,P1029,WH-WEST,57,9,0,20
2026-02-22,P1029,WH-WEST,43,14,0,20
2026-02-23,P1029,WH-WEST,38,5,0,20
2026-02-24,P1029,WH-WEST,29,9,0,20
2026-02-25,P1029,WH-WEST,22,7,0,20
2026-02-26,P1029,WH-WEST,76,7,61,20
2026-02-27,P1029,WH-WEST,71,5,0,20
2026-02-28,P1029,WH-WEST,57,14,0,20
2026-03-01,P1029,WH-WEST,46,11,0,20
2026-03-02,P1029,WH-WEST,39,7,0,20
2026-03-03,P1029,WH-WEST,34,5,0,20
2026-03-04,P1029,WH-WEST,24,10,0,20
2026-03-05,P1029,WH-WEST,76,9,61,20
2026-03-06,P1029,WH-WEST,73,3,0,20
2026-03-07,P1029,WH-WEST,66,7,0,20
2026-03-08,P1029,WH-WEST,58,8,0,20
2026-03-09,P1029,WH-WEST,51,7,0,20
2026-03-10,P1029,WH-WEST,44,7,0,20
2026-03-11,P1029,WH-WEST,34,10,0,20
2026-03-12,P1029,WH-WEST,24,10,0,20
2026-03-13,P1029,WH-WEST,79,6,61,20
2026-03-14,P1029,WH-WEST,68,11,0,20
2026-03-15,P1029,WH-WEST,61,7,0,20
2026-03-16,P1029,WH-WEST,59,2,0,20
2026-03-17,P1029,WH-WEST,54,5,0,20
2026-03-18,P1029,WH-WEST,52,2,0,20
2026-03-19,P1029,WH-WEST,45,7,0,20
2026-03-20,P1029,WH-WEST,38,7,0,20
2026-03-21,P1029,WH-WEST,28,10,0,20
2026-03-22,P1029,WH-WEST,81,8,61,20
2026-03-23,P1029,WH-WEST,77,4,0,20
2026-03-24,P1029,WH-WEST,75,2,0,20
2026-03-25,P1029,WH-WEST,72,3,0,20
2026-03-26,P1029,WH-WEST,65,7,0,20
2026-03-27,P1029,WH-WEST,61,4,0,20
2026-03-28,P1029,WH-WEST,50,11,0,20
2026-03-29,P1029,WH-WEST,41,9,0,20
2026-03-30,P1029,WH-WEST,33,8,0,20
2026-03-31,P1029,WH-WEST,30,3,0,20
2026-04-01,P1029,WH-WEST,24,6,0,20
2026-04-02,P1029,WH-WEST,80,5,61,20
2026-04-03,P1029,WH-WEST,76,4,0,20
2026-04-04,P1029,WH-WEST,67,9,0,20
2026-04-05,P1029,WH-WEST,62,5,0,20
2026-04-06,P1029,WH-WEST,58,4,0,20
2026-04-07,P1029,WH-WEST,52,6,0,20
2026-04-08,P1029,WH-WEST,49,3,0,20
2026-04-09,P1029,WH-WEST,43,6,0,20
2026-04-10,P1029,WH-WEST,33,10,0,20
2026-04-11,P1029,WH-WEST,27,6,0,20
2026-04-12,P1029,WH-WEST,79,9,61,20
2026-04-13,P1029,WH-WEST,75,4,0,20
2026-04-14,P1029,WH-WEST,70,5,0,20
2026-04-15,P1029,WH-WEST,66,4,0,20
2026-04-16,P1029,WH-WEST,62,4,0,20
2026-04-17,P1029,WH-WEST,60,2,0,20
2026-04-18,P1029,WH-WEST,51,9,0,20
2026-04-19,P1029,WH-WEST,40,11,0,20
2026-04-20,P1029,WH-WEST,36,4,0,20
2026-04-21,P1029,WH-WEST,29,7,0,20
2026-04-22,P1029,WH-WEST,28,1,0,20
2026-04-23,P1029,WH-WEST,24,4,0,20
2026-04-24,P1029,WH-WEST,21,3,0,20
2026-04-25,P1029,WH-WEST,77,5,61,20
2026-04-26,P1029,WH-WEST,73,4,0,20
2026-04-27,P1029,WH-WEST,66,7,0,20
2026-04-28,P1029,WH-WEST,60,6,0,20
2026-04-29,P1029,WH-WEST,54,6,0,20
2026-04-30,P1029,WH-WEST,50,4,0,20
2026-05-01,P1029,WH-WEST,41,9,0,20
2026-05-02,P1029,WH-WEST,32,9,0,20
2026-05-03,P1029,WH-WEST,27,5,0,20
2026-05-04,P1029,WH-WEST,21,6,0,20
2026-05-05,P1029,WH-WEST,78,4,61,20
2026-05-06,P1029,WH-WEST,76,2,0,20
2026-05-07,P1029,WH-WEST,71,5,0,20
2026-05-08,P1029,WH-WEST,66,5,0,20
2026-05-09,P1029,WH-WEST,60,6,0,20
2026-05-10,P1029,WH-WEST,55,5,0,20
2026-05-11,P1029,WH-WEST,48,7,0,20
2026-05-12,P1029,WH-WEST,46,2,0,20
2026-05-13,P1029,WH-WEST,46,0,0,20
2026-05-14,P1029,WH-WEST,45,1,0,20
2026-05-15,P1029,WH-WEST,40,5,0,20
2026-05-16,P1029,WH-WEST,35,5,0,20
2026-05-17,P1029,WH-WEST,25,10,0,20
2026-05-18,P1029,WH-WEST,22,3,0,20
2026-05-19,P1029,WH-WEST,81,2,61,20
2026-05-20,P1029,WH-WEST,75,6,0,20
2026-05-21,P1029,WH-WEST,67,8,0,20
2026-05-22,P1029,WH-WEST,65,2,0,20
2026-05-23,P1029,WH-WEST,61,4,0,20
2026-05-24,P1029,WH-WEST,54,7,0,20
2026-05-25,P1029,WH-WEST,53,1,0,20
2026-05-26,P1029,WH-WEST,51,2,0,20
2026-05-27,P1029,WH-WEST,47,4,0,20
2026-05-28,P1029,WH-WEST,38,9,0,20
2026-05-29,P1029,WH-WEST,30,8,0,20
2026-05-30,P1029,WH-WEST,23,7,0,20
2026-05-31,P1029,WH-WEST,76,8,61,20
2026-06-01,P1029,WH-WEST,74,2,0,20
2026-06-02,P1029,WH-WEST,72,2,0,20
2026-06-03,P1029,WH-WEST,69,3,0,20
2026-06-04,P1029,WH-WEST,65,4,0,20
2026-06-05,P1029,WH-WEST,62,3,0,20
2026-06-06,P1029,WH-WEST,58,4,0,20
2026-06-07,P1029,WH-WEST,47,11,0,20
2026-06-08,P1029,WH-WEST,44,3,0,20
2026-06-09,P1029,WH-WEST,38,6,0,20
2026-06-10,P1029,WH-WEST,34,4,0,20
2026-06-11,P1029,WH-WEST,32,2,0,20
2026-06-12,P1029,WH-WEST,28,4,0,20
2026-06-13,P1029,WH-WEST,81,8,61,20
2026-06-14,P1029,WH-WEST,75,6,0,20
2026-06-15,P1029,WH-WEST,67,8,0,20
2026-06-16,P1029,WH-WEST,65,2,0,20
2026-06-17,P1029,WH-WEST,61,4,0,20
2026-06-18,P1029,WH-WEST,54,7,0,20
2026-06-19,P1029,WH-WEST,48,6,0,20
2026-06-20,P1029,WH-WEST,42,6,0,20
2026-06-21,P1029,WH-WEST,36,6,0,20
2026-06-22,P1029,WH-WEST,31,5,0,20
2026-06-23,P1029,WH-WEST,25,6,0,20
2026-06-24,P1029,WH-WEST,81,5,61,20
2026-06-25,P1029,WH-WEST,74,7,0,20
2026-06-26,P1029,WH-WEST,67,7,0,20
2026-06-27,P1029,WH-WEST,65,2,0,20
2026-06-28,P1029,WH-WEST,58,7,0,20
2026-06-29,P1029,WH-WEST,55,3,0,20
2026-06-30,P1029,WH-WEST,46,9,0,20
2026-07-01,P1029,WH-WEST,37,9,0,20
2026-07-02,P1029,WH-WEST,30,7,0,20
2026-07-03,P1029,WH-WEST,28,2,0,20
2026-07-04,P1029,WH-WEST,24,4,0,20
2026-07-05,P1029,WH-WEST,73,12,61,20
2026-07-06,P1029,WH-WEST,68,5,0,20
2026-07-07,P1029,WH-WEST,64,4,0,20
2026-07-08,P1029,WH-WEST,60,4,0,20
2026-07-09,P1029,WH-WEST,49,11,0,20
2026-07-10,P1029,WH-WEST,43,6,0,20
2026-07-11,P1029,WH-WEST,37,6,0,20
2026-07-12,P1029,WH-WEST,29,8,0,20
2026-07-13,P1029,WH-WEST,23,6,0,20
2026-07-14,P1029,WH-WEST,77,7,61,20
2026-07-15,P1029,WH-WEST,68,9,0,20
2026-07-16,P1029,WH-WEST,63,5,0,20
2026-07-17,P1029,WH-WEST,60,3,0,20
2026-07-18,P1029,WH-WEST,53,7,0,20
2026-07-19,P1029,WH-WEST,43,10,0,20
2026-07-20,P1029,WH-WEST,37,6,0,20
2026-07-21,P1029,WH-WEST,34,3,0,20
2026-07-22,P1029,WH-WEST,27,7,0,20
2026-07-23,P1029,WH-WEST,22,5,0,20
2026-07-24,P1029,WH-WEST,78,5,61,20
2026-07-25,P1029,WH-WEST,69,9,0,20
2026-07-26,P1029,WH-WEST,64,5,0,20
2026-07-27,P1029,WH-WEST,61,3,0,20
2026-07-28,P1029,WH-WEST,53,8,0,20
2026-07-29,P1029,WH-WEST,45,8,0,20
2026-07-30,P1029,WH-WEST,38,7,0,20
2026-07-31,P1029,WH-WEST,34,4,0,20
2026-08-01,P1029,WH-WEST,26,8,0,20
2026-08-02,P1029,WH-WEST,79,8,61,20
2026-08-03,P1029,WH-WEST,73,6,0,20
2026-08-04,P1029,WH-WEST,67,6,0,20
2026-08-05,P1029,WH-WEST,57,10,0,20
2026-08-06,P1029,WH-WEST,53,4,0,20
2026-08-07,P1029,WH-WEST,49,4,0,20
2026-08-08,P1029,WH-WEST,39,10,0,20
2026-08-09,P1029,WH-WEST,34,5,0,20
2026-08-10,P1029,WH-WEST,29,5,0,20
2026-08-11,P1029,WH-WEST,24,5,0,20
2026-08-12,P1029,WH-WEST,80,5,61,20
2026-08-13,P1029,WH-WEST,73,7,0,20
2025-08-15,P1030,WH-WEST,167,7,0,42
2025-08-16,P1030,WH-WEST,161,6,0,42
2025-08-17,P1030,WH-WEST,154,7,0,42
2025-08-18,P1030,WH-WEST,148,6,0,42
2025-08-19,P1030,WH-WEST,144,4,0,42
2025-08-20,P1030,WH-WEST,138,6,0,42
2025-08-21,P1030,WH-WEST,134,4,0,42
2025-08-22,P1030,WH-WEST,130,4,0,42
2025-08-23,P1030,WH-WEST,118,12,0,42
2025-08-24,P1030,WH-WEST,111,7,0,42
2025-08-25,P1030,WH-WEST,104,7,0,42
2025-08-26,P1030,WH-WEST,97,7,0,42
2025-08-27,P1030,WH-WEST,88,9,0,42
2025-08-28,P1030,WH-WEST,84,4,0,42
2025-08-29,P1030,WH-WEST,80,4,0,42
2025-08-30,P1030,WH-WEST,64,16,0,42
2025-08-31,P1030,WH-WEST,59,5,0,42
2025-09-01,P1030,WH-WEST,57,2,0,42
2025-09-02,P1030,WH-WEST,48,9,0,42
2025-09-03,P1030,WH-WEST,146,7,105,42
2025-09-04,P1030,WH-WEST,143,3,0,42
2025-09-05,P1030,WH-WEST,134,9,0,42
2025-09-06,P1030,WH-WEST,131,3,0,42
2025-09-07,P1030,WH-WEST,124,7,0,42
2025-09-08,P1030,WH-WEST,117,7,0,42
2025-09-09,P1030,WH-WEST,108,9,0,42
2025-09-10,P1030,WH-WEST,104,4,0,42
2025-09-11,P1030,WH-WEST,99,5,0,42
2025-09-12,P1030,WH-WEST,92,7,0,42
2025-09-13,P1030,WH-WEST,84,8,0,42
2025-09-14,P1030,WH-WEST,72,12,0,42
2025-09-15,P1030,WH-WEST,67,5,0,42
2025-09-16,P1030,WH-WEST,61,6,0,42
2025-09-17,P1030,WH-WEST,54,7,0,42
2025-09-18,P1030,WH-WEST,47,7,0,42
2025-09-19,P1030,WH-WEST,145,7,105,42
2025-09-20,P1030,WH-WEST,138,7,0,42
2025-09-21,P1030,WH-WEST,130,8,0,42
2025-09-22,P1030,WH-WEST,118,12,0,42
2025-09-23,P1030,WH-WEST,111,7,0,42
2025-09-24,P1030,WH-WEST,102,9,0,42
2025-09-25,P1030,WH-WEST,93,9,0,42
2025-09-26,P1030,WH-WEST,85,8,0,42
2025-09-27,P1030,WH-WEST,71,14,0,42
2025-09-28,P1030,WH-WEST,63,8,0,42
2025-09-29,P1030,WH-WEST,55,8,0,42
2025-09-30,P1030,WH-WEST,48,7,0,42
2025-10-01,P1030,WH-WEST,145,8,105,42
2025-10-02,P1030,WH-WEST,137,8,0,42
2025-10-03,P1030,WH-WEST,133,4,0,42
2025-10-04,P1030,WH-WEST,122,11,0,42
2025-10-05,P1030,WH-WEST,105,17,0,42
2025-10-06,P1030,WH-WEST,97,8,0,42
2025-10-07,P1030,WH-WEST,89,8,0,42
2025-10-08,P1030,WH-WEST,84,5,0,42
2025-10-09,P1030,WH-WEST,73,11,0,42
2025-10-10,P1030,WH-WEST,62,11,0,42
2025-10-11,P1030,WH-WEST,53,9,0,42
2025-10-12,P1030,WH-WEST,45,8,0,42
2025-10-13,P1030,WH-WEST,142,8,105,42
2025-10-14,P1030,WH-WEST,129,13,0,42
2025-10-15,P1030,WH-WEST,121,8,0,42
2025-10-16,P1030,WH-WEST,112,9,0,42
2025-10-17,P1030,WH-WEST,104,8,0,42
2025-10-18,P1030,WH-WEST,96,8,0,42
2025-10-19,P1030,WH-WEST,83,13,0,42
2025-10-20,P1030,WH-WEST,80,3,0,42
2025-10-21,P1030,WH-WEST,77,3,0,42
2025-10-22,P1030,WH-WEST,67,10,0,42
2025-10-23,P1030,WH-WEST,61,6,0,42
2025-10-24,P1030,WH-WEST,53,8,0,42
2025-10-25,P1030,WH-WEST,47,6,0,42
2025-10-26,P1030,WH-WEST,141,11,105,42
2025-10-27,P1030,WH-WEST,133,8,0,42
2025-10-28,P1030,WH-WEST,122,11,0,42
2025-10-29,P1030,WH-WEST,112,10,0,42
2025-10-30,P1030,WH-WEST,103,9,0,42
2025-10-31,P1030,WH-WEST,95,8,0,42
2025-11-01,P1030,WH-WEST,86,9,0,42
2025-11-02,P1030,WH-WEST,75,11,0,42
2025-11-03,P1030,WH-WEST,72,3,0,42
2025-11-04,P1030,WH-WEST,64,8,0,42
2025-11-05,P1030,WH-WEST,58,6,0,42
2025-11-06,P1030,WH-WEST,51,7,0,42
2025-11-07,P1030,WH-WEST,147,9,105,42
2025-11-08,P1030,WH-WEST,138,9,0,42
2025-11-09,P1030,WH-WEST,127,11,0,42
2025-11-10,P1030,WH-WEST,122,5,0,42
2025-11-11,P1030,WH-WEST,114,8,0,42
2025-11-12,P1030,WH-WEST,107,7,0,42
2025-11-13,P1030,WH-WEST,96,11,0,42
2025-11-14,P1030,WH-WEST,89,7,0,42
2025-11-15,P1030,WH-WEST,70,19,0,42
2025-11-16,P1030,WH-WEST,60,10,0,42
2025-11-17,P1030,WH-WEST,46,14,0,42
2025-11-18,P1030,WH-WEST,143,8,105,42
2025-11-19,P1030,WH-WEST,135,8,0,42
2025-11-20,P1030,WH-WEST,124,11,0,42
2025-11-21,P1030,WH-WEST,116,8,0,42
2025-11-22,P1030,WH-WEST,109,7,0,42
2025-11-23,P1030,WH-WEST,96,13,0,42
2025-11-24,P1030,WH-WEST,91,5,0,42
2025-11-25,P1030,WH-WEST,85,6,0,42
2025-11-26,P1030,WH-WEST,80,5,0,42
2025-11-27,P1030,WH-WEST,73,7,0,42
2025-11-28,P1030,WH-WEST,65,8,0,42
2025-11-29,P1030,WH-WEST,52,13,0,42
2025-11-30,P1030,WH-WEST,141,16,105,42
2025-12-01,P1030,WH-WEST,136,5,0,42
2025-12-02,P1030,WH-WEST,133,3,0,42
2025-12-03,P1030,WH-WEST,128,5,0,42
2025-12-04,P1030,WH-WEST,124,4,0,42
2025-12-05,P1030,WH-WEST,118,6,0,42
2025-12-06,P1030,WH-WEST,109,9,0,42
2025-12-07,P1030,WH-WEST,90,19,0,42
2025-12-08,P1030,WH-WEST,83,7,0,42
2025-12-09,P1030,WH-WEST,76,7,0,42
2025-12-10,P1030,WH-WEST,72,4,0,42
2025-12-11,P1030,WH-WEST,70,2,0,42
2025-12-12,P1030,WH-WEST,64,6,0,42
2025-12-13,P1030,WH-WEST,52,12,0,42
2025-12-14,P1030,WH-WEST,47,5,0,42
2025-12-15,P1030,WH-WEST,144,8,105,42
2025-12-16,P1030,WH-WEST,133,11,0,42
2025-12-17,P1030,WH-WEST,124,9,0,42
2025-12-18,P1030,WH-WEST,108,16,0,42
2025-12-19,P1030,WH-WEST,98,10,0,42
2025-12-20,P1030,WH-WEST,89,9,0,42
2025-12-21,P1030,WH-WEST,75,14,0,42
2025-12-22,P1030,WH-WEST,70,5,0,42
2025-12-23,P1030,WH-WEST,63,7,0,42
2025-12-24,P1030,WH-WEST,59,4,0,42
2025-12-25,P1030,WH-WEST,56,3,0,42
2025-12-26,P1030,WH-WEST,49,7,0,42
2025-12-27,P1030,WH-WEST,142,12,105,42
2025-12-28,P1030,WH-WEST,131,11,0,42
2025-12-29,P1030,WH-WEST,121,10,0,42
2025-12-30,P1030,WH-WEST,112,9,0,42
2025-12-31,P1030,WH-WEST,107,5,0,42
2026-01-01,P1030,WH-WEST,103,4,0,42
2026-01-02,P1030,WH-WEST,96,7,0,42
2026-01-03,P1030,WH-WEST,90,6,0,42
2026-01-04,P1030,WH-WEST,79,11,0,42
2026-01-05,P1030,WH-WEST,64,15,0,42
2026-01-06,P1030,WH-WEST,59,5,0,42
2026-01-07,P1030,WH-WEST,49,10,0,42
2026-01-08,P1030,WH-WEST,43,6,0,42
2026-01-09,P1030,WH-WEST,144,4,105,42
2026-01-10,P1030,WH-WEST,133,11,0,42
2026-01-11,P1030,WH-WEST,124,9,0,42
2026-01-12,P1030,WH-WEST,117,7,0,42
2026-01-13,P1030,WH-WEST,112,5,0,42
2026-01-14,P1030,WH-WEST,106,6,0,42
2026-01-15,P1030,WH-WEST,99,7,0,42
2026-01-16,P1030,WH-WEST,94,5,0,42
2026-01-17,P1030,WH-WEST,84,10,0,42
2026-01-18,P1030,WH-WEST,72,12,0,42
2026-01-19,P1030,WH-WEST,64,8,0,42
2026-01-20,P1030,WH-WEST,57,7,0,42
2026-01-21,P1030,WH-WEST,47,10,0,42
2026-01-22,P1030,WH-WEST,145,7,105,42
2026-01-23,P1030,WH-WEST,136,9,0,42
2026-01-24,P1030,WH-WEST,126,10,0,42
2026-01-25,P1030,WH-WEST,121,5,0,42
2026-01-26,P1030,WH-WEST,117,4,0,42
2026-01-27,P1030,WH-WEST,108,9,0,42
2026-01-28,P1030,WH-WEST,103,5,0,42
2026-01-29,P1030,WH-WEST,94,9,0,42
2026-01-30,P1030,WH-WEST,90,4,0,42
2026-01-31,P1030,WH-WEST,83,7,0,42
2026-02-01,P1030,WH-WEST,71,12,0,42
2026-02-02,P1030,WH-WEST,70,1,0,42
2026-02-03,P1030,WH-WEST,66,4,0,42
2026-02-04,P1030,WH-WEST,63,3,0,42
2026-02-05,P1030,WH-WEST,59,4,0,42
2026-02-06,P1030,WH-WEST,54,5,0,42
2026-02-07,P1030,WH-WEST,45,9,0,42
2026-02-08,P1030,WH-WEST,138,12,105,42
2026-02-09,P1030,WH-WEST,132,6,0,42
2026-02-10,P1030,WH-WEST,125,7,0,42
2026-02-11,P1030,WH-WEST,120,5,0,42
2026-02-12,P1030,WH-WEST,116,4,0,42
2026-02-13,P1030,WH-WEST,108,8,0,42
2026-02-14,P1030,WH-WEST,100,8,0,42
2026-02-15,P1030,WH-WEST,88,12,0,42
2026-02-16,P1030,WH-WEST,82,6,0,42
2026-02-17,P1030,WH-WEST,77,5,0,42
2026-02-18,P1030,WH-WEST,73,4,0,42
2026-02-19,P1030,WH-WEST,68,5,0,42
2026-02-20,P1030,WH-WEST,62,6,0,42
2026-02-21,P1030,WH-WEST,56,6,0,42
2026-02-22,P1030,WH-WEST,48,8,0,42
2026-02-23,P1030,WH-WEST,143,10,105,42
2026-02-24,P1030,WH-WEST,140,3,0,42
2026-02-25,P1030,WH-WEST,136,4,0,42
2026-02-26,P1030,WH-WEST,131,5,0,42
2026-02-27,P1030,WH-WEST,125,6,0,42
2026-02-28,P1030,WH-WEST,114,11,0,42
2026-03-01,P1030,WH-WEST,102,12,0,42
2026-03-02,P1030,WH-WEST,98,4,0,42
2026-03-03,P1030,WH-WEST,90,8,0,42
2026-03-04,P1030,WH-WEST,85,5,0,42
2026-03-05,P1030,WH-WEST,84,1,0,42
2026-03-06,P1030,WH-WEST,79,5,0,42
2026-03-07,P1030,WH-WEST,71,8,0,42
2026-03-08,P1030,WH-WEST,62,9,0,42
2026-03-09,P1030,WH-WEST,58,4,0,42
2026-03-10,P1030,WH-WEST,53,5,0,42
2026-03-11,P1030,WH-WEST,48,5,0,42
2026-03-12,P1030,WH-WEST,46,2,0,42
2026-03-13,P1030,WH-WEST,43,3,0,42
2026-03-14,P1030,WH-WEST,141,7,105,42
2026-03-15,P1030,WH-WEST,137,4,0,42
2026-03-16,P1030,WH-WEST,130,7,0,42
2026-03-17,P1030,WH-WEST,128,2,0,42
2026-03-18,P1030,WH-WEST,125,3,0,42
2026-03-19,P1030,WH-WEST,122,3,0,42
2026-03-20,P1030,WH-WEST,113,9,0,42
2026-03-21,P1030,WH-WEST,106,7,0,42
2026-03-22,P1030,WH-WEST,101,5,0,42
2026-03-23,P1030,WH-WEST,96,5,0,42
2026-03-24,P1030,WH-WEST,92,4,0,42
2026-03-25,P1030,WH-WEST,85,7,0,42
2026-03-26,P1030,WH-WEST,82,3,0,42
2026-03-27,P1030,WH-WEST,81,1,0,42
2026-03-28,P1030,WH-WEST,77,4,0,42
2026-03-29,P1030,WH-WEST,65,12,0,42
2026-03-30,P1030,WH-WEST,59,6,0,42
2026-03-31,P1030,WH-WEST,51,8,0,42
2026-04-01,P1030,WH-WEST,48,3,0,42
2026-04-02,P1030,WH-WEST,43,5,0,42
2026-04-03,P1030,WH-WEST,142,6,105,42
2026-04-04,P1030,WH-WEST,131,11,0,42
2026-04-05,P1030,WH-WEST,125,6,0,42
2026-04-06,P1030,WH-WEST,120,5,0,42
2026-04-07,P1030,WH-WEST,116,4,0,42
2026-04-08,P1030,WH-WEST,108,8,0,42
2026-04-09,P1030,WH-WEST,103,5,0,42
2026-04-10,P1030,WH-WEST,102,1,0,42
2026-04-11,P1030,WH-WEST,98,4,0,42
2026-04-12,P1030,WH-WEST,93,5,0,42
2026-04-13,P1030,WH-WEST,86,7,0,42
2026-04-14,P1030,WH-WEST,79,7,0,42
2026-04-15,P1030,WH-WEST,73,6,0,42
2026-04-16,P1030,WH-WEST,71,2,0,42
2026-04-17,P1030,WH-WEST,68,3,0,42
2026-04-18,P1030,WH-WEST,63,5,0,42
2026-04-19,P1030,WH-WEST,60,3,0,42
2026-04-20,P1030,WH-WEST,59,1,0,42
2026-04-21,P1030,WH-WEST,56,3,0,42
2026-04-22,P1030,WH-WEST,54,2,0,42
2026-04-23,P1030,WH-WEST,53,1,0,42
2026-04-24,P1030,WH-WEST,50,3,0,42
2026-04-25,P1030,WH-WEST,139,16,105,42
2026-04-26,P1030,WH-WEST,135,4,0,42
2026-04-27,P1030,WH-WEST,130,5,0,42
2026-04-28,P1030,WH-WEST,127,3,0,42
2026-04-29,P1030,WH-WEST,123,4,0,42
2026-04-30,P1030,WH-WEST,120,3,0,42
2026-05-01,P1030,WH-WEST,114,6,0,42
2026-05-02,P1030,WH-WEST,107,7,0,42
2026-05-03,P1030,WH-WEST,99,8,0,42
2026-05-04,P1030,WH-WEST,94,5,0,42
2026-05-05,P1030,WH-WEST,92,2,0,42
2026-05-06,P1030,WH-WEST,88,4,0,42
2026-05-07,P1030,WH-WEST,82,6,0,42
2026-05-08,P1030,WH-WEST,82,0,0,42
2026-05-09,P1030,WH-WEST,76,6,0,42
2026-05-10,P1030,WH-WEST,73,3,0,42
2026-05-11,P1030,WH-WEST,72,1,0,42
2026-05-12,P1030,WH-WEST,65,7,0,42
2026-05-13,P1030,WH-WEST,62,3,0,42
2026-05-14,P1030,WH-WEST,61,1,0,42
2026-05-15,P1030,WH-WEST,56,5,0,42
2026-05-16,P1030,WH-WEST,48,8,0,42
2026-05-17,P1030,WH-WEST,44,4,0,42
2026-05-18,P1030,WH-WEST,144,5,105,42
2026-05-19,P1030,WH-WEST,137,7,0,42
2026-05-20,P1030,WH-WEST,134,3,0,42
2026-05-21,P1030,WH-WEST,127,7,0,42
2026-05-22,P1030,WH-WEST,123,4,0,42
2026-05-23,P1030,WH-WEST,118,5,0,42
2026-05-24,P1030,WH-WEST,111,7,0,42
2026-05-25,P1030,WH-WEST,107,4,0,42
2026-05-26,P1030,WH-WEST,104,3,0,42
2026-05-27,P1030,WH-WEST,99,5,0,42
2026-05-28,P1030,WH-WEST,98,1,0,42
2026-05-29,P1030,WH-WEST,96,2,0,42
2026-05-30,P1030,WH-WEST,90,6,0,42
2026-05-31,P1030,WH-WEST,86,4,0,42
2026-06-01,P1030,WH-WEST,82,4,0,42
2026-06-02,P1030,WH-WEST,76,6,0,42
2026-06-03,P1030,WH-WEST,67,9,0,42
2026-06-04,P1030,WH-WEST,64,3,0,42
2026-06-05,P1030,WH-WEST,63,1,0,42
2026-06-06,P1030,WH-WEST,58,5,0,42
2026-06-07,P1030,WH-WEST,51,7,0,42
2026-06-08,P1030,WH-WEST,45,6,0,42
2026-06-09,P1030,WH-WEST,45,0,0,42
2026-06-10,P1030,WH-WEST,146,4,105,42
2026-06-11,P1030,WH-WEST,140,6,0,42
2026-06-12,P1030,WH-WEST,136,4,0,42
2026-06-13,P1030,WH-WEST,128,8,0,42
2026-06-14,P1030,WH-WEST,124,4,0,42
2026-06-15,P1030,WH-WEST,117,7,0,42
2026-06-16,P1030,WH-WEST,115,2,0,42
2026-06-17,P1030,WH-WEST,109,6,0,42
2026-06-18,P1030,WH-WEST,106,3,0,42
2026-06-19,P1030,WH-WEST,100,6,0,42
2026-06-20,P1030,WH-WEST,91,9,0,42
2026-06-21,P1030,WH-WEST,84,7,0,42
2026-06-22,P1030,WH-WEST,79,5,0,42
2026-06-23,P1030,WH-WEST,75,4,0,42
2026-06-24,P1030,WH-WEST,70,5,0,42
2026-06-25,P1030,WH-WEST,66,4,0,42
2026-06-26,P1030,WH-WEST,61,5,0,42
2026-06-27,P1030,WH-WEST,55,6,0,42
2026-06-28,P1030,WH-WEST,50,5,0,42
2026-06-29,P1030,WH-WEST,45,5,0,42
2026-06-30,P1030,WH-WEST,143,7,105,42
2026-07-01,P1030,WH-WEST,139,4,0,42
2026-07-02,P1030,WH-WEST,135,4,0,42
2026-07-03,P1030,WH-WEST,128,7,0,42
2026-07-04,P1030,WH-WEST,123,5,0,42
2026-07-05,P1030,WH-WEST,112,11,0,42
2026-07-06,P1030,WH-WEST,106,6,0,42
2026-07-07,P1030,WH-WEST,103,3,0,42
2026-07-08,P1030,WH-WEST,98,5,0,42
2026-07-09,P1030,WH-WEST,95,3,0,42
2026-07-10,P1030,WH-WEST,86,9,0,42
2026-07-11,P1030,WH-WEST,84,2,0,42
2026-07-12,P1030,WH-WEST,75,9,0,42
2026-07-13,P1030,WH-WEST,69,6,0,42
2026-07-14,P1030,WH-WEST,64,5,0,42
2026-07-15,P1030,WH-WEST,55,9,0,42
2026-07-16,P1030,WH-WEST,49,6,0,42
2026-07-17,P1030,WH-WEST,147,7,105,42
2026-07-18,P1030,WH-WEST,143,4,0,42
2026-07-19,P1030,WH-WEST,139,4,0,42
2026-07-20,P1030,WH-WEST,133,6,0,42
2026-07-21,P1030,WH-WEST,128,5,0,42
2026-07-22,P1030,WH-WEST,125,3,0,42
2026-07-23,P1030,WH-WEST,119,6,0,42
2026-07-24,P1030,WH-WEST,113,6,0,42
2026-07-25,P1030,WH-WEST,109,4,0,42
2026-07-26,P1030,WH-WEST,94,15,0,42
2026-07-27,P1030,WH-WEST,92,2,0,42
2026-07-28,P1030,WH-WEST,85,7,0,42
2026-07-29,P1030,WH-WEST,81,4,0,42
2026-07-30,P1030,WH-WEST,77,4,0,42
2026-07-31,P1030,WH-WEST,74,3,0,42
2026-08-01,P1030,WH-WEST,69,5,0,42
2026-08-02,P1030,WH-WEST,64,5,0,42
2026-08-03,P1030,WH-WEST,56,8,0,42
2026-08-04,P1030,WH-WEST,50,6,0,42
2026-08-05,P1030,WH-WEST,48,2,0,42
2026-08-06,P1030,WH-WEST,146,7,105,42
2026-08-07,P1030,WH-WEST,143,3,0,42
2026-08-08,P1030,WH-WEST,134,9,0,42
2026-08-09,P1030,WH-WEST,122,12,0,42
2026-08-10,P1030,WH-WEST,118,4,0,42
2026-08-11,P1030,WH-WEST,113,5,0,42
2026-08-12,P1030,WH-WEST,111,2,0,42
2026-08-13,P1030,WH-WEST,108,3,0,42
2025-08-15,P1031,WH-EAST,85,3,0,41
2025-08-16,P1031,WH-EAST,81,4,0,41
2025-08-17,P1031,WH-EAST,71,10,0,41
2025-08-18,P1031,WH-EAST,69,2,0,41
2025-08-19,P1031,WH-EAST,68,1,0,41
2025-08-20,P1031,WH-EAST,64,4,0,41
2025-08-21,P1031,WH-EAST,60,4,0,41
2025-08-22,P1031,WH-EAST,52,8,0,41
2025-08-23,P1031,WH-EAST,50,2,0,41
2025-08-24,P1031,WH-EAST,45,5,0,41
2025-08-25,P1031,WH-EAST,151,6,112,41
2025-08-26,P1031,WH-EAST,148,3,0,41
2025-08-27,P1031,WH-EAST,141,7,0,41
2025-08-28,P1031,WH-EAST,134,7,0,41
2025-08-29,P1031,WH-EAST,127,7,0,41
2025-08-30,P1031,WH-EAST,122,5,0,41
2025-08-31,P1031,WH-EAST,118,4,0,41
2025-09-01,P1031,WH-EAST,110,8,0,41
2025-09-02,P1031,WH-EAST,106,4,0,41
2025-09-03,P1031,WH-EAST,104,2,0,41
2025-09-04,P1031,WH-EAST,102,2,0,41
2025-09-05,P1031,WH-EAST,100,2,0,41
2025-09-06,P1031,WH-EAST,93,7,0,41
2025-09-07,P1031,WH-EAST,88,5,0,41
2025-09-08,P1031,WH-EAST,86,2,0,41
2025-09-09,P1031,WH-EAST,83,3,0,41
2025-09-10,P1031,WH-EAST,80,3,0,41
2025-09-11,P1031,WH-EAST,76,4,0,41
2025-09-12,P1031,WH-EAST,75,1,0,41
2025-09-13,P1031,WH-EAST,66,9,0,41
2025-09-14,P1031,WH-EAST,58,8,0,41
2025-09-15,P1031,WH-EAST,55,3,0,41
2025-09-16,P1031,WH-EAST,52,3,0,41
2025-09-17,P1031,WH-EAST,45,7,0,41
2025-09-18,P1031,WH-EAST,153,4,112,41
2025-09-19,P1031,WH-EAST,151,2,0,41
2025-09-20,P1031,WH-EAST,150,1,0,41
2025-09-21,P1031,WH-EAST,144,6,0,41
2025-09-22,P1031,WH-EAST,136,8,0,41
2025-09-23,P1031,WH-EAST,130,6,0,41
2025-09-24,P1031,WH-EAST,124,6,0,41
2025-09-25,P1031,WH-EAST,116,8,0,41
2025-09-26,P1031,WH-EAST,113,3,0,41
2025-09-27,P1031,WH-EAST,104,9,0,41
2025-09-28,P1031,WH-EAST,99,5,0,41
2025-09-29,P1031,WH-EAST,99,0,0,41
2025-09-30,P1031,WH-EAST,98,1,0,41
2025-10-01,P1031,WH-EAST,91,7,0,41
2025-10-02,P1031,WH-EAST,90,1,0,41
2025-10-03,P1031,WH-EAST,87,3,0,41
2025-10-04,P1031,WH-EAST,83,4,0,41
2025-10-05,P1031,WH-EAST,79,4,0,41
2025-10-06,P1031,WH-EAST,76,3,0,41
2025-10-07,P1031,WH-EAST,72,4,0,41
2025-10-08,P1031,WH-EAST,67,5,0,41
2025-10-09,P1031,WH-EAST,66,1,0,41
2025-10-10,P1031,WH-EAST,64,2,0,41
2025-10-11,P1031,WH-EAST,58,6,0,41
2025-10-12,P1031,WH-EAST,55,3,0,41
2025-10-13,P1031,WH-EAST,49,6,0,41
2025-10-14,P1031,WH-EAST,43,6,0,41
2025-10-15,P1031,WH-EAST,153,2,112,41
2025-10-16,P1031,WH-EAST,148,5,0,41
2025-10-17,P1031,WH-EAST,142,6,0,41
2025-10-18,P1031,WH-EAST,135,7,0,41
2025-10-19,P1031,WH-EAST,126,9,0,41
2025-10-20,P1031,WH-EAST,122,4,0,41
2025-10-21,P1031,WH-EAST,119,3,0,41
2025-10-22,P1031,WH-EAST,114,5,0,41
2025-10-23,P1031,WH-EAST,104,10,0,41
2025-10-24,P1031,WH-EAST,96,8,0,41
2025-10-25,P1031,WH-EAST,88,8,0,41
2025-10-26,P1031,WH-EAST,87,1,0,41
2025-10-27,P1031,WH-EAST,84,3,0,41
2025-10-28,P1031,WH-EAST,82,2,0,41
2025-10-29,P1031,WH-EAST,76,6,0,41
2025-10-30,P1031,WH-EAST,68,8,0,41
2025-10-31,P1031,WH-EAST,66,2,0,41
2025-11-01,P1031,WH-EAST,61,5,0,41
2025-11-02,P1031,WH-EAST,57,4,0,41
2025-11-03,P1031,WH-EAST,55,2,0,41
2025-11-04,P1031,WH-EAST,53,2,0,41
2025-11-05,P1031,WH-EAST,46,7,0,41
2025-11-06,P1031,WH-EAST,43,3,0,41
2025-11-07,P1031,WH-EAST,150,5,112,41
2025-11-08,P1031,WH-EAST,146,4,0,41
2025-11-09,P1031,WH-EAST,143,3,0,41
2025-11-10,P1031,WH-EAST,136,7,0,41
2025-11-11,P1031,WH-EAST,131,5,0,41
2025-11-12,P1031,WH-EAST,126,5,0,41
2025-11-13,P1031,WH-EAST,121,5,0,41
2025-11-14,P1031,WH-EAST,116,5,0,41
2025-11-15,P1031,WH-EAST,111,5,0,41
2025-11-16,P1031,WH-EAST,110,1,0,41
2025-11-17,P1031,WH-EAST,102,8,0,41
2025-11-18,P1031,WH-EAST,100,2,0,41
2025-11-19,P1031,WH-EAST,94,6,0,41
2025-11-20,P1031,WH-EAST,86,8,0,41
2025-11-21,P1031,WH-EAST,80,6,0,41
2025-11-22,P1031,WH-EAST,72,8,0,41
2025-11-23,P1031,WH-EAST,67,5,0,41
2025-11-24,P1031,WH-EAST,61,6,0,41
2025-11-25,P1031,WH-EAST,56,5,0,41
2025-11-26,P1031,WH-EAST,52,4,0,41
2025-11-27,P1031,WH-EAST,45,7,0,41
2025-11-28,P1031,WH-EAST,153,4,112,41
2025-11-29,P1031,WH-EAST,150,3,0,41
2025-11-30,P1031,WH-EAST,141,9,0,41
2025-12-01,P1031,WH-EAST,135,6,0,41
2025-12-02,P1031,WH-EAST,132,3,0,41
2025-12-03,P1031,WH-EAST,126,6,0,41
2025-12-04,P1031,WH-EAST,124,2,0,41
2025-12-05,P1031,WH-EAST,120,4,0,41
2025-12-06,P1031,WH-EAST,108,12,0,41
2025-12-07,P1031,WH-EAST,102,6,0,41
2025-12-08,P1031,WH-EAST,96,6,0,41
2025-12-09,P1031,WH-EAST,90,6,0,41
2025-12-10,P1031,WH-EAST,85,5,0,41
2025-12-11,P1031,WH-EAST,82,3,0,41
2025-12-12,P1031,WH-EAST,78,4,0,41
2025-12-13,P1031,WH-EAST,72,6,0,41
2025-12-14,P1031,WH-EAST,64,8,0,41
2025-12-15,P1031,WH-EAST,61,3,0,41
2025-12-16,P1031,WH-EAST,58,3,0,41
2025-12-17,P1031,WH-EAST,55,3,0,41
2025-12-18,P1031,WH-EAST,51,4,0,41
2025-12-19,P1031,WH-EAST,48,3,0,41
2025-12-20,P1031,WH-EAST,152,8,112,41
2025-12-21,P1031,WH-EAST,141,11,0,41
2025-12-22,P1031,WH-EAST,136,5,0,41
2025-12-23,P1031,WH-EAST,124,12,0,41
2025-12-24,P1031,WH-EAST,122,2,0,41
2025-12-25,P1031,WH-EAST,117,5,0,41
2025-12-26,P1031,WH-EAST,114,3,0,41
2025-12-27,P1031,WH-EAST,107,7,0,41
2025-12-28,P1031,WH-EAST,104,3,0,41
2025-12-29,P1031,WH-EAST,98,6,0,41
2025-12-30,P1031,WH-EAST,90,8,0,41
2025-12-31,P1031,WH-EAST,87,3,0,41
2026-01-01,P1031,WH-EAST,84,3,0,41
2026-01-02,P1031,WH-EAST,81,3,0,41
2026-01-03,P1031,WH-EAST,76,5,0,41
2026-01-04,P1031,WH-EAST,66,10,0,41
2026-01-05,P1031,WH-EAST,65,1,0,41
2026-01-06,P1031,WH-EAST,58,7,0,41
2026-01-07,P1031,WH-EAST,54,4,0,41
2026-01-08,P1031,WH-EAST,51,3,0,41
2026-01-09,P1031,WH-EAST,46,5,0,41
2026-01-10,P1031,WH-EAST,43,3,0,41
2026-01-11,P1031,WH-EAST,153,2,112,41
2026-01-12,P1031,WH-EAST,152,1,0,41
2026-01-13,P1031,WH-EAST,149,3,0,41
2026-01-14,P1031,WH-EAST,140,9,0,41
2026-01-15,P1031,WH-EAST,135,5,0,41
2026-01-16,P1031,WH-EAST,130,5,0,41
2026-01-17,P1031,WH-EAST,126,4,0,41
2026-01-18,P1031,WH-EAST,121,5,0,41
2026-01-19,P1031,WH-EAST,116,5,0,41
2026-01-20,P1031,WH-EAST,108,8,0,41
2026-01-21,P1031,WH-EAST,102,6,0,41
2026-01-22,P1031,WH-EAST,99,3,0,41
2026-01-23,P1031,WH-EAST,97,2,0,41
2026-01-24,P1031,WH-EAST,91,6,0,41
2026-01-25,P1031,WH-EAST,85,6,0,41
2026-01-26,P1031,WH-EAST,81,4,0,41
2026-01-27,P1031,WH-EAST,73,8,0,41
2026-01-28,P1031,WH-EAST,66,7,0,41
2026-01-29,P1031,WH-EAST,64,2,0,41
2026-01-30,P1031,WH-EAST,61,3,0,41
2026-01-31,P1031,WH-EAST,60,1,0,41
2026-02-01,P1031,WH-EAST,57,3,0,41
2026-02-02,P1031,WH-EAST,52,5,0,41
2026-02-03,P1031,WH-EAST,47,5,0,41
2026-02-04,P1031,WH-EAST,43,4,0,41
2026-02-05,P1031,WH-EAST,146,9,112,41
2026-02-06,P1031,WH-EAST,139,7,0,41
2026-02-07,P1031,WH-EAST,137,2,0,41
2026-02-08,P1031,WH-EAST,133,4,0,41
2026-02-09,P1031,WH-EAST,131,2,0,41
2026-02-10,P1031,WH-EAST,127,4,0,41
2026-02-11,P1031,WH-EAST,124,3,0,41
2026-02-12,P1031,WH-EAST,122,2,0,41
2026-02-13,P1031,WH-EAST,117,5,0,41
2026-02-14,P1031,WH-EAST,112,5,0,41
2026-02-15,P1031,WH-EAST,106,6,0,41
2026-02-16,P1031,WH-EAST,102,4,0,41
2026-02-17,P1031,WH-EAST,98,4,0,41
2026-02-18,P1031,WH-EAST,96,2,0,41
2026-02-19,P1031,WH-EAST,95,1,0,41
2026-02-20,P1031,WH-EAST,92,3,0,41
2026-02-21,P1031,WH-EAST,86,6,0,41
2026-02-22,P1031,WH-EAST,80,6,0,41
2026-02-23,P1031,WH-EAST,78,2,0,41
2026-02-24,P1031,WH-EAST,76,2,0,41
2026-02-25,P1031,WH-EAST,75,1,0,41
2026-02-26,P1031,WH-EAST,74,1,0,41
2026-02-27,P1031,WH-EAST,72,2,0,41
2026-02-28,P1031,WH-EAST,63,9,0,41
2026-03-01,P1031,WH-EAST,61,2,0,41
2026-03-02,P1031,WH-EAST,57,4,0,41
2026-03-03,P1031,WH-EAST,55,2,0,41
2026-03-04,P1031,WH-EAST,50,5,0,41
2026-03-05,P1031,WH-EAST,46,4,0,41
2026-03-06,P1031,WH-EAST,45,1,0,41
2026-03-07,P1031,WH-EAST,42,3,0,41
2026-03-08,P1031,WH-EAST,151,3,112,41
2026-03-09,P1031,WH-EAST,148,3,0,41
2026-03-10,P1031,WH-EAST,142,6,0,41
2026-03-11,P1031,WH-EAST,138,4,0,41
2026-03-12,P1031,WH-EAST,136,2,0,41
2026-03-13,P1031,WH-EAST,136,0,0,41
2026-03-14,P1031,WH-EAST,135,1,0,41
2026-03-15,P1031,WH-EAST,130,5,0,41
2026-03-16,P1031,WH-EAST,128,2,0,41
2026-03-17,P1031,WH-EAST,125,3,0,41
2026-03-18,P1031,WH-EAST,123,2,0,41
2026-03-19,P1031,WH-EAST,121,2,0,41
2026-03-20,P1031,WH-EAST,121,0,0,41
2026-03-21,P1031,WH-EAST,118,3,0,41
2026-03-22,P1031,WH-EAST,115,3,0,41
2026-03-23,P1031,WH-EAST,110,5,0,41
2026-03-24,P1031,WH-EAST,105,5,0,41
2026-03-25,P1031,WH-EAST,101,4,0,41
2026-03-26,P1031,WH-EAST,98,3,0,41
2026-03-27,P1031,WH-EAST,96,2,0,41
2026-03-28,P1031,WH-EAST,93,3,0,41
2026-03-29,P1031,WH-EAST,90,3,0,41
2026-03-30,P1031,WH-EAST,88,2,0,41
2026-03-31,P1031,WH-EAST,87,1,0,41
2026-04-01,P1031,WH-EAST,86,1,0,41
2026-04-02,P1031,WH-EAST,85,1,0,41
2026-04-03,P1031,WH-EAST,84,1,0,41
2026-04-04,P1031,WH-EAST,82,2,0,41
2026-04-05,P1031,WH-EAST,82,0,0,41
2026-04-06,P1031,WH-EAST,81,1,0,41
2026-04-07,P1031,WH-EAST,79,2,0,41
2026-04-08,P1031,WH-EAST,76,3,0,41
2026-04-09,P1031,WH-EAST,76,0,0,41
2026-04-10,P1031,WH-EAST,72,4,0,41
2026-04-11,P1031,WH-EAST,69,3,0,41
2026-04-12,P1031,WH-EAST,65,4,0,41
2026-04-13,P1031,WH-EAST,61,4,0,41
2026-04-14,P1031,WH-EAST,60,1,0,41
2026-04-15,P1031,WH-EAST,60,0,0,41
2026-04-16,P1031,WH-EAST,56,4,0,41
2026-04-17,P1031,WH-EAST,51,5,0,41
2026-04-18,P1031,WH-EAST,48,3,0,41
2026-04-19,P1031,WH-EAST,46,2,0,41
2026-04-20,P1031,WH-EAST,44,2,0,41
2026-04-21,P1031,WH-EAST,153,3,112,41
2026-04-22,P1031,WH-EAST,150,3,0,41
2026-04-23,P1031,WH-EAST,149,1,0,41
2026-04-24,P1031,WH-EAST,144,5,0,41
2026-04-25,P1031,WH-EAST,143,1,0,41
2026-04-26,P1031,WH-EAST,140,3,0,41
2026-04-27,P1031,WH-EAST,138,2,0,41
2026-04-28,P1031,WH-EAST,137,1,0,41
2026-04-29,P1031,WH-EAST,135,2,0,41
2026-04-30,P1031,WH-EAST,133,2,0,41
2026-05-01,P1031,WH-EAST,131,2,0,41
2026-05-02,P1031,WH-EAST,128,3,0,41
2026-05-03,P1031,WH-EAST,126,2,0,41
2026-05-04,P1031,WH-EAST,125,1,0,41
2026-05-05,P1031,WH-EAST,124,1,0,41
2026-05-06,P1031,WH-EAST,121,3,0,41
2026-05-07,P1031,WH-EAST,120,1,0,41
2026-05-08,P1031,WH-EAST,118,2,0,41
2026-05-09,P1031,WH-EAST,115,3,0,41
2026-05-10,P1031,WH-EAST,113,2,0,41
2026-05-11,P1031,WH-EAST,110,3,0,41
2026-05-12,P1031,WH-EAST,108,2,0,41
2026-05-13,P1031,WH-EAST,107,1,0,41
2026-05-14,P1031,WH-EAST,105,2,0,41
2026-05-15,P1031,WH-EAST,105,0,0,41
2026-05-16,P1031,WH-EAST,102,3,0,41
2026-05-17,P1031,WH-EAST,99,3,0,41
2026-05-18,P1031,WH-EAST,96,3,0,41
2026-05-19,P1031,WH-EAST,91,5,0,41
2026-05-20,P1031,WH-EAST,89,2,0,41
2026-05-21,P1031,WH-EAST,89,0,0,41
2026-05-22,P1031,WH-EAST,86,3,0,41
2026-05-23,P1031,WH-EAST,82,4,0,41
2026-05-24,P1031,WH-EAST,80,2,0,41
2026-05-25,P1031,WH-EAST,78,2,0,41
2026-05-26,P1031,WH-EAST,74,4,0,41
2026-05-27,P1031,WH-EAST,70,4,0,41
2026-05-28,P1031,WH-EAST,68,2,0,41
2026-05-29,P1031,WH-EAST,67,1,0,41
2026-05-30,P1031,WH-EAST,64,3,0,41
2026-05-31,P1031,WH-EAST,59,5,0,41
2026-06-01,P1031,WH-EAST,56,3,0,41
2026-06-02,P1031,WH-EAST,55,1,0,41
2026-06-03,P1031,WH-EAST,54,1,0,41
2026-06-04,P1031,WH-EAST,51,3,0,41
2026-06-05,P1031,WH-EAST,49,2,0,41
2026-06-06,P1031,WH-EAST,46,3,0,41
2026-06-07,P1031,WH-EAST,153,5,112,41
2026-06-08,P1031,WH-EAST,149,4,0,41
2026-06-09,P1031,WH-EAST,146,3,0,41
2026-06-10,P1031,WH-EAST,143,3,0,41
2026-06-11,P1031,WH-EAST,135,8,0,41
2026-06-12,P1031,WH-EAST,133,2,0,41
2026-06-13,P1031,WH-EAST,131,2,0,41
2026-06-14,P1031,WH-EAST,126,5,0,41
2026-06-15,P1031,WH-EAST,122,4,0,41
2026-06-16,P1031,WH-EAST,120,2,0,41
2026-06-17,P1031,WH-EAST,119,1,0,41
2026-06-18,P1031,WH-EAST,117,2,0,41
2026-06-19,P1031,WH-EAST,114,3,0,41
2026-06-20,P1031,WH-EAST,111,3,0,41
2026-06-21,P1031,WH-EAST,109,2,0,41
2026-06-22,P1031,WH-EAST,109,0,0,41
2026-06-23,P1031,WH-EAST,104,5,0,41
2026-06-24,P1031,WH-EAST,104,0,0,41
2026-06-25,P1031,WH-EAST,102,2,0,41
2026-06-26,P1031,WH-EAST,102,0,0,41
2026-06-27,P1031,WH-EAST,97,5,0,41
2026-06-28,P1031,WH-EAST,95,2,0,41
2026-06-29,P1031,WH-EAST,93,2,0,41
2026-06-30,P1031,WH-EAST,86,7,0,41
2026-07-01,P1031,WH-EAST,84,2,0,41
2026-07-02,P1031,WH-EAST,83,1,0,41
2026-07-03,P1031,WH-EAST,80,3,0,41
2026-07-04,P1031,WH-EAST,79,1,0,41
2026-07-05,P1031,WH-EAST,76,3,0,41
2026-07-06,P1031,WH-EAST,72,4,0,41
2026-07-07,P1031,WH-EAST,67,5,0,41
2026-07-08,P1031,WH-EAST,63,4,0,41
2026-07-09,P1031,WH-EAST,60,3,0,41
2026-07-10,P1031,WH-EAST,58,2,0,41
2026-07-11,P1031,WH-EAST,54,4,0,41
2026-07-12,P1031,WH-EAST,52,2,0,41
2026-07-13,P1031,WH-EAST,49,3,0,41
2026-07-14,P1031,WH-EAST,49,0,0,41
2026-07-15,P1031,WH-EAST,46,3,0,41
2026-07-16,P1031,WH-EAST,45,1,0,41
2026-07-17,P1031,WH-EAST,44,1,0,41
2026-07-18,P1031,WH-EAST,42,2,0,41
2026-07-19,P1031,WH-EAST,148,6,112,41
2026-07-20,P1031,WH-EAST,142,6,0,41
2026-07-21,P1031,WH-EAST,137,5,0,41
2026-07-22,P1031,WH-EAST,132,5,0,41
2026-07-23,P1031,WH-EAST,131,1,0,41
2026-07-24,P1031,WH-EAST,125,6,0,41
2026-07-25,P1031,WH-EAST,116,9,0,41
2026-07-26,P1031,WH-EAST,108,8,0,41
2026-07-27,P1031,WH-EAST,105,3,0,41
2026-07-28,P1031,WH-EAST,104,1,0,41
2026-07-29,P1031,WH-EAST,102,2,0,41
2026-07-30,P1031,WH-EAST,98,4,0,41
2026-07-31,P1031,WH-EAST,98,0,0,41
2026-08-01,P1031,WH-EAST,93,5,0,41
2026-08-02,P1031,WH-EAST,86,7,0,41
2026-08-03,P1031,WH-EAST,84,2,0,41
2026-08-04,P1031,WH-EAST,83,1,0,41
2026-08-05,P1031,WH-EAST,77,6,0,41
2026-08-06,P1031,WH-EAST,71,6,0,41
2026-08-07,P1031,WH-EAST,67,4,0,41
2026-08-08,P1031,WH-EAST,57,10,0,41
2026-08-09,P1031,WH-EAST,53,4,0,41
2026-08-10,P1031,WH-EAST,52,1,0,41
2026-08-11,P1031,WH-EAST,47,5,0,41
2026-08-12,P1031,WH-EAST,44,3,0,41
2026-08-13,P1031,WH-EAST,152,4,112,41
2025-08-15,P1032,WH-WEST,57,8,0,22
2025-08-16,P1032,WH-WEST,41,16,0,22
2025-08-17,P1032,WH-WEST,26,15,0,22
2025-08-18,P1032,WH-WEST,95,6,75,22
2025-08-19,P1032,WH-WEST,89,6,0,22
2025-08-20,P1032,WH-WEST,82,7,0,22
2025-08-21,P1032,WH-WEST,76,6,0,22
2025-08-22,P1032,WH-WEST,64,12,0,22
2025-08-23,P1032,WH-WEST,52,12,0,22
2025-08-24,P1032,WH-WEST,44,8,0,22
2025-08-25,P1032,WH-WEST,36,8,0,22
2025-08-26,P1032,WH-WEST,26,10,0,22
2025-08-27,P1032,WH-WEST,92,9,75,22
2025-08-28,P1032,WH-WEST,89,3,0,22
2025-08-29,P1032,WH-WEST,79,10,0,22
2025-08-30,P1032,WH-WEST,65,14,0,22
2025-08-31,P1032,WH-WEST,48,17,0,22
2025-09-01,P1032,WH-WEST,40,8,0,22
2025-09-02,P1032,WH-WEST,32,8,0,22
2025-09-03,P1032,WH-WEST,25,7,0,22
2025-09-04,P1032,WH-WEST,93,7,75,22
2025-09-05,P1032,WH-WEST,81,12,0,22
2025-09-06,P1032,WH-WEST,73,8,0,22
2025-09-07,P1032,WH-WEST,62,11,0,22
2025-09-08,P1032,WH-WEST,49,13,0,22
2025-09-09,P1032,WH-WEST,39,10,0,22
2025-09-10,P1032,WH-WEST,27,12,0,22
2025-09-11,P1032,WH-WEST,96,6,75,22
2025-09-12,P1032,WH-WEST,86,10,0,22
2025-09-13,P1032,WH-WEST,66,20,0,22
2025-09-14,P1032,WH-WEST,54,12,0,22
2025-09-15,P1032,WH-WEST,43,11,0,22
2025-09-16,P1032,WH-WEST,37,6,0,22
2025-09-17,P1032,WH-WEST,32,5,0,22
2025-09-18,P1032,WH-WEST,25,7,0,22
2025-09-19,P1032,WH-WEST,94,6,75,22
2025-09-20,P1032,WH-WEST,82,12,0,22
2025-09-21,P1032,WH-WEST,67,15,0,22
2025-09-22,P1032,WH-WEST,52,15,0,22
2025-09-23,P1032,WH-WEST,44,8,0,22
2025-09-24,P1032,WH-WEST,37,7,0,22
2025-09-25,P1032,WH-WEST,31,6,0,22
2025-09-26,P1032,WH-WEST,97,9,75,22
2025-09-27,P1032,WH-WEST,81,16,0,22
2025-09-28,P1032,WH-WEST,63,18,0,22
2025-09-29,P1032,WH-WEST,58,5,0,22
2025-09-30,P1032,WH-WEST,48,10,0,22
2025-10-01,P1032,WH-WEST,33,15,0,22
2025-10-02,P1032,WH-WEST,25,8,0,22
2025-10-03,P1032,WH-WEST,86,14,75,22
2025-10-04,P1032,WH-WEST,77,9,0,22
2025-10-05,P1032,WH-WEST,56,21,0,22
2025-10-06,P1032,WH-WEST,50,6,0,22
2025-10-07,P1032,WH-WEST,34,16,0,22
2025-10-08,P1032,WH-WEST,25,9,0,22
2025-10-09,P1032,WH-WEST,86,14,75,22
2025-10-10,P1032,WH-WEST,79,7,0,22
2025-10-11,P1032,WH-WEST,61,18,0,22
2025-10-12,P1032,WH-WEST,47,14,0,22
2025-10-13,P1032,WH-WEST,34,13,0,22
2025-10-14,P1032,WH-WEST,26,8,0,22
2025-10-15,P1032,WH-WEST,85,16,75,22
2025-10-16,P1032,WH-WEST,71,14,0,22
2025-10-17,P1032,WH-WEST,58,13,0,22
2025-10-18,P1032,WH-WEST,33,25,0,22
2025-10-19,P1032,WH-WEST,87,21,75,22
2025-10-20,P1032,WH-WEST,81,6,0,22
2025-10-21,P1032,WH-WEST,71,10,0,22
2025-10-22,P1032,WH-WEST,60,11,0,22
2025-10-23,P1032,WH-WEST,44,16,0,22
2025-10-24,P1032,WH-WEST,36,8,0,22
2025-10-25,P1032,WH-WEST,94,17,75,22
2025-10-26,P1032,WH-WEST,73,21,0,22
2025-10-27,P1032,WH-WEST,63,10,0,22
2025-10-28,P1032,WH-WEST,45,18,0,22
2025-10-29,P1032,WH-WEST,36,9,0,22
2025-10-30,P1032,WH-WEST,96,15,75,22
2025-10-31,P1032,WH-WEST,80,16,0,22
2025-11-01,P1032,WH-WEST,63,17,0,22
2025-11-02,P1032,WH-WEST,45,18,0,22
2025-11-03,P1032,WH-WEST,29,16,0,22
2025-11-04,P1032,WH-WEST,95,9,75,22
2025-11-05,P1032,WH-WEST,83,12,0,22
2025-11-06,P1032,WH-WEST,73,10,0,22
2025-11-07,P1032,WH-WEST,63,10,0,22
2025-11-08,P1032,WH-WEST,45,18,0,22
2025-11-09,P1032,WH-WEST,28,17,0,22
2025-11-10,P1032,WH-WEST,88,15,75,22
2025-11-11,P1032,WH-WEST,74,14,0,22
2025-11-12,P1032,WH-WEST,59,15,0,22
2025-11-13,P1032,WH-WEST,50,9,0,22
2025-11-14,P1032,WH-WEST,40,10,0,22
2025-11-15,P1032,WH-WEST,96,19,75,22
2025-11-16,P1032,WH-WEST,74,22,0,22
2025-11-17,P1032,WH-WEST,58,16,0,22
2025-11-18,P1032,WH-WEST,39,19,0,22
2025-11-19,P1032,WH-WEST,36,3,0,22
2025-11-20,P1032,WH-WEST,23,13,0,22
2025-11-21,P1032,WH-WEST,86,12,75,22
2025-11-22,P1032,WH-WEST,62,24,0,22
2025-11-23,P1032,WH-WEST,46,16,0,22
2025-11-24,P1032,WH-WEST,34,12,0,22
2025-11-25,P1032,WH-WEST,97,12,75,22
2025-11-26,P1032,WH-WEST,85,12,0,22
2025-11-27,P1032,WH-WEST,72,13,0,22
2025-11-28,P1032,WH-WEST,56,16,0,22
2025-11-29,P1032,WH-WEST,42,14,0,22
2025-11-30,P1032,WH-WEST,26,16,0,22
2025-12-01,P1032,WH-WEST,90,11,75,22
2025-12-02,P1032,WH-WEST,74,16,0,22
2025-12-03,P1032,WH-WEST,66,8,0,22
2025-12-04,P1032,WH-WEST,54,12,0,22
2025-12-05,P1032,WH-WEST,46,8,0,22
2025-12-06,P1032,WH-WEST,26,20,0,22
2025-12-07,P1032,WH-WEST,82,19,75,22
2025-12-08,P1032,WH-WEST,66,16,0,22
2025-12-09,P1032,WH-WEST,48,18,0,22
2025-12-10,P1032,WH-WEST,37,11,0,22
2025-12-11,P1032,WH-WEST,26,11,0,22
2025-12-12,P1032,WH-WEST,87,14,75,22
2025-12-13,P1032,WH-WEST,70,17,0,22
2025-12-14,P1032,WH-WEST,45,25,0,22
2025-12-15,P1032,WH-WEST,35,10,0,22
2025-12-16,P1032,WH-WEST,29,6,0,22
2025-12-17,P1032,WH-WEST,90,14,75,22
2025-12-18,P1032,WH-WEST,86,4,0,22
2025-12-19,P1032,WH-WEST,72,14,0,22
2025-12-20,P1032,WH-WEST,51,21,0,22
2025-12-21,P1032,WH-WEST,36,15,0,22
2025-12-22,P1032,WH-WEST,97,14,75,22
2025-12-23,P1032,WH-WEST,89,8,0,22
2025-12-24,P1032,WH-WEST,72,17,0,22
2025-12-25,P1032,WH-WEST,58,14,0,22
2025-12-26,P1032,WH-WEST,43,15,0,22
2025-12-27,P1032,WH-WEST,23,20,0,22
2025-12-28,P1032,WH-WEST,79,19,75,22
2025-12-29,P1032,WH-WEST,62,17,0,22
2025-12-30,P1032,WH-WEST,53,9,0,22
2025-12-31,P1032,WH-WEST,43,10,0,22
2026-01-01,P1032,WH-WEST,36,7,0,22
2026-01-02,P1032,WH-WEST,97,14,75,22
2026-01-03,P1032,WH-WEST,70,27,0,22
2026-01-04,P1032,WH-WEST,43,27,0,22
2026-01-05,P1032,WH-WEST,31,12,0,22
2026-01-06,P1032,WH-WEST,91,15,75,22
2026-01-07,P1032,WH-WEST,78,13,0,22
2026-01-08,P1032,WH-WEST,61,17,0,22
2026-01-09,P1032,WH-WEST,50,11,0,22
2026-01-10,P1032,WH-WEST,32,18,0,22
2026-01-11,P1032,WH-WEST,81,26,75,22
2026-01-12,P1032,WH-WEST,64,17,0,22
2026-01-13,P1032,WH-WEST,51,13,0,22
2026-01-14,P1032,WH-WEST,31,20,0,22
2026-01-15,P1032,WH-WEST,97,9,75,22
2026-01-16,P1032,WH-WEST,87,10,0,22
2026-01-17,P1032,WH-WEST,70,17,0,22
2026-01-18,P1032,WH-WEST,43,27,0,22
2026-01-19,P1032,WH-WEST,26,17,0,22
2026-01-20,P1032,WH-WEST,82,19,75,22
2026-01-21,P1032,WH-WEST,70,12,0,22
2026-01-22,P1032,WH-WEST,56,14,0,22
2026-01-23,P1032,WH-WEST,46,10,0,22
2026-01-24,P1032,WH-WEST,28,18,0,22
2026-01-25,P1032,WH-WEST,90,13,75,22
2026-01-26,P1032,WH-WEST,73,17,0,22
2026-01-27,P1032,WH-WEST,64,9,0,22
2026-01-28,P1032,WH-WEST,46,18,0,22
2026-01-29,P1032,WH-WEST,31,15,0,22
2026-01-30,P1032,WH-WEST,23,8,0,22
2026-01-31,P1032,WH-WEST,83,15,75,22
2026-02-01,P1032,WH-WEST,68,15,0,22
2026-02-02,P1032,WH-WEST,56,12,0,22
2026-02-03,P1032,WH-WEST,47,9,0,22
2026-02-04,P1032,WH-WEST,37,10,0,22
2026-02-05,P1032,WH-WEST,25,12,0,22
2026-02-06,P1032,WH-WEST,85,15,75,22
2026-02-07,P1032,WH-WEST,65,20,0,22
2026-02-08,P1032,WH-WEST,42,23,0,22
2026-02-09,P1032,WH-WEST,29,13,0,22
2026-02-10,P1032,WH-WEST,23,6,0,22
2026-02-11,P1032,WH-WEST,80,18,75,22
2026-02-12,P1032,WH-WEST,72,8,0,22
2026-02-13,P1032,WH-WEST,59,13,0,22
2026-02-14,P1032,WH-WEST,42,17,0,22
2026-02-15,P1032,WH-WEST,26,16,0,22
2026-02-16,P1032,WH-WEST,86,15,75,22
2026-02-17,P1032,WH-WEST,73,13,0,22
2026-02-18,P1032,WH-WEST,61,12,0,22
2026-02-19,P1032,WH-WEST,47,14,0,22
2026-02-20,P1032,WH-WEST,33,14,0,22
2026-02-21,P1032,WH-WEST,93,15,75,22
2026-02-22,P1032,WH-WEST,70,23,0,22
2026-02-23,P1032,WH-WEST,55,15,0,22
2026-02-24,P1032,WH-WEST,36,19,0,22
2026-02-25,P1032,WH-WEST,95,16,75,22
2026-02-26,P1032,WH-WEST,89,6,0,22
2026-02-27,P1032,WH-WEST,76,13,0,22
2026-02-28,P1032,WH-WEST,61,15,0,22
2026-03-01,P1032,WH-WEST,48,13,0,22
2026-03-02,P1032,WH-WEST,40,8,0,22
2026-03-03,P1032,WH-WEST,35,5,0,22
2026-03-04,P1032,WH-WEST,96,14,75,22
2026-03-05,P1032,WH-WEST,89,7,0,22
2026-03-06,P1032,WH-WEST,73,16,0,22
2026-03-07,P1032,WH-WEST,57,16,0,22
2026-03-08,P1032,WH-WEST,30,27,0,22
2026-03-09,P1032,WH-WEST,96,9,75,22
2026-03-10,P1032,WH-WEST,88,8,0,22
2026-03-11,P1032,WH-WEST,74,14,0,22
2026-03-12,P1032,WH-WEST,61,13,0,22
2026-03-13,P1032,WH-WEST,47,14,0,22
2026-03-14,P1032,WH-WEST,24,23,0,22
2026-03-15,P1032,WH-WEST,82,17,75,22
2026-03-16,P1032,WH-WEST,73,9,0,22
2026-03-17,P1032,WH-WEST,63,10,0,22
2026-03-18,P1032,WH-WEST,49,14,0,22
2026-03-19,P1032,WH-WEST,43,6,0,22
2026-03-20,P1032,WH-WEST,33,10,0,22
2026-03-21,P1032,WH-WEST,95,13,75,22
2026-03-22,P1032,WH-WEST,82,13,0,22
2026-03-23,P1032,WH-WEST,72,10,0,22
2026-03-24,P1032,WH-WEST,62,10,0,22
2026-03-25,P1032,WH-WEST,55,7,0,22
2026-03-26,P1032,WH-WEST,43,12,0,22
2026-03-27,P1032,WH-WEST,32,11,0,22
2026-03-28,P1032,WH-WEST,95,12,75,22
2026-03-29,P1032,WH-WEST,79,16,0,22
2026-03-30,P1032,WH-WEST,70,9,0,22
2026-03-31,P1032,WH-WEST,58,12,0,22
2026-04-01,P1032,WH-WEST,48,10,0,22
2026-04-02,P1032,WH-WEST,35,13,0,22
2026-04-03,P1032,WH-WEST,23,12,0,22
2026-04-04,P1032,WH-WEST,83,15,75,22
2026-04-05,P1032,WH-WEST,68,15,0,22
2026-04-06,P1032,WH-WEST,60,8,0,22
2026-04-07,P1032,WH-WEST,50,10,0,22
2026-04-08,P1032,WH-WEST,36,14,0,22
2026-04-09,P1032,WH-WEST,31,5,0,22
2026-04-10,P1032,WH-WEST,96,10,75,22
2026-04-11,P1032,WH-WEST,82,14,0,22
2026-04-12,P1032,WH-WEST,74,8,0,22
2026-04-13,P1032,WH-WEST,65,9,0,22
2026-04-14,P1032,WH-WEST,61,4,0,22
2026-04-15,P1032,WH-WEST,48,13,0,22
2026-04-16,P1032,WH-WEST,40,8,0,22
2026-04-17,P1032,WH-WEST,32,8,0,22
2026-04-18,P1032,WH-WEST,93,14,75,22
2026-04-19,P1032,WH-WEST,81,12,0,22
2026-04-20,P1032,WH-WEST,74,7,0,22
2026-04-21,P1032,WH-WEST,63,11,0,22
2026-04-22,P1032,WH-WEST,51,12,0,22
2026-04-23,P1032,WH-WEST,42,9,0,22
2026-04-24,P1032,WH-WEST,28,14,0,22
2026-04-25,P1032,WH-WEST,89,14,75,22
2026-04-26,P1032,WH-WEST,74,15,0,22
2026-04-27,P1032,WH-WEST,68,6,0,22
2026-04-28,P1032,WH-WEST,55,13,0,22
2026-04-29,P1032,WH-WEST,47,8,0,22
2026-04-30,P1032,WH-WEST,37,10,0,22
2026-05-01,P1032,WH-WEST,29,8,0,22
2026-05-02,P1032,WH-WEST,82,22,75,22
2026-05-03,P1032,WH-WEST,67,15,0,22
2026-05-04,P1032,WH-WEST,55,12,0,22
2026-05-05,P1032,WH-WEST,44,11,0,22
2026-05-06,P1032,WH-WEST,36,8,0,22
2026-05-07,P1032,WH-WEST,24,12,0,22
2026-05-08,P1032,WH-WEST,87,12,75,22
2026-05-09,P1032,WH-WEST,60,27,0,22
2026-05-10,P1032,WH-WEST,51,9,0,22
2026-05-11,P1032,WH-WEST,41,10,0,22
2026-05-12,P1032,WH-WEST,30,11,0,22
2026-05-13,P1032,WH-WEST,89,16,75,22
2026-05-14,P1032,WH-WEST,77,12,0,22
2026-05-15,P1032,WH-WEST,68,9,0,22
2026-05-16,P1032,WH-WEST,54,14,0,22
2026-05-17,P1032,WH-WEST,35,19,0,22
2026-05-18,P1032,WH-WEST,27,8,0,22
2026-05-19,P1032,WH-WEST,92,10,75,22
2026-05-20,P1032,WH-WEST,85,7,0,22
2026-05-21,P1032,WH-WEST,80,5,0,22
2026-05-22,P1032,WH-WEST,68,12,0,22
2026-05-23,P1032,WH-WEST,54,14,0,22
2026-05-24,P1032,WH-WEST,39,15,0,22
2026-05-25,P1032,WH-WEST,30,9,0,22
2026-05-26,P1032,WH-WEST,93,12,75,22
2026-05-27,P1032,WH-WEST,82,11,0,22
2026-05-28,P1032,WH-WEST,72,10,0,22
2026-05-29,P1032,WH-WEST,63,9,0,22
2026-05-30,P1032,WH-WEST,54,9,0,22
2026-05-31,P1032,WH-WEST,43,11,0,22
2026-06-01,P1032,WH-WEST,38,5,0,22
2026-06-02,P1032,WH-WEST,28,10,0,22
2026-06-03,P1032,WH-WEST,93,10,75,22
2026-06-04,P1032,WH-WEST,78,15,0,22
2026-06-05,P1032,WH-WEST,69,9,0,22
2026-06-06,P1032,WH-WEST,56,13,0,22
2026-06-07,P1032,WH-WEST,43,13,0,22
2026-06-08,P1032,WH-WEST,30,13,0,22
2026-06-09,P1032,WH-WEST,96,9,75,22
2026-06-10,P1032,WH-WEST,85,11,0,22
2026-06-11,P1032,WH-WEST,79,6,0,22
2026-06-12,P1032,WH-WEST,63,16,0,22
2026-06-13,P1032,WH-WEST,50,13,0,22
2026-06-14,P1032,WH-WEST,30,20,0,22
2026-06-15,P1032,WH-WEST,92,13,75,22
2026-06-16,P1032,WH-WEST,75,17,0,22
2026-06-17,P1032,WH-WEST,68,7,0,22
2026-06-18,P1032,WH-WEST,60,8,0,22
2026-06-19,P1032,WH-WEST,51,9,0,22
2026-06-20,P1032,WH-WEST,37,14,0,22
2026-06-21,P1032,WH-WEST,23,14,0,22
2026-06-22,P1032,WH-WEST,91,7,75,22
2026-06-23,P1032,WH-WEST,83,8,0,22
2026-06-24,P1032,WH-WEST,68,15,0,22
2026-06-25,P1032,WH-WEST,58,10,0,22
2026-06-26,P1032,WH-WEST,43,15,0,22
2026-06-27,P1032,WH-WEST,26,17,0,22
2026-06-28,P1032,WH-WEST,85,16,75,22
2026-06-29,P1032,WH-WEST,72,13,0,22
2026-06-30,P1032,WH-WEST,61,11,0,22
2026-07-01,P1032,WH-WEST,46,15,0,22
2026-07-02,P1032,WH-WEST,35,11,0,22
2026-07-03,P1032,WH-WEST,23,12,0,22
2026-07-04,P1032,WH-WEST,88,10,75,22
2026-07-05,P1032,WH-WEST,65,23,0,22
2026-07-06,P1032,WH-WEST,54,11,0,22
2026-07-07,P1032,WH-WEST,46,8,0,22
2026-07-08,P1032,WH-WEST,35,11,0,22
2026-07-09,P1032,WH-WEST,25,10,0,22
2026-07-10,P1032,WH-WEST,91,9,75,22
2026-07-11,P1032,WH-WEST,76,15,0,22
2026-07-12,P1032,WH-WEST,59,17,0,22
2026-07-13,P1032,WH-WEST,45,14,0,22
2026-07-14,P1032,WH-WEST,34,11,0,22
2026-07-15,P1032,WH-WEST,95,14,75,22
2026-07-16,P1032,WH-WEST,80,15,0,22
2026-07-17,P1032,WH-WEST,65,15,0,22
2026-07-18,P1032,WH-WEST,48,17,0,22
2026-07-19,P1032,WH-WEST,31,17,0,22
2026-07-20,P1032,WH-WEST,92,14,75,22
2026-07-21,P1032,WH-WEST,82,10,0,22
2026-07-22,P1032,WH-WEST,65,17,0,22
2026-07-23,P1032,WH-WEST,52,13,0,22
2026-07-24,P1032,WH-WEST,33,19,0,22
2026-07-25,P1032,WH-WEST,90,18,75,22
2026-07-26,P1032,WH-WEST,70,20,0,22
2026-07-27,P1032,WH-WEST,57,13,0,22
2026-07-28,P1032,WH-WEST,41,16,0,22
2026-07-29,P1032,WH-WEST,33,8,0,22
2026-07-30,P1032,WH-WEST,94,14,75,22
2026-07-31,P1032,WH-WEST,78,16,0,22
2026-08-01,P1032,WH-WEST,62,16,0,22
2026-08-02,P1032,WH-WEST,49,13,0,22
2026-08-03,P1032,WH-WEST,36,13,0,22
2026-08-04,P1032,WH-WEST,24,12,0,22
2026-08-05,P1032,WH-WEST,87,12,75,22
2026-08-06,P1032,WH-WEST,71,16,0,22
2026-08-07,P1032,WH-WEST,53,18,0,22
2026-08-08,P1032,WH-WEST,29,24,0,22
2026-08-09,P1032,WH-WEST,82,22,75,22
2026-08-10,P1032,WH-WEST,71,11,0,22
2026-08-11,P1032,WH-WEST,57,14,0,22
2026-08-12,P1032,WH-WEST,37,20,0,22
2026-08-13,P1032,WH-WEST,25,12,0,22
2025-08-15,P1033,WH-CENTRAL,129,3,0,56
2025-08-16,P1033,WH-CENTRAL,127,2,0,56
2025-08-17,P1033,WH-CENTRAL,126,1,0,56
2025-08-18,P1033,WH-CENTRAL,125,1,0,56
2025-08-19,P1033,WH-CENTRAL,123,2,0,56
2025-08-20,P1033,WH-CENTRAL,122,1,0,56
2025-08-21,P1033,WH-CENTRAL,119,3,0,56
2025-08-22,P1033,WH-CENTRAL,117,2,0,56
2025-08-23,P1033,WH-CENTRAL,114,3,0,56
2025-08-24,P1033,WH-CENTRAL,114,0,0,56
2025-08-25,P1033,WH-CENTRAL,113,1,0,56
2025-08-26,P1033,WH-CENTRAL,111,2,0,56
2025-08-27,P1033,WH-CENTRAL,110,1,0,56
2025-08-28,P1033,WH-CENTRAL,109,1,0,56
2025-08-29,P1033,WH-CENTRAL,108,1,0,56
2025-08-30,P1033,WH-CENTRAL,106,2,0,56
2025-08-31,P1033,WH-CENTRAL,104,2,0,56
2025-09-01,P1033,WH-CENTRAL,104,0,0,56
2025-09-02,P1033,WH-CENTRAL,104,0,0,56
2025-09-03,P1033,WH-CENTRAL,104,0,0,56
2025-09-04,P1033,WH-CENTRAL,101,3,0,56
2025-09-05,P1033,WH-CENTRAL,97,4,0,56
2025-09-06,P1033,WH-CENTRAL,96,1,0,56
2025-09-07,P1033,WH-CENTRAL,94,2,0,56
2025-09-08,P1033,WH-CENTRAL,93,1,0,56
2025-09-09,P1033,WH-CENTRAL,90,3,0,56
2025-09-10,P1033,WH-CENTRAL,89,1,0,56
2025-09-11,P1033,WH-CENTRAL,87,2,0,56
2025-09-12,P1033,WH-CENTRAL,85,2,0,56
2025-09-13,P1033,WH-CENTRAL,85,0,0,56
2025-09-14,P1033,WH-CENTRAL,85,0,0,56
2025-09-15,P1033,WH-CENTRAL,84,1,0,56
2025-09-16,P1033,WH-CENTRAL,82,2,0,56
2025-09-17,P1033,WH-CENTRAL,81,1,0,56
2025-09-18,P1033,WH-CENTRAL,80,1,0,56
2025-09-19,P1033,WH-CENTRAL,77,3,0,56
2025-09-20,P1033,WH-CENTRAL,77,0,0,56
2025-09-21,P1033,WH-CENTRAL,76,1,0,56
2025-09-22,P1033,WH-CENTRAL,72,4,0,56
2025-09-23,P1033,WH-CENTRAL,72,0,0,56
2025-09-24,P1033,WH-CENTRAL,70,2,0,56
2025-09-25,P1033,WH-CENTRAL,70,0,0,56
2025-09-26,P1033,WH-CENTRAL,69,1,0,56
2025-09-27,P1033,WH-CENTRAL,68,1,0,56
2025-09-28,P1033,WH-CENTRAL,66,2,0,56
2025-09-29,P1033,WH-CENTRAL,66,0,0,56
2025-09-30,P1033,WH-CENTRAL,65,1,0,56
2025-10-01,P1033,WH-CENTRAL,64,1,0,56
2025-10-02,P1033,WH-CENTRAL,64,0,0,56
2025-10-03,P1033,WH-CENTRAL,64,0,0,56
2025-10-04,P1033,WH-CENTRAL,63,1,0,56
2025-10-05,P1033,WH-CENTRAL,61,2,0,56
2025-10-06,P1033,WH-CENTRAL,60,1,0,56
2025-10-07,P1033,WH-CENTRAL,57,3,0,56
2025-10-08,P1033,WH-CENTRAL,57,0,0,56
2025-10-09,P1033,WH-CENTRAL,259,2,204,56
2025-10-10,P1033,WH-CENTRAL,257,2,0,56
2025-10-11,P1033,WH-CENTRAL,254,3,0,56
2025-10-12,P1033,WH-CENTRAL,254,0,0,56
2025-10-13,P1033,WH-CENTRAL,251,3,0,56
2025-10-14,P1033,WH-CENTRAL,250,1,0,56
2025-10-15,P1033,WH-CENTRAL,249,1,0,56
2025-10-16,P1033,WH-CENTRAL,249,0,0,56
2025-10-17,P1033,WH-CENTRAL,248,1,0,56
2025-10-18,P1033,WH-CENTRAL,245,3,0,56
2025-10-19,P1033,WH-CENTRAL,244,1,0,56
2025-10-20,P1033,WH-CENTRAL,242,2,0,56
2025-10-21,P1033,WH-CENTRAL,241,1,0,56
2025-10-22,P1033,WH-CENTRAL,240,1,0,56
2025-10-23,P1033,WH-CENTRAL,236,4,0,56
2025-10-24,P1033,WH-CENTRAL,234,2,0,56
2025-10-25,P1033,WH-CENTRAL,233,1,0,56
2025-10-26,P1033,WH-CENTRAL,231,2,0,56
2025-10-27,P1033,WH-CENTRAL,230,1,0,56
2025-10-28,P1033,WH-CENTRAL,229,1,0,56
2025-10-29,P1033,WH-CENTRAL,227,2,0,56
2025-10-30,P1033,WH-CENTRAL,226,1,0,56
2025-10-31,P1033,WH-CENTRAL,226,0,0,56
2025-11-01,P1033,WH-CENTRAL,226,0,0,56
2025-11-02,P1033,WH-CENTRAL,225,1,0,56
2025-11-03,P1033,WH-CENTRAL,225,0,0,56
2025-11-04,P1033,WH-CENTRAL,219,6,0,56
2025-11-05,P1033,WH-CENTRAL,217,2,0,56
2025-11-06,P1033,WH-CENTRAL,215,2,0,56
2025-11-07,P1033,WH-CENTRAL,212,3,0,56
2025-11-08,P1033,WH-CENTRAL,211,1,0,56
2025-11-09,P1033,WH-CENTRAL,210,1,0,56
2025-11-10,P1033,WH-CENTRAL,209,1,0,56
2025-11-11,P1033,WH-CENTRAL,205,4,0,56
2025-11-12,P1033,WH-CENTRAL,205,0,0,56
2025-11-13,P1033,WH-CENTRAL,204,1,0,56
2025-11-14,P1033,WH-CENTRAL,203,1,0,56
2025-11-15,P1033,WH-CENTRAL,199,4,0,56
2025-11-16,P1033,WH-CENTRAL,197,2,0,56
2025-11-17,P1033,WH-CENTRAL,195,2,0,56
2025-11-18,P1033,WH-CENTRAL,194,1,0,56
2025-11-19,P1033,WH-CENTRAL,194,0,0,56
2025-11-20,P1033,WH-CENTRAL,191,3,0,56
2025-11-21,P1033,WH-CENTRAL,190,1,0,56
2025-11-22,P1033,WH-CENTRAL,190,0,0,56
2025-11-23,P1033,WH-CENTRAL,190,0,0,56
2025-11-24,P1033,WH-CENTRAL,189,1,0,56
2025-11-25,P1033,WH-CENTRAL,189,0,0,56
2025-11-26,P1033,WH-CENTRAL,189,0,0,56
2025-11-27,P1033,WH-CENTRAL,186,3,0,56
2025-11-28,P1033,WH-CENTRAL,185,1,0,56
2025-11-29,P1033,WH-CENTRAL,184,1,0,56
2025-11-30,P1033,WH-CENTRAL,184,0,0,56
2025-12-01,P1033,WH-CENTRAL,181,3,0,56
2025-12-02,P1033,WH-CENTRAL,180,1,0,56
2025-12-03,P1033,WH-CENTRAL,179,1,0,56
2025-12-04,P1033,WH-CENTRAL,178,1,0,56
2025-12-05,P1033,WH-CENTRAL,174,4,0,56
2025-12-06,P1033,WH-CENTRAL,174,0,0,56
2025-12-07,P1033,WH-CENTRAL,169,5,0,56
2025-12-08,P1033,WH-CENTRAL,168,1,0,56
2025-12-09,P1033,WH-CENTRAL,165,3,0,56
2025-12-10,P1033,WH-CENTRAL,164,1,0,56
2025-12-11,P1033,WH-CENTRAL,162,2,0,56
2025-12-12,P1033,WH-CENTRAL,161,1,0,56
2025-12-13,P1033,WH-CENTRAL,159,2,0,56
2025-12-14,P1033,WH-CENTRAL,156,3,0,56
2025-12-15,P1033,WH-CENTRAL,155,1,0,56
2025-12-16,P1033,WH-CENTRAL,153,2,0,56
2025-12-17,P1033,WH-CENTRAL,153,0,0,56
2025-12-18,P1033,WH-CENTRAL,152,1,0,56
2025-12-19,P1033,WH-CENTRAL,148,4,0,56
2025-12-20,P1033,WH-CENTRAL,146,2,0,56
2025-12-21,P1033,WH-CENTRAL,144,2,0,56
2025-12-22,P1033,WH-CENTRAL,142,2,0,56
2025-12-23,P1033,WH-CENTRAL,140,2,0,56
2025-12-24,P1033,WH-CENTRAL,139,1,0,56
2025-12-25,P1033,WH-CENTRAL,137,2,0,56
2025-12-26,P1033,WH-CENTRAL,135,2,0,56
2025-12-27,P1033,WH-CENTRAL,134,1,0,56
2025-12-28,P1033,WH-CENTRAL,133,1,0,56
2025-12-29,P1033,WH-CENTRAL,130,3,0,56
2025-12-30,P1033,WH-CENTRAL,130,0,0,56
2025-12-31,P1033,WH-CENTRAL,129,1,0,56
2026-01-01,P1033,WH-CENTRAL,125,4,0,56
2026-01-02,P1033,WH-CENTRAL,119,6,0,56
2026-01-03,P1033,WH-CENTRAL,115,4,0,56
2026-01-04,P1033,WH-CENTRAL,113,2,0,56
2026-01-05,P1033,WH-CENTRAL,110,3,0,56
2026-01-06,P1033,WH-CENTRAL,110,0,0,56
2026-01-07,P1033,WH-CENTRAL,108,2,0,56
2026-01-08,P1033,WH-CENTRAL,107,1,0,56
2026-01-09,P1033,WH-CENTRAL,107,0,0,56
2026-01-10,P1033,WH-CENTRAL,105,2,0,56
2026-01-11,P1033,WH-CENTRAL,104,1,0,56
2026-01-12,P1033,WH-CENTRAL,103,1,0,56
2026-01-13,P1033,WH-CENTRAL,101,2,0,56
2026-01-14,P1033,WH-CENTRAL,100,1,0,56
2026-01-15,P1033,WH-CENTRAL,99,1,0,56
2026-01-16,P1033,WH-CENTRAL,98,1,0,56
2026-01-17,P1033,WH-CENTRAL,97,1,0,56
2026-01-18,P1033,WH-CENTRAL,97,0,0,56
2026-01-19,P1033,WH-CENTRAL,96,1,0,56
2026-01-20,P1033,WH-CENTRAL,93,3,0,56
2026-01-21,P1033,WH-CENTRAL,88,5,0,56
2026-01-22,P1033,WH-CENTRAL,88,0,0,56
2026-01-23,P1033,WH-CENTRAL,87,1,0,56
2026-01-24,P1033,WH-CENTRAL,85,2,0,56
2026-01-25,P1033,WH-CENTRAL,84,1,0,56
2026-01-26,P1033,WH-CENTRAL,83,1,0,56
2026-01-27,P1033,WH-CENTRAL,83,0,0,56
2026-01-28,P1033,WH-CENTRAL,80,3,0,56
2026-01-29,P1033,WH-CENTRAL,80,0,0,56
2026-01-30,P1033,WH-CENTRAL,80,0,0,56
2026-01-31,P1033,WH-CENTRAL,79,1,0,56
2026-02-01,P1033,WH-CENTRAL,77,2,0,56
2026-02-02,P1033,WH-CENTRAL,76,1,0,56
2026-02-03,P1033,WH-CENTRAL,76,0,0,56
2026-02-04,P1033,WH-CENTRAL,76,0,0,56
2026-02-05,P1033,WH-CENTRAL,72,4,0,56
2026-02-06,P1033,WH-CENTRAL,71,1,0,56
2026-02-07,P1033,WH-CENTRAL,70,1,0,56
2026-02-08,P1033,WH-CENTRAL,69,1,0,56
2026-02-09,P1033,WH-CENTRAL,69,0,0,56
2026-02-10,P1033,WH-CENTRAL,69,0,0,56
2026-02-11,P1033,WH-CENTRAL,69,0,0,56
2026-02-12,P1033,WH-CENTRAL,65,4,0,56
2026-02-13,P1033,WH-CENTRAL,62,3,0,56
2026-02-14,P1033,WH-CENTRAL,62,0,0,56
2026-02-15,P1033,WH-CENTRAL,61,1,0,56
2026-02-16,P1033,WH-CENTRAL,60,1,0,56
2026-02-17,P1033,WH-CENTRAL,59,1,0,56
2026-02-18,P1033,WH-CENTRAL,260,3,204,56
2026-02-19,P1033,WH-CENTRAL,259,1,0,56
2026-02-20,P1033,WH-CENTRAL,256,3,0,56
2026-02-21,P1033,WH-CENTRAL,255,1,0,56
2026-02-22,P1033,WH-CENTRAL,255,0,0,56
2026-02-23,P1033,WH-CENTRAL,254,1,0,56
2026-02-24,P1033,WH-CENTRAL,251,3,0,56
2026-02-25,P1033,WH-CENTRAL,248,3,0,56
2026-02-26,P1033,WH-CENTRAL,248,0,0,56
2026-02-27,P1033,WH-CENTRAL,245,3,0,56
2026-02-28,P1033,WH-CENTRAL,245,0,0,56
2026-03-01,P1033,WH-CENTRAL,243,2,0,56
2026-03-02,P1033,WH-CENTRAL,243,0,0,56
2026-03-03,P1033,WH-CENTRAL,242,1,0,56
2026-03-04,P1033,WH-CENTRAL,242,0,0,56
2026-03-05,P1033,WH-CENTRAL,241,1,0,56
2026-03-06,P1033,WH-CENTRAL,241,0,0,56
2026-03-07,P1033,WH-CENTRAL,239,2,0,56
2026-03-08,P1033,WH-CENTRAL,238,1,0,56
2026-03-09,P1033,WH-CENTRAL,235,3,0,56
2026-03-10,P1033,WH-CENTRAL,234,1,0,56
2026-03-11,P1033,WH-CENTRAL,233,1,0,56
2026-03-12,P1033,WH-CENTRAL,232,1,0,56
2026-03-13,P1033,WH-CENTRAL,231,1,0,56
2026-03-14,P1033,WH-CENTRAL,228,3,0,56
2026-03-15,P1033,WH-CENTRAL,228,0,0,56
2026-03-16,P1033,WH-CENTRAL,227,1,0,56
2026-03-17,P1033,WH-CENTRAL,227,0,0,56
2026-03-18,P1033,WH-CENTRAL,227,0,0,56
2026-03-19,P1033,WH-CENTRAL,225,2,0,56
2026-03-20,P1033,WH-CENTRAL,224,1,0,56
2026-03-21,P1033,WH-CENTRAL,224,0,0,56
2026-03-22,P1033,WH-CENTRAL,222,2,0,56
2026-03-23,P1033,WH-CENTRAL,220,2,0,56
2026-03-24,P1033,WH-CENTRAL,219,1,0,56
2026-03-25,P1033,WH-CENTRAL,218,1,0,56
2026-03-26,P1033,WH-CENTRAL,218,0,0,56
2026-03-27,P1033,WH-CENTRAL,217,1,0,56
2026-03-28,P1033,WH-CENTRAL,216,1,0,56
2026-03-29,P1033,WH-CENTRAL,216,0,0,56
2026-03-30,P1033,WH-CENTRAL,215,1,0,56
2026-03-31,P1033,WH-CENTRAL,214,1,0,56
2026-04-01,P1033,WH-CENTRAL,212,2,0,56
2026-04-02,P1033,WH-CENTRAL,209,3,0,56
2026-04-03,P1033,WH-CENTRAL,206,3,0,56
2026-04-04,P1033,WH-CENTRAL,206,0,0,56
2026-04-05,P1033,WH-CENTRAL,204,2,0,56
2026-04-06,P1033,WH-CENTRAL,203,1,0,56
2026-04-07,P1033,WH-CENTRAL,203,0,0,56
2026-04-08,P1033,WH-CENTRAL,202,1,0,56
2026-04-09,P1033,WH-CENTRAL,200,2,0,56
2026-04-10,P1033,WH-CENTRAL,200,0,0,56
2026-04-11,P1033,WH-CENTRAL,198,2,0,56
2026-04-12,P1033,WH-CENTRAL,198,0,0,56
2026-04-13,P1033,WH-CENTRAL,198,0,0,56
2026-04-14,P1033,WH-CENTRAL,198,0,0,56
2026-04-15,P1033,WH-CENTRAL,197,1,0,56
2026-04-16,P1033,WH-CENTRAL,197,0,0,56
2026-04-17,P1033,WH-CENTRAL,197,0,0,56
2026-04-18,P1033,WH-CENTRAL,197,0,0,56
2026-04-19,P1033,WH-CENTRAL,195,2,0,56
2026-04-20,P1033,WH-CENTRAL,194,1,0,56
2026-04-21,P1033,WH-CENTRAL,193,1,0,56
2026-04-22,P1033,WH-CENTRAL,192,1,0,56
2026-04-23,P1033,WH-CENTRAL,191,1,0,56
2026-04-24,P1033,WH-CENTRAL,190,1,0,56
2026-04-25,P1033,WH-CENTRAL,190,0,0,56
2026-04-26,P1033,WH-CENTRAL,190,0,0,56
2026-04-27,P1033,WH-CENTRAL,190,0,0,56
2026-04-28,P1033,WH-CENTRAL,190,0,0,56
2026-04-29,P1033,WH-CENTRAL,187,3,0,56
2026-04-30,P1033,WH-CENTRAL,186,1,0,56
2026-05-01,P1033,WH-CENTRAL,186,0,0,56
2026-05-02,P1033,WH-CENTRAL,185,1,0,56
2026-05-03,P1033,WH-CENTRAL,184,1,0,56
2026-05-04,P1033,WH-CENTRAL,183,1,0,56
2026-05-05,P1033,WH-CENTRAL,183,0,0,56
2026-05-06,P1033,WH-CENTRAL,182,1,0,56
2026-05-07,P1033,WH-CENTRAL,182,0,0,56
2026-05-08,P1033,WH-CENTRAL,182,0,0,56
2026-05-09,P1033,WH-CENTRAL,182,0,0,56
2026-05-10,P1033,WH-CENTRAL,181,1,0,56
2026-05-11,P1033,WH-CENTRAL,181,0,0,56
2026-05-12,P1033,WH-CENTRAL,181,0,0,56
2026-05-13,P1033,WH-CENTRAL,180,1,0,56
2026-05-14,P1033,WH-CENTRAL,180,0,0,56
2026-05-15,P1033,WH-CENTRAL,178,2,0,56
2026-05-16,P1033,WH-CENTRAL,176,2,0,56
2026-05-17,P1033,WH-CENTRAL,175,1,0,56
2026-05-18,P1033,WH-CENTRAL,175,0,0,56
2026-05-19,P1033,WH-CENTRAL,175,0,0,56
2026-05-20,P1033,WH-CENTRAL,174,1,0,56
2026-05-21,P1033,WH-CENTRAL,174,0,0,56
2026-05-22,P1033,WH-CENTRAL,173,1,0,56
2026-05-23,P1033,WH-CENTRAL,172,1,0,56
2026-05-24,P1033,WH-CENTRAL,172,0,0,56
2026-05-25,P1033,WH-CENTRAL,172,0,0,56
2026-05-26,P1033,WH-CENTRAL,171,1,0,56
2026-05-27,P1033,WH-CENTRAL,171,0,0,56
2026-05-28,P1033,WH-CENTRAL,171,0,0,56
2026-05-29,P1033,WH-CENTRAL,171,0,0,56
2026-05-30,P1033,WH-CENTRAL,170,1,0,56
2026-05-31,P1033,WH-CENTRAL,168,2,0,56
2026-06-01,P1033,WH-CENTRAL,167,1,0,56
2026-06-02,P1033,WH-CENTRAL,167,0,0,56
2026-06-03,P1033,WH-CENTRAL,167,0,0,56
2026-06-04,P1033,WH-CENTRAL,167,0,0,56
2026-06-05,P1033,WH-CENTRAL,167,0,0,56
2026-06-06,P1033,WH-CENTRAL,166,1,0,56
2026-06-07,P1033,WH-CENTRAL,164,2,0,56
2026-06-08,P1033,WH-CENTRAL,164,0,0,56
2026-06-09,P1033,WH-CENTRAL,163,1,0,56
2026-06-10,P1033,WH-CENTRAL,161,2,0,56
2026-06-11,P1033,WH-CENTRAL,161,0,0,56
2026-06-12,P1033,WH-CENTRAL,161,0,0,56
2026-06-13,P1033,WH-CENTRAL,159,2,0,56
2026-06-14,P1033,WH-CENTRAL,158,1,0,56
2026-06-15,P1033,WH-CENTRAL,156,2,0,56
2026-06-16,P1033,WH-CENTRAL,155,1,0,56
2026-06-17,P1033,WH-CENTRAL,155,0,0,56
2026-06-18,P1033,WH-CENTRAL,153,2,0,56
2026-06-19,P1033,WH-CENTRAL,153,0,0,56
2026-06-20,P1033,WH-CENTRAL,153,0,0,56
2026-06-21,P1033,WH-CENTRAL,151,2,0,56
2026-06-22,P1033,WH-CENTRAL,151,0,0,56
2026-06-23,P1033,WH-CENTRAL,150,1,0,56
2026-06-24,P1033,WH-CENTRAL,150,0,0,56
2026-06-25,P1033,WH-CENTRAL,149,1,0,56
2026-06-26,P1033,WH-CENTRAL,149,0,0,56
2026-06-27,P1033,WH-CENTRAL,149,0,0,56
2026-06-28,P1033,WH-CENTRAL,149,0,0,56
2026-06-29,P1033,WH-CENTRAL,146,3,0,56
2026-06-30,P1033,WH-CENTRAL,146,0,0,56
2026-07-01,P1033,WH-CENTRAL,145,1,0,56
2026-07-02,P1033,WH-CENTRAL,144,1,0,56
2026-07-03,P1033,WH-CENTRAL,144,0,0,56
2026-07-04,P1033,WH-CENTRAL,143,1,0,56
2026-07-05,P1033,WH-CENTRAL,140,3,0,56
2026-07-06,P1033,WH-CENTRAL,139,1,0,56
2026-07-07,P1033,WH-CENTRAL,137,2,0,56
2026-07-08,P1033,WH-CENTRAL,136,1,0,56
2026-07-09,P1033,WH-CENTRAL,136,0,0,56
2026-07-10,P1033,WH-CENTRAL,136,0,0,56
2026-07-11,P1033,WH-CENTRAL,135,1,0,56
2026-07-12,P1033,WH-CENTRAL,134,1,0,56
2026-07-13,P1033,WH-CENTRAL,134,0,0,56
2026-07-14,P1033,WH-CENTRAL,134,0,0,56
2026-07-15,P1033,WH-CENTRAL,134,0,0,56
2026-07-16,P1033,WH-CENTRAL,134,0,0,56
2026-07-17,P1033,WH-CENTRAL,133,1,0,56
2026-07-18,P1033,WH-CENTRAL,131,2,0,56
2026-07-19,P1033,WH-CENTRAL,131,0,0,56
2026-07-20,P1033,WH-CENTRAL,130,1,0,56
2026-07-21,P1033,WH-CENTRAL,129,1,0,56
2026-07-22,P1033,WH-CENTRAL,128,1,0,56
2026-07-23,P1033,WH-CENTRAL,125,3,0,56
2026-07-24,P1033,WH-CENTRAL,125,0,0,56
2026-07-25,P1033,WH-CENTRAL,124,1,0,56
2026-07-26,P1033,WH-CENTRAL,124,0,0,56
2026-07-27,P1033,WH-CENTRAL,124,0,0,56
2026-07-28,P1033,WH-CENTRAL,124,0,0,56
2026-07-29,P1033,WH-CENTRAL,124,0,0,56
2026-07-30,P1033,WH-CENTRAL,124,0,0,56
2026-07-31,P1033,WH-CENTRAL,124,0,0,56
2026-08-01,P1033,WH-CENTRAL,124,0,0,56
2026-08-02,P1033,WH-CENTRAL,124,0,0,56
2026-08-03,P1033,WH-CENTRAL,123,1,0,56
2026-08-04,P1033,WH-CENTRAL,123,0,0,56
2026-08-05,P1033,WH-CENTRAL,123,0,0,56
2026-08-06,P1033,WH-CENTRAL,122,1,0,56
2026-08-07,P1033,WH-CENTRAL,121,1,0,56
2026-08-08,P1033,WH-CENTRAL,121,0,0,56
2026-08-09,P1033,WH-CENTRAL,121,0,0,56
2026-08-10,P1033,WH-CENTRAL,121,0,0,56
2026-08-11,P1033,WH-CENTRAL,121,0,0,56
2026-08-12,P1033,WH-CENTRAL,121,0,0,56
2026-08-13,P1033,WH-CENTRAL,121,0,0,56
2025-08-15,P1034,WH-WEST,73,4,0,26
2025-08-16,P1034,WH-WEST,70,3,0,26
2025-08-17,P1034,WH-WEST,66,4,0,26
2025-08-18,P1034,WH-WEST,64,2,0,26
2025-08-19,P1034,WH-WEST,58,6,0,26
2025-08-20,P1034,WH-WEST,57,1,0,26
2025-08-21,P1034,WH-WEST,54,3,0,26
2025-08-22,P1034,WH-WEST,51,3,0,26
2025-08-23,P1034,WH-WEST,48,3,0,26
2025-08-24,P1034,WH-WEST,43,5,0,26
2025-08-25,P1034,WH-WEST,40,3,0,26
2025-08-26,P1034,WH-WEST,36,4,0,26
2025-08-27,P1034,WH-WEST,32,4,0,26
2025-08-28,P1034,WH-WEST,125,8,101,26
2025-08-29,P1034,WH-WEST,121,4,0,26
2025-08-30,P1034,WH-WEST,118,3,0,26
2025-08-31,P1034,WH-WEST,112,6,0,26
2025-09-01,P1034,WH-WEST,111,1,0,26
2025-09-02,P1034,WH-WEST,107,4,0,26
2025-09-03,P1034,WH-WEST,104,3,0,26
2025-09-04,P1034,WH-WEST,99,5,0,26
2025-09-05,P1034,WH-WEST,95,4,0,26
2025-09-06,P1034,WH-WEST,89,6,0,26
2025-09-07,P1034,WH-WEST,86,3,0,26
2025-09-08,P1034,WH-WEST,82,4,0,26
2025-09-09,P1034,WH-WEST,79,3,0,26
2025-09-10,P1034,WH-WEST,74,5,0,26
2025-09-11,P1034,WH-WEST,69,5,0,26
2025-09-12,P1034,WH-WEST,67,2,0,26
2025-09-13,P1034,WH-WEST,60,7,0,26
2025-09-14,P1034,WH-WEST,53,7,0,26
2025-09-15,P1034,WH-WEST,49,4,0,26
2025-09-16,P1034,WH-WEST,43,6,0,26
2025-09-17,P1034,WH-WEST,39,4,0,26
2025-09-18,P1034,WH-WEST,36,3,0,26
2025-09-19,P1034,WH-WEST,33,3,0,26
2025-09-20,P1034,WH-WEST,127,7,101,26
2025-09-21,P1034,WH-WEST,121,6,0,26
2025-09-22,P1034,WH-WEST,121,0,0,26
2025-09-23,P1034,WH-WEST,116,5,0,26
2025-09-24,P1034,WH-WEST,111,5,0,26
2025-09-25,P1034,WH-WEST,107,4,0,26
2025-09-26,P1034,WH-WEST,104,3,0,26
2025-09-27,P1034,WH-WEST,101,3,0,26
2025-09-28,P1034,WH-WEST,96,5,0,26
2025-09-29,P1034,WH-WEST,92,4,0,26
2025-09-30,P1034,WH-WEST,89,3,0,26
2025-10-01,P1034,WH-WEST,85,4,0,26
2025-10-02,P1034,WH-WEST,79,6,0,26
2025-10-03,P1034,WH-WEST,77,2,0,26
2025-10-04,P1034,WH-WEST,72,5,0,26
2025-10-05,P1034,WH-WEST,65,7,0,26
2025-10-06,P1034,WH-WEST,60,5,0,26
2025-10-07,P1034,WH-WEST,56,4,0,26
2025-10-08,P1034,WH-WEST,51,5,0,26
2025-10-09,P1034,WH-WEST,47,4,0,26
2025-10-10,P1034,WH-WEST,42,5,0,26
2025-10-11,P1034,WH-WEST,41,1,0,26
2025-10-12,P1034,WH-WEST,36,5,0,26
2025-10-13,P1034,WH-WEST,31,5,0,26
2025-10-14,P1034,WH-WEST,127,5,101,26
2025-10-15,P1034,WH-WEST,125,2,0,26
2025-10-16,P1034,WH-WEST,121,4,0,26
2025-10-17,P1034,WH-WEST,116,5,0,26
2025-10-18,P1034,WH-WEST,112,4,0,26
2025-10-19,P1034,WH-WEST,106,6,0,26
2025-10-20,P1034,WH-WEST,102,4,0,26
2025-10-21,P1034,WH-WEST,100,2,0,26
2025-10-22,P1034,WH-WEST,92,8,0,26
2025-10-23,P1034,WH-WEST,89,3,0,26
2025-10-24,P1034,WH-WEST,83,6,0,26
2025-10-25,P1034,WH-WEST,70,13,0,26
2025-10-26,P1034,WH-WEST,64,6,0,26
2025-10-27,P1034,WH-WEST,60,4,0,26
2025-10-28,P1034,WH-WEST,55,5,0,26
2025-10-29,P1034,WH-WEST,49,6,0,26
2025-10-30,P1034,WH-WEST,47,2,0,26
2025-10-31,P1034,WH-WEST,38,9,0,26
2025-11-01,P1034,WH-WEST,32,6,0,26
2025-11-02,P1034,WH-WEST,30,2,0,26
2025-11-03,P1034,WH-WEST,126,5,101,26
2025-11-04,P1034,WH-WEST,123,3,0,26
2025-11-05,P1034,WH-WEST,120,3,0,26
2025-11-06,P1034,WH-WEST,117,3,0,26
2025-11-07,P1034,WH-WEST,113,4,0,26
2025-11-08,P1034,WH-WEST,103,10,0,26
2025-11-09,P1034,WH-WEST,97,6,0,26
2025-11-10,P1034,WH-WEST,94,3,0,26
2025-11-11,P1034,WH-WEST,87,7,0,26
2025-11-12,P1034,WH-WEST,84,3,0,26
2025-11-13,P1034,WH-WEST,78,6,0,26
2025-11-14,P1034,WH-WEST,75,3,0,26
2025-11-15,P1034,WH-WEST,72,3,0,26
2025-11-16,P1034,WH-WEST,66,6,0,26
2025-11-17,P1034,WH-WEST,63,3,0,26
2025-11-18,P1034,WH-WEST,61,2,0,26
2025-11-19,P1034,WH-WEST,54,7,0,26
2025-11-20,P1034,WH-WEST,52,2,0,26
2025-11-21,P1034,WH-WEST,47,5,0,26
2025-11-22,P1034,WH-WEST,42,5,0,26
2025-11-23,P1034,WH-WEST,37,5,0,26
2025-11-24,P1034,WH-WEST,32,5,0,26
2025-11-25,P1034,WH-WEST,127,6,101,26
2025-11-26,P1034,WH-WEST,121,6,0,26
2025-11-27,P1034,WH-WEST,117,4,0,26
2025-11-28,P1034,WH-WEST,112,5,0,26
2025-11-29,P1034,WH-WEST,101,11,0,26
2025-11-30,P1034,WH-WEST,97,4,0,26
2025-12-01,P1034,WH-WEST,90,7,0,26
2025-12-02,P1034,WH-WEST,85,5,0,26
2025-12-03,P1034,WH-WEST,83,2,0,26
2025-12-04,P1034,WH-WEST,77,6,0,26
2025-12-05,P1034,WH-WEST,71,6,0,26
2025-12-06,P1034,WH-WEST,62,9,0,26
2025-12-07,P1034,WH-WEST,58,4,0,26
2025-12-08,P1034,WH-WEST,55,3,0,26
2025-12-09,P1034,WH-WEST,49,6,0,26
2025-12-10,P1034,WH-WEST,46,3,0,26
2025-12-11,P1034,WH-WEST,42,4,0,26
2025-12-12,P1034,WH-WEST,41,1,0,26
2025-12-13,P1034,WH-WEST,37,4,0,26
2025-12-14,P1034,WH-WEST,33,4,0,26
2025-12-15,P1034,WH-WEST,126,8,101,26
2025-12-16,P1034,WH-WEST,118,8,0,26
2025-12-17,P1034,WH-WEST,112,6,0,26
2025-12-18,P1034,WH-WEST,107,5,0,26
2025-12-19,P1034,WH-WEST,104,3,0,26
2025-12-20,P1034,WH-WEST,100,4,0,26
2025-12-21,P1034,WH-WEST,96,4,0,26
2025-12-22,P1034,WH-WEST,92,4,0,26
2025-12-23,P1034,WH-WEST,91,1,0,26
2025-12-24,P1034,WH-WEST,86,5,0,26
2025-12-25,P1034,WH-WEST,81,5,0,26
2025-12-26,P1034,WH-WEST,75,6,0,26
2025-12-27,P1034,WH-WEST,71,4,0,26
2025-12-28,P1034,WH-WEST,63,8,0,26
2025-12-29,P1034,WH-WEST,61,2,0,26
2025-12-30,P1034,WH-WEST,59,2,0,26
2025-12-31,P1034,WH-WEST,54,5,0,26
2026-01-01,P1034,WH-WEST,48,6,0,26
2026-01-02,P1034,WH-WEST,44,4,0,26
2026-01-03,P1034,WH-WEST,38,6,0,26
2026-01-04,P1034,WH-WEST,35,3,0,26
2026-01-05,P1034,WH-WEST,31,4,0,26
2026-01-06,P1034,WH-WEST,28,3,0,26
2026-01-07,P1034,WH-WEST,126,3,101,26
2026-01-08,P1034,WH-WEST,121,5,0,26
2026-01-09,P1034,WH-WEST,113,8,0,26
2026-01-10,P1034,WH-WEST,111,2,0,26
2026-01-11,P1034,WH-WEST,108,3,0,26
2026-01-12,P1034,WH-WEST,107,1,0,26
2026-01-13,P1034,WH-WEST,101,6,0,26
2026-01-14,P1034,WH-WEST,94,7,0,26
2026-01-15,P1034,WH-WEST,90,4,0,26
2026-01-16,P1034,WH-WEST,88,2,0,26
2026-01-17,P1034,WH-WEST,83,5,0,26
2026-01-18,P1034,WH-WEST,78,5,0,26
2026-01-19,P1034,WH-WEST,74,4,0,26
2026-01-20,P1034,WH-WEST,70,4,0,26
2026-01-21,P1034,WH-WEST,65,5,0,26
2026-01-22,P1034,WH-WEST,59,6,0,26
2026-01-23,P1034,WH-WEST,53,6,0,26
2026-01-24,P1034,WH-WEST,50,3,0,26
2026-01-25,P1034,WH-WEST,49,1,0,26
2026-01-26,P1034,WH-WEST,47,2,0,26
2026-01-27,P1034,WH-WEST,45,2,0,26
2026-01-28,P1034,WH-WEST,39,6,0,26
2026-01-29,P1034,WH-WEST,36,3,0,26
2026-01-30,P1034,WH-WEST,35,1,0,26
2026-01-31,P1034,WH-WEST,32,3,0,26
2026-02-01,P1034,WH-WEST,29,3,0,26
2026-02-02,P1034,WH-WEST,29,0,0,26
2026-02-03,P1034,WH-WEST,125,5,101,26
2026-02-04,P1034,WH-WEST,120,5,0,26
2026-02-05,P1034,WH-WEST,117,3,0,26
2026-02-06,P1034,WH-WEST,115,2,0,26
2026-02-07,P1034,WH-WEST,111,4,0,26
2026-02-08,P1034,WH-WEST,108,3,0,26
2026-02-09,P1034,WH-WEST,103,5,0,26
2026-02-10,P1034,WH-WEST,99,4,0,26
2026-02-11,P1034,WH-WEST,94,5,0,26
2026-02-12,P1034,WH-WEST,90,4,0,26
2026-02-13,P1034,WH-WEST,89,1,0,26
2026-02-14,P1034,WH-WEST,84,5,0,26
2026-02-15,P1034,WH-WEST,80,4,0,26
2026-02-16,P1034,WH-WEST,76,4,0,26
2026-02-17,P1034,WH-WEST,73,3,0,26
2026-02-18,P1034,WH-WEST,68,5,0,26
2026-02-19,P1034,WH-WEST,65,3,0,26
2026-02-20,P1034,WH-WEST,63,2,0,26
2026-02-21,P1034,WH-WEST,57,6,0,26
2026-02-22,P1034,WH-WEST,55,2,0,26
2026-02-23,P1034,WH-WEST,53,2,0,26
2026-02-24,P1034,WH-WEST,44,9,0,26
2026-02-25,P1034,WH-WEST,40,4,0,26
2026-02-26,P1034,WH-WEST,37,3,0,26
2026-02-27,P1034,WH-WEST,32,5,0,26
2026-02-28,P1034,WH-WEST,29,3,0,26
2026-03-01,P1034,WH-WEST,28,1,0,26
2026-03-02,P1034,WH-WEST,126,3,101,26
2026-03-03,P1034,WH-WEST,123,3,0,26
2026-03-04,P1034,WH-WEST,122,1,0,26
2026-03-05,P1034,WH-WEST,118,4,0,26
2026-03-06,P1034,WH-WEST,113,5,0,26
2026-03-07,P1034,WH-WEST,108,5,0,26
2026-03-08,P1034,WH-WEST,105,3,0,26
2026-03-09,P1034,WH-WEST,103,2,0,26
2026-03-10,P1034,WH-WEST,101,2,0,26
2026-03-11,P1034,WH-WEST,97,4,0,26
2026-03-12,P1034,WH-WEST,91,6,0,26
2026-03-13,P1034,WH-WEST,88,3,0,26
2026-03-14,P1034,WH-WEST,84,4,0,26
2026-03-15,P1034,WH-WEST,80,4,0,26
2026-03-16,P1034,WH-WEST,75,5,0,26
2026-03-17,P1034,WH-WEST,72,3,0,26
2026-03-18,P1034,WH-WEST,71,1,0,26
2026-03-19,P1034,WH-WEST,65,6,0,26
2026-03-20,P1034,WH-WEST,65,0,0,26
2026-03-21,P1034,WH-WEST,59,6,0,26
2026-03-22,P1034,WH-WEST,57,2,0,26
2026-03-23,P1034,WH-WEST,53,4,0,26
2026-03-24,P1034,WH-WEST,50,3,0,26
2026-03-25,P1034,WH-WEST,47,3,0,26
2026-03-26,P1034,WH-WEST,46,1,0,26
2026-03-27,P1034,WH-WEST,44,2,0,26
2026-03-28,P1034,WH-WEST,41,3,0,26
2026-03-29,P1034,WH-WEST,38,3,0,26
2026-03-30,P1034,WH-WEST,33,5,0,26
2026-03-31,P1034,WH-WEST,32,1,0,26
2026-04-01,P1034,WH-WEST,29,3,0,26
2026-04-02,P1034,WH-WEST,28,1,0,26
2026-04-03,P1034,WH-WEST,122,7,101,26
2026-04-04,P1034,WH-WEST,118,4,0,26
2026-04-05,P1034,WH-WEST,114,4,0,26
2026-04-06,P1034,WH-WEST,112,2,0,26
2026-04-07,P1034,WH-WEST,110,2,0,26
2026-04-08,P1034,WH-WEST,106,4,0,26
2026-04-09,P1034,WH-WEST,103,3,0,26
2026-04-10,P1034,WH-WEST,101,2,0,26
2026-04-11,P1034,WH-WEST,96,5,0,26
2026-04-12,P1034,WH-WEST,94,2,0,26
2026-04-13,P1034,WH-WEST,92,2,0,26
2026-04-14,P1034,WH-WEST,91,1,0,26
2026-04-15,P1034,WH-WEST,85,6,0,26
2026-04-16,P1034,WH-WEST,81,4,0,26
2026-04-17,P1034,WH-WEST,81,0,0,26
2026-04-18,P1034,WH-WEST,77,4,0,26
2026-04-19,P1034,WH-WEST,72,5,0,26
2026-04-20,P1034,WH-WEST,71,1,0,26
2026-04-21,P1034,WH-WEST,69,2,0,26
2026-04-22,P1034,WH-WEST,66,3,0,26
2026-04-23,P1034,WH-WEST,64,2,0,26
2026-04-24,P1034,WH-WEST,61,3,0,26
2026-04-25,P1034,WH-WEST,58,3,0,26
2026-04-26,P1034,WH-WEST,55,3,0,26
2026-04-27,P1034,WH-WEST,54,1,0,26
2026-04-28,P1034,WH-WEST,53,1,0,26
2026-04-29,P1034,WH-WEST,48,5,0,26
2026-04-30,P1034,WH-WEST,46,2,0,26
2026-05-01,P1034,WH-WEST,42,4,0,26
2026-05-02,P1034,WH-WEST,40,2,0,26
2026-05-03,P1034,WH-WEST,39,1,0,26
2026-05-04,P1034,WH-WEST,35,4,0,26
2026-05-05,P1034,WH-WEST,32,3,0,26
2026-05-06,P1034,WH-WEST,27,5,0,26
2026-05-07,P1034,WH-WEST,124,4,101,26
2026-05-08,P1034,WH-WEST,122,2,0,26
2026-05-09,P1034,WH-WEST,116,6,0,26
2026-05-10,P1034,WH-WEST,115,1,0,26
2026-05-11,P1034,WH-WEST,113,2,0,26
2026-05-12,P1034,WH-WEST,113,0,0,26
2026-05-13,P1034,WH-WEST,109,4,0,26
2026-05-14,P1034,WH-WEST,106,3,0,26
2026-05-15,P1034,WH-WEST,103,3,0,26
2026-05-16,P1034,WH-WEST,97,6,0,26
2026-05-17,P1034,WH-WEST,93,4,0,26
2026-05-18,P1034,WH-WEST,93,0,0,26
2026-05-19,P1034,WH-WEST,91,2,0,26
2026-05-20,P1034,WH-WEST,87,4,0,26
2026-05-21,P1034,WH-WEST,86,1,0,26
2026-05-22,P1034,WH-WEST,84,2,0,26
2026-05-23,P1034,WH-WEST,81,3,0,26
2026-05-24,P1034,WH-WEST,78,3,0,26
2026-05-25,P1034,WH-WEST,76,2,0,26
2026-05-26,P1034,WH-WEST,73,3,0,26
2026-05-27,P1034,WH-WEST,72,1,0,26
2026-05-28,P1034,WH-WEST,71,1,0,26
2026-05-29,P1034,WH-WEST,71,0,0,26
2026-05-30,P1034,WH-WEST,68,3,0,26
2026-05-31,P1034,WH-WEST,68,0,0,26
2026-06-01,P1034,WH-WEST,67,1,0,26
2026-06-02,P1034,WH-WEST,64,3,0,26
2026-06-03,P1034,WH-WEST,63,1,0,26
2026-06-04,P1034,WH-WEST,61,2,0,26
2026-06-05,P1034,WH-WEST,56,5,0,26
2026-06-06,P1034,WH-WEST,53,3,0,26
2026-06-07,P1034,WH-WEST,52,1,0,26
2026-06-08,P1034,WH-WEST,49,3,0,26
2026-06-09,P1034,WH-WEST,49,0,0,26
2026-06-10,P1034,WH-WEST,45,4,0,26
2026-06-11,P1034,WH-WEST,43,2,0,26
2026-06-12,P1034,WH-WEST,41,2,0,26
2026-06-13,P1034,WH-WEST,39,2,0,26
2026-06-14,P1034,WH-WEST,35,4,0,26
2026-06-15,P1034,WH-WEST,34,1,0,26
2026-06-16,P1034,WH-WEST,31,3,0,26
2026-06-17,P1034,WH-WEST,30,1,0,26
2026-06-18,P1034,WH-WEST,127,4,101,26
2026-06-19,P1034,WH-WEST,125,2,0,26
2026-06-20,P1034,WH-WEST,122,3,0,26
2026-06-21,P1034,WH-WEST,117,5,0,26
2026-06-22,P1034,WH-WEST,114,3,0,26
2026-06-23,P1034,WH-WEST,112,2,0,26
2026-06-24,P1034,WH-WEST,112,0,0,26
2026-06-25,P1034,WH-WEST,107,5,0,26
2026-06-26,P1034,WH-WEST,105,2,0,26
2026-06-27,P1034,WH-WEST,102,3,0,26
2026-06-28,P1034,WH-WEST,100,2,0,26
2026-06-29,P1034,WH-WEST,98,2,0,26
2026-06-30,P1034,WH-WEST,94,4,0,26
2026-07-01,P1034,WH-WEST,90,4,0,26
2026-07-02,P1034,WH-WEST,87,3,0,26
2026-07-03,P1034,WH-WEST,81,6,0,26
2026-07-04,P1034,WH-WEST,79,2,0,26
2026-07-05,P1034,WH-WEST,76,3,0,26
2026-07-06,P1034,WH-WEST,74,2,0,26
2026-07-07,P1034,WH-WEST,71,3,0,26
2026-07-08,P1034,WH-WEST,71,0,0,26
2026-07-09,P1034,WH-WEST,70,1,0,26
2026-07-10,P1034,WH-WEST,70,0,0,26
2026-07-11,P1034,WH-WEST,67,3,0,26
2026-07-12,P1034,WH-WEST,65,2,0,26
2026-07-13,P1034,WH-WEST,60,5,0,26
2026-07-14,P1034,WH-WEST,59,1,0,26
2026-07-15,P1034,WH-WEST,55,4,0,26
2026-07-16,P1034,WH-WEST,53,2,0,26
2026-07-17,P1034,WH-WEST,51,2,0,26
2026-07-18,P1034,WH-WEST,47,4,0,26
2026-07-19,P1034,WH-WEST,42,5,0,26
2026-07-20,P1034,WH-WEST,39,3,0,26
2026-07-21,P1034,WH-WEST,37,2,0,26
2026-07-22,P1034,WH-WEST,35,2,0,26
2026-07-23,P1034,WH-WEST,33,2,0,26
2026-07-24,P1034,WH-WEST,31,2,0,26
2026-07-25,P1034,WH-WEST,121,11,101,26
2026-07-26,P1034,WH-WEST,120,1,0,26
2026-07-27,P1034,WH-WEST,118,2,0,26
2026-07-28,P1034,WH-WEST,117,1,0,26
2026-07-29,P1034,WH-WEST,109,8,0,26
2026-07-30,P1034,WH-WEST,105,4,0,26
2026-07-31,P1034,WH-WEST,102,3,0,26
2026-08-01,P1034,WH-WEST,99,3,0,26
2026-08-02,P1034,WH-WEST,95,4,0,26
2026-08-03,P1034,WH-WEST,92,3,0,26
2026-08-04,P1034,WH-WEST,88,4,0,26
2026-08-05,P1034,WH-WEST,85,3,0,26
2026-08-06,P1034,WH-WEST,80,5,0,26
2026-08-07,P1034,WH-WEST,77,3,0,26
2026-08-08,P1034,WH-WEST,75,2,0,26
2026-08-09,P1034,WH-WEST,70,5,0,26
2026-08-10,P1034,WH-WEST,67,3,0,26
2026-08-11,P1034,WH-WEST,66,1,0,26
2026-08-12,P1034,WH-WEST,62,4,0,26
2026-08-13,P1034,WH-WEST,61,1,0,26
2025-08-15,P1035,WH-WEST,123,0,0,31
2025-08-16,P1035,WH-WEST,123,0,0,31
2025-08-17,P1035,WH-WEST,123,0,0,31
2025-08-18,P1035,WH-WEST,123,0,0,31
2025-08-19,P1035,WH-WEST,121,2,0,31
2025-08-20,P1035,WH-WEST,119,2,0,31
2025-08-21,P1035,WH-WEST,118,1,0,31
2025-08-22,P1035,WH-WEST,118,0,0,31
2025-08-23,P1035,WH-WEST,116,2,0,31
2025-08-24,P1035,WH-WEST,112,4,0,31
2025-08-25,P1035,WH-WEST,110,2,0,31
2025-08-26,P1035,WH-WEST,108,2,0,31
2025-08-27,P1035,WH-WEST,107,1,0,31
2025-08-28,P1035,WH-WEST,107,0,0,31
2025-08-29,P1035,WH-WEST,105,2,0,31
2025-08-30,P1035,WH-WEST,102,3,0,31
2025-08-31,P1035,WH-WEST,97,5,0,31
2025-09-01,P1035,WH-WEST,97,0,0,31
2025-09-02,P1035,WH-WEST,97,0,0,31
2025-09-03,P1035,WH-WEST,97,0,0,31
2025-09-04,P1035,WH-WEST,96,1,0,31
2025-09-05,P1035,WH-WEST,95,1,0,31
2025-09-06,P1035,WH-WEST,93,2,0,31
2025-09-07,P1035,WH-WEST,89,4,0,31
2025-09-08,P1035,WH-WEST,87,2,0,31
2025-09-09,P1035,WH-WEST,85,2,0,31
2025-09-10,P1035,WH-WEST,85,0,0,31
2025-09-11,P1035,WH-WEST,85,0,0,31
2025-09-12,P1035,WH-WEST,85,0,0,31
2025-09-13,P1035,WH-WEST,85,0,0,31
2025-09-14,P1035,WH-WEST,85,0,0,31
2025-09-15,P1035,WH-WEST,83,2,0,31
2025-09-16,P1035,WH-WEST,81,2,0,31
2025-09-17,P1035,WH-WEST,80,1,0,31
2025-09-18,P1035,WH-WEST,78,2,0,31
2025-09-19,P1035,WH-WEST,77,1,0,31
2025-09-20,P1035,WH-WEST,75,2,0,31
2025-09-21,P1035,WH-WEST,72,3,0,31
2025-09-22,P1035,WH-WEST,71,1,0,31
2025-09-23,P1035,WH-WEST,69,2,0,31
2025-09-24,P1035,WH-WEST,68,1,0,31
2025-09-25,P1035,WH-WEST,66,2,0,31
2025-09-26,P1035,WH-WEST,65,1,0,31
2025-09-27,P1035,WH-WEST,64,1,0,31
2025-09-28,P1035,WH-WEST,62,2,0,31
2025-09-29,P1035,WH-WEST,62,0,0,31
2025-09-30,P1035,WH-WEST,61,1,0,31
2025-10-01,P1035,WH-WEST,60,1,0,31
2025-10-02,P1035,WH-WEST,60,0,0,31
2025-10-03,P1035,WH-WEST,60,0,0,31
2025-10-04,P1035,WH-WEST,58,2,0,31
2025-10-05,P1035,WH-WEST,57,1,0,31
2025-10-06,P1035,WH-WEST,54,3,0,31
2025-10-07,P1035,WH-WEST,54,0,0,31
2025-10-08,P1035,WH-WEST,51,3,0,31
2025-10-09,P1035,WH-WEST,50,1,0,31
2025-10-10,P1035,WH-WEST,48,2,0,31
2025-10-11,P1035,WH-WEST,48,0,0,31
2025-10-12,P1035,WH-WEST,46,2,0,31
2025-10-13,P1035,WH-WEST,45,1,0,31
2025-10-14,P1035,WH-WEST,44,1,0,31
2025-10-15,P1035,WH-WEST,44,0,0,31
2025-10-16,P1035,WH-WEST,43,1,0,31
2025-10-17,P1035,WH-WEST,40,3,0,31
2025-10-18,P1035,WH-WEST,37,3,0,31
2025-10-19,P1035,WH-WEST,36,1,0,31
2025-10-20,P1035,WH-WEST,34,2,0,31
2025-10-21,P1035,WH-WEST,34,0,0,31
2025-10-22,P1035,WH-WEST,34,0,0,31
2025-10-23,P1035,WH-WEST,32,2,0,31
2025-10-24,P1035,WH-WEST,115,2,85,31
2025-10-25,P1035,WH-WEST,115,0,0,31
2025-10-26,P1035,WH-WEST,114,1,0,31
2025-10-27,P1035,WH-WEST,114,0,0,31
2025-10-28,P1035,WH-WEST,112,2,0,31
2025-10-29,P1035,WH-WEST,112,0,0,31
2025-10-30,P1035,WH-WEST,109,3,0,31
2025-10-31,P1035,WH-WEST,108,1,0,31
2025-11-01,P1035,WH-WEST,105,3,0,31
2025-11-02,P1035,WH-WEST,104,1,0,31
2025-11-03,P1035,WH-WEST,103,1,0,31
2025-11-04,P1035,WH-WEST,103,0,0,31
2025-11-05,P1035,WH-WEST,103,0,0,31
2025-11-06,P1035,WH-WEST,100,3,0,31
2025-11-07,P1035,WH-WEST,98,2,0,31
2025-11-08,P1035,WH-WEST,95,3,0,31
2025-11-09,P1035,WH-WEST,92,3,0,31
2025-11-10,P1035,WH-WEST,90,2,0,31
2025-11-11,P1035,WH-WEST,86,4,0,31
2025-11-12,P1035,WH-WEST,84,2,0,31
2025-11-13,P1035,WH-WEST,84,0,0,31
2025-11-14,P1035,WH-WEST,83,1,0,31
2025-11-15,P1035,WH-WEST,80,3,0,31
2025-11-16,P1035,WH-WEST,76,4,0,31
2025-11-17,P1035,WH-WEST,75,1,0,31
2025-11-18,P1035,WH-WEST,73,2,0,31
2025-11-19,P1035,WH-WEST,70,3,0,31
2025-11-20,P1035,WH-WEST,66,4,0,31
2025-11-21,P1035,WH-WEST,65,1,0,31
2025-11-22,P1035,WH-WEST,65,0,0,31
2025-11-23,P1035,WH-WEST,65,0,0,31
2025-11-24,P1035,WH-WEST,64,1,0,31
2025-11-25,P1035,WH-WEST,63,1,0,31
2025-11-26,P1035,WH-WEST,62,1,0,31
2025-11-27,P1035,WH-WEST,59,3,0,31
2025-11-28,P1035,WH-WEST,57,2,0,31
2025-11-29,P1035,WH-WEST,54,3,0,31
2025-11-30,P1035,WH-WEST,53,1,0,31
2025-12-01,P1035,WH-WEST,52,1,0,31
2025-12-02,P1035,WH-WEST,51,1,0,31
2025-12-03,P1035,WH-WEST,50,1,0,31
2025-12-04,P1035,WH-WEST,50,0,0,31
2025-12-05,P1035,WH-WEST,49,1,0,31
2025-12-06,P1035,WH-WEST,46,3,0,31
2025-12-07,P1035,WH-WEST,45,1,0,31
2025-12-08,P1035,WH-WEST,42,3,0,31
2025-12-09,P1035,WH-WEST,39,3,0,31
2025-12-10,P1035,WH-WEST,37,2,0,31
2025-12-11,P1035,WH-WEST,36,1,0,31
2025-12-12,P1035,WH-WEST,116,5,85,31
2025-12-13,P1035,WH-WEST,116,0,0,31
2025-12-14,P1035,WH-WEST,116,0,0,31
2025-12-15,P1035,WH-WEST,114,2,0,31
2025-12-16,P1035,WH-WEST,114,0,0,31
2025-12-17,P1035,WH-WEST,113,1,0,31
2025-12-18,P1035,WH-WEST,111,2,0,31
2025-12-19,P1035,WH-WEST,110,1,0,31
2025-12-20,P1035,WH-WEST,108,2,0,31
2025-12-21,P1035,WH-WEST,106,2,0,31
2025-12-22,P1035,WH-WEST,105,1,0,31
2025-12-23,P1035,WH-WEST,103,2,0,31
2025-12-24,P1035,WH-WEST,102,1,0,31
2025-12-25,P1035,WH-WEST,101,1,0,31
2025-12-26,P1035,WH-WEST,100,1,0,31
2025-12-27,P1035,WH-WEST,100,0,0,31
2025-12-28,P1035,WH-WEST,98,2,0,31
2025-12-29,P1035,WH-WEST,98,0,0,31
2025-12-30,P1035,WH-WEST,97,1,0,31
2025-12-31,P1035,WH-WEST,94,3,0,31
2026-01-01,P1035,WH-WEST,92,2,0,31
2026-01-02,P1035,WH-WEST,91,1,0,31
2026-01-03,P1035,WH-WEST,90,1,0,31
2026-01-04,P1035,WH-WEST,87,3,0,31
2026-01-05,P1035,WH-WEST,86,1,0,31
2026-01-06,P1035,WH-WEST,86,0,0,31
2026-01-07,P1035,WH-WEST,83,3,0,31
2026-01-08,P1035,WH-WEST,81,2,0,31
2026-01-09,P1035,WH-WEST,79,2,0,31
2026-01-10,P1035,WH-WEST,77,2,0,31
2026-01-11,P1035,WH-WEST,74,3,0,31
2026-01-12,P1035,WH-WEST,72,2,0,31
2026-01-13,P1035,WH-WEST,72,0,0,31
2026-01-14,P1035,WH-WEST,72,0,0,31
2026-01-15,P1035,WH-WEST,71,1,0,31
2026-01-16,P1035,WH-WEST,68,3,0,31
2026-01-17,P1035,WH-WEST,66,2,0,31
2026-01-18,P1035,WH-WEST,65,1,0,31
2026-01-19,P1035,WH-WEST,64,1,0,31
2026-01-20,P1035,WH-WEST,64,0,0,31
2026-01-21,P1035,WH-WEST,62,2,0,31
2026-01-22,P1035,WH-WEST,61,1,0,31
2026-01-23,P1035,WH-WEST,59,2,0,31
2026-01-24,P1035,WH-WEST,57,2,0,31
2026-01-25,P1035,WH-WEST,56,1,0,31
2026-01-26,P1035,WH-WEST,56,0,0,31
2026-01-27,P1035,WH-WEST,56,0,0,31
2026-01-28,P1035,WH-WEST,56,0,0,31
2026-01-29,P1035,WH-WEST,54,2,0,31
2026-01-30,P1035,WH-WEST,53,1,0,31
2026-01-31,P1035,WH-WEST,52,1,0,31
2026-02-01,P1035,WH-WEST,51,1,0,31
2026-02-02,P1035,WH-WEST,50,1,0,31
2026-02-03,P1035,WH-WEST,50,0,0,31
2026-02-04,P1035,WH-WEST,50,0,0,31
2026-02-05,P1035,WH-WEST,49,1,0,31
2026-02-06,P1035,WH-WEST,48,1,0,31
2026-02-07,P1035,WH-WEST,47,1,0,31
2026-02-08,P1035,WH-WEST,46,1,0,31
2026-02-09,P1035,WH-WEST,44,2,0,31
2026-02-10,P1035,WH-WEST,43,1,0,31
2026-02-11,P1035,WH-WEST,41,2,0,31
2026-02-12,P1035,WH-WEST,41,0,0,31
2026-02-13,P1035,WH-WEST,40,1,0,31
2026-02-14,P1035,WH-WEST,37,3,0,31
2026-02-15,P1035,WH-WEST,35,2,0,31
2026-02-16,P1035,WH-WEST,35,0,0,31
2026-02-17,P1035,WH-WEST,33,2,0,31
2026-02-18,P1035,WH-WEST,116,2,85,31
2026-02-19,P1035,WH-WEST,115,1,0,31
2026-02-20,P1035,WH-WEST,115,0,0,31
2026-02-21,P1035,WH-WEST,115,0,0,31
2026-02-22,P1035,WH-WEST,113,2,0,31
2026-02-23,P1035,WH-WEST,112,1,0,31
2026-02-24,P1035,WH-WEST,112,0,0,31
2026-02-25,P1035,WH-WEST,110,2,0,31
2026-02-26,P1035,WH-WEST,109,1,0,31
2026-02-27,P1035,WH-WEST,109,0,0,31
2026-02-28,P1035,WH-WEST,109,0,0,31
2026-03-01,P1035,WH-WEST,109,0,0,31
2026-03-02,P1035,WH-WEST,109,0,0,31
2026-03-03,P1035,WH-WEST,109,0,0,31
2026-03-04,P1035,WH-WEST,108,1,0,31
2026-03-05,P1035,WH-WEST,106,2,0,31
2026-03-06,P1035,WH-WEST,106,0,0,31
2026-03-07,P1035,WH-WEST,105,1,0,31
2026-03-08,P1035,WH-WEST,103,2,0,31
2026-03-09,P1035,WH-WEST,103,0,0,31
2026-03-10,P1035,WH-WEST,102,1,0,31
2026-03-11,P1035,WH-WEST,100,2,0,31
2026-03-12,P1035,WH-WEST,99,1,0,31
2026-03-13,P1035,WH-WEST,98,1,0,31
2026-03-14,P1035,WH-WEST,98,0,0,31
2026-03-15,P1035,WH-WEST,98,0,0,31
2026-03-16,P1035,WH-WEST,94,4,0,31
2026-03-17,P1035,WH-WEST,94,0,0,31
2026-03-18,P1035,WH-WEST,94,0,0,31
2026-03-19,P1035,WH-WEST,93,1,0,31
2026-03-20,P1035,WH-WEST,92,1,0,31
2026-03-21,P1035,WH-WEST,92,0,0,31
2026-03-22,P1035,WH-WEST,87,5,0,31
2026-03-23,P1035,WH-WEST,86,1,0,31
2026-03-24,P1035,WH-WEST,85,1,0,31
2026-03-25,P1035,WH-WEST,82,3,0,31
2026-03-26,P1035,WH-WEST,82,0,0,31
2026-03-27,P1035,WH-WEST,82,0,0,31
2026-03-28,P1035,WH-WEST,79,3,0,31
2026-03-29,P1035,WH-WEST,79,0,0,31
2026-03-30,P1035,WH-WEST,78,1,0,31
2026-03-31,P1035,WH-WEST,78,0,0,31
2026-04-01,P1035,WH-WEST,77,1,0,31
2026-04-02,P1035,WH-WEST,77,0,0,31
2026-04-03,P1035,WH-WEST,76,1,0,31
2026-04-04,P1035,WH-WEST,76,0,0,31
2026-04-05,P1035,WH-WEST,75,1,0,31
2026-04-06,P1035,WH-WEST,75,0,0,31
2026-04-07,P1035,WH-WEST,75,0,0,31
2026-04-08,P1035,WH-WEST,75,0,0,31
2026-04-09,P1035,WH-WEST,74,1,0,31
2026-04-10,P1035,WH-WEST,73,1,0,31
2026-04-11,P1035,WH-WEST,73,0,0,31
2026-04-12,P1035,WH-WEST,73,0,0,31
2026-04-13,P1035,WH-WEST,73,0,0,31
2026-04-14,P1035,WH-WEST,73,0,0,31
2026-04-15,P1035,WH-WEST,72,1,0,31
2026-04-16,P1035,WH-WEST,70,2,0,31
2026-04-17,P1035,WH-WEST,69,1,0,31
2026-04-18,P1035,WH-WEST,67,2,0,31
2026-04-19,P1035,WH-WEST,65,2,0,31
2026-04-20,P1035,WH-WEST,64,1,0,31
2026-04-21,P1035,WH-WEST,63,1,0,31
2026-04-22,P1035,WH-WEST,63,0,0,31
2026-04-23,P1035,WH-WEST,62,1,0,31
2026-04-24,P1035,WH-WEST,61,1,0,31
2026-04-25,P1035,WH-WEST,60,1,0,31
2026-04-26,P1035,WH-WEST,59,1,0,31
2026-04-27,P1035,WH-WEST,59,0,0,31
2026-04-28,P1035,WH-WEST,59,0,0,31
2026-04-29,P1035,WH-WEST,59,0,0,31
2026-04-30,P1035,WH-WEST,59,0,0,31
2026-05-01,P1035,WH-WEST,57,2,0,31
2026-05-02,P1035,WH-WEST,56,1,0,31
2026-05-03,P1035,WH-WEST,55,1,0,31
2026-05-04,P1035,WH-WEST,54,1,0,31
2026-05-05,P1035,WH-WEST,53,1,0,31
2026-05-06,P1035,WH-WEST,52,1,0,31
2026-05-07,P1035,WH-WEST,52,0,0,31
2026-05-08,P1035,WH-WEST,51,1,0,31
2026-05-09,P1035,WH-WEST,51,0,0,31
2026-05-10,P1035,WH-WEST,48,3,0,31
2026-05-11,P1035,WH-WEST,47,1,0,31
2026-05-12,P1035,WH-WEST,47,0,0,31
2026-05-13,P1035,WH-WEST,47,0,0,31
2026-05-14,P1035,WH-WEST,44,3,0,31
2026-05-15,P1035,WH-WEST,44,0,0,31
2026-05-16,P1035,WH-WEST,41,3,0,31
2026-05-17,P1035,WH-WEST,39,2,0,31
2026-05-18,P1035,WH-WEST,39,0,0,31
2026-05-19,P1035,WH-WEST,39,0,0,31
2026-05-20,P1035,WH-WEST,38,1,0,31
2026-05-21,P1035,WH-WEST,37,1,0,31
2026-05-22,P1035,WH-WEST,37,0,0,31
2026-05-23,P1035,WH-WEST,35,2,0,31
2026-05-24,P1035,WH-WEST,34,1,0,31
2026-05-25,P1035,WH-WEST,34,0,0,31
2026-05-26,P1035,WH-WEST,33,1,0,31
2026-05-27,P1035,WH-WEST,32,1,0,31
2026-05-28,P1035,WH-WEST,116,1,85,31
2026-05-29,P1035,WH-WEST,115,1,0,31
2026-05-30,P1035,WH-WEST,114,1,0,31
2026-05-31,P1035,WH-WEST,113,1,0,31
2026-06-01,P1035,WH-WEST,112,1,0,31
2026-06-02,P1035,WH-WEST,112,0,0,31
2026-06-03,P1035,WH-WEST,112,0,0,31
2026-06-04,P1035,WH-WEST,108,4,0,31
2026-06-05,P1035,WH-WEST,108,0,0,31
2026-06-06,P1035,WH-WEST,107,1,0,31
2026-06-07,P1035,WH-WEST,107,0,0,31
2026-06-08,P1035,WH-WEST,106,1,0,31
2026-06-09,P1035,WH-WEST,104,2,0,31
2026-06-10,P1035,WH-WEST,103,1,0,31
2026-06-11,P1035,WH-WEST,102,1,0,31
2026-06-12,P1035,WH-WEST,101,1,0,31
2026-06-13,P1035,WH-WEST,101,0,0,31
2026-06-14,P1035,WH-WEST,99,2,0,31
2026-06-15,P1035,WH-WEST,96,3,0,31
2026-06-16,P1035,WH-WEST,95,1,0,31
2026-06-17,P1035,WH-WEST,94,1,0,31
2026-06-18,P1035,WH-WEST,93,1,0,31
2026-06-19,P1035,WH-WEST,92,1,0,31
2026-06-20,P1035,WH-WEST,91,1,0,31
2026-06-21,P1035,WH-WEST,90,1,0,31
2026-06-22,P1035,WH-WEST,89,1,0,31
2026-06-23,P1035,WH-WEST,89,0,0,31
2026-06-24,P1035,WH-WEST,87,2,0,31
2026-06-25,P1035,WH-WEST,86,1,0,31
2026-06-26,P1035,WH-WEST,85,1,0,31
2026-06-27,P1035,WH-WEST,84,1,0,31
2026-06-28,P1035,WH-WEST,84,0,0,31
2026-06-29,P1035,WH-WEST,83,1,0,31
2026-06-30,P1035,WH-WEST,82,1,0,31
2026-07-01,P1035,WH-WEST,81,1,0,31
2026-07-02,P1035,WH-WEST,81,0,0,31
2026-07-03,P1035,WH-WEST,78,3,0,31
2026-07-04,P1035,WH-WEST,77,1,0,31
2026-07-05,P1035,WH-WEST,74,3,0,31
2026-07-06,P1035,WH-WEST,72,2,0,31
2026-07-07,P1035,WH-WEST,71,1,0,31
2026-07-08,P1035,WH-WEST,70,1,0,31
2026-07-09,P1035,WH-WEST,69,1,0,31
2026-07-10,P1035,WH-WEST,67,2,0,31
2026-07-11,P1035,WH-WEST,66,1,0,31
2026-07-12,P1035,WH-WEST,64,2,0,31
2026-07-13,P1035,WH-WEST,63,1,0,31
2026-07-14,P1035,WH-WEST,62,1,0,31
2026-07-15,P1035,WH-WEST,62,0,0,31
2026-07-16,P1035,WH-WEST,62,0,0,31
2026-07-17,P1035,WH-WEST,62,0,0,31
2026-07-18,P1035,WH-WEST,61,1,0,31
2026-07-19,P1035,WH-WEST,61,0,0,31
2026-07-20,P1035,WH-WEST,61,0,0,31
2026-07-21,P1035,WH-WEST,61,0,0,31
2026-07-22,P1035,WH-WEST,61,0,0,31
2026-07-23,P1035,WH-WEST,61,0,0,31
2026-07-24,P1035,WH-WEST,60,1,0,31
2026-07-25,P1035,WH-WEST,59,1,0,31
2026-07-26,P1035,WH-WEST,57,2,0,31
2026-07-27,P1035,WH-WEST,56,1,0,31
2026-07-28,P1035,WH-WEST,56,0,0,31
2026-07-29,P1035,WH-WEST,56,0,0,31
2026-07-30,P1035,WH-WEST,55,1,0,31
2026-07-31,P1035,WH-WEST,55,0,0,31
2026-08-01,P1035,WH-WEST,54,1,0,31
2026-08-02,P1035,WH-WEST,51,3,0,31
2026-08-03,P1035,WH-WEST,51,0,0,31
2026-08-04,P1035,WH-WEST,51,0,0,31
2026-08-05,P1035,WH-WEST,51,0,0,31
2026-08-06,P1035,WH-WEST,49,2,0,31
2026-08-07,P1035,WH-WEST,48,1,0,31
2026-08-08,P1035,WH-WEST,48,0,0,31
2026-08-09,P1035,WH-WEST,46,2,0,31
2026-08-10,P1035,WH-WEST,46,0,0,31
2026-08-11,P1035,WH-WEST,45,1,0,31
2026-08-12,P1035,WH-WEST,45,0,0,31
2026-08-13,P1035,WH-WEST,44,1,0,31
2025-08-15,P1036,WH-EAST,177,5,0,37
2025-08-16,P1036,WH-EAST,175,2,0,37
2025-08-17,P1036,WH-EAST,170,5,0,37
2025-08-18,P1036,WH-EAST,169,1,0,37
2025-08-19,P1036,WH-EAST,168,1,0,37
2025-08-20,P1036,WH-EAST,165,3,0,37
2025-08-21,P1036,WH-EAST,159,6,0,37
2025-08-22,P1036,WH-EAST,157,2,0,37
2025-08-23,P1036,WH-EAST,155,2,0,37
2025-08-24,P1036,WH-EAST,151,4,0,37
2025-08-25,P1036,WH-EAST,146,5,0,37
2025-08-26,P1036,WH-EAST,144,2,0,37
2025-08-27,P1036,WH-EAST,135,9,0,37
2025-08-28,P1036,WH-EAST,133,2,0,37
2025-08-29,P1036,WH-EAST,129,4,0,37
2025-08-30,P1036,WH-EAST,126,3,0,37
2025-08-31,P1036,WH-EAST,122,4,0,37
2025-09-01,P1036,WH-EAST,115,7,0,37
2025-09-02,P1036,WH-EAST,114,1,0,37
2025-09-03,P1036,WH-EAST,112,2,0,37
2025-09-04,P1036,WH-EAST,103,9,0,37
2025-09-05,P1036,WH-EAST,99,4,0,37
2025-09-06,P1036,WH-EAST,94,5,0,37
2025-09-07,P1036,WH-EAST,92,2,0,37
2025-09-08,P1036,WH-EAST,87,5,0,37
2025-09-09,P1036,WH-EAST,81,6,0,37
2025-09-10,P1036,WH-EAST,79,2,0,37
2025-09-11,P1036,WH-EAST,75,4,0,37
2025-09-12,P1036,WH-EAST,67,8,0,37
2025-09-13,P1036,WH-EAST,60,7,0,37
2025-09-14,P1036,WH-EAST,57,3,0,37
2025-09-15,P1036,WH-EAST,50,7,0,37
2025-09-16,P1036,WH-EAST,48,2,0,37
2025-09-17,P1036,WH-EAST,46,2,0,37
2025-09-18,P1036,WH-EAST,43,3,0,37
2025-09-19,P1036,WH-EAST,40,3,0,37
2025-09-20,P1036,WH-EAST,164,6,130,37
2025-09-21,P1036,WH-EAST,157,7,0,37
2025-09-22,P1036,WH-EAST,155,2,0,37
2025-09-23,P1036,WH-EAST,150,5,0,37
2025-09-24,P1036,WH-EAST,147,3,0,37
2025-09-25,P1036,WH-EAST,145,2,0,37
2025-09-26,P1036,WH-EAST,144,1,0,37
2025-09-27,P1036,WH-EAST,141,3,0,37
2025-09-28,P1036,WH-EAST,134,7,0,37
2025-09-29,P1036,WH-EAST,132,2,0,37
2025-09-30,P1036,WH-EAST,129,3,0,37
2025-10-01,P1036,WH-EAST,126,3,0,37
2025-10-02,P1036,WH-EAST,123,3,0,37
2025-10-03,P1036,WH-EAST,120,3,0,37
2025-10-04,P1036,WH-EAST,115,5,0,37
2025-10-05,P1036,WH-EAST,111,4,0,37
2025-10-06,P1036,WH-EAST,106,5,0,37
2025-10-07,P1036,WH-EAST,99,7,0,37
2025-10-08,P1036,WH-EAST,95,4,0,37
2025-10-09,P1036,WH-EAST,92,3,0,37
2025-10-10,P1036,WH-EAST,90,2,0,37
2025-10-11,P1036,WH-EAST,86,4,0,37
2025-10-12,P1036,WH-EAST,81,5,0,37
2025-10-13,P1036,WH-EAST,78,3,0,37
2025-10-14,P1036,WH-EAST,75,3,0,37
2025-10-15,P1036,WH-EAST,72,3,0,37
2025-10-16,P1036,WH-EAST,69,3,0,37
2025-10-17,P1036,WH-EAST,66,3,0,37
2025-10-18,P1036,WH-EAST,61,5,0,37
2025-10-19,P1036,WH-EAST,55,6,0,37
2025-10-20,P1036,WH-EAST,52,3,0,37
2025-10-21,P1036,WH-EAST,45,7,0,37
2025-10-22,P1036,WH-EAST,42,3,0,37
2025-10-23,P1036,WH-EAST,38,4,0,37
2025-10-24,P1036,WH-EAST,161,7,130,37
2025-10-25,P1036,WH-EAST,156,5,0,37
2025-10-26,P1036,WH-EAST,150,6,0,37
2025-10-27,P1036,WH-EAST,148,2,0,37
2025-10-28,P1036,WH-EAST,141,7,0,37
2025-10-29,P1036,WH-EAST,135,6,0,37
2025-10-30,P1036,WH-EAST,130,5,0,37
2025-10-31,P1036,WH-EAST,125,5,0,37
2025-11-01,P1036,WH-EAST,123,2,0,37
2025-11-02,P1036,WH-EAST,119,4,0,37
2025-11-03,P1036,WH-EAST,111,8,0,37
2025-11-04,P1036,WH-EAST,110,1,0,37
2025-11-05,P1036,WH-EAST,104,6,0,37
2025-11-06,P1036,WH-EAST,95,9,0,37
2025-11-07,P1036,WH-EAST,88,7,0,37
2025-11-08,P1036,WH-EAST,82,6,0,37
2025-11-09,P1036,WH-EAST,72,10,0,37
2025-11-10,P1036,WH-EAST,65,7,0,37
2025-11-11,P1036,WH-EAST,61,4,0,37
2025-11-12,P1036,WH-EAST,58,3,0,37
2025-11-13,P1036,WH-EAST,53,5,0,37
2025-11-14,P1036,WH-EAST,49,4,0,37
2025-11-15,P1036,WH-EAST,40,9,0,37
2025-11-16,P1036,WH-EAST,165,5,130,37
2025-11-17,P1036,WH-EAST,156,9,0,37
2025-11-18,P1036,WH-EAST,154,2,0,37
2025-11-19,P1036,WH-EAST,150,4,0,37
2025-11-20,P1036,WH-EAST,147,3,0,37
2025-11-21,P1036,WH-EAST,144,3,0,37
2025-11-22,P1036,WH-EAST,136,8,0,37
2025-11-23,P1036,WH-EAST,133,3,0,37
2025-11-24,P1036,WH-EAST,128,5,0,37
2025-11-25,P1036,WH-EAST,125,3,0,37
2025-11-26,P1036,WH-EAST,122,3,0,37
2025-11-27,P1036,WH-EAST,118,4,0,37
2025-11-28,P1036,WH-EAST,114,4,0,37
2025-11-29,P1036,WH-EAST,109,5,0,37
2025-11-30,P1036,WH-EAST,104,5,0,37
2025-12-01,P1036,WH-EAST,98,6,0,37
2025-12-02,P1036,WH-EAST,94,4,0,37
2025-12-03,P1036,WH-EAST,93,1,0,37
2025-12-04,P1036,WH-EAST,88,5,0,37
2025-12-05,P1036,WH-EAST,82,6,0,37
2025-12-06,P1036,WH-EAST,78,4,0,37
2025-12-07,P1036,WH-EAST,72,6,0,37
2025-12-08,P1036,WH-EAST,66,6,0,37
2025-12-09,P1036,WH-EAST,65,1,0,37
2025-12-10,P1036,WH-EAST,61,4,0,37
2025-12-11,P1036,WH-EAST,57,4,0,37
2025-12-12,P1036,WH-EAST,51,6,0,37
2025-12-13,P1036,WH-EAST,45,6,0,37
2025-12-14,P1036,WH-EAST,167,8,130,37
2025-12-15,P1036,WH-EAST,163,4,0,37
2025-12-16,P1036,WH-EAST,157,6,0,37
2025-12-17,P1036,WH-EAST,148,9,0,37
2025-12-18,P1036,WH-EAST,144,4,0,37
2025-12-19,P1036,WH-EAST,140,4,0,37
2025-12-20,P1036,WH-EAST,135,5,0,37
2025-12-21,P1036,WH-EAST,132,3,0,37
2025-12-22,P1036,WH-EAST,127,5,0,37
2025-12-23,P1036,WH-EAST,124,3,0,37
2025-12-24,P1036,WH-EAST,119,5,0,37
2025-12-25,P1036,WH-EAST,117,2,0,37
2025-12-26,P1036,WH-EAST,114,3,0,37
2025-12-27,P1036,WH-EAST,113,1,0,37
2025-12-28,P1036,WH-EAST,108,5,0,37
2025-12-29,P1036,WH-EAST,104,4,0,37
2025-12-30,P1036,WH-EAST,100,4,0,37
2025-12-31,P1036,WH-EAST,93,7,0,37
2026-01-01,P1036,WH-EAST,89,4,0,37
2026-01-02,P1036,WH-EAST,86,3,0,37
2026-01-03,P1036,WH-EAST,81,5,0,37
2026-01-04,P1036,WH-EAST,76,5,0,37
2026-01-05,P1036,WH-EAST,72,4,0,37
2026-01-06,P1036,WH-EAST,66,6,0,37
2026-01-07,P1036,WH-EAST,57,9,0,37
2026-01-08,P1036,WH-EAST,57,0,0,37
2026-01-09,P1036,WH-EAST,52,5,0,37
2026-01-10,P1036,WH-EAST,46,6,0,37
2026-01-11,P1036,WH-EAST,43,3,0,37
2026-01-12,P1036,WH-EAST,39,4,0,37
2026-01-13,P1036,WH-EAST,167,2,130,37
2026-01-14,P1036,WH-EAST,163,4,0,37
2026-01-15,P1036,WH-EAST,162,1,0,37
2026-01-16,P1036,WH-EAST,154,8,0,37
2026-01-17,P1036,WH-EAST,154,0,0,37
2026-01-18,P1036,WH-EAST,150,4,0,37
2026-01-19,P1036,WH-EAST,147,3,0,37
2026-01-20,P1036,WH-EAST,145,2,0,37
2026-01-21,P1036,WH-EAST,139,6,0,37
2026-01-22,P1036,WH-EAST,137,2,0,37
2026-01-23,P1036,WH-EAST,133,4,0,37
2026-01-24,P1036,WH-EAST,127,6,0,37
2026-01-25,P1036,WH-EAST,122,5,0,37
2026-01-26,P1036,WH-EAST,122,0,0,37
2026-01-27,P1036,WH-EAST,116,6,0,37
2026-01-28,P1036,WH-EAST,114,2,0,37
2026-01-29,P1036,WH-EAST,110,4,0,37
2026-01-30,P1036,WH-EAST,110,0,0,37
2026-01-31,P1036,WH-EAST,107,3,0,37
2026-02-01,P1036,WH-EAST,105,2,0,37
2026-02-02,P1036,WH-EAST,102,3,0,37
2026-02-03,P1036,WH-EAST,97,5,0,37
2026-02-04,P1036,WH-EAST,90,7,0,37
2026-02-05,P1036,WH-EAST,85,5,0,37
2026-02-06,P1036,WH-EAST,81,4,0,37
2026-02-07,P1036,WH-EAST,77,4,0,37
2026-02-08,P1036,WH-EAST,72,5,0,37
2026-02-09,P1036,WH-EAST,70,2,0,37
2026-02-10,P1036,WH-EAST,69,1,0,37
2026-02-11,P1036,WH-EAST,65,4,0,37
2026-02-12,P1036,WH-EAST,59,6,0,37
2026-02-13,P1036,WH-EAST,57,2,0,37
2026-02-14,P1036,WH-EAST,53,4,0,37
2026-02-15,P1036,WH-EAST,50,3,0,37
2026-02-16,P1036,WH-EAST,49,1,0,37
2026-02-17,P1036,WH-EAST,44,5,0,37
2026-02-18,P1036,WH-EAST,41,3,0,37
2026-02-19,P1036,WH-EAST,166,5,130,37
2026-02-20,P1036,WH-EAST,163,3,0,37
2026-02-21,P1036,WH-EAST,161,2,0,37
2026-02-22,P1036,WH-EAST,159,2,0,37
2026-02-23,P1036,WH-EAST,157,2,0,37
2026-02-24,P1036,WH-EAST,155,2,0,37
2026-02-25,P1036,WH-EAST,151,4,0,37
2026-02-26,P1036,WH-EAST,148,3,0,37
2026-02-27,P1036,WH-EAST,147,1,0,37
2026-02-28,P1036,WH-EAST,145,2,0,37
2026-03-01,P1036,WH-EAST,142,3,0,37
2026-03-02,P1036,WH-EAST,140,2,0,37
2026-03-03,P1036,WH-EAST,138,2,0,37
2026-03-04,P1036,WH-EAST,134,4,0,37
2026-03-05,P1036,WH-EAST,129,5,0,37
2026-03-06,P1036,WH-EAST,126,3,0,37
2026-03-07,P1036,WH-EAST,122,4,0,37
2026-03-08,P1036,WH-EAST,120,2,0,37
2026-03-09,P1036,WH-EAST,118,2,0,37
2026-03-10,P1036,WH-EAST,112,6,0,37
2026-03-11,P1036,WH-EAST,109,3,0,37
2026-03-12,P1036,WH-EAST,107,2,0,37
2026-03-13,P1036,WH-EAST,105,2,0,37
2026-03-14,P1036,WH-EAST,101,4,0,37
2026-03-15,P1036,WH-EAST,98,3,0,37
2026-03-16,P1036,WH-EAST,94,4,0,37
2026-03-17,P1036,WH-EAST,91,3,0,37
2026-03-18,P1036,WH-EAST,89,2,0,37
2026-03-19,P1036,WH-EAST,87,2,0,37
2026-03-20,P1036,WH-EAST,83,4,0,37
2026-03-21,P1036,WH-EAST,82,1,0,37
2026-03-22,P1036,WH-EAST,81,1,0,37
2026-03-23,P1036,WH-EAST,77,4,0,37
2026-03-24,P1036,WH-EAST,76,1,0,37
2026-03-25,P1036,WH-EAST,74,2,0,37
2026-03-26,P1036,WH-EAST,73,1,0,37
2026-03-27,P1036,WH-EAST,68,5,0,37
2026-03-28,P1036,WH-EAST,67,1,0,37
2026-03-29,P1036,WH-EAST,64,3,0,37
2026-03-30,P1036,WH-EAST,56,8,0,37
2026-03-31,P1036,WH-EAST,54,2,0,37
2026-04-01,P1036,WH-EAST,50,4,0,37
2026-04-02,P1036,WH-EAST,50,0,0,37
2026-04-03,P1036,WH-EAST,48,2,0,37
2026-04-04,P1036,WH-EAST,43,5,0,37
2026-04-05,P1036,WH-EAST,39,4,0,37
2026-04-06,P1036,WH-EAST,38,1,0,37
2026-04-07,P1036,WH-EAST,163,5,130,37
2026-04-08,P1036,WH-EAST,158,5,0,37
2026-04-09,P1036,WH-EAST,153,5,0,37
2026-04-10,P1036,WH-EAST,151,2,0,37
2026-04-11,P1036,WH-EAST,150,1,0,37
2026-04-12,P1036,WH-EAST,148,2,0,37
2026-04-13,P1036,WH-EAST,145,3,0,37
2026-04-14,P1036,WH-EAST,143,2,0,37
2026-04-15,P1036,WH-EAST,142,1,0,37
2026-04-16,P1036,WH-EAST,138,4,0,37
2026-04-17,P1036,WH-EAST,134,4,0,37
2026-04-18,P1036,WH-EAST,132,2,0,37
2026-04-19,P1036,WH-EAST,131,1,0,37
2026-04-20,P1036,WH-EAST,127,4,0,37
2026-04-21,P1036,WH-EAST,125,2,0,37
2026-04-22,P1036,WH-EAST,122,3,0,37
2026-04-23,P1036,WH-EAST,122,0,0,37
2026-04-24,P1036,WH-EAST,121,1,0,37
2026-04-25,P1036,WH-EAST,121,0,0,37
2026-04-26,P1036,WH-EAST,119,2,0,37
2026-04-27,P1036,WH-EAST,116,3,0,37
2026-04-28,P1036,WH-EAST,114,2,0,37
2026-04-29,P1036,WH-EAST,110,4,0,37
2026-04-30,P1036,WH-EAST,109,1,0,37
2026-05-01,P1036,WH-EAST,106,3,0,37
2026-05-02,P1036,WH-EAST,104,2,0,37
2026-05-03,P1036,WH-EAST,101,3,0,37
2026-05-04,P1036,WH-EAST,97,4,0,37
2026-05-05,P1036,WH-EAST,92,5,0,37
2026-05-06,P1036,WH-EAST,90,2,0,37
2026-05-07,P1036,WH-EAST,88,2,0,37
2026-05-08,P1036,WH-EAST,84,4,0,37
2026-05-09,P1036,WH-EAST,81,3,0,37
2026-05-10,P1036,WH-EAST,78,3,0,37
2026-05-11,P1036,WH-EAST,75,3,0,37
2026-05-12,P1036,WH-EAST,73,2,0,37
2026-05-13,P1036,WH-EAST,72,1,0,37
2026-05-14,P1036,WH-EAST,69,3,0,37
2026-05-15,P1036,WH-EAST,67,2,0,37
2026-05-16,P1036,WH-EAST,63,4,0,37
2026-05-17,P1036,WH-EAST,60,3,0,37
2026-05-18,P1036,WH-EAST,58,2,0,37
2026-05-19,P1036,WH-EAST,53,5,0,37
2026-05-20,P1036,WH-EAST,52,1,0,37
2026-05-21,P1036,WH-EAST,50,2,0,37
2026-05-22,P1036,WH-EAST,48,2,0,37
2026-05-23,P1036,WH-EAST,44,4,0,37
2026-05-24,P1036,WH-EAST,40,4,0,37
2026-05-25,P1036,WH-EAST,167,3,130,37
2026-05-26,P1036,WH-EAST,167,0,0,37
2026-05-27,P1036,WH-EAST,165,2,0,37
2026-05-28,P1036,WH-EAST,163,2,0,37
2026-05-29,P1036,WH-EAST,159,4,0,37
2026-05-30,P1036,WH-EAST,155,4,0,37
2026-05-31,P1036,WH-EAST,153,2,0,37
2026-06-01,P1036,WH-EAST,150,3,0,37
2026-06-02,P1036,WH-EAST,147,3,0,37
2026-06-03,P1036,WH-EAST,145,2,0,37
2026-06-04,P1036,WH-EAST,144,1,0,37
2026-06-05,P1036,WH-EAST,141,3,0,37
2026-06-06,P1036,WH-EAST,141,0,0,37
2026-06-07,P1036,WH-EAST,138,3,0,37
2026-06-08,P1036,WH-EAST,135,3,0,37
2026-06-09,P1036,WH-EAST,134,1,0,37
2026-06-10,P1036,WH-EAST,133,1,0,37
2026-06-11,P1036,WH-EAST,129,4,0,37
2026-06-12,P1036,WH-EAST,128,1,0,37
2026-06-13,P1036,WH-EAST,127,1,0,37
2026-06-14,P1036,WH-EAST,126,1,0,37
2026-06-15,P1036,WH-EAST,122,4,0,37
2026-06-16,P1036,WH-EAST,120,2,0,37
2026-06-17,P1036,WH-EAST,113,7,0,37
2026-06-18,P1036,WH-EAST,112,1,0,37
2026-06-19,P1036,WH-EAST,109,3,0,37
2026-06-20,P1036,WH-EAST,104,5,0,37
2026-06-21,P1036,WH-EAST,103,1,0,37
2026-06-22,P1036,WH-EAST,97,6,0,37
2026-06-23,P1036,WH-EAST,94,3,0,37
2026-06-24,P1036,WH-EAST,92,2,0,37
2026-06-25,P1036,WH-EAST,88,4,0,37
2026-06-26,P1036,WH-EAST,85,3,0,37
2026-06-27,P1036,WH-EAST,82,3,0,37
2026-06-28,P1036,WH-EAST,80,2,0,37
2026-06-29,P1036,WH-EAST,79,1,0,37
2026-06-30,P1036,WH-EAST,75,4,0,37
2026-07-01,P1036,WH-EAST,71,4,0,37
2026-07-02,P1036,WH-EAST,68,3,0,37
2026-07-03,P1036,WH-EAST,66,2,0,37
2026-07-04,P1036,WH-EAST,63,3,0,37
2026-07-05,P1036,WH-EAST,61,2,0,37
2026-07-06,P1036,WH-EAST,59,2,0,37
2026-07-07,P1036,WH-EAST,55,4,0,37
2026-07-08,P1036,WH-EAST,53,2,0,37
2026-07-09,P1036,WH-EAST,50,3,0,37
2026-07-10,P1036,WH-EAST,48,2,0,37
2026-07-11,P1036,WH-EAST,46,2,0,37
2026-07-12,P1036,WH-EAST,44,2,0,37
2026-07-13,P1036,WH-EAST,39,5,0,37
2026-07-14,P1036,WH-EAST,166,3,130,37
2026-07-15,P1036,WH-EAST,164,2,0,37
2026-07-16,P1036,WH-EAST,160,4,0,37
2026-07-17,P1036,WH-EAST,157,3,0,37
2026-07-18,P1036,WH-EAST,153,4,0,37
2026-07-19,P1036,WH-EAST,146,7,0,37
2026-07-20,P1036,WH-EAST,143,3,0,37
2026-07-21,P1036,WH-EAST,142,1,0,37
2026-07-22,P1036,WH-EAST,139,3,0,37
2026-07-23,P1036,WH-EAST,136,3,0,37
2026-07-24,P1036,WH-EAST,132,4,0,37
2026-07-25,P1036,WH-EAST,128,4,0,37
2026-07-26,P1036,WH-EAST,124,4,0,37
2026-07-27,P1036,WH-EAST,121,3,0,37
2026-07-28,P1036,WH-EAST,116,5,0,37
2026-07-29,P1036,WH-EAST,115,1,0,37
2026-07-30,P1036,WH-EAST,112,3,0,37
2026-07-31,P1036,WH-EAST,107,5,0,37
2026-08-01,P1036,WH-EAST,101,6,0,37
2026-08-02,P1036,WH-EAST,96,5,0,37
2026-08-03,P1036,WH-EAST,93,3,0,37
2026-08-04,P1036,WH-EAST,90,3,0,37
2026-08-05,P1036,WH-EAST,88,2,0,37
2026-08-06,P1036,WH-EAST,88,0,0,37
2026-08-07,P1036,WH-EAST,87,1,0,37
2026-08-08,P1036,WH-EAST,84,3,0,37
2026-08-09,P1036,WH-EAST,83,1,0,37
2026-08-10,P1036,WH-EAST,82,1,0,37
2026-08-11,P1036,WH-EAST,79,3,0,37
2026-08-12,P1036,WH-EAST,74,5,0,37
2026-08-13,P1036,WH-EAST,69,5,0,37
2025-08-15,P1037,WH-WEST,56,3,0,16
2025-08-16,P1037,WH-WEST,54,2,0,16
2025-08-17,P1037,WH-WEST,53,1,0,16
2025-08-18,P1037,WH-WEST,50,3,0,16
2025-08-19,P1037,WH-WEST,50,0,0,16
2025-08-20,P1037,WH-WEST,48,2,0,16
2025-08-21,P1037,WH-WEST,47,1,0,16
2025-08-22,P1037,WH-WEST,45,2,0,16
2025-08-23,P1037,WH-WEST,44,1,0,16
2025-08-24,P1037,WH-WEST,43,1,0,16
2025-08-25,P1037,WH-WEST,42,1,0,16
2025-08-26,P1037,WH-WEST,41,1,0,16
2025-08-27,P1037,WH-WEST,38,3,0,16
2025-08-28,P1037,WH-WEST,38,0,0,16
2025-08-29,P1037,WH-WEST,34,4,0,16
2025-08-30,P1037,WH-WEST,32,2,0,16
2025-08-31,P1037,WH-WEST,29,3,0,16
2025-09-01,P1037,WH-WEST,25,4,0,16
2025-09-02,P1037,WH-WEST,24,1,0,16
2025-09-03,P1037,WH-WEST,22,2,0,16
2025-09-04,P1037,WH-WEST,20,2,0,16
2025-09-05,P1037,WH-WEST,18,2,0,16
2025-09-06,P1037,WH-WEST,63,4,49,16
2025-09-07,P1037,WH-WEST,57,6,0,16
2025-09-08,P1037,WH-WEST,56,1,0,16
2025-09-09,P1037,WH-WEST,53,3,0,16
2025-09-10,P1037,WH-WEST,49,4,0,16
2025-09-11,P1037,WH-WEST,49,0,0,16
2025-09-12,P1037,WH-WEST,49,0,0,16
2025-09-13,P1037,WH-WEST,48,1,0,16
2025-09-14,P1037,WH-WEST,43,5,0,16
2025-09-15,P1037,WH-WEST,42,1,0,16
2025-09-16,P1037,WH-WEST,37,5,0,16
2025-09-17,P1037,WH-WEST,35,2,0,16
2025-09-18,P1037,WH-WEST,31,4,0,16
2025-09-19,P1037,WH-WEST,27,4,0,16
2025-09-20,P1037,WH-WEST,22,5,0,16
2025-09-21,P1037,WH-WEST,20,2,0,16
2025-09-22,P1037,WH-WEST,17,3,0,16
2025-09-23,P1037,WH-WEST,63,3,49,16
2025-09-24,P1037,WH-WEST,59,4,0,16
2025-09-25,P1037,WH-WEST,57,2,0,16
2025-09-26,P1037,WH-WEST,55,2,0,16
2025-09-27,P1037,WH-WEST,53,2,0,16
2025-09-28,P1037,WH-WEST,49,4,0,16
2025-09-29,P1037,WH-WEST,48,1,0,16
2025-09-30,P1037,WH-WEST,46,2,0,16
2025-10-01,P1037,WH-WEST,45,1,0,16
2025-10-02,P1037,WH-WEST,43,2,0,16
2025-10-03,P1037,WH-WEST,42,1,0,16
2025-10-04,P1037,WH-WEST,39,3,0,16
2025-10-05,P1037,WH-WEST,38,1,0,16
2025-10-06,P1037,WH-WEST,35,3,0,16
2025-10-07,P1037,WH-WEST,34,1,0,16
2025-10-08,P1037,WH-WEST,28,6,0,16
2025-10-09,P1037,WH-WEST,27,1,0,16
2025-10-10,P1037,WH-WEST,25,2,0,16
2025-10-11,P1037,WH-WEST,21,4,0,16
2025-10-12,P1037,WH-WEST,65,5,49,16
2025-10-13,P1037,WH-WEST,61,4,0,16
2025-10-14,P1037,WH-WEST,57,4,0,16
2025-10-15,P1037,WH-WEST,55,2,0,16
2025-10-16,P1037,WH-WEST,50,5,0,16
2025-10-17,P1037,WH-WEST,48,2,0,16
2025-10-18,P1037,WH-WEST,43,5,0,16
2025-10-19,P1037,WH-WEST,41,2,0,16
2025-10-20,P1037,WH-WEST,38,3,0,16
2025-10-21,P1037,WH-WEST,36,2,0,16
2025-10-22,P1037,WH-WEST,34,2,0,16
2025-10-23,P1037,WH-WEST,33,1,0,16
2025-10-24,P1037,WH-WEST,30,3,0,16
2025-10-25,P1037,WH-WEST,29,1,0,16
2025-10-26,P1037,WH-WEST,28,1,0,16
2025-10-27,P1037,WH-WEST,28,0,0,16
2025-10-28,P1037,WH-WEST,26,2,0,16
2025-10-29,P1037,WH-WEST,22,4,0,16
2025-10-30,P1037,WH-WEST,64,7,49,16
2025-10-31,P1037,WH-WEST,62,2,0,16
2025-11-01,P1037,WH-WEST,60,2,0,16
2025-11-02,P1037,WH-WEST,59,1,0,16
2025-11-03,P1037,WH-WEST,57,2,0,16
2025-11-04,P1037,WH-WEST,57,0,0,16
2025-11-05,P1037,WH-WEST,57,0,0,16
2025-11-06,P1037,WH-WEST,54,3,0,16
2025-11-07,P1037,WH-WEST,53,1,0,16
2025-11-08,P1037,WH-WEST,48,5,0,16
2025-11-09,P1037,WH-WEST,43,5,0,16
2025-11-10,P1037,WH-WEST,38,5,0,16
2025-11-11,P1037,WH-WEST,37,1,0,16
2025-11-12,P1037,WH-WEST,36,1,0,16
2025-11-13,P1037,WH-WEST,34,2,0,16
2025-11-14,P1037,WH-WEST,33,1,0,16
2025-11-15,P1037,WH-WEST,28,5,0,16
2025-11-16,P1037,WH-WEST,25,3,0,16
2025-11-17,P1037,WH-WEST,25,0,0,16
2025-11-18,P1037,WH-WEST,21,4,0,16
2025-11-19,P1037,WH-WEST,65,5,49,16
2025-11-20,P1037,WH-WEST,63,2,0,16
2025-11-21,P1037,WH-WEST,62,1,0,16
2025-11-22,P1037,WH-WEST,61,1,0,16
2025-11-23,P1037,WH-WEST,60,1,0,16
2025-11-24,P1037,WH-WEST,56,4,0,16
2025-11-25,P1037,WH-WEST,54,2,0,16
2025-11-26,P1037,WH-WEST,52,2,0,16
2025-11-27,P1037,WH-WEST,49,3,0,16
2025-11-28,P1037,WH-WEST,45,4,0,16
2025-11-29,P1037,WH-WEST,43,2,0,16
2025-11-30,P1037,WH-WEST,39,4,0,16
2025-12-01,P1037,WH-WEST,37,2,0,16
2025-12-02,P1037,WH-WEST,34,3,0,16
2025-12-03,P1037,WH-WEST,33,1,0,16
2025-12-04,P1037,WH-WEST,32,1,0,16
2025-12-05,P1037,WH-WEST,30,2,0,16
2025-12-06,P1037,WH-WEST,26,4,0,16
2025-12-07,P1037,WH-WEST,25,1,0,16
2025-12-08,P1037,WH-WEST,24,1,0,16
2025-12-09,P1037,WH-WEST,24,0,0,16
2025-12-10,P1037,WH-WEST,22,2,0,16
2025-12-11,P1037,WH-WEST,22,0,0,16
2025-12-12,P1037,WH-WEST,22,0,0,16
2025-12-13,P1037,WH-WEST,22,0,0,16
2025-12-14,P1037,WH-WEST,19,3,0,16
2025-12-15,P1037,WH-WEST,17,2,0,16
2025-12-16,P1037,WH-WEST,65,1,49,16
2025-12-17,P1037,WH-WEST,64,1,0,16
2025-12-18,P1037,WH-WEST,63,1,0,16
2025-12-19,P1037,WH-WEST,63,0,0,16
2025-12-20,P1037,WH-WEST,61,2,0,16
2025-12-21,P1037,WH-WEST,58,3,0,16
2025-12-22,P1037,WH-WEST,56,2,0,16
2025-12-23,P1037,WH-WEST,55,1,0,16
2025-12-24,P1037,WH-WEST,54,1,0,16
2025-12-25,P1037,WH-WEST,52,2,0,16
2025-12-26,P1037,WH-WEST,51,1,0,16
2025-12-27,P1037,WH-WEST,48,3,0,16
2025-12-28,P1037,WH-WEST,47,1,0,16
2025-12-29,P1037,WH-WEST,45,2,0,16
2025-12-30,P1037,WH-WEST,44,1,0,16
2025-12-31,P1037,WH-WEST,42,2,0,16
2026-01-01,P1037,WH-WEST,37,5,0,16
2026-01-02,P1037,WH-WEST,34,3,0,16
2026-01-03,P1037,WH-WEST,32,2,0,16
2026-01-04,P1037,WH-WEST,28,4,0,16
2026-01-05,P1037,WH-WEST,25,3,0,16
2026-01-06,P1037,WH-WEST,23,2,0,16
2026-01-07,P1037,WH-WEST,20,3,0,16
2026-01-08,P1037,WH-WEST,18,2,0,16
2026-01-09,P1037,WH-WEST,17,1,0,16
2026-01-10,P1037,WH-WEST,65,1,49,16
2026-01-11,P1037,WH-WEST,64,1,0,16
2026-01-12,P1037,WH-WEST,62,2,0,16
2026-01-13,P1037,WH-WEST,60,2,0,16
2026-01-14,P1037,WH-WEST,59,1,0,16
2026-01-15,P1037,WH-WEST,57,2,0,16
2026-01-16,P1037,WH-WEST,55,2,0,16
2026-01-17,P1037,WH-WEST,52,3,0,16
2026-01-18,P1037,WH-WEST,51,1,0,16
2026-01-19,P1037,WH-WEST,49,2,0,16
2026-01-20,P1037,WH-WEST,49,0,0,16
2026-01-21,P1037,WH-WEST,46,3,0,16
2026-01-22,P1037,WH-WEST,45,1,0,16
2026-01-23,P1037,WH-WEST,43,2,0,16
2026-01-24,P1037,WH-WEST,40,3,0,16
2026-01-25,P1037,WH-WEST,37,3,0,16
2026-01-26,P1037,WH-WEST,36,1,0,16
2026-01-27,P1037,WH-WEST,36,0,0,16
2026-01-28,P1037,WH-WEST,36,0,0,16
2026-01-29,P1037,WH-WEST,31,5,0,16
2026-01-30,P1037,WH-WEST,30,1,0,16
2026-01-31,P1037,WH-WEST,28,2,0,16
2026-02-01,P1037,WH-WEST,25,3,0,16
2026-02-02,P1037,WH-WEST,24,1,0,16
2026-02-03,P1037,WH-WEST,23,1,0,16
2026-02-04,P1037,WH-WEST,21,2,0,16
2026-02-05,P1037,WH-WEST,20,1,0,16
2026-02-06,P1037,WH-WEST,18,2,0,16
2026-02-07,P1037,WH-WEST,17,1,0,16
2026-02-08,P1037,WH-WEST,65,1,49,16
2026-02-09,P1037,WH-WEST,64,1,0,16
2026-02-10,P1037,WH-WEST,64,0,0,16
2026-02-11,P1037,WH-WEST,63,1,0,16
2026-02-12,P1037,WH-WEST,62,1,0,16
2026-02-13,P1037,WH-WEST,60,2,0,16
2026-02-14,P1037,WH-WEST,56,4,0,16
2026-02-15,P1037,WH-WEST,55,1,0,16
2026-02-16,P1037,WH-WEST,55,0,0,16
2026-02-17,P1037,WH-WEST,54,1,0,16
2026-02-18,P1037,WH-WEST,52,2,0,16
2026-02-19,P1037,WH-WEST,50,2,0,16
2026-02-20,P1037,WH-WEST,50,0,0,16
2026-02-21,P1037,WH-WEST,49,1,0,16
2026-02-22,P1037,WH-WEST,45,4,0,16
2026-02-23,P1037,WH-WEST,44,1,0,16
2026-02-24,P1037,WH-WEST,42,2,0,16
2026-02-25,P1037,WH-WEST,42,0,0,16
2026-02-26,P1037,WH-WEST,40,2,0,16
2026-02-27,P1037,WH-WEST,38,2,0,16
2026-02-28,P1037,WH-WEST,34,4,0,16
2026-03-01,P1037,WH-WEST,33,1,0,16
2026-03-02,P1037,WH-WEST,32,1,0,16
2026-03-03,P1037,WH-WEST,32,0,0,16
2026-03-04,P1037,WH-WEST,30,2,0,16
2026-03-05,P1037,WH-WEST,30,0,0,16
2026-03-06,P1037,WH-WEST,30,0,0,16
2026-03-07,P1037,WH-WEST,30,0,0,16
2026-03-08,P1037,WH-WEST,30,0,0,16
2026-03-09,P1037,WH-WEST,30,0,0,16
2026-03-10,P1037,WH-WEST,27,3,0,16
2026-03-11,P1037,WH-WEST,26,1,0,16
2026-03-12,P1037,WH-WEST,25,1,0,16
2026-03-13,P1037,WH-WEST,25,0,0,16
2026-03-14,P1037,WH-WEST,23,2,0,16
2026-03-15,P1037,WH-WEST,21,2,0,16
2026-03-16,P1037,WH-WEST,21,0,0,16
2026-03-17,P1037,WH-WEST,20,1,0,16
2026-03-18,P1037,WH-WEST,17,3,0,16
2026-03-19,P1037,WH-WEST,65,1,49,16
2026-03-20,P1037,WH-WEST,64,1,0,16
2026-03-21,P1037,WH-WEST,63,1,0,16
2026-03-22,P1037,WH-WEST,63,0,0,16
2026-03-23,P1037,WH-WEST,59,4,0,16
2026-03-24,P1037,WH-WEST,58,1,0,16
2026-03-25,P1037,WH-WEST,56,2,0,16
2026-03-26,P1037,WH-WEST,56,0,0,16
2026-03-27,P1037,WH-WEST,56,0,0,16
2026-03-28,P1037,WH-WEST,54,2,0,16
2026-03-29,P1037,WH-WEST,49,5,0,16
2026-03-30,P1037,WH-WEST,49,0,0,16
2026-03-31,P1037,WH-WEST,46,3,0,16
2026-04-01,P1037,WH-WEST,45,1,0,16
2026-04-02,P1037,WH-WEST,44,1,0,16
2026-04-03,P1037,WH-WEST,43,1,0,16
2026-04-04,P1037,WH-WEST,41,2,0,16
2026-04-05,P1037,WH-WEST,38,3,0,16
2026-04-06,P1037,WH-WEST,38,0,0,16
2026-04-07,P1037,WH-WEST,38,0,0,16
2026-04-08,P1037,WH-WEST,37,1,0,16
2026-04-09,P1037,WH-WEST,35,2,0,16
2026-04-10,P1037,WH-WEST,34,1,0,16
2026-04-11,P1037,WH-WEST,30,4,0,16
2026-04-12,P1037,WH-WEST,30,0,0,16
2026-04-13,P1037,WH-WEST,29,1,0,16
2026-04-14,P1037,WH-WEST,29,0,0,16
2026-04-15,P1037,WH-WEST,28,1,0,16
2026-04-16,P1037,WH-WEST,28,0,0,16
2026-04-17,P1037,WH-WEST,26,2,0,16
2026-04-18,P1037,WH-WEST,25,1,0,16
2026-04-19,P1037,WH-WEST,23,2,0,16
2026-04-20,P1037,WH-WEST,23,0,0,16
2026-04-21,P1037,WH-WEST,23,0,0,16
2026-04-22,P1037,WH-WEST,22,1,0,16
2026-04-23,P1037,WH-WEST,18,4,0,16
2026-04-24,P1037,WH-WEST,18,0,0,16
2026-04-25,P1037,WH-WEST,18,0,0,16
2026-04-26,P1037,WH-WEST,17,1,0,16
2026-04-27,P1037,WH-WEST,17,0,0,16
2026-04-28,P1037,WH-WEST,17,0,0,16
2026-04-29,P1037,WH-WEST,17,0,0,16
2026-04-30,P1037,WH-WEST,17,0,0,16
2026-05-01,P1037,WH-WEST,17,0,0,16
2026-05-02,P1037,WH-WEST,65,1,49,16
2026-05-03,P1037,WH-WEST,65,0,0,16
2026-05-04,P1037,WH-WEST,65,0,0,16
2026-05-05,P1037,WH-WEST,65,0,0,16
2026-05-06,P1037,WH-WEST,61,4,0,16
2026-05-07,P1037,WH-WEST,59,2,0,16
2026-05-08,P1037,WH-WEST,57,2,0,16
2026-05-09,P1037,WH-WEST,56,1,0,16
2026-05-10,P1037,WH-WEST,56,0,0,16
2026-05-11,P1037,WH-WEST,55,1,0,16
2026-05-12,P1037,WH-WEST,55,0,0,16
2026-05-13,P1037,WH-WEST,53,2,0,16
2026-05-14,P1037,WH-WEST,51,2,0,16
2026-05-15,P1037,WH-WEST,50,1,0,16
2026-05-16,P1037,WH-WEST,49,1,0,16
2026-05-17,P1037,WH-WEST,48,1,0,16
2026-05-18,P1037,WH-WEST,48,0,0,16
2026-05-19,P1037,WH-WEST,48,0,0,16
2026-05-20,P1037,WH-WEST,48,0,0,16
2026-05-21,P1037,WH-WEST,47,1,0,16
2026-05-22,P1037,WH-WEST,47,0,0,16
2026-05-23,P1037,WH-WEST,45,2,0,16
2026-05-24,P1037,WH-WEST,43,2,0,16
2026-05-25,P1037,WH-WEST,42,1,0,16
2026-05-26,P1037,WH-WEST,39,3,0,16
2026-05-27,P1037,WH-WEST,39,0,0,16
2026-05-28,P1037,WH-WEST,38,1,0,16
2026-05-29,P1037,WH-WEST,36,2,0,16
2026-05-30,P1037,WH-WEST,36,0,0,16
2026-05-31,P1037,WH-WEST,34,2,0,16
2026-06-01,P1037,WH-WEST,33,1,0,16
2026-06-02,P1037,WH-WEST,33,0,0,16
2026-06-03,P1037,WH-WEST,33,0,0,16
2026-06-04,P1037,WH-WEST,33,0,0,16
2026-06-05,P1037,WH-WEST,31,2,0,16
2026-06-06,P1037,WH-WEST,28,3,0,16
2026-06-07,P1037,WH-WEST,27,1,0,16
2026-06-08,P1037,WH-WEST,26,1,0,16
2026-06-09,P1037,WH-WEST,24,2,0,16
2026-06-10,P1037,WH-WEST,24,0,0,16
2026-06-11,P1037,WH-WEST,22,2,0,16
2026-06-12,P1037,WH-WEST,21,1,0,16
2026-06-13,P1037,WH-WEST,19,2,0,16
2026-06-14,P1037,WH-WEST,17,2,0,16
2026-06-15,P1037,WH-WEST,65,1,49,16
2026-06-16,P1037,WH-WEST,65,0,0,16
2026-06-17,P1037,WH-WEST,63,2,0,16
2026-06-18,P1037,WH-WEST,62,1,0,16
2026-06-19,P1037,WH-WEST,60,2,0,16
2026-06-20,P1037,WH-WEST,58,2,0,16
2026-06-21,P1037,WH-WEST,58,0,0,16
2026-06-22,P1037,WH-WEST,57,1,0,16
2026-06-23,P1037,WH-WEST,57,0,0,16
2026-06-24,P1037,WH-WEST,56,1,0,16
2026-06-25,P1037,WH-WEST,54,2,0,16
2026-06-26,P1037,WH-WEST,53,1,0,16
2026-06-27,P1037,WH-WEST,52,1,0,16
2026-06-28,P1037,WH-WEST,50,2,0,16
2026-06-29,P1037,WH-WEST,49,1,0,16
2026-06-30,P1037,WH-WEST,49,0,0,16
2026-07-01,P1037,WH-WEST,49,0,0,16
2026-07-02,P1037,WH-WEST,49,0,0,16
2026-07-03,P1037,WH-WEST,49,0,0,16
2026-07-04,P1037,WH-WEST,46,3,0,16
2026-07-05,P1037,WH-WEST,45,1,0,16
2026-07-06,P1037,WH-WEST,44,1,0,16
2026-07-07,P1037,WH-WEST,44,0,0,16
2026-07-08,P1037,WH-WEST,41,3,0,16
2026-07-09,P1037,WH-WEST,38,3,0,16
2026-07-10,P1037,WH-WEST,36,2,0,16
2026-07-11,P1037,WH-WEST,36,0,0,16
2026-07-12,P1037,WH-WEST,34,2,0,16
2026-07-13,P1037,WH-WEST,33,1,0,16
2026-07-14,P1037,WH-WEST,33,0,0,16
2026-07-15,P1037,WH-WEST,32,1,0,16
2026-07-16,P1037,WH-WEST,32,0,0,16
2026-07-17,P1037,WH-WEST,31,1,0,16
2026-07-18,P1037,WH-WEST,31,0,0,16
2026-07-19,P1037,WH-WEST,30,1,0,16
2026-07-20,P1037,WH-WEST,30,0,0,16
2026-07-21,P1037,WH-WEST,27,3,0,16
2026-07-22,P1037,WH-WEST,26,1,0,16
2026-07-23,P1037,WH-WEST,25,1,0,16
2026-07-24,P1037,WH-WEST,24,1,0,16
2026-07-25,P1037,WH-WEST,22,2,0,16
2026-07-26,P1037,WH-WEST,21,1,0,16
2026-07-27,P1037,WH-WEST,20,1,0,16
2026-07-28,P1037,WH-WEST,20,0,0,16
2026-07-29,P1037,WH-WEST,19,1,0,16
2026-07-30,P1037,WH-WEST,19,0,0,16
2026-07-31,P1037,WH-WEST,65,3,49,16
2026-08-01,P1037,WH-WEST,64,1,0,16
2026-08-02,P1037,WH-WEST,64,0,0,16
2026-08-03,P1037,WH-WEST,62,2,0,16
2026-08-04,P1037,WH-WEST,60,2,0,16
2026-08-05,P1037,WH-WEST,59,1,0,16
2026-08-06,P1037,WH-WEST,59,0,0,16
2026-08-07,P1037,WH-WEST,58,1,0,16
2026-08-08,P1037,WH-WEST,54,4,0,16
2026-08-09,P1037,WH-WEST,54,0,0,16
2026-08-10,P1037,WH-WEST,54,0,0,16
2026-08-11,P1037,WH-WEST,53,1,0,16
2026-08-12,P1037,WH-WEST,51,2,0,16
2026-08-13,P1037,WH-WEST,50,1,0,16
2025-08-15,P1038,WH-CENTRAL,57,4,0,25
2025-08-16,P1038,WH-CENTRAL,56,1,0,25
2025-08-17,P1038,WH-CENTRAL,48,8,0,25
2025-08-18,P1038,WH-CENTRAL,47,1,0,25
2025-08-19,P1038,WH-CENTRAL,42,5,0,25
2025-08-20,P1038,WH-CENTRAL,40,2,0,25
2025-08-21,P1038,WH-CENTRAL,38,2,0,25
2025-08-22,P1038,WH-CENTRAL,36,2,0,25
2025-08-23,P1038,WH-CENTRAL,33,3,0,25
2025-08-24,P1038,WH-CENTRAL,29,4,0,25
2025-08-25,P1038,WH-CENTRAL,118,5,94,25
2025-08-26,P1038,WH-CENTRAL,117,1,0,25
2025-08-27,P1038,WH-CENTRAL,117,0,0,25
2025-08-28,P1038,WH-CENTRAL,115,2,0,25
2025-08-29,P1038,WH-CENTRAL,108,7,0,25
2025-08-30,P1038,WH-CENTRAL,103,5,0,25
2025-08-31,P1038,WH-CENTRAL,98,5,0,25
2025-09-01,P1038,WH-CENTRAL,94,4,0,25
2025-09-02,P1038,WH-CENTRAL,92,2,0,25
2025-09-03,P1038,WH-CENTRAL,88,4,0,25
2025-09-04,P1038,WH-CENTRAL,86,2,0,25
2025-09-05,P1038,WH-CENTRAL,83,3,0,25
2025-09-06,P1038,WH-CENTRAL,75,8,0,25
2025-09-07,P1038,WH-CENTRAL,67,8,0,25
2025-09-08,P1038,WH-CENTRAL,65,2,0,25
2025-09-09,P1038,WH-CENTRAL,64,1,0,25
2025-09-10,P1038,WH-CENTRAL,58,6,0,25
2025-09-11,P1038,WH-CENTRAL,54,4,0,25
2025-09-12,P1038,WH-CENTRAL,51,3,0,25
2025-09-13,P1038,WH-CENTRAL,47,4,0,25
2025-09-14,P1038,WH-CENTRAL,44,3,0,25
2025-09-15,P1038,WH-CENTRAL,41,3,0,25
2025-09-16,P1038,WH-CENTRAL,37,4,0,25
2025-09-17,P1038,WH-CENTRAL,34,3,0,25
2025-09-18,P1038,WH-CENTRAL,31,3,0,25
2025-09-19,P1038,WH-CENTRAL,118,7,94,25
2025-09-20,P1038,WH-CENTRAL,110,8,0,25
2025-09-21,P1038,WH-CENTRAL,106,4,0,25
2025-09-22,P1038,WH-CENTRAL,104,2,0,25
2025-09-23,P1038,WH-CENTRAL,102,2,0,25
2025-09-24,P1038,WH-CENTRAL,97,5,0,25
2025-09-25,P1038,WH-CENTRAL,94,3,0,25
2025-09-26,P1038,WH-CENTRAL,91,3,0,25
2025-09-27,P1038,WH-CENTRAL,86,5,0,25
2025-09-28,P1038,WH-CENTRAL,80,6,0,25
2025-09-29,P1038,WH-CENTRAL,78,2,0,25
2025-09-30,P1038,WH-CENTRAL,76,2,0,25
2025-10-01,P1038,WH-CENTRAL,71,5,0,25
2025-10-02,P1038,WH-CENTRAL,68,3,0,25
2025-10-03,P1038,WH-CENTRAL,64,4,0,25
2025-10-04,P1038,WH-CENTRAL,61,3,0,25
2025-10-05,P1038,WH-CENTRAL,59,2,0,25
2025-10-06,P1038,WH-CENTRAL,57,2,0,25
2025-10-07,P1038,WH-CENTRAL,54,3,0,25
2025-10-08,P1038,WH-CENTRAL,48,6,0,25
2025-10-09,P1038,WH-CENTRAL,41,7,0,25
2025-10-10,P1038,WH-CENTRAL,38,3,0,25
2025-10-11,P1038,WH-CENTRAL,31,7,0,25
2025-10-12,P1038,WH-CENTRAL,26,5,0,25
2025-10-13,P1038,WH-CENTRAL,118,2,94,25
2025-10-14,P1038,WH-CENTRAL,114,4,0,25
2025-10-15,P1038,WH-CENTRAL,110,4,0,25
2025-10-16,P1038,WH-CENTRAL,107,3,0,25
2025-10-17,P1038,WH-CENTRAL,102,5,0,25
2025-10-18,P1038,WH-CENTRAL,97,5,0,25
2025-10-19,P1038,WH-CENTRAL,90,7,0,25
2025-10-20,P1038,WH-CENTRAL,85,5,0,25
2025-10-21,P1038,WH-CENTRAL,82,3,0,25
2025-10-22,P1038,WH-CENTRAL,80,2,0,25
2025-10-23,P1038,WH-CENTRAL,77,3,0,25
2025-10-24,P1038,WH-CENTRAL,74,3,0,25
2025-10-25,P1038,WH-CENTRAL,67,7,0,25
2025-10-26,P1038,WH-CENTRAL,59,8,0,25
2025-10-27,P1038,WH-CENTRAL,56,3,0,25
2025-10-28,P1038,WH-CENTRAL,51,5,0,25
2025-10-29,P1038,WH-CENTRAL,46,5,0,25
2025-10-30,P1038,WH-CENTRAL,43,3,0,25
2025-10-31,P1038,WH-CENTRAL,38,5,0,25
2025-11-01,P1038,WH-CENTRAL,32,6,0,25
2025-11-02,P1038,WH-CENTRAL,117,9,94,25
2025-11-03,P1038,WH-CENTRAL,110,7,0,25
2025-11-04,P1038,WH-CENTRAL,107,3,0,25
2025-11-05,P1038,WH-CENTRAL,103,4,0,25
2025-11-06,P1038,WH-CENTRAL,101,2,0,25
2025-11-07,P1038,WH-CENTRAL,99,2,0,25
2025-11-08,P1038,WH-CENTRAL,94,5,0,25
2025-11-09,P1038,WH-CENTRAL,91,3,0,25
2025-11-10,P1038,WH-CENTRAL,86,5,0,25
2025-11-11,P1038,WH-CENTRAL,83,3,0,25
2025-11-12,P1038,WH-CENTRAL,78,5,0,25
2025-11-13,P1038,WH-CENTRAL,74,4,0,25
2025-11-14,P1038,WH-CENTRAL,66,8,0,25
2025-11-15,P1038,WH-CENTRAL,62,4,0,25
2025-11-16,P1038,WH-CENTRAL,52,10,0,25
2025-11-17,P1038,WH-CENTRAL,49,3,0,25
2025-11-18,P1038,WH-CENTRAL,45,4,0,25
2025-11-19,P1038,WH-CENTRAL,42,3,0,25
2025-11-20,P1038,WH-CENTRAL,37,5,0,25
2025-11-21,P1038,WH-CENTRAL,34,3,0,25
2025-11-22,P1038,WH-CENTRAL,119,9,94,25
2025-11-23,P1038,WH-CENTRAL,115,4,0,25
2025-11-24,P1038,WH-CENTRAL,112,3,0,25
2025-11-25,P1038,WH-CENTRAL,111,1,0,25
2025-11-26,P1038,WH-CENTRAL,104,7,0,25
2025-11-27,P1038,WH-CENTRAL,102,2,0,25
2025-11-28,P1038,WH-CENTRAL,98,4,0,25
2025-11-29,P1038,WH-CENTRAL,96,2,0,25
2025-11-30,P1038,WH-CENTRAL,92,4,0,25
2025-12-01,P1038,WH-CENTRAL,88,4,0,25
2025-12-02,P1038,WH-CENTRAL,82,6,0,25
2025-12-03,P1038,WH-CENTRAL,77,5,0,25
2025-12-04,P1038,WH-CENTRAL,72,5,0,25
2025-12-05,P1038,WH-CENTRAL,67,5,0,25
2025-12-06,P1038,WH-CENTRAL,66,1,0,25
2025-12-07,P1038,WH-CENTRAL,62,4,0,25
2025-12-08,P1038,WH-CENTRAL,56,6,0,25
2025-12-09,P1038,WH-CENTRAL,52,4,0,25
2025-12-10,P1038,WH-CENTRAL,50,2,0,25
2025-12-11,P1038,WH-CENTRAL,44,6,0,25
2025-12-12,P1038,WH-CENTRAL,43,1,0,25
2025-12-13,P1038,WH-CENTRAL,39,4,0,25
2025-12-14,P1038,WH-CENTRAL,31,8,0,25
2025-12-15,P1038,WH-CENTRAL,27,4,0,25
2025-12-16,P1038,WH-CENTRAL,118,3,94,25
2025-12-17,P1038,WH-CENTRAL,114,4,0,25
2025-12-18,P1038,WH-CENTRAL,106,8,0,25
2025-12-19,P1038,WH-CENTRAL,102,4,0,25
2025-12-20,P1038,WH-CENTRAL,97,5,0,25
2025-12-21,P1038,WH-CENTRAL,89,8,0,25
2025-12-22,P1038,WH-CENTRAL,85,4,0,25
2025-12-23,P1038,WH-CENTRAL,85,0,0,25
2025-12-24,P1038,WH-CENTRAL,80,5,0,25
2025-12-25,P1038,WH-CENTRAL,76,4,0,25
2025-12-26,P1038,WH-CENTRAL,75,1,0,25
2025-12-27,P1038,WH-CENTRAL,68,7,0,25
2025-12-28,P1038,WH-CENTRAL,63,5,0,25
2025-12-29,P1038,WH-CENTRAL,62,1,0,25
2025-12-30,P1038,WH-CENTRAL,61,1,0,25
2025-12-31,P1038,WH-CENTRAL,57,4,0,25
2026-01-01,P1038,WH-CENTRAL,54,3,0,25
2026-01-02,P1038,WH-CENTRAL,48,6,0,25
2026-01-03,P1038,WH-CENTRAL,47,1,0,25
2026-01-04,P1038,WH-CENTRAL,45,2,0,25
2026-01-05,P1038,WH-CENTRAL,43,2,0,25
2026-01-06,P1038,WH-CENTRAL,41,2,0,25
2026-01-07,P1038,WH-CENTRAL,34,7,0,25
2026-01-08,P1038,WH-CENTRAL,32,2,0,25
2026-01-09,P1038,WH-CENTRAL,29,3,0,25
2026-01-10,P1038,WH-CENTRAL,115,8,94,25
2026-01-11,P1038,WH-CENTRAL,111,4,0,25
2026-01-12,P1038,WH-CENTRAL,107,4,0,25
2026-01-13,P1038,WH-CENTRAL,101,6,0,25
2026-01-14,P1038,WH-CENTRAL,98,3,0,25
2026-01-15,P1038,WH-CENTRAL,94,4,0,25
2026-01-16,P1038,WH-CENTRAL,91,3,0,25
2026-01-17,P1038,WH-CENTRAL,88,3,0,25
2026-01-18,P1038,WH-CENTRAL,81,7,0,25
2026-01-19,P1038,WH-CENTRAL,77,4,0,25
2026-01-20,P1038,WH-CENTRAL,72,5,0,25
2026-01-21,P1038,WH-CENTRAL,65,7,0,25
2026-01-22,P1038,WH-CENTRAL,63,2,0,25
2026-01-23,P1038,WH-CENTRAL,61,2,0,25
2026-01-24,P1038,WH-CENTRAL,58,3,0,25
2026-01-25,P1038,WH-CENTRAL,48,10,0,25
2026-01-26,P1038,WH-CENTRAL,46,2,0,25
2026-01-27,P1038,WH-CENTRAL,44,2,0,25
2026-01-28,P1038,WH-CENTRAL,39,5,0,25
2026-01-29,P1038,WH-CENTRAL,37,2,0,25
2026-01-30,P1038,WH-CENTRAL,35,2,0,25
2026-01-31,P1038,WH-CENTRAL,34,1,0,25
2026-02-01,P1038,WH-CENTRAL,29,5,0,25
2026-02-02,P1038,WH-CENTRAL,26,3,0,25
2026-02-03,P1038,WH-CENTRAL,118,2,94,25
2026-02-04,P1038,WH-CENTRAL,115,3,0,25
2026-02-05,P1038,WH-CENTRAL,111,4,0,25
2026-02-06,P1038,WH-CENTRAL,109,2,0,25
2026-02-07,P1038,WH-CENTRAL,102,7,0,25
2026-02-08,P1038,WH-CENTRAL,100,2,0,25
2026-02-09,P1038,WH-CENTRAL,94,6,0,25
2026-02-10,P1038,WH-CENTRAL,91,3,0,25
2026-02-11,P1038,WH-CENTRAL,90,1,0,25
2026-02-12,P1038,WH-CENTRAL,86,4,0,25
2026-02-13,P1038,WH-CENTRAL,83,3,0,25
2026-02-14,P1038,WH-CENTRAL,80,3,0,25
2026-02-15,P1038,WH-CENTRAL,79,1,0,25
2026-02-16,P1038,WH-CENTRAL,76,3,0,25
2026-02-17,P1038,WH-CENTRAL,70,6,0,25
2026-02-18,P1038,WH-CENTRAL,65,5,0,25
2026-02-19,P1038,WH-CENTRAL,60,5,0,25
2026-02-20,P1038,WH-CENTRAL,60,0,0,25
2026-02-21,P1038,WH-CENTRAL,57,3,0,25
2026-02-22,P1038,WH-CENTRAL,52,5,0,25
2026-02-23,P1038,WH-CENTRAL,50,2,0,25
2026-02-24,P1038,WH-CENTRAL,47,3,0,25
2026-02-25,P1038,WH-CENTRAL,46,1,0,25
2026-02-26,P1038,WH-CENTRAL,43,3,0,25
2026-02-27,P1038,WH-CENTRAL,42,1,0,25
2026-02-28,P1038,WH-CENTRAL,39,3,0,25
2026-03-01,P1038,WH-CENTRAL,36,3,0,25
2026-03-02,P1038,WH-CENTRAL,33,3,0,25
2026-03-03,P1038,WH-CENTRAL,30,3,0,25
2026-03-04,P1038,WH-CENTRAL,30,0,0,25
2026-03-05,P1038,WH-CENTRAL,29,1,0,25
2026-03-06,P1038,WH-CENTRAL,118,5,94,25
2026-03-07,P1038,WH-CENTRAL,115,3,0,25
2026-03-08,P1038,WH-CENTRAL,110,5,0,25
2026-03-09,P1038,WH-CENTRAL,106,4,0,25
2026-03-10,P1038,WH-CENTRAL,102,4,0,25
2026-03-11,P1038,WH-CENTRAL,99,3,0,25
2026-03-12,P1038,WH-CENTRAL,99,0,0,25
2026-03-13,P1038,WH-CENTRAL,96,3,0,25
2026-03-14,P1038,WH-CENTRAL,93,3,0,25
2026-03-15,P1038,WH-CENTRAL,88,5,0,25
2026-03-16,P1038,WH-CENTRAL,84,4,0,25
2026-03-17,P1038,WH-CENTRAL,78,6,0,25
2026-03-18,P1038,WH-CENTRAL,74,4,0,25
2026-03-19,P1038,WH-CENTRAL,72,2,0,25
2026-03-20,P1038,WH-CENTRAL,67,5,0,25
2026-03-21,P1038,WH-CENTRAL,65,2,0,25
2026-03-22,P1038,WH-CENTRAL,64,1,0,25
2026-03-23,P1038,WH-CENTRAL,62,2,0,25
2026-03-24,P1038,WH-CENTRAL,59,3,0,25
2026-03-25,P1038,WH-CENTRAL,56,3,0,25
2026-03-26,P1038,WH-CENTRAL,52,4,0,25
2026-03-27,P1038,WH-CENTRAL,50,2,0,25
2026-03-28,P1038,WH-CENTRAL,48,2,0,25
2026-03-29,P1038,WH-CENTRAL,45,3,0,25
2026-03-30,P1038,WH-CENTRAL,43,2,0,25
2026-03-31,P1038,WH-CENTRAL,41,2,0,25
2026-04-01,P1038,WH-CENTRAL,41,0,0,25
2026-04-02,P1038,WH-CENTRAL,37,4,0,25
2026-04-03,P1038,WH-CENTRAL,36,1,0,25
2026-04-04,P1038,WH-CENTRAL,34,2,0,25
2026-04-05,P1038,WH-CENTRAL,33,1,0,25
2026-04-06,P1038,WH-CENTRAL,31,2,0,25
2026-04-07,P1038,WH-CENTRAL,27,4,0,25
2026-04-08,P1038,WH-CENTRAL,26,1,0,25
2026-04-09,P1038,WH-CENTRAL,116,4,94,25
2026-04-10,P1038,WH-CENTRAL,115,1,0,25
2026-04-11,P1038,WH-CENTRAL,112,3,0,25
2026-04-12,P1038,WH-CENTRAL,107,5,0,25
2026-04-13,P1038,WH-CENTRAL,107,0,0,25
2026-04-14,P1038,WH-CENTRAL,106,1,0,25
2026-04-15,P1038,WH-CENTRAL,105,1,0,25
2026-04-16,P1038,WH-CENTRAL,100,5,0,25
2026-04-17,P1038,WH-CENTRAL,98,2,0,25
2026-04-18,P1038,WH-CENTRAL,95,3,0,25
2026-04-19,P1038,WH-CENTRAL,93,2,0,25
2026-04-20,P1038,WH-CENTRAL,88,5,0,25
2026-04-21,P1038,WH-CENTRAL,88,0,0,25
2026-04-22,P1038,WH-CENTRAL,87,1,0,25
2026-04-23,P1038,WH-CENTRAL,86,1,0,25
2026-04-24,P1038,WH-CENTRAL,85,1,0,25
2026-04-25,P1038,WH-CENTRAL,84,1,0,25
2026-04-26,P1038,WH-CENTRAL,81,3,0,25
2026-04-27,P1038,WH-CENTRAL,80,1,0,25
2026-04-28,P1038,WH-CENTRAL,75,5,0,25
2026-04-29,P1038,WH-CENTRAL,74,1,0,25
2026-04-30,P1038,WH-CENTRAL,73,1,0,25
2026-05-01,P1038,WH-CENTRAL,70,3,0,25
2026-05-02,P1038,WH-CENTRAL,69,1,0,25
2026-05-03,P1038,WH-CENTRAL,67,2,0,25
2026-05-04,P1038,WH-CENTRAL,67,0,0,25
2026-05-05,P1038,WH-CENTRAL,66,1,0,25
2026-05-06,P1038,WH-CENTRAL,65,1,0,25
2026-05-07,P1038,WH-CENTRAL,65,0,0,25
2026-05-08,P1038,WH-CENTRAL,63,2,0,25
2026-05-09,P1038,WH-CENTRAL,60,3,0,25
2026-05-10,P1038,WH-CENTRAL,54,6,0,25
2026-05-11,P1038,WH-CENTRAL,52,2,0,25
2026-05-12,P1038,WH-CENTRAL,52,0,0,25
2026-05-13,P1038,WH-CENTRAL,50,2,0,25
2026-05-14,P1038,WH-CENTRAL,48,2,0,25
2026-05-15,P1038,WH-CENTRAL,48,0,0,25
2026-05-16,P1038,WH-CENTRAL,44,4,0,25
2026-05-17,P1038,WH-CENTRAL,40,4,0,25
2026-05-18,P1038,WH-CENTRAL,35,5,0,25
2026-05-19,P1038,WH-CENTRAL,34,1,0,25
2026-05-20,P1038,WH-CENTRAL,28,6,0,25
2026-05-21,P1038,WH-CENTRAL,27,1,0,25
2026-05-22,P1038,WH-CENTRAL,119,2,94,25
2026-05-23,P1038,WH-CENTRAL,114,5,0,25
2026-05-24,P1038,WH-CENTRAL,110,4,0,25
2026-05-25,P1038,WH-CENTRAL,108,2,0,25
2026-05-26,P1038,WH-CENTRAL,104,4,0,25
2026-05-27,P1038,WH-CENTRAL,98,6,0,25
2026-05-28,P1038,WH-CENTRAL,95,3,0,25
2026-05-29,P1038,WH-CENTRAL,92,3,0,25
2026-05-30,P1038,WH-CENTRAL,89,3,0,25
2026-05-31,P1038,WH-CENTRAL,87,2,0,25
2026-06-01,P1038,WH-CENTRAL,85,2,0,25
2026-06-02,P1038,WH-CENTRAL,82,3,0,25
2026-06-03,P1038,WH-CENTRAL,79,3,0,25
2026-06-04,P1038,WH-CENTRAL,77,2,0,25
2026-06-05,P1038,WH-CENTRAL,73,4,0,25
2026-06-06,P1038,WH-CENTRAL,70,3,0,25
2026-06-07,P1038,WH-CENTRAL,68,2,0,25
2026-06-08,P1038,WH-CENTRAL,68,0,0,25
2026-06-09,P1038,WH-CENTRAL,67,1,0,25
2026-06-10,P1038,WH-CENTRAL,66,1,0,25
2026-06-11,P1038,WH-CENTRAL,63,3,0,25
2026-06-12,P1038,WH-CENTRAL,62,1,0,25
2026-06-13,P1038,WH-CENTRAL,60,2,0,25
2026-06-14,P1038,WH-CENTRAL,54,6,0,25
2026-06-15,P1038,WH-CENTRAL,52,2,0,25
2026-06-16,P1038,WH-CENTRAL,50,2,0,25
2026-06-17,P1038,WH-CENTRAL,48,2,0,25
2026-06-18,P1038,WH-CENTRAL,46,2,0,25
2026-06-19,P1038,WH-CENTRAL,44,2,0,25
2026-06-20,P1038,WH-CENTRAL,40,4,0,25
2026-06-21,P1038,WH-CENTRAL,37,3,0,25
2026-06-22,P1038,WH-CENTRAL,34,3,0,25
2026-06-23,P1038,WH-CENTRAL,32,2,0,25
2026-06-24,P1038,WH-CENTRAL,31,1,0,25
2026-06-25,P1038,WH-CENTRAL,28,3,0,25
2026-06-26,P1038,WH-CENTRAL,119,3,94,25
2026-06-27,P1038,WH-CENTRAL,116,3,0,25
2026-06-28,P1038,WH-CENTRAL,116,0,0,25
2026-06-29,P1038,WH-CENTRAL,114,2,0,25
2026-06-30,P1038,WH-CENTRAL,113,1,0,25
2026-07-01,P1038,WH-CENTRAL,109,4,0,25
2026-07-02,P1038,WH-CENTRAL,108,1,0,25
2026-07-03,P1038,WH-CENTRAL,106,2,0,25
2026-07-04,P1038,WH-CENTRAL,102,4,0,25
2026-07-05,P1038,WH-CENTRAL,100,2,0,25
2026-07-06,P1038,WH-CENTRAL,97,3,0,25
2026-07-07,P1038,WH-CENTRAL,95,2,0,25
2026-07-08,P1038,WH-CENTRAL,92,3,0,25
2026-07-09,P1038,WH-CENTRAL,90,2,0,25
2026-07-10,P1038,WH-CENTRAL,83,7,0,25
2026-07-11,P1038,WH-CENTRAL,82,1,0,25
2026-07-12,P1038,WH-CENTRAL,81,1,0,25
2026-07-13,P1038,WH-CENTRAL,76,5,0,25
2026-07-14,P1038,WH-CENTRAL,76,0,0,25
2026-07-15,P1038,WH-CENTRAL,74,2,0,25
2026-07-16,P1038,WH-CENTRAL,74,0,0,25
2026-07-17,P1038,WH-CENTRAL,74,0,0,25
2026-07-18,P1038,WH-CENTRAL,71,3,0,25
2026-07-19,P1038,WH-CENTRAL,69,2,0,25
2026-07-20,P1038,WH-CENTRAL,67,2,0,25
2026-07-21,P1038,WH-CENTRAL,63,4,0,25
2026-07-22,P1038,WH-CENTRAL,60,3,0,25
2026-07-23,P1038,WH-CENTRAL,57,3,0,25
2026-07-24,P1038,WH-CENTRAL,52,5,0,25
2026-07-25,P1038,WH-CENTRAL,51,1,0,25
2026-07-26,P1038,WH-CENTRAL,48,3,0,25
2026-07-27,P1038,WH-CENTRAL,47,1,0,25
2026-07-28,P1038,WH-CENTRAL,42,5,0,25
2026-07-29,P1038,WH-CENTRAL,37,5,0,25
2026-07-30,P1038,WH-CENTRAL,34,3,0,25
2026-07-31,P1038,WH-CENTRAL,32,2,0,25
2026-08-01,P1038,WH-CENTRAL,26,6,0,25
2026-08-02,P1038,WH-CENTRAL,115,5,94,25
2026-08-03,P1038,WH-CENTRAL,113,2,0,25
2026-08-04,P1038,WH-CENTRAL,111,2,0,25
2026-08-05,P1038,WH-CENTRAL,110,1,0,25
2026-08-06,P1038,WH-CENTRAL,107,3,0,25
2026-08-07,P1038,WH-CENTRAL,105,2,0,25
2026-08-08,P1038,WH-CENTRAL,103,2,0,25
2026-08-09,P1038,WH-CENTRAL,96,7,0,25
2026-08-10,P1038,WH-CENTRAL,93,3,0,25
2026-08-11,P1038,WH-CENTRAL,90,3,0,25
2026-08-12,P1038,WH-CENTRAL,88,2,0,25
2026-08-13,P1038,WH-CENTRAL,85,3,0,25
2025-08-15,P1039,WH-WEST,121,5,0,48
2025-08-16,P1039,WH-WEST,118,3,0,48
2025-08-17,P1039,WH-WEST,116,2,0,48
2025-08-18,P1039,WH-WEST,114,2,0,48
2025-08-19,P1039,WH-WEST,112,2,0,48
2025-08-20,P1039,WH-WEST,109,3,0,48
2025-08-21,P1039,WH-WEST,101,8,0,48
2025-08-22,P1039,WH-WEST,99,2,0,48
2025-08-23,P1039,WH-WEST,94,5,0,48
2025-08-24,P1039,WH-WEST,89,5,0,48
2025-08-25,P1039,WH-WEST,85,4,0,48
2025-08-26,P1039,WH-WEST,83,2,0,48
2025-08-27,P1039,WH-WEST,78,5,0,48
2025-08-28,P1039,WH-WEST,76,2,0,48
2025-08-29,P1039,WH-WEST,75,1,0,48
2025-08-30,P1039,WH-WEST,71,4,0,48
2025-08-31,P1039,WH-WEST,65,6,0,48
2025-09-01,P1039,WH-WEST,63,2,0,48
2025-09-02,P1039,WH-WEST,59,4,0,48
2025-09-03,P1039,WH-WEST,58,1,0,48
2025-09-04,P1039,WH-WEST,56,2,0,48
2025-09-05,P1039,WH-WEST,53,3,0,48
2025-09-06,P1039,WH-WEST,52,1,0,48
2025-09-07,P1039,WH-WEST,220,9,177,48
2025-09-08,P1039,WH-WEST,215,5,0,48
2025-09-09,P1039,WH-WEST,212,3,0,48
2025-09-10,P1039,WH-WEST,207,5,0,48
2025-09-11,P1039,WH-WEST,203,4,0,48
2025-09-12,P1039,WH-WEST,199,4,0,48
2025-09-13,P1039,WH-WEST,193,6,0,48
2025-09-14,P1039,WH-WEST,187,6,0,48
2025-09-15,P1039,WH-WEST,185,2,0,48
2025-09-16,P1039,WH-WEST,184,1,0,48
2025-09-17,P1039,WH-WEST,181,3,0,48
2025-09-18,P1039,WH-WEST,178,3,0,48
2025-09-19,P1039,WH-WEST,173,5,0,48
2025-09-20,P1039,WH-WEST,169,4,0,48
2025-09-21,P1039,WH-WEST,160,9,0,48
2025-09-22,P1039,WH-WEST,156,4,0,48
2025-09-23,P1039,WH-WEST,150,6,0,48
2025-09-24,P1039,WH-WEST,147,3,0,48
2025-09-25,P1039,WH-WEST,144,3,0,48
2025-09-26,P1039,WH-WEST,141,3,0,48
2025-09-27,P1039,WH-WEST,134,7,0,48
2025-09-28,P1039,WH-WEST,130,4,0,48
2025-09-29,P1039,WH-WEST,128,2,0,48
2025-09-30,P1039,WH-WEST,125,3,0,48
2025-10-01,P1039,WH-WEST,119,6,0,48
2025-10-02,P1039,WH-WEST,116,3,0,48
2025-10-03,P1039,WH-WEST,114,2,0,48
2025-10-04,P1039,WH-WEST,109,5,0,48
2025-10-05,P1039,WH-WEST,104,5,0,48
2025-10-06,P1039,WH-WEST,102,2,0,48
2025-10-07,P1039,WH-WEST,97,5,0,48
2025-10-08,P1039,WH-WEST,93,4,0,48
2025-10-09,P1039,WH-WEST,89,4,0,48
2025-10-10,P1039,WH-WEST,85,4,0,48
2025-10-11,P1039,WH-WEST,82,3,0,48
2025-10-12,P1039,WH-WEST,78,4,0,48
2025-10-13,P1039,WH-WEST,75,3,0,48
2025-10-14,P1039,WH-WEST,73,2,0,48
2025-10-15,P1039,WH-WEST,70,3,0,48
2025-10-16,P1039,WH-WEST,67,3,0,48
2025-10-17,P1039,WH-WEST,60,7,0,48
2025-10-18,P1039,WH-WEST,55,5,0,48
2025-10-19,P1039,WH-WEST,51,4,0,48
2025-10-20,P1039,WH-WEST,223,5,177,48
2025-10-21,P1039,WH-WEST,220,3,0,48
2025-10-22,P1039,WH-WEST,219,1,0,48
2025-10-23,P1039,WH-WEST,216,3,0,48
2025-10-24,P1039,WH-WEST,214,2,0,48
2025-10-25,P1039,WH-WEST,207,7,0,48
2025-10-26,P1039,WH-WEST,202,5,0,48
2025-10-27,P1039,WH-WEST,199,3,0,48
2025-10-28,P1039,WH-WEST,194,5,0,48
2025-10-29,P1039,WH-WEST,193,1,0,48
2025-10-30,P1039,WH-WEST,191,2,0,48
2025-10-31,P1039,WH-WEST,182,9,0,48
2025-11-01,P1039,WH-WEST,176,6,0,48
2025-11-02,P1039,WH-WEST,172,4,0,48
2025-11-03,P1039,WH-WEST,169,3,0,48
2025-11-04,P1039,WH-WEST,166,3,0,48
2025-11-05,P1039,WH-WEST,161,5,0,48
2025-11-06,P1039,WH-WEST,155,6,0,48
2025-11-07,P1039,WH-WEST,150,5,0,48
2025-11-08,P1039,WH-WEST,142,8,0,48
2025-11-09,P1039,WH-WEST,137,5,0,48
2025-11-10,P1039,WH-WEST,131,6,0,48
2025-11-11,P1039,WH-WEST,124,7,0,48
2025-11-12,P1039,WH-WEST,123,1,0,48
2025-11-13,P1039,WH-WEST,120,3,0,48
2025-11-14,P1039,WH-WEST,120,0,0,48
2025-11-15,P1039,WH-WEST,120,0,0,48
2025-11-16,P1039,WH-WEST,117,3,0,48
2025-11-17,P1039,WH-WEST,114,3,0,48
2025-11-18,P1039,WH-WEST,108,6,0,48
2025-11-19,P1039,WH-WEST,101,7,0,48
2025-11-20,P1039,WH-WEST,100,1,0,48
2025-11-21,P1039,WH-WEST,94,6,0,48
2025-11-22,P1039,WH-WEST,90,4,0,48
2025-11-23,P1039,WH-WEST,81,9,0,48
2025-11-24,P1039,WH-WEST,77,4,0,48
2025-11-25,P1039,WH-WEST,73,4,0,48
2025-11-26,P1039,WH-WEST,65,8,0,48
2025-11-27,P1039,WH-WEST,62,3,0,48
2025-11-28,P1039,WH-WEST,54,8,0,48
2025-11-29,P1039,WH-WEST,223,8,177,48
2025-11-30,P1039,WH-WEST,217,6,0,48
2025-12-01,P1039,WH-WEST,212,5,0,48
2025-12-02,P1039,WH-WEST,209,3,0,48
2025-12-03,P1039,WH-WEST,205,4,0,48
2025-12-04,P1039,WH-WEST,201,4,0,48
2025-12-05,P1039,WH-WEST,199,2,0,48
2025-12-06,P1039,WH-WEST,197,2,0,48
2025-12-07,P1039,WH-WEST,191,6,0,48
2025-12-08,P1039,WH-WEST,186,5,0,48
2025-12-09,P1039,WH-WEST,183,3,0,48
2025-12-10,P1039,WH-WEST,178,5,0,48
2025-12-11,P1039,WH-WEST,174,4,0,48
2025-12-12,P1039,WH-WEST,173,1,0,48
2025-12-13,P1039,WH-WEST,165,8,0,48
2025-12-14,P1039,WH-WEST,159,6,0,48
2025-12-15,P1039,WH-WEST,155,4,0,48
2025-12-16,P1039,WH-WEST,153,2,0,48
2025-12-17,P1039,WH-WEST,148,5,0,48
2025-12-18,P1039,WH-WEST,142,6,0,48
2025-12-19,P1039,WH-WEST,139,3,0,48
2025-12-20,P1039,WH-WEST,132,7,0,48
2025-12-21,P1039,WH-WEST,125,7,0,48
2025-12-22,P1039,WH-WEST,121,4,0,48
2025-12-23,P1039,WH-WEST,116,5,0,48
2025-12-24,P1039,WH-WEST,112,4,0,48
2025-12-25,P1039,WH-WEST,107,5,0,48
2025-12-26,P1039,WH-WEST,101,6,0,48
2025-12-27,P1039,WH-WEST,94,7,0,48
2025-12-28,P1039,WH-WEST,90,4,0,48
2025-12-29,P1039,WH-WEST,86,4,0,48
2025-12-30,P1039,WH-WEST,82,4,0,48
2025-12-31,P1039,WH-WEST,79,3,0,48
2026-01-01,P1039,WH-WEST,75,4,0,48
2026-01-02,P1039,WH-WEST,72,3,0,48
2026-01-03,P1039,WH-WEST,66,6,0,48
2026-01-04,P1039,WH-WEST,64,2,0,48
2026-01-05,P1039,WH-WEST,61,3,0,48
2026-01-06,P1039,WH-WEST,53,8,0,48
2026-01-07,P1039,WH-WEST,49,4,0,48
2026-01-08,P1039,WH-WEST,222,4,177,48
2026-01-09,P1039,WH-WEST,219,3,0,48
2026-01-10,P1039,WH-WEST,215,4,0,48
2026-01-11,P1039,WH-WEST,209,6,0,48
2026-01-12,P1039,WH-WEST,201,8,0,48
2026-01-13,P1039,WH-WEST,196,5,0,48
2026-01-14,P1039,WH-WEST,191,5,0,48
2026-01-15,P1039,WH-WEST,191,0,0,48
2026-01-16,P1039,WH-WEST,188,3,0,48
2026-01-17,P1039,WH-WEST,183,5,0,48
2026-01-18,P1039,WH-WEST,177,6,0,48
2026-01-19,P1039,WH-WEST,170,7,0,48
2026-01-20,P1039,WH-WEST,168,2,0,48
2026-01-21,P1039,WH-WEST,164,4,0,48
2026-01-22,P1039,WH-WEST,163,1,0,48
2026-01-23,P1039,WH-WEST,160,3,0,48
2026-01-24,P1039,WH-WEST,154,6,0,48
2026-01-25,P1039,WH-WEST,151,3,0,48
2026-01-26,P1039,WH-WEST,147,4,0,48
2026-01-27,P1039,WH-WEST,146,1,0,48
2026-01-28,P1039,WH-WEST,139,7,0,48
2026-01-29,P1039,WH-WEST,138,1,0,48
2026-01-30,P1039,WH-WEST,137,1,0,48
2026-01-31,P1039,WH-WEST,131,6,0,48
2026-02-01,P1039,WH-WEST,127,4,0,48
2026-02-02,P1039,WH-WEST,124,3,0,48
2026-02-03,P1039,WH-WEST,122,2,0,48
2026-02-04,P1039,WH-WEST,119,3,0,48
2026-02-05,P1039,WH-WEST,111,8,0,48
2026-02-06,P1039,WH-WEST,107,4,0,48
2026-02-07,P1039,WH-WEST,105,2,0,48
2026-02-08,P1039,WH-WEST,98,7,0,48
2026-02-09,P1039,WH-WEST,96,2,0,48
2026-02-10,P1039,WH-WEST,92,4,0,48
2026-02-11,P1039,WH-WEST,87,5,0,48
2026-02-12,P1039,WH-WEST,82,5,0,48
2026-02-13,P1039,WH-WEST,77,5,0,48
2026-02-14,P1039,WH-WEST,70,7,0,48
2026-02-15,P1039,WH-WEST,66,4,0,48
2026-02-16,P1039,WH-WEST,62,4,0,48
2026-02-17,P1039,WH-WEST,61,1,0,48
2026-02-18,P1039,WH-WEST,57,4,0,48
2026-02-19,P1039,WH-WEST,56,1,0,48
2026-02-20,P1039,WH-WEST,52,4,0,48
2026-02-21,P1039,WH-WEST,50,2,0,48
2026-02-22,P1039,WH-WEST,223,4,177,48
2026-02-23,P1039,WH-WEST,220,3,0,48
2026-02-24,P1039,WH-WEST,219,1,0,48
2026-02-25,P1039,WH-WEST,212,7,0,48
2026-02-26,P1039,WH-WEST,210,2,0,48
2026-02-27,P1039,WH-WEST,207,3,0,48
2026-02-28,P1039,WH-WEST,200,7,0,48
2026-03-01,P1039,WH-WEST,192,8,0,48
2026-03-02,P1039,WH-WEST,190,2,0,48
2026-03-03,P1039,WH-WEST,190,0,0,48
2026-03-04,P1039,WH-WEST,186,4,0,48
2026-03-05,P1039,WH-WEST,178,8,0,48
2026-03-06,P1039,WH-WEST,175,3,0,48
2026-03-07,P1039,WH-WEST,174,1,0,48
2026-03-08,P1039,WH-WEST,168,6,0,48
2026-03-09,P1039,WH-WEST,165,3,0,48
2026-03-10,P1039,WH-WEST,162,3,0,48
2026-03-11,P1039,WH-WEST,160,2,0,48
2026-03-12,P1039,WH-WEST,157,3,0,48
2026-03-13,P1039,WH-WEST,154,3,0,48
2026-03-14,P1039,WH-WEST,148,6,0,48
2026-03-15,P1039,WH-WEST,147,1,0,48
2026-03-16,P1039,WH-WEST,147,0,0,48
2026-03-17,P1039,WH-WEST,145,2,0,48
2026-03-18,P1039,WH-WEST,142,3,0,48
2026-03-19,P1039,WH-WEST,139,3,0,48
2026-03-20,P1039,WH-WEST,138,1,0,48
2026-03-21,P1039,WH-WEST,136,2,0,48
2026-03-22,P1039,WH-WEST,131,5,0,48
2026-03-23,P1039,WH-WEST,128,3,0,48
2026-03-24,P1039,WH-WEST,126,2,0,48
2026-03-25,P1039,WH-WEST,124,2,0,48
2026-03-26,P1039,WH-WEST,122,2,0,48
2026-03-27,P1039,WH-WEST,122,0,0,48
2026-03-28,P1039,WH-WEST,119,3,0,48
2026-03-29,P1039,WH-WEST,111,8,0,48
2026-03-30,P1039,WH-WEST,108,3,0,48
2026-03-31,P1039,WH-WEST,108,0,0,48
2026-04-01,P1039,WH-WEST,102,6,0,48
2026-04-02,P1039,WH-WEST,100,2,0,48
2026-04-03,P1039,WH-WEST,96,4,0,48
2026-04-04,P1039,WH-WEST,93,3,0,48
2026-04-05,P1039,WH-WEST,85,8,0,48
2026-04-06,P1039,WH-WEST,83,2,0,48
2026-04-07,P1039,WH-WEST,80,3,0,48
2026-04-08,P1039,WH-WEST,78,2,0,48
2026-04-09,P1039,WH-WEST,77,1,0,48
2026-04-10,P1039,WH-WEST,72,5,0,48
2026-04-11,P1039,WH-WEST,69,3,0,48
2026-04-12,P1039,WH-WEST,67,2,0,48
2026-04-13,P1039,WH-WEST,64,3,0,48
2026-04-14,P1039,WH-WEST,63,1,0,48
2026-04-15,P1039,WH-WEST,62,1,0,48
2026-04-16,P1039,WH-WEST,62,0,0,48
2026-04-17,P1039,WH-WEST,55,7,0,48
2026-04-18,P1039,WH-WEST,50,5,0,48
2026-04-19,P1039,WH-WEST,223,4,177,48
2026-04-20,P1039,WH-WEST,218,5,0,48
2026-04-21,P1039,WH-WEST,214,4,0,48
2026-04-22,P1039,WH-WEST,209,5,0,48
2026-04-23,P1039,WH-WEST,207,2,0,48
2026-04-24,P1039,WH-WEST,205,2,0,48
2026-04-25,P1039,WH-WEST,201,4,0,48
2026-04-26,P1039,WH-WEST,198,3,0,48
2026-04-27,P1039,WH-WEST,192,6,0,48
2026-04-28,P1039,WH-WEST,191,1,0,48
2026-04-29,P1039,WH-WEST,185,6,0,48
2026-04-30,P1039,WH-WEST,184,1,0,48
2026-05-01,P1039,WH-WEST,181,3,0,48
2026-05-02,P1039,WH-WEST,174,7,0,48
2026-05-03,P1039,WH-WEST,168,6,0,48
2026-05-04,P1039,WH-WEST,165,3,0,48
2026-05-05,P1039,WH-WEST,164,1,0,48
2026-05-06,P1039,WH-WEST,161,3,0,48
2026-05-07,P1039,WH-WEST,160,1,0,48
2026-05-08,P1039,WH-WEST,158,2,0,48
2026-05-09,P1039,WH-WEST,156,2,0,48
2026-05-10,P1039,WH-WEST,153,3,0,48
2026-05-11,P1039,WH-WEST,152,1,0,48
2026-05-12,P1039,WH-WEST,148,4,0,48
2026-05-13,P1039,WH-WEST,146,2,0,48
2026-05-14,P1039,WH-WEST,143,3,0,48
2026-05-15,P1039,WH-WEST,139,4,0,48
2026-05-16,P1039,WH-WEST,138,1,0,48
2026-05-17,P1039,WH-WEST,133,5,0,48
2026-05-18,P1039,WH-WEST,132,1,0,48
2026-05-19,P1039,WH-WEST,131,1,0,48
2026-05-20,P1039,WH-WEST,129,2,0,48
2026-05-21,P1039,WH-WEST,125,4,0,48
2026-05-22,P1039,WH-WEST,125,0,0,48
2026-05-23,P1039,WH-WEST,118,7,0,48
2026-05-24,P1039,WH-WEST,116,2,0,48
2026-05-25,P1039,WH-WEST,116,0,0,48
2026-05-26,P1039,WH-WEST,115,1,0,48
2026-05-27,P1039,WH-WEST,110,5,0,48
2026-05-28,P1039,WH-WEST,110,0,0,48
2026-05-29,P1039,WH-WEST,109,1,0,48
2026-05-30,P1039,WH-WEST,107,2,0,48
2026-05-31,P1039,WH-WEST,104,3,0,48
2026-06-01,P1039,WH-WEST,102,2,0,48
2026-06-02,P1039,WH-WEST,97,5,0,48
2026-06-03,P1039,WH-WEST,94,3,0,48
2026-06-04,P1039,WH-WEST,88,6,0,48
2026-06-05,P1039,WH-WEST,86,2,0,48
2026-06-06,P1039,WH-WEST,84,2,0,48
2026-06-07,P1039,WH-WEST,80,4,0,48
2026-06-08,P1039,WH-WEST,79,1,0,48
2026-06-09,P1039,WH-WEST,75,4,0,48
2026-06-10,P1039,WH-WEST,74,1,0,48
2026-06-11,P1039,WH-WEST,70,4,0,48
2026-06-12,P1039,WH-WEST,65,5,0,48
2026-06-13,P1039,WH-WEST,64,1,0,48
2026-06-14,P1039,WH-WEST,61,3,0,48
2026-06-15,P1039,WH-WEST,58,3,0,48
2026-06-16,P1039,WH-WEST,54,4,0,48
2026-06-17,P1039,WH-WEST,50,4,0,48
2026-06-18,P1039,WH-WEST,223,4,177,48
2026-06-19,P1039,WH-WEST,218,5,0,48
2026-06-20,P1039,WH-WEST,213,5,0,48
2026-06-21,P1039,WH-WEST,202,11,0,48
2026-06-22,P1039,WH-WEST,197,5,0,48
2026-06-23,P1039,WH-WEST,192,5,0,48
2026-06-24,P1039,WH-WEST,189,3,0,48
2026-06-25,P1039,WH-WEST,183,6,0,48
2026-06-26,P1039,WH-WEST,182,1,0,48
2026-06-27,P1039,WH-WEST,176,6,0,48
2026-06-28,P1039,WH-WEST,171,5,0,48
2026-06-29,P1039,WH-WEST,170,1,0,48
2026-06-30,P1039,WH-WEST,167,3,0,48
2026-07-01,P1039,WH-WEST,164,3,0,48
2026-07-02,P1039,WH-WEST,160,4,0,48
2026-07-03,P1039,WH-WEST,156,4,0,48
2026-07-04,P1039,WH-WEST,148,8,0,48
2026-07-05,P1039,WH-WEST,140,8,0,48
2026-07-06,P1039,WH-WEST,134,6,0,48
2026-07-07,P1039,WH-WEST,131,3,0,48
2026-07-08,P1039,WH-WEST,127,4,0,48
2026-07-09,P1039,WH-WEST,123,4,0,48
2026-07-10,P1039,WH-WEST,120,3,0,48
2026-07-11,P1039,WH-WEST,115,5,0,48
2026-07-12,P1039,WH-WEST,111,4,0,48
2026-07-13,P1039,WH-WEST,107,4,0,48
2026-07-14,P1039,WH-WEST,103,4,0,48
2026-07-15,P1039,WH-WEST,101,2,0,48
2026-07-16,P1039,WH-WEST,96,5,0,48
2026-07-17,P1039,WH-WEST,89,7,0,48
2026-07-18,P1039,WH-WEST,84,5,0,48
2026-07-19,P1039,WH-WEST,78,6,0,48
2026-07-20,P1039,WH-WEST,75,3,0,48
2026-07-21,P1039,WH-WEST,72,3,0,48
2026-07-22,P1039,WH-WEST,71,1,0,48
2026-07-23,P1039,WH-WEST,68,3,0,48
2026-07-24,P1039,WH-WEST,66,2,0,48
2026-07-25,P1039,WH-WEST,63,3,0,48
2026-07-26,P1039,WH-WEST,58,5,0,48
2026-07-27,P1039,WH-WEST,53,5,0,48
2026-07-28,P1039,WH-WEST,49,4,0,48
2026-07-29,P1039,WH-WEST,220,6,177,48
2026-07-30,P1039,WH-WEST,214,6,0,48
2026-07-31,P1039,WH-WEST,212,2,0,48
2026-08-01,P1039,WH-WEST,204,8,0,48
2026-08-02,P1039,WH-WEST,203,1,0,48
2026-08-03,P1039,WH-WEST,199,4,0,48
2026-08-04,P1039,WH-WEST,193,6,0,48
2026-08-05,P1039,WH-WEST,192,1,0,48
2026-08-06,P1039,WH-WEST,190,2,0,48
2026-08-07,P1039,WH-WEST,187,3,0,48
2026-08-08,P1039,WH-WEST,184,3,0,48
2026-08-09,P1039,WH-WEST,178,6,0,48
2026-08-10,P1039,WH-WEST,172,6,0,48
2026-08-11,P1039,WH-WEST,171,1,0,48
2026-08-12,P1039,WH-WEST,165,6,0,48
2026-08-13,P1039,WH-WEST,161,4,0,48
