transaction_id,date,product_id,units_sold,unit_price,revenue,warehouse,channel
T500001,2025-08-15,P1000,2,56.75,113.5,WH-EAST,Online
T500002,2025-08-16,P1000,11,56.75,624.25,WH-EAST,Online
T500003,2025-08-17,P1000,10,56.75,567.5,WH-EAST,In-Store
T500004,2025-08-18,P1000,6,56.75,340.5,WH-EAST,Online
T500005,2025-08-19,P1000,7,56.75,397.25,WH-EAST,In-Store
T500006,2025-08-20,P1000,9,56.75,510.75,WH-EAST,Online
T500007,2025-08-21,P1000,17,56.75,964.75,WH-EAST,Online
T500008,2025-08-22,P1000,4,56.75,227.0,WH-EAST,Online
T500009,2025-08-23,P1000,4,56.75,227.0,WH-EAST,Online
T500010,2025-08-24,P1000,5,56.75,283.75,WH-EAST,Online
T500011,2025-08-25,P1000,9,56.75,510.75,WH-EAST,Online
T500012,2025-08-26,P1000,9,56.75,510.75,WH-EAST,Online
T500013,2025-08-27,P1000,8,56.75,454.0,WH-EAST,Online
T500014,2025-08-28,P1000,5,56.75,283.75,WH-EAST,Online
T500015,2025-08-29,P1000,6,56.75,340.5,WH-EAST,Online
T500016,2025-08-30,P1000,7,56.75,397.25,WH-EAST,Online
T500017,2025-08-31,P1000,11,56.75,624.25,WH-EAST,Online
T500018,2025-09-01,P1000,3,56.75,170.25,WH-EAST,Online
T500019,2025-09-02,P1000,6,56.75,340.5,WH-EAST,In-Store
T500020,2025-09-03,P1000,13,56.75,737.75,WH-EAST,In-Store
T500021,2025-09-04,P1000,8,56.75,454.0,WH-EAST,In-Store
T500022,2025-09-05,P1000,9,56.75,510.75,WH-EAST,In-Store
T500023,2025-09-06,P1000,8,56.75,454.0,WH-EAST,Online
T500024,2025-09-07,P1000,6,56.75,340.5,WH-EAST,In-Store
T500025,2025-09-08,P1000,10,56.75,567.5,WH-EAST,Online
T500026,2025-09-09,P1000,6,56.75,340.5,WH-EAST,Online
T500027,2025-09-10,P1000,5,56.75,283.75,WH-EAST,In-Store
T500028,2025-09-11,P1000,5,56.75,283.75,WH-EAST,In-Store
T500029,2025-09-12,P1000,9,56.75,510.75,WH-EAST,Online
T500030,2025-09-13,P1000,10,56.75,567.5,WH-EAST,Online
T500031,2025-09-14,P1000,11,56.75,624.25,WH-EAST,In-Store
T500032,2025-09-15,P1000,7,56.75,397.25,WH-EAST,Online
T500033,2025-09-16,P1000,11,56.75,624.25,WH-EAST,In-Store
T500034,2025-09-17,P1000,14,56.75,794.5,WH-EAST,Online
T500035,2025-09-18,P1000,10,56.75,567.5,WH-EAST,Online
T500036,2025-09-19,P1000,5,56.75,283.75,WH-EAST,Online
T500037,2025-09-20,P1000,14,56.75,794.5,WH-EAST,Online
T500038,2025-09-21,P1000,7,56.75,397.25,WH-EAST,Online
T500039,2025-09-22,P1000,8,56.75,454.0,WH-EAST,Online
T500040,2025-09-23,P1000,4,56.75,227.0,WH-EAST,Online
T500041,2025-09-24,P1000,7,56.75,397.25,WH-EAST,In-Store
T500042,2025-09-25,P1000,7,56.75,397.25,WH-EAST,Online
T500043,2025-09-26,P1000,9,56.75,510.75,WH-EAST,Online
T500044,2025-09-27,P1000,6,56.75,340.5,WH-EAST,Online
T500045,2025-09-28,P1000,11,56.75,624.25,WH-EAST,Online
T500046,2025-09-29,P1000,9,56.75,510.75,WH-EAST,Online
T500047,2025-09-30,P1000,5,56.75,283.75,WH-EAST,Online
T500048,2025-10-01,P1000,12,56.75,681.0,WH-EAST,Online
T500049,2025-10-02,P1000,8,56.75,454.0,WH-EAST,Online
T500050,2025-10-03,P1000,5,56.75,283.75,WH-EAST,Online
T500051,2025-10-04,P1000,16,56.75,908.0,WH-EAST,Online
T500052,2025-10-05,P1000,10,56.75,567.5,WH-EAST,Online
T500053,2025-10-06,P1000,12,56.75,681.0,WH-EAST,In-Store
T500054,2025-10-07,P1000,11,56.75,624.25,WH-EAST,Online
T500055,2025-10-08,P1000,8,56.75,454.0,WH-EAST,In-Store
T500056,2025-10-09,P1000,10,56.75,567.5,WH-EAST,Online
T500057,2025-10-10,P1000,10,56.75,567.5,WH-EAST,In-Store
T500058,2025-10-11,P1000,16,56.75,908.0,WH-EAST,In-Store
T500059,2025-10-12,P1000,7,56.75,397.25,WH-EAST,Online
T500060,2025-10-13,P1000,9,56.75,510.75,WH-EAST,Online
T500061,2025-10-14,P1000,8,56.75,454.0,WH-EAST,In-Store
T500062,2025-10-15,P1000,6,56.75,340.5,WH-EAST,In-Store
T500063,2025-10-16,P1000,6,56.75,340.5,WH-EAST,Online
T500064,2025-10-17,P1000,11,56.75,624.25,WH-EAST,Online
T500065,2025-10-18,P1000,5,56.75,283.75,WH-EAST,Online
T500066,2025-10-19,P1000,5,56.75,283.75,WH-EAST,In-Store
T500067,2025-10-20,P1000,9,56.75,510.75,WH-EAST,In-Store
T500068,2025-10-21,P1000,3,56.75,170.25,WH-EAST,Online
T500069,2025-10-22,P1000,12,56.75,681.0,WH-EAST,Online
T500070,2025-10-23,P1000,9,56.75,510.75,WH-EAST,Online
T500071,2025-10-24,P1000,8,56.75,454.0,WH-EAST,In-Store
T500072,2025-10-25,P1000,7,56.75,397.25,WH-EAST,Online
T500073,2025-10-26,P1000,11,56.75,624.25,WH-EAST,In-Store
T500074,2025-10-27,P1000,8,56.75,454.0,WH-EAST,Online
T500075,2025-10-28,P1000,7,56.75,397.25,WH-EAST,Online
T500076,2025-10-29,P1000,9,56.75,510.75,WH-EAST,In-Store
T500077,2025-10-30,P1000,10,56.75,567.5,WH-EAST,Online
T500078,2025-10-31,P1000,14,56.75,794.5,WH-EAST,Online
T500079,2025-11-01,P1000,12,56.75,681.0,WH-EAST,Online
T500080,2025-11-02,P1000,6,56.75,340.5,WH-EAST,Online
T500081,2025-11-03,P1000,9,56.75,510.75,WH-EAST,In-Store
T500082,2025-11-04,P1000,16,56.75,908.0,WH-EAST,Online
T500083,2025-11-05,P1000,4,56.75,227.0,WH-EAST,In-Store
T500084,2025-11-06,P1000,12,56.75,681.0,WH-EAST,In-Store
T500085,2025-11-07,P1000,8,56.75,454.0,WH-EAST,In-Store
T500086,2025-11-08,P1000,12,56.75,681.0,WH-EAST,Online
T500087,2025-11-09,P1000,13,56.75,737.75,WH-EAST,Online
T500088,2025-11-10,P1000,7,56.75,397.25,WH-EAST,In-Store
T500089,2025-11-11,P1000,19,56.75,1078.25,WH-EAST,In-Store
T500090,2025-11-12,P1000,8,56.75,454.0,WH-EAST,Online
T500091,2025-11-13,P1000,7,56.75,397.25,WH-EAST,In-Store
T500092,2025-11-14,P1000,10,56.75,567.5,WH-EAST,Online
T500093,2025-11-15,P1000,10,56.75,567.5,WH-EAST,In-Store
T500094,2025-11-16,P1000,5,56.75,283.75,WH-EAST,Online
T500095,2025-11-17,P1000,9,56.75,510.75,WH-EAST,In-Store
T500096,2025-11-18,P1000,12,56.75,681.0,WH-EAST,Online
T500097,2025-11-19,P1000,13,56.75,737.75,WH-EAST,Online
T500098,2025-11-20,P1000,10,56.75,567.5,WH-EAST,Online
T500099,2025-11-21,P1000,5,56.75,283.75,WH-EAST,Online
T500100,2025-11-22,P1000,9,56.75,510.75,WH-EAST,In-Store
T500101,2025-11-23,P1000,7,56.75,397.25,WH-EAST,Online
T500102,2025-11-24,P1000,4,56.75,227.0,WH-EAST,Online
T500103,2025-11-25,P1000,7,56.75,397.25,WH-EAST,In-Store
T500104,2025-11-26,P1000,12,56.75,681.0,WH-EAST,Online
T500105,2025-11-27,P1000,5,56.75,283.75,WH-EAST,In-Store
T500106,2025-11-28,P1000,13,56.75,737.75,WH-EAST,In-Store
T500107,2025-11-29,P1000,8,56.75,454.0,WH-EAST,Online
T500108,2025-11-30,P1000,13,56.75,737.75,WH-EAST,Online
T500109,2025-12-01,P1000,11,56.75,624.25,WH-EAST,In-Store
T500110,2025-12-02,P1000,11,56.75,624.25,WH-EAST,In-Store
T500111,2025-12-03,P1000,7,56.75,397.25,WH-EAST,Online
T500112,2025-12-04,P1000,8,56.75,454.0,WH-EAST,In-Store
T500113,2025-12-05,P1000,7,56.75,397.25,WH-EAST,Online
T500114,2025-12-06,P1000,6,56.75,340.5,WH-EAST,In-Store
T500115,2025-12-07,P1000,9,56.75,510.75,WH-EAST,Online
T500116,2025-12-08,P1000,10,56.75,567.5,WH-EAST,In-Store
T500117,2025-12-09,P1000,12,56.75,681.0,WH-EAST,In-Store
T500118,2025-12-10,P1000,12,56.75,681.0,WH-EAST,In-Store
T500119,2025-12-11,P1000,7,56.75,397.25,WH-EAST,Online
T500120,2025-12-12,P1000,8,56.75,454.0,WH-EAST,Online
T500121,2025-12-13,P1000,9,56.75,510.75,WH-EAST,Online
T500122,2025-12-14,P1000,9,56.75,510.75,WH-EAST,Online
T500123,2025-12-15,P1000,8,56.75,454.0,WH-EAST,Online
T500124,2025-12-16,P1000,9,56.75,510.75,WH-EAST,In-Store
T500125,2025-12-17,P1000,10,56.75,567.5,WH-EAST,Online
T500126,2025-12-18,P1000,13,56.75,737.75,WH-EAST,In-Store
T500127,2025-12-19,P1000,9,56.75,510.75,WH-EAST,Online
T500128,2025-12-20,P1000,9,56.75,510.75,WH-EAST,In-Store
T500129,2025-12-21,P1000,10,56.75,567.5,WH-EAST,Online
T500130,2025-12-22,P1000,7,56.75,397.25,WH-EAST,In-Store
T500131,2025-12-23,P1000,13,56.75,737.75,WH-EAST,Online
T500132,2025-12-24,P1000,9,56.75,510.75,WH-EAST,In-Store
T500133,2025-12-25,P1000,11,56.75,624.25,WH-EAST,Online
T500134,2025-12-26,P1000,7,56.75,397.25,WH-EAST,In-Store
T500135,2025-12-27,P1000,12,56.75,681.0,WH-EAST,In-Store
T500136,2025-12-28,P1000,10,56.75,567.5,WH-EAST,In-Store
T500137,2025-12-29,P1000,11,56.75,624.25,WH-EAST,Online
T500138,2025-12-30,P1000,4,56.75,227.0,WH-EAST,In-Store
T500139,2025-12-31,P1000,9,56.75,510.75,WH-EAST,Online
T500140,2026-01-01,P1000,8,56.75,454.0,WH-EAST,Online
T500141,2026-01-02,P1000,8,56.75,454.0,WH-EAST,Online
T500142,2026-01-03,P1000,11,56.75,624.25,WH-EAST,Online
T500143,2026-01-04,P1000,6,56.75,340.5,WH-EAST,Online
T500144,2026-01-05,P1000,10,56.75,567.5,WH-EAST,Online
T500145,2026-01-06,P1000,13,56.75,737.75,WH-EAST,In-Store
T500146,2026-01-07,P1000,8,56.75,454.0,WH-EAST,Online
T500147,2026-01-08,P1000,5,56.75,283.75,WH-EAST,In-Store
T500148,2026-01-09,P1000,2,56.75,113.5,WH-EAST,In-Store
T500149,2026-01-10,P1000,8,56.75,454.0,WH-EAST,In-Store
T500150,2026-01-11,P1000,5,56.75,283.75,WH-EAST,In-Store
T500151,2026-01-12,P1000,8,56.75,454.0,WH-EAST,In-Store
T500152,2026-01-13,P1000,12,56.75,681.0,WH-EAST,Online
T500153,2026-01-14,P1000,8,56.75,454.0,WH-EAST,In-Store
T500154,2026-01-15,P1000,14,56.75,794.5,WH-EAST,Online
T500155,2026-01-16,P1000,10,56.75,567.5,WH-EAST,Online
T500156,2026-01-17,P1000,7,56.75,397.25,WH-EAST,In-Store
T500157,2026-01-18,P1000,9,56.75,510.75,WH-EAST,In-Store
T500158,2026-01-19,P1000,3,56.75,170.25,WH-EAST,In-Store
T500159,2026-01-20,P1000,9,56.75,510.75,WH-EAST,In-Store
T500160,2026-01-21,P1000,5,56.75,283.75,WH-EAST,Online
T500161,2026-01-22,P1000,6,56.75,340.5,WH-EAST,Online
T500162,2026-01-23,P1000,9,56.75,510.75,WH-EAST,Online
T500163,2026-01-24,P1000,8,56.75,454.0,WH-EAST,Online
T500164,2026-01-25,P1000,14,56.75,794.5,WH-EAST,Online
T500165,2026-01-26,P1000,2,56.75,113.5,WH-EAST,In-Store
T500166,2026-01-27,P1000,10,56.75,567.5,WH-EAST,Online
T500167,2026-01-28,P1000,7,56.75,397.25,WH-EAST,Online
T500168,2026-01-29,P1000,5,56.75,283.75,WH-EAST,Online
T500169,2026-01-30,P1000,8,56.75,454.0,WH-EAST,Online
T500170,2026-01-31,P1000,3,56.75,170.25,WH-EAST,Online
T500171,2026-02-01,P1000,8,56.75,454.0,WH-EAST,Online
T500172,2026-02-02,P1000,10,56.75,567.5,WH-EAST,Online
T500173,2026-02-03,P1000,6,56.75,340.5,WH-EAST,In-Store
T500174,2026-02-04,P1000,6,56.75,340.5,WH-EAST,Online
T500175,2026-02-05,P1000,10,56.75,567.5,WH-EAST,Online
T500176,2026-02-06,P1000,7,56.75,397.25,WH-EAST,In-Store
T500177,2026-02-07,P1000,7,56.75,397.25,WH-EAST,Online
T500178,2026-02-08,P1000,11,56.75,624.25,WH-EAST,In-Store
T500179,2026-02-09,P1000,12,56.75,681.0,WH-EAST,In-Store
T500180,2026-02-10,P1000,5,56.75,283.75,WH-EAST,Online
T500181,2026-02-11,P1000,10,56.75,567.5,WH-EAST,In-Store
T500182,2026-02-12,P1000,3,56.75,170.25,WH-EAST,Online
T500183,2026-02-13,P1000,9,56.75,510.75,WH-EAST,Online
T500184,2026-02-14,P1000,9,56.75,510.75,WH-EAST,Online
T500185,2026-02-15,P1000,11,56.75,624.25,WH-EAST,In-Store
T500186,2026-02-16,P1000,5,56.75,283.75,WH-EAST,In-Store
T500187,2026-02-17,P1000,6,56.75,340.5,WH-EAST,Online
T500188,2026-02-18,P1000,12,56.75,681.0,WH-EAST,In-Store
T500189,2026-02-19,P1000,5,56.75,283.75,WH-EAST,In-Store
T500190,2026-02-20,P1000,7,56.75,397.25,WH-EAST,In-Store
T500191,2026-02-21,P1000,8,56.75,454.0,WH-EAST,Online
T500192,2026-02-22,P1000,4,56.75,227.0,WH-EAST,Online
T500193,2026-02-23,P1000,8,56.75,454.0,WH-EAST,Online
T500194,2026-02-24,P1000,6,56.75,340.5,WH-EAST,In-Store
T500195,2026-02-25,P1000,8,56.75,454.0,WH-EAST,Online
T500196,2026-02-26,P1000,10,56.75,567.5,WH-EAST,Online
T500197,2026-02-27,P1000,9,56.75,510.75,WH-EAST,Online
T500198,2026-02-28,P1000,4,56.75,227.0,WH-EAST,In-Store
T500199,2026-03-01,P1000,6,56.75,340.5,WH-EAST,Online
T500200,2026-03-02,P1000,2,56.75,113.5,WH-EAST,Online
T500201,2026-03-03,P1000,7,56.75,397.25,WH-EAST,Online
T500202,2026-03-04,P1000,7,56.75,397.25,WH-EAST,Online
T500203,2026-03-05,P1000,10,56.75,567.5,WH-EAST,Online
T500204,2026-03-06,P1000,2,56.75,113.5,WH-EAST,Online
T500205,2026-03-07,P1000,5,56.75,283.75,WH-EAST,Online
T500206,2026-03-08,P1000,5,56.75,283.75,WH-EAST,In-Store
T500207,2026-03-09,P1000,3,56.75,170.25,WH-EAST,In-Store
T500208,2026-03-10,P1000,6,56.75,340.5,WH-EAST,Online
T500209,2026-03-11,P1000,2,56.75,113.5,WH-EAST,Online
T500210,2026-03-12,P1000,3,56.75,170.25,WH-EAST,Online
T500211,2026-03-13,P1000,10,56.75,567.5,WH-EAST,In-Store
T500212,2026-03-14,P1000,10,56.75,567.5,WH-EAST,Online
T500213,2026-03-15,P1000,4,56.75,227.0,WH-EAST,Online
T500214,2026-03-16,P1000,4,56.75,227.0,WH-EAST,In-Store
T500215,2026-03-17,P1000,6,56.75,340.5,WH-EAST,Online
T500216,2026-03-18,P1000,4,56.75,227.0,WH-EAST,Online
T500217,2026-03-19,P1000,2,56.75,113.5,WH-EAST,In-Store
T500218,2026-03-20,P1000,7,56.75,397.25,WH-EAST,In-Store
T500219,2026-03-21,P1000,7,56.75,397.25,WH-EAST,Online
T500220,2026-03-22,P1000,7,56.75,397.25,WH-EAST,Online
T500221,2026-03-23,P1000,6,56.75,340.5,WH-EAST,Online
T500222,2026-03-24,P1000,9,56.75,510.75,WH-EAST,Online
T500223,2026-03-25,P1000,9,56.75,510.75,WH-EAST,In-Store
T500224,2026-03-26,P1000,9,56.75,510.75,WH-EAST,Online
T500225,2026-03-27,P1000,9,56.75,510.75,WH-EAST,In-Store
T500226,2026-03-28,P1000,8,56.75,454.0,WH-EAST,In-Store
T500227,2026-03-29,P1000,5,56.75,283.75,WH-EAST,In-Store
T500228,2026-03-30,P1000,6,56.75,340.5,WH-EAST,Online
T500229,2026-03-31,P1000,5,56.75,283.75,WH-EAST,Online
T500230,2026-04-01,P1000,10,56.75,567.5,WH-EAST,Online
T500231,2026-04-02,P1000,3,56.75,170.25,WH-EAST,Online
T500232,2026-04-03,P1000,5,56.75,283.75,WH-EAST,Online
T500233,2026-04-04,P1000,4,56.75,227.0,WH-EAST,Online
T500234,2026-04-05,P1000,6,56.75,340.5,WH-EAST,In-Store
T500235,2026-04-06,P1000,7,56.75,397.25,WH-EAST,Online
T500236,2026-04-07,P1000,6,56.75,340.5,WH-EAST,Online
T500237,2026-04-08,P1000,8,56.75,454.0,WH-EAST,Online
T500238,2026-04-09,P1000,3,56.75,170.25,WH-EAST,Online
T500239,2026-04-11,P1000,4,56.75,227.0,WH-EAST,In-Store
T500240,2026-04-12,P1000,1,56.75,56.75,WH-EAST,In-Store
T500241,2026-04-13,P1000,3,56.75,170.25,WH-EAST,In-Store
T500242,2026-04-14,P1000,7,56.75,397.25,WH-EAST,In-Store
T500243,2026-04-15,P1000,4,56.75,227.0,WH-EAST,Online
T500244,2026-04-16,P1000,9,56.75,510.75,WH-EAST,Online
T500245,2026-04-17,P1000,6,56.75,340.5,WH-EAST,Online
T500246,2026-04-18,P1000,5,56.75,283.75,WH-EAST,In-Store
T500247,2026-04-19,P1000,6,56.75,340.5,WH-EAST,In-Store
T500248,2026-04-20,P1000,7,56.75,397.25,WH-EAST,Online
T500249,2026-04-21,P1000,2,56.75,113.5,WH-EAST,Online
T500250,2026-04-22,P1000,2,56.75,113.5,WH-EAST,Online
T500251,2026-04-23,P1000,1,56.75,56.75,WH-EAST,Online
T500252,2026-04-24,P1000,4,56.75,227.0,WH-EAST,Online
T500253,2026-04-25,P1000,9,56.75,510.75,WH-EAST,In-Store
T500254,2026-04-26,P1000,3,56.75,170.25,WH-EAST,Online
T500255,2026-04-27,P1000,4,56.75,227.0,WH-EAST,Online
T500256,2026-04-28,P1000,7,56.75,397.25,WH-EAST,Online
T500257,2026-04-29,P1000,2,56.75,113.5,WH-EAST,Online
T500258,2026-04-30,P1000,8,56.75,454.0,WH-EAST,In-Store
T500259,2026-05-01,P1000,3,56.75,170.25,WH-EAST,Online
T500260,2026-05-02,P1000,8,56.75,454.0,WH-EAST,Online
T500261,2026-05-03,P1000,6,56.75,340.5,WH-EAST,Online
T500262,2026-05-04,P1000,5,56.75,283.75,WH-EAST,Online
T500263,2026-05-05,P1000,4,56.75,227.0,WH-EAST,Online
T500264,2026-05-06,P1000,2,56.75,113.5,WH-EAST,Online
T500265,2026-05-07,P1000,5,56.75,283.75,WH-EAST,Online
T500266,2026-05-08,P1000,9,56.75,510.75,WH-EAST,Online
T500267,2026-05-09,P1000,11,56.75,624.25,WH-EAST,In-Store
T500268,2026-05-10,P1000,6,56.75,340.5,WH-EAST,Online
T500269,2026-05-11,P1000,1,56.75,56.75,WH-EAST,In-Store
T500270,2026-05-12,P1000,6,56.75,340.5,WH-EAST,Online
T500271,2026-05-13,P1000,3,56.75,170.25,WH-EAST,Online
T500272,2026-05-14,P1000,5,56.75,283.75,WH-EAST,Online
T500273,2026-05-15,P1000,8,56.75,454.0,WH-EAST,In-Store
T500274,2026-05-16,P1000,3,56.75,170.25,WH-EAST,Online
T500275,2026-05-17,P1000,2,56.75,113.5,WH-EAST,Online
T500276,2026-05-18,P1000,8,56.75,454.0,WH-EAST,Online
T500277,2026-05-19,P1000,9,56.75,510.75,WH-EAST,Online
T500278,2026-05-20,P1000,3,56.75,170.25,WH-EAST,In-Store
T500279,2026-05-21,P1000,8,56.75,454.0,WH-EAST,In-Store
T500280,2026-05-22,P1000,3,56.75,170.25,WH-EAST,Online
T500281,2026-05-23,P1000,1,56.75,56.75,WH-EAST,Online
T500282,2026-05-24,P1000,4,56.75,227.0,WH-EAST,Online
T500283,2026-05-25,P1000,1,56.75,56.75,WH-EAST,In-Store
T500284,2026-05-26,P1000,7,56.75,397.25,WH-EAST,In-Store
T500285,2026-05-27,P1000,9,56.75,510.75,WH-EAST,Online
T500286,2026-05-28,P1000,6,56.75,340.5,WH-EAST,Online
T500287,2026-05-29,P1000,5,56.75,283.75,WH-EAST,Online
T500288,2026-05-30,P1000,12,56.75,681.0,WH-EAST,Online
T500289,2026-05-31,P1000,9,56.75,510.75,WH-EAST,In-Store
T500290,2026-06-01,P1000,4,56.75,227.0,WH-EAST,In-Store
T500291,2026-06-02,P1000,7,56.75,397.25,WH-EAST,Online
T500292,2026-06-03,P1000,6,56.75,340.5,WH-EAST,In-Store
T500293,2026-06-04,P1000,6,56.75,340.5,WH-EAST,Online
T500294,2026-06-05,P1000,3,56.75,170.25,WH-EAST,In-Store
T500295,2026-06-06,P1000,3,56.75,170.25,WH-EAST,Online
T500296,2026-06-07,P1000,5,56.75,283.75,WH-EAST,Online
T500297,2026-06-08,P1000,4,56.75,227.0,WH-EAST,In-Store
T500298,2026-06-09,P1000,6,56.75,340.5,WH-EAST,Online
T500299,2026-06-10,P1000,4,56.75,227.0,WH-EAST,Online
T500300,2026-06-11,P1000,6,56.75,340.5,WH-EAST,Online
T500301,2026-06-12,P1000,4,56.75,227.0,WH-EAST,In-Store
T500302,2026-06-13,P1000,3,56.75,170.25,WH-EAST,In-Store
T500303,2026-06-14,P1000,5,56.75,283.75,WH-EAST,Online
T500304,2026-06-15,P1000,7,56.75,397.25,WH-EAST,In-Store
T500305,2026-06-16,P1000,6,56.75,340.5,WH-EAST,Online
T500306,2026-06-17,P1000,3,56.75,170.25,WH-EAST,Online
T500307,2026-06-18,P1000,8,56.75,454.0,WH-EAST,Online
T500308,2026-06-19,P1000,5,56.75,283.75,WH-EAST,Online
T500309,2026-06-20,P1000,3,56.75,170.25,WH-EAST,Online
T500310,2026-06-21,P1000,4,56.75,227.0,WH-EAST,In-Store
T500311,2026-06-22,P1000,1,56.75,56.75,WH-EAST,Online
T500312,2026-06-23,P1000,3,56.75,170.25,WH-EAST,In-Store
T500313,2026-06-24,P1000,9,56.75,510.75,WH-EAST,Online
T500314,2026-06-25,P1000,7,56.75,397.25,WH-EAST,Online
T500315,2026-06-26,P1000,8,56.75,454.0,WH-EAST,Online
T500316,2026-06-27,P1000,6,56.75,340.5,WH-EAST,Online
T500317,2026-06-28,P1000,4,56.75,227.0,WH-EAST,In-Store
T500318,2026-06-29,P1000,4,56.75,227.0,WH-EAST,Online
T500319,2026-06-30,P1000,6,56.75,340.5,WH-EAST,Online
T500320,2026-07-01,P1000,7,56.75,397.25,WH-EAST,In-Store
T500321,2026-07-02,P1000,7,56.75,397.25,WH-EAST,Online
T500322,2026-07-03,P1000,9,56.75,510.75,WH-EAST,In-Store
T500323,2026-07-04,P1000,4,56.75,227.0,WH-EAST,Online
T500324,2026-07-05,P1000,5,56.75,283.75,WH-EAST,Online
T500325,2026-07-06,P1000,4,56.75,227.0,WH-EAST,Online
T500326,2026-07-07,P1000,4,56.75,227.0,WH-EAST,Online
T500327,2026-07-08,P1000,8,56.75,454.0,WH-EAST,Online
T500328,2026-07-09,P1000,6,56.75,340.5,WH-EAST,Online
T500329,2026-07-10,P1000,5,56.75,283.75,WH-EAST,Online
T500330,2026-07-11,P1000,3,56.75,170.25,WH-EAST,Online
T500331,2026-07-12,P1000,4,56.75,227.0,WH-EAST,In-Store
T500332,2026-07-13,P1000,11,56.75,624.25,WH-EAST,Online
T500333,2026-07-14,P1000,6,56.75,340.5,WH-EAST,Online
T500334,2026-07-15,P1000,4,56.75,227.0,WH-EAST,In-Store
T500335,2026-07-16,P1000,7,56.75,397.25,WH-EAST,Online
T500336,2026-07-17,P1000,4,56.75,227.0,WH-EAST,Online
T500337,2026-07-18,P1000,4,56.75,227.0,WH-EAST,Online
T500338,2026-07-19,P1000,7,56.75,397.25,WH-EAST,In-Store
T500339,2026-07-20,P1000,11,56.75,624.25,WH-EAST,Online
T500340,2026-07-21,P1000,5,56.75,283.75,WH-EAST,Online
T500341,2026-07-22,P1000,5,56.75,283.75,WH-EAST,In-Store
T500342,2026-07-23,P1000,9,56.75,510.75,WH-EAST,Online
T500343,2026-07-24,P1000,8,56.75,454.0,WH-EAST,Online
T500344,2026-07-25,P1000,4,56.75,227.0,WH-EAST,Online
T500345,2026-07-26,P1000,4,56.75,227.0,WH-EAST,In-Store
T500346,2026-07-27,P1000,10,56.75,567.5,WH-EAST,Online
T500347,2026-07-28,P1000,8,56.75,454.0,WH-EAST,Online
T500348,2026-07-29,P1000,4,56.75,227.0,WH-EAST,In-Store
T500349,2026-07-30,P1000,4,56.75,227.0,WH-EAST,Online
T500350,2026-07-31,P1000,12,56.75,681.0,WH-EAST,Online
T500351,2026-08-01,P1000,11,56.75,624.25,WH-EAST,Online
T500352,2026-08-02,P1000,10,56.75,567.5,WH-EAST,Online
T500353,2026-08-03,P1000,7,56.75,397.25,WH-EAST,In-Store
T500354,2026-08-04,P1000,10,56.75,567.5,WH-EAST,In-Store
T500355,2026-08-05,P1000,4,56.75,227.0,WH-EAST,Online
T500356,2026-08-06,P1000,8,56.75,454.0,WH-EAST,In-Store
T500357,2026-08-07,P1000,9,56.75,510.75,WH-EAST,Online
T500358,2026-08-08,P1000,7,56.75,397.25,WH-EAST,Online
T500359,2026-08-09,P1000,4,56.75,227.0,WH-EAST,Online
T500360,2026-08-10,P1000,9,56.75,510.75,WH-EAST,Online
T500361,2026-08-11,P1000,5,56.75,283.75,WH-EAST,Online
T500362,2026-08-12,P1000,6,56.75,340.5,WH-EAST,Online
T500363,2026-08-13,P1000,6,56.75,340.5,WH-EAST,Online
T500364,2025-08-15,P1001,6,67.63,405.78,WH-CENTRAL,Online
T500365,2025-08-16,P1001,5,67.63,338.15,WH-CENTRAL,In-Store
T500366,2025-08-17,P1001,5,67.63,338.15,WH-CENTRAL,Online
T500367,2025-08-18,P1001,2,67.63,135.26,WH-CENTRAL,Online
T500368,2025-08-19,P1001,3,67.63,202.89,WH-CENTRAL,Online
T500369,2025-08-20,P1001,3,67.63,202.89,WH-CENTRAL,In-Store
T500370,2025-08-21,P1001,2,67.63,135.26,WH-CENTRAL,Online
T500371,2025-08-22,P1001,1,67.63,67.63,WH-CENTRAL,In-Store
T500372,2025-08-23,P1001,4,67.63,270.52,WH-CENTRAL,Online
T500373,2025-08-24,P1001,3,67.63,202.89,WH-CENTRAL,In-Store
T500374,2025-08-25,P1001,3,67.63,202.89,WH-CENTRAL,Online
T500375,2025-08-26,P1001,3,67.63,202.89,WH-CENTRAL,In-Store
T500376,2025-08-27,P1001,4,67.63,270.52,WH-CENTRAL,Online
T500377,2025-08-28,P1001,1,67.63,67.63,WH-CENTRAL,In-Store
T500378,2025-08-30,P1001,2,67.63,135.26,WH-CENTRAL,In-Store
T500379,2025-08-31,P1001,4,67.63,270.52,WH-CENTRAL,Online
T500380,2025-09-01,P1001,5,67.63,338.15,WH-CENTRAL,Online
T500381,2025-09-02,P1001,2,67.63,135.26,WH-CENTRAL,Online
T500382,2025-09-03,P1001,3,67.63,202.89,WH-CENTRAL,Online
T500383,2025-09-04,P1001,3,67.63,202.89,WH-CENTRAL,Online
T500384,2025-09-05,P1001,2,67.63,135.26,WH-CENTRAL,In-Store
T500385,2025-09-06,P1001,2,67.63,135.26,WH-CENTRAL,Online
T500386,2025-09-07,P1001,4,67.63,270.52,WH-CENTRAL,In-Store
T500387,2025-09-08,P1001,4,67.63,270.52,WH-CENTRAL,Online
T500388,2025-09-10,P1001,4,67.63,270.52,WH-CENTRAL,Online
T500389,2025-09-11,P1001,6,67.63,405.78,WH-CENTRAL,In-Store
T500390,2025-09-12,P1001,6,67.63,405.78,WH-CENTRAL,In-Store
T500391,2025-09-13,P1001,5,67.63,338.15,WH-CENTRAL,Online
T500392,2025-09-14,P1001,4,67.63,270.52,WH-CENTRAL,Online
T500393,2025-09-15,P1001,2,67.63,135.26,WH-CENTRAL,Online
T500394,2025-09-16,P1001,4,67.63,270.52,WH-CENTRAL,Online
T500395,2025-09-17,P1001,8,67.63,541.04,WH-CENTRAL,Online
T500396,2025-09-18,P1001,3,67.63,202.89,WH-CENTRAL,In-Store
T500397,2025-09-19,P1001,5,67.63,338.15,WH-CENTRAL,Online
T500398,2025-09-20,P1001,3,67.63,202.89,WH-CENTRAL,In-Store
T500399,2025-09-21,P1001,4,67.63,270.52,WH-CENTRAL,Online
T500400,2025-09-22,P1001,1,67.63,67.63,WH-CENTRAL,Online
T500401,2025-09-23,P1001,9,67.63,608.67,WH-CENTRAL,Online
T500402,2025-09-25,P1001,4,67.63,270.52,WH-CENTRAL,Online
T500403,2025-09-26,P1001,2,67.63,135.26,WH-CENTRAL,Online
T500404,2025-09-27,P1001,3,67.63,202.89,WH-CENTRAL,Online
T500405,2025-09-28,P1001,6,67.63,405.78,WH-CENTRAL,In-Store
T500406,2025-09-29,P1001,2,67.63,135.26,WH-CENTRAL,Online
T500407,2025-09-30,P1001,4,67.63,270.52,WH-CENTRAL,Online
T500408,2025-10-01,P1001,5,67.63,338.15,WH-CENTRAL,In-Store
T500409,2025-10-02,P1001,2,67.63,135.26,WH-CENTRAL,Online
T500410,2025-10-03,P1001,4,67.63,270.52,WH-CENTRAL,In-Store
T500411,2025-10-04,P1001,4,67.63,270.52,WH-CENTRAL,In-Store
T500412,2025-10-05,P1001,3,67.63,202.89,WH-CENTRAL,Online
T500413,2025-10-06,P1001,5,67.63,338.15,WH-CENTRAL,Online
T500414,2025-10-07,P1001,4,67.63,270.52,WH-CENTRAL,Online
T500415,2025-10-08,P1001,6,67.63,405.78,WH-CENTRAL,Online
T500416,2025-10-09,P1001,4,67.63,270.52,WH-CENTRAL,Online
T500417,2025-10-10,P1001,2,67.63,135.26,WH-CENTRAL,Online
T500418,2025-10-11,P1001,4,67.63,270.52,WH-CENTRAL,Online
T500419,2025-10-12,P1001,10,67.63,676.3,WH-CENTRAL,In-Store
T500420,2025-10-13,P1001,5,67.63,338.15,WH-CENTRAL,In-Store
T500421,2025-10-14,P1001,5,67.63,338.15,WH-CENTRAL,Online
T500422,2025-10-15,P1001,3,67.63,202.89,WH-CENTRAL,Online
T500423,2025-10-17,P1001,8,67.63,541.04,WH-CENTRAL,In-Store
T500424,2025-10-18,P1001,2,67.63,135.26,WH-CENTRAL,Online
T500425,2025-10-19,P1001,4,67.63,270.52,WH-CENTRAL,Online
T500426,2025-10-20,P1001,3,67.63,202.89,WH-CENTRAL,Online
T500427,2025-10-21,P1001,4,67.63,270.52,WH-CENTRAL,Online
T500428,2025-10-22,P1001,1,67.63,67.63,WH-CENTRAL,In-Store
T500429,2025-10-23,P1001,2,67.63,135.26,WH-CENTRAL,Online
T500430,2025-10-24,P1001,4,67.63,270.52,WH-CENTRAL,In-Store
T500431,2025-10-25,P1001,2,67.63,135.26,WH-CENTRAL,Online
T500432,2025-10-26,P1001,2,67.63,135.26,WH-CENTRAL,Online
T500433,2025-10-27,P1001,2,67.63,135.26,WH-CENTRAL,Online
T500434,2025-10-28,P1001,5,67.63,338.15,WH-CENTRAL,In-Store
T500435,2025-10-29,P1001,2,67.63,135.26,WH-CENTRAL,Online
T500436,2025-10-30,P1001,6,67.63,405.78,WH-CENTRAL,Online
T500437,2025-10-31,P1001,3,67.63,202.89,WH-CENTRAL,In-Store
T500438,2025-11-01,P1001,3,67.63,202.89,WH-CENTRAL,Online
T500439,2025-11-02,P1001,5,67.63,338.15,WH-CENTRAL,Online
T500440,2025-11-03,P1001,4,67.63,270.52,WH-CENTRAL,Online
T500441,2025-11-04,P1001,4,67.63,270.52,WH-CENTRAL,In-Store
T500442,2025-11-05,P1001,4,67.63,270.52,WH-CENTRAL,In-Store
T500443,2025-11-06,P1001,5,67.63,338.15,WH-CENTRAL,Online
T500444,2025-11-07,P1001,2,67.63,135.26,WH-CENTRAL,In-Store
T500445,2025-11-08,P1001,8,67.63,541.04,WH-CENTRAL,Online
T500446,2025-11-09,P1001,5,67.63,338.15,WH-CENTRAL,In-Store
T500447,2025-11-10,P1001,4,67.63,270.52,WH-CENTRAL,In-Store
T500448,2025-11-11,P1001,3,67.63,202.89,WH-CENTRAL,Online
T500449,2025-11-12,P1001,3,67.63,202.89,WH-CENTRAL,Online
T500450,2025-11-13,P1001,8,67.63,541.04,WH-CENTRAL,Online
T500451,2025-11-14,P1001,4,67.63,270.52,WH-CENTRAL,Online
T500452,2025-11-15,P1001,3,67.63,202.89,WH-CENTRAL,Online
T500453,2025-11-16,P1001,4,67.63,270.52,WH-CENTRAL,In-Store
T500454,2025-11-17,P1001,2,67.63,135.26,WH-CENTRAL,Online
T500455,2025-11-18,P1001,1,67.63,67.63,WH-CENTRAL,Online
T500456,2025-11-19,P1001,3,67.63,202.89,WH-CENTRAL,In-Store
T500457,2025-11-20,P1001,4,67.63,270.52,WH-CENTRAL,Online
T500458,2025-11-21,P1001,1,67.63,67.63,WH-CENTRAL,Online
T500459,2025-11-22,P1001,5,67.63,338.15,WH-CENTRAL,Online
T500460,2025-11-23,P1001,7,67.63,473.41,WH-CENTRAL,Online
T500461,2025-11-24,P1001,4,67.63,270.52,WH-CENTRAL,In-Store
T500462,2025-11-25,P1001,4,67.63,270.52,WH-CENTRAL,Online
T500463,2025-11-26,P1001,4,67.63,270.52,WH-CENTRAL,In-Store
T500464,2025-11-27,P1001,2,67.63,135.26,WH-CENTRAL,In-Store
T500465,2025-11-28,P1001,2,67.63,135.26,WH-CENTRAL,Online
T500466,2025-11-29,P1001,6,67.63,405.78,WH-CENTRAL,Online
T500467,2025-11-30,P1001,3,67.63,202.89,WH-CENTRAL,Online
T500468,2025-12-01,P1001,6,67.63,405.78,WH-CENTRAL,In-Store
T500469,2025-12-02,P1001,4,67.63,270.52,WH-CENTRAL,Online
T500470,2025-12-03,P1001,2,67.63,135.26,WH-CENTRAL,Online
T500471,2025-12-04,P1001,7,67.63,473.41,WH-CENTRAL,Online
T500472,2025-12-05,P1001,4,67.63,270.52,WH-CENTRAL,Online
T500473,2025-12-06,P1001,5,67.63,338.15,WH-CENTRAL,Online
T500474,2025-12-07,P1001,3,67.63,202.89,WH-CENTRAL,Online
T500475,2025-12-08,P1001,2,67.63,135.26,WH-CENTRAL,In-Store
T500476,2025-12-09,P1001,5,67.63,338.15,WH-CENTRAL,In-Store
T500477,2025-12-10,P1001,3,67.63,202.89,WH-CENTRAL,In-Store
T500478,2025-12-11,P1001,3,67.63,202.89,WH-CENTRAL,Online
T500479,2025-12-12,P1001,3,67.63,202.89,WH-CENTRAL,In-Store
T500480,2025-12-13,P1001,6,67.63,405.78,WH-CENTRAL,Online
T500481,2025-12-14,P1001,3,67.63,202.89,WH-CENTRAL,Online
T500482,2025-12-15,P1001,4,67.63,270.52,WH-CENTRAL,Online
T500483,2025-12-16,P1001,3,67.63,202.89,WH-CENTRAL,In-Store
T500484,2025-12-17,P1001,2,67.63,135.26,WH-CENTRAL,In-Store
T500485,2025-12-18,P1001,6,67.63,405.78,WH-CENTRAL,Online
T500486,2025-12-19,P1001,2,67.63,135.26,WH-CENTRAL,Online
T500487,2025-12-20,P1001,3,67.63,202.89,WH-CENTRAL,Online
T500488,2025-12-21,P1001,5,67.63,338.15,WH-CENTRAL,Online
T500489,2025-12-22,P1001,3,67.63,202.89,WH-CENTRAL,Online
T500490,2025-12-23,P1001,2,67.63,135.26,WH-CENTRAL,In-Store
T500491,2025-12-24,P1001,4,67.63,270.52,WH-CENTRAL,Online
T500492,2025-12-25,P1001,4,67.63,270.52,WH-CENTRAL,In-Store
T500493,2025-12-26,P1001,3,67.63,202.89,WH-CENTRAL,Online
T500494,2025-12-27,P1001,7,67.63,473.41,WH-CENTRAL,In-Store
T500495,2025-12-28,P1001,3,67.63,202.89,WH-CENTRAL,Online
T500496,2025-12-29,P1001,2,67.63,135.26,WH-CENTRAL,Online
T500497,2025-12-30,P1001,4,67.63,270.52,WH-CENTRAL,In-Store
T500498,2025-12-31,P1001,8,67.63,541.04,WH-CENTRAL,Online
T500499,2026-01-01,P1001,5,67.63,338.15,WH-CENTRAL,Online
T500500,2026-01-02,P1001,3,67.63,202.89,WH-CENTRAL,Online
T500501,2026-01-03,P1001,3,67.63,202.89,WH-CENTRAL,Online
T500502,2026-01-04,P1001,2,67.63,135.26,WH-CENTRAL,Online
T500503,2026-01-05,P1001,4,67.63,270.52,WH-CENTRAL,Online
T500504,2026-01-06,P1001,1,67.63,67.63,WH-CENTRAL,Online
T500505,2026-01-07,P1001,4,67.63,270.52,WH-CENTRAL,Online
T500506,2026-01-08,P1001,1,67.63,67.63,WH-CENTRAL,Online
T500507,2026-01-09,P1001,3,67.63,202.89,WH-CENTRAL,Online
T500508,2026-01-10,P1001,2,67.63,135.26,WH-CENTRAL,Online
T500509,2026-01-11,P1001,6,67.63,405.78,WH-CENTRAL,Online
T500510,2026-01-12,P1001,2,67.63,135.26,WH-CENTRAL,In-Store
T500511,2026-01-13,P1001,4,67.63,270.52,WH-CENTRAL,Online
T500512,2026-01-14,P1001,1,67.63,67.63,WH-CENTRAL,In-Store
T500513,2026-01-15,P1001,4,67.63,270.52,WH-CENTRAL,Online
T500514,2026-01-16,P1001,4,67.63,270.52,WH-CENTRAL,In-Store
T500515,2026-01-17,P1001,2,67.63,135.26,WH-CENTRAL,In-Store
T500516,2026-01-18,P1001,6,67.63,405.78,WH-CENTRAL,In-Store
T500517,2026-01-19,P1001,4,67.63,270.52,WH-CENTRAL,Online
T500518,2026-01-20,P1001,4,67.63,270.52,WH-CENTRAL,Online
T500519,2026-01-21,P1001,5,67.63,338.15,WH-CENTRAL,In-Store
T500520,2026-01-22,P1001,2,67.63,135.26,WH-CENTRAL,In-Store
T500521,2026-01-23,P1001,6,67.63,405.78,WH-CENTRAL,Online
T500522,2026-01-24,P1001,4,67.63,270.52,WH-CENTRAL,Online
T500523,2026-01-25,P1001,3,67.63,202.89,WH-CENTRAL,Online
T500524,2026-01-26,P1001,6,67.63,405.78,WH-CENTRAL,Online
T500525,2026-01-27,P1001,2,67.63,135.26,WH-CENTRAL,Online
T500526,2026-01-28,P1001,3,67.63,202.89,WH-CENTRAL,Online
T500527,2026-01-29,P1001,2,67.63,135.26,WH-CENTRAL,Online
T500528,2026-01-30,P1001,3,67.63,202.89,WH-CENTRAL,Online
T500529,2026-01-31,P1001,5,67.63,338.15,WH-CENTRAL,In-Store
T500530,2026-02-01,P1001,8,67.63,541.04,WH-CENTRAL,Online
T500531,2026-02-02,P1001,2,67.63,135.26,WH-CENTRAL,Online
T500532,2026-02-03,P1001,3,67.63,202.89,WH-CENTRAL,Online
T500533,2026-02-04,P1001,2,67.63,135.26,WH-CENTRAL,Online
T500534,2026-02-05,P1001,2,67.63,135.26,WH-CENTRAL,Online
T500535,2026-02-06,P1001,3,67.63,202.89,WH-CENTRAL,Online
T500536,2026-02-07,P1001,9,67.63,608.67,WH-CENTRAL,Online
T500537,2026-02-08,P1001,3,67.63,202.89,WH-CENTRAL,Online
T500538,2026-02-09,P1001,5,67.63,338.15,WH-CENTRAL,Online
T500539,2026-02-10,P1001,5,67.63,338.15,WH-CENTRAL,In-Store
T500540,2026-02-11,P1001,4,67.63,270.52,WH-CENTRAL,In-Store
T500541,2026-02-12,P1001,4,67.63,270.52,WH-CENTRAL,Online
T500542,2026-02-13,P1001,4,67.63,270.52,WH-CENTRAL,Online
T500543,2026-02-14,P1001,8,67.63,541.04,WH-CENTRAL,Online
T500544,2026-02-15,P1001,2,67.63,135.26,WH-CENTRAL,Online
T500545,2026-02-16,P1001,6,67.63,405.78,WH-CENTRAL,Online
T500546,2026-02-17,P1001,6,67.63,405.78,WH-CENTRAL,Online
T500547,2026-02-18,P1001,3,67.63,202.89,WH-CENTRAL,In-Store
T500548,2026-02-19,P1001,5,67.63,338.15,WH-CENTRAL,In-Store
T500549,2026-02-20,P1001,3,67.63,202.89,WH-CENTRAL,Online
T500550,2026-02-21,P1001,2,67.63,135.26,WH-CENTRAL,In-Store
T500551,2026-02-22,P1001,4,67.63,270.52,WH-CENTRAL,Online
T500552,2026-02-23,P1001,3,67.63,202.89,WH-CENTRAL,Online
T500553,2026-02-24,P1001,4,67.63,270.52,WH-CENTRAL,In-Store
T500554,2026-02-25,P1001,4,67.63,270.52,WH-CENTRAL,Online
T500555,2026-02-26,P1001,1,67.63,67.63,WH-CENTRAL,In-Store
T500556,2026-02-27,P1001,3,67.63,202.89,WH-CENTRAL,In-Store
T500557,2026-02-28,P1001,3,67.63,202.89,WH-CENTRAL,Online
T500558,2026-03-01,P1001,4,67.63,270.52,WH-CENTRAL,Online
T500559,2026-03-02,P1001,4,67.63,270.52,WH-CENTRAL,In-Store
T500560,2026-03-03,P1001,1,67.63,67.63,WH-CENTRAL,In-Store
T500561,2026-03-04,P1001,4,67.63,270.52,WH-CENTRAL,In-Store
T500562,2026-03-05,P1001,3,67.63,202.89,WH-CENTRAL,In-Store
T500563,2026-03-06,P1001,4,67.63,270.52,WH-CENTRAL,In-Store
T500564,2026-03-07,P1001,1,67.63,67.63,WH-CENTRAL,Online
T500565,2026-03-08,P1001,2,67.63,135.26,WH-CENTRAL,In-Store
T500566,2026-03-09,P1001,3,67.63,202.89,WH-CENTRAL,Online
T500567,2026-03-10,P1001,3,67.63,202.89,WH-CENTRAL,Online
T500568,2026-03-11,P1001,3,67.63,202.89,WH-CENTRAL,Online
T500569,2026-03-13,P1001,2,67.63,135.26,WH-CENTRAL,Online
T500570,2026-03-14,P1001,1,67.63,67.63,WH-CENTRAL,In-Store
T500571,2026-03-15,P1001,6,67.63,405.78,WH-CENTRAL,In-Store
T500572,2026-03-16,P1001,5,67.63,338.15,WH-CENTRAL,Online
T500573,2026-03-17,P1001,3,67.63,202.89,WH-CENTRAL,Online
T500574,2026-03-19,P1001,3,67.63,202.89,WH-CENTRAL,In-Store
T500575,2026-03-21,P1001,2,67.63,135.26,WH-CENTRAL,Online
T500576,2026-03-22,P1001,2,67.63,135.26,WH-CENTRAL,Online
T500577,2026-03-23,P1001,4,67.63,270.52,WH-CENTRAL,Online
T500578,2026-03-24,P1001,1,67.63,67.63,WH-CENTRAL,Online
T500579,2026-03-25,P1001,2,67.63,135.26,WH-CENTRAL,In-Store
T500580,2026-03-26,P1001,2,67.63,135.26,WH-CENTRAL,Online
T500581,2026-03-27,P1001,4,67.63,270.52,WH-CENTRAL,In-Store
T500582,2026-03-28,P1001,2,67.63,135.26,WH-CENTRAL,In-Store
T500583,2026-03-30,P1001,6,67.63,405.78,WH-CENTRAL,Online
T500584,2026-03-31,P1001,2,67.63,135.26,WH-CENTRAL,Online
T500585,2026-04-01,P1001,2,67.63,135.26,WH-CENTRAL,Online
T500586,2026-04-02,P1001,4,67.63,270.52,WH-CENTRAL,Online
T500587,2026-04-03,P1001,1,67.63,67.63,WH-CENTRAL,Online
T500588,2026-04-05,P1001,4,67.63,270.52,WH-CENTRAL,Online
T500589,2026-04-06,P1001,2,67.63,135.26,WH-CENTRAL,In-Store
T500590,2026-04-07,P1001,2,67.63,135.26,WH-CENTRAL,In-Store
T500591,2026-04-08,P1001,2,67.63,135.26,WH-CENTRAL,Online
T500592,2026-04-09,P1001,5,67.63,338.15,WH-CENTRAL,Online
T500593,2026-04-10,P1001,2,67.63,135.26,WH-CENTRAL,Online
T500594,2026-04-11,P1001,3,67.63,202.89,WH-CENTRAL,Online
T500595,2026-04-12,P1001,2,67.63,135.26,WH-CENTRAL,Online
T500596,2026-04-13,P1001,3,67.63,202.89,WH-CENTRAL,Online
T500597,2026-04-14,P1001,2,67.63,135.26,WH-CENTRAL,In-Store
T500598,2026-04-15,P1001,2,67.63,135.26,WH-CENTRAL,In-Store
T500599,2026-04-16,P1001,1,67.63,67.63,WH-CENTRAL,Online
T500600,2026-04-17,P1001,2,67.63,135.26,WH-CENTRAL,Online
T500601,2026-04-18,P1001,1,67.63,67.63,WH-CENTRAL,In-Store
T500602,2026-04-20,P1001,1,67.63,67.63,WH-CENTRAL,Online
T500603,2026-04-21,P1001,3,67.63,202.89,WH-CENTRAL,In-Store
T500604,2026-04-22,P1001,4,67.63,270.52,WH-CENTRAL,Online
T500605,2026-04-23,P1001,3,67.63,202.89,WH-CENTRAL,Online
T500606,2026-04-24,P1001,4,67.63,270.52,WH-CENTRAL,Online
T500607,2026-04-25,P1001,4,67.63,270.52,WH-CENTRAL,Online
T500608,2026-04-26,P1001,5,67.63,338.15,WH-CENTRAL,In-Store
T500609,2026-04-27,P1001,4,67.63,270.52,WH-CENTRAL,In-Store
T500610,2026-04-28,P1001,6,67.63,405.78,WH-CENTRAL,Online
T500611,2026-04-29,P1001,3,67.63,202.89,WH-CENTRAL,Online
T500612,2026-04-30,P1001,2,67.63,135.26,WH-CENTRAL,Online
T500613,2026-05-01,P1001,3,67.63,202.89,WH-CENTRAL,In-Store
T500614,2026-05-02,P1001,6,67.63,405.78,WH-CENTRAL,Online
T500615,2026-05-03,P1001,1,67.63,67.63,WH-CENTRAL,Online
T500616,2026-05-06,P1001,4,67.63,270.52,WH-CENTRAL,Online
T500617,2026-05-07,P1001,6,67.63,405.78,WH-CENTRAL,Online
T500618,2026-05-09,P1001,2,67.63,135.26,WH-CENTRAL,In-Store
T500619,2026-05-10,P1001,4,67.63,270.52,WH-CENTRAL,In-Store
T500620,2026-05-12,P1001,3,67.63,202.89,WH-CENTRAL,Online
T500621,2026-05-13,P1001,3,67.63,202.89,WH-CENTRAL,Online
T500622,2026-05-15,P1001,4,67.63,270.52,WH-CENTRAL,In-Store
T500623,2026-05-16,P1001,4,67.63,270.52,WH-CENTRAL,In-Store
T500624,2026-05-17,P1001,1,67.63,67.63,WH-CENTRAL,Online
T500625,2026-05-18,P1001,2,67.63,135.26,WH-CENTRAL,Online
T500626,2026-05-19,P1001,6,67.63,405.78,WH-CENTRAL,In-Store
T500627,2026-05-20,P1001,3,67.63,202.89,WH-CENTRAL,Online
T500628,2026-05-21,P1001,2,67.63,135.26,WH-CENTRAL,Online
T500629,2026-05-23,P1001,3,67.63,202.89,WH-CENTRAL,Online
T500630,2026-05-24,P1001,4,67.63,270.52,WH-CENTRAL,In-Store
T500631,2026-05-26,P1001,3,67.63,202.89,WH-CENTRAL,Online
T500632,2026-05-27,P1001,2,67.63,135.26,WH-CENTRAL,In-Store
T500633,2026-05-28,P1001,2,67.63,135.26,WH-CENTRAL,Online
T500634,2026-05-29,P1001,1,67.63,67.63,WH-CENTRAL,Online
T500635,2026-05-30,P1001,2,67.63,135.26,WH-CENTRAL,Online
T500636,2026-05-31,P1001,1,67.63,67.63,WH-CENTRAL,Online
T500637,2026-06-01,P1001,1,67.63,67.63,WH-CENTRAL,Online
T500638,2026-06-02,P1001,2,67.63,135.26,WH-CENTRAL,Online
T500639,2026-06-03,P1001,3,67.63,202.89,WH-CENTRAL,Online
T500640,2026-06-04,P1001,3,67.63,202.89,WH-CENTRAL,Online
T500641,2026-06-05,P1001,1,67.63,67.63,WH-CENTRAL,In-Store
T500642,2026-06-06,P1001,7,67.63,473.41,WH-CENTRAL,Online
T500643,2026-06-07,P1001,4,67.63,270.52,WH-CENTRAL,Online
T500644,2026-06-08,P1001,3,67.63,202.89,WH-CENTRAL,Online
T500645,2026-06-09,P1001,3,67.63,202.89,WH-CENTRAL,Online
T500646,2026-06-10,P1001,3,67.63,202.89,WH-CENTRAL,In-Store
T500647,2026-06-11,P1001,2,67.63,135.26,WH-CENTRAL,Online
T500648,2026-06-12,P1001,6,67.63,405.78,WH-CENTRAL,Online
T500649,2026-06-13,P1001,4,67.63,270.52,WH-CENTRAL,Online
T500650,2026-06-14,P1001,4,67.63,270.52,WH-CENTRAL,Online
T500651,2026-06-15,P1001,1,67.63,67.63,WH-CENTRAL,In-Store
T500652,2026-06-16,P1001,1,67.63,67.63,WH-CENTRAL,Online
T500653,2026-06-17,P1001,3,67.63,202.89,WH-CENTRAL,Online
T500654,2026-06-18,P1001,3,67.63,202.89,WH-CENTRAL,Online
T500655,2026-06-19,P1001,3,67.63,202.89,WH-CENTRAL,In-Store
T500656,2026-06-20,P1001,6,67.63,405.78,WH-CENTRAL,In-Store
T500657,2026-06-21,P1001,5,67.63,338.15,WH-CENTRAL,Online
T500658,2026-06-22,P1001,3,67.63,202.89,WH-CENTRAL,In-Store
T500659,2026-06-23,P1001,5,67.63,338.15,WH-CENTRAL,In-Store
T500660,2026-06-24,P1001,1,67.63,67.63,WH-CENTRAL,In-Store
T500661,2026-06-25,P1001,4,67.63,270.52,WH-CENTRAL,Online
T500662,2026-06-26,P1001,2,67.63,135.26,WH-CENTRAL,Online
T500663,2026-06-27,P1001,1,67.63,67.63,WH-CENTRAL,Online
T500664,2026-06-28,P1001,4,67.63,270.52,WH-CENTRAL,In-Store
T500665,2026-06-29,P1001,2,67.63,135.26,WH-CENTRAL,In-Store
T500666,2026-06-30,P1001,1,67.63,67.63,WH-CENTRAL,Online
T500667,2026-07-01,P1001,6,67.63,405.78,WH-CENTRAL,In-Store
T500668,2026-07-02,P1001,4,67.63,270.52,WH-CENTRAL,Online
T500669,2026-07-03,P1001,2,67.63,135.26,WH-CENTRAL,Online
T500670,2026-07-04,P1001,5,67.63,338.15,WH-CENTRAL,In-Store
T500671,2026-07-05,P1001,4,67.63,270.52,WH-CENTRAL,Online
T500672,2026-07-06,P1001,1,67.63,67.63,WH-CENTRAL,In-Store
T500673,2026-07-07,P1001,2,67.63,135.26,WH-CENTRAL,Online
T500674,2026-07-08,P1001,4,67.63,270.52,WH-CENTRAL,In-Store
T500675,2026-07-09,P1001,3,67.63,202.89,WH-CENTRAL,Online
T500676,2026-07-10,P1001,2,67.63,135.26,WH-CENTRAL,Online
T500677,2026-07-12,P1001,4,67.63,270.52,WH-CENTRAL,Online
T500678,2026-07-13,P1001,1,67.63,67.63,WH-CENTRAL,In-Store
T500679,2026-07-14,P1001,4,67.63,270.52,WH-CENTRAL,In-Store
T500680,2026-07-15,P1001,6,67.63,405.78,WH-CENTRAL,Online
T500681,2026-07-16,P1001,3,67.63,202.89,WH-CENTRAL,Online
T500682,2026-07-17,P1001,2,67.63,135.26,WH-CENTRAL,Online
T500683,2026-07-18,P1001,1,67.63,67.63,WH-CENTRAL,Online
T500684,2026-07-19,P1001,3,67.63,202.89,WH-CENTRAL,Online
T500685,2026-07-20,P1001,5,67.63,338.15,WH-CENTRAL,In-Store
T500686,2026-07-21,P1001,2,67.63,135.26,WH-CENTRAL,In-Store
T500687,2026-07-22,P1001,1,67.63,67.63,WH-CENTRAL,Online
T500688,2026-07-23,P1001,5,67.63,338.15,WH-CENTRAL,Online
T500689,2026-07-24,P1001,4,67.63,270.52,WH-CENTRAL,Online
T500690,2026-07-25,P1001,6,67.63,405.78,WH-CENTRAL,In-Store
T500691,2026-07-26,P1001,3,67.63,202.89,WH-CENTRAL,In-Store
T500692,2026-07-27,P1001,5,67.63,338.15,WH-CENTRAL,Online
T500693,2026-07-28,P1001,2,67.63,135.26,WH-CENTRAL,Online
T500694,2026-07-29,P1001,5,67.63,338.15,WH-CENTRAL,Online
T500695,2026-07-30,P1001,4,67.63,270.52,WH-CENTRAL,Online
T500696,2026-07-31,P1001,5,67.63,338.15,WH-CENTRAL,Online
T500697,2026-08-01,P1001,6,67.63,405.78,WH-CENTRAL,In-Store
T500698,2026-08-02,P1001,1,67.63,67.63,WH-CENTRAL,Online
T500699,2026-08-03,P1001,3,67.63,202.89,WH-CENTRAL,Online
T500700,2026-08-04,P1001,4,67.63,270.52,WH-CENTRAL,In-Store
T500701,2026-08-05,P1001,4,67.63,270.52,WH-CENTRAL,In-Store
T500702,2026-08-06,P1001,2,67.63,135.26,WH-CENTRAL,Online
T500703,2026-08-07,P1001,1,67.63,67.63,WH-CENTRAL,In-Store
T500704,2026-08-08,P1001,2,67.63,135.26,WH-CENTRAL,In-Store
T500705,2026-08-09,P1001,1,67.63,67.63,WH-CENTRAL,Online
T500706,2026-08-10,P1001,3,67.63,202.89,WH-CENTRAL,Online
T500707,2026-08-11,P1001,3,67.63,202.89,WH-CENTRAL,Online
T500708,2026-08-12,P1001,5,67.63,338.15,WH-CENTRAL,Online
T500709,2026-08-13,P1001,5,67.63,338.15,WH-CENTRAL,In-Store
T500710,2025-08-15,P1002,4,143.01,572.04,WH-WEST,In-Store
T500711,2025-08-16,P1002,5,143.01,715.05,WH-WEST,In-Store
T500712,2025-08-17,P1002,4,143.01,572.04,WH-WEST,Online
T500713,2025-08-18,P1002,4,143.01,572.04,WH-WEST,Online
T500714,2025-08-19,P1002,1,143.01,143.01,WH-WEST,Online
T500715,2025-08-20,P1002,2,143.01,286.02,WH-WEST,Online
T500716,2025-08-21,P1002,2,143.01,286.02,WH-WEST,Online
T500717,2025-08-22,P1002,4,143.01,572.04,WH-WEST,In-Store
T500718,2025-08-23,P1002,3,143.01,429.03,WH-WEST,Online
T500719,2025-08-24,P1002,3,143.01,429.03,WH-WEST,Online
T500720,2025-08-25,P1002,1,143.01,143.01,WH-WEST,Online
T500721,2025-08-26,P1002,2,143.01,286.02,WH-WEST,In-Store
T500722,2025-08-27,P1002,1,143.01,143.01,WH-WEST,Online
T500723,2025-08-28,P1002,3,143.01,429.03,WH-WEST,Online
T500724,2025-08-29,P1002,3,143.01,429.03,WH-WEST,Online
T500725,2025-08-31,P1002,1,143.01,143.01,WH-WEST,Online
T500726,2025-09-01,P1002,5,143.01,715.05,WH-WEST,In-Store
T500727,2025-09-02,P1002,4,143.01,572.04,WH-WEST,Online
T500728,2025-09-03,P1002,1,143.01,143.01,WH-WEST,In-Store
T500729,2025-09-04,P1002,4,143.01,572.04,WH-WEST,In-Store
T500730,2025-09-05,P1002,3,143.01,429.03,WH-WEST,In-Store
T500731,2025-09-06,P1002,2,143.01,286.02,WH-WEST,Online
T500732,2025-09-07,P1002,3,143.01,429.03,WH-WEST,Online
T500733,2025-09-08,P1002,4,143.01,572.04,WH-WEST,Online
T500734,2025-09-09,P1002,4,143.01,572.04,WH-WEST,In-Store
T500735,2025-09-10,P1002,3,143.01,429.03,WH-WEST,In-Store
T500736,2025-09-12,P1002,5,143.01,715.05,WH-WEST,In-Store
T500737,2025-09-13,P1002,5,143.01,715.05,WH-WEST,Online
T500738,2025-09-14,P1002,1,143.01,143.01,WH-WEST,In-Store
T500739,2025-09-15,P1002,2,143.01,286.02,WH-WEST,In-Store
T500740,2025-09-16,P1002,3,143.01,429.03,WH-WEST,In-Store
T500741,2025-09-17,P1002,2,143.01,286.02,WH-WEST,Online
T500742,2025-09-18,P1002,1,143.01,143.01,WH-WEST,In-Store
T500743,2025-09-20,P1002,1,143.01,143.01,WH-WEST,In-Store
T500744,2025-09-21,P1002,3,143.01,429.03,WH-WEST,Online
T500745,2025-09-22,P1002,5,143.01,715.05,WH-WEST,Online
T500746,2025-09-23,P1002,1,143.01,143.01,WH-WEST,In-Store
T500747,2025-09-24,P1002,4,143.01,572.04,WH-WEST,In-Store
T500748,2025-09-25,P1002,5,143.01,715.05,WH-WEST,In-Store
T500749,2025-09-26,P1002,5,143.01,715.05,WH-WEST,Online
T500750,2025-09-27,P1002,2,143.01,286.02,WH-WEST,Online
T500751,2025-09-28,P1002,3,143.01,429.03,WH-WEST,In-Store
T500752,2025-09-29,P1002,3,143.01,429.03,WH-WEST,Online
T500753,2025-09-30,P1002,4,143.01,572.04,WH-WEST,Online
T500754,2025-10-01,P1002,3,143.01,429.03,WH-WEST,Online
T500755,2025-10-02,P1002,3,143.01,429.03,WH-WEST,In-Store
T500756,2025-10-03,P1002,3,143.01,429.03,WH-WEST,In-Store
T500757,2025-10-04,P1002,4,143.01,572.04,WH-WEST,Online
T500758,2025-10-05,P1002,1,143.01,143.01,WH-WEST,Online
T500759,2025-10-06,P1002,3,143.01,429.03,WH-WEST,Online
T500760,2025-10-07,P1002,1,143.01,143.01,WH-WEST,Online
T500761,2025-10-08,P1002,6,143.01,858.06,WH-WEST,Online
T500762,2025-10-09,P1002,1,143.01,143.01,WH-WEST,Online
T500763,2025-10-10,P1002,6,143.01,858.06,WH-WEST,In-Store
T500764,2025-10-11,P1002,4,143.01,572.04,WH-WEST,In-Store
T500765,2025-10-12,P1002,4,143.01,572.04,WH-WEST,Online
T500766,2025-10-13,P1002,6,143.01,858.06,WH-WEST,Online
T500767,2025-10-14,P1002,4,143.01,572.04,WH-WEST,In-Store
T500768,2025-10-16,P1002,2,143.01,286.02,WH-WEST,In-Store
T500769,2025-10-17,P1002,3,143.01,429.03,WH-WEST,Online
T500770,2025-10-19,P1002,4,143.01,572.04,WH-WEST,Online
T500771,2025-10-20,P1002,5,143.01,715.05,WH-WEST,In-Store
T500772,2025-10-21,P1002,3,143.01,429.03,WH-WEST,Online
T500773,2025-10-22,P1002,2,143.01,286.02,WH-WEST,Online
T500774,2025-10-23,P1002,3,143.01,429.03,WH-WEST,In-Store
T500775,2025-10-24,P1002,2,143.01,286.02,WH-WEST,Online
T500776,2025-10-25,P1002,3,143.01,429.03,WH-WEST,In-Store
T500777,2025-10-26,P1002,3,143.01,429.03,WH-WEST,Online
T500778,2025-10-27,P1002,1,143.01,143.01,WH-WEST,Online
T500779,2025-10-28,P1002,6,143.01,858.06,WH-WEST,In-Store
T500780,2025-10-29,P1002,4,143.01,572.04,WH-WEST,Online
T500781,2025-10-31,P1002,2,143.01,286.02,WH-WEST,In-Store
T500782,2025-11-01,P1002,2,143.01,286.02,WH-WEST,In-Store
T500783,2025-11-02,P1002,4,143.01,572.04,WH-WEST,Online
T500784,2025-11-04,P1002,3,143.01,429.03,WH-WEST,Online
T500785,2025-11-05,P1002,4,143.01,572.04,WH-WEST,Online
T500786,2025-11-06,P1002,2,143.01,286.02,WH-WEST,In-Store
T500787,2025-11-07,P1002,4,143.01,572.04,WH-WEST,Online
T500788,2025-11-08,P1002,2,143.01,286.02,WH-WEST,In-Store
T500789,2025-11-09,P1002,5,143.01,715.05,WH-WEST,In-Store
T500790,2025-11-10,P1002,3,143.01,429.03,WH-WEST,Online
T500791,2025-11-11,P1002,6,143.01,858.06,WH-WEST,Online
T500792,2025-11-12,P1002,2,143.01,286.02,WH-WEST,In-Store
T500793,2025-11-13,P1002,1,143.01,143.01,WH-WEST,Online
T500794,2025-11-14,P1002,4,143.01,572.04,WH-WEST,In-Store
T500795,2025-11-15,P1002,3,143.01,429.03,WH-WEST,In-Store
T500796,2025-11-16,P1002,2,143.01,286.02,WH-WEST,In-Store
T500797,2025-11-17,P1002,4,143.01,572.04,WH-WEST,Online
T500798,2025-11-18,P1002,4,143.01,572.04,WH-WEST,Online
T500799,2025-11-19,P1002,2,143.01,286.02,WH-WEST,Online
T500800,2025-11-21,P1002,4,143.01,572.04,WH-WEST,In-Store
T500801,2025-11-22,P1002,2,143.01,286.02,WH-WEST,In-Store
T500802,2025-11-23,P1002,1,143.01,143.01,WH-WEST,Online
T500803,2025-11-24,P1002,4,143.01,572.04,WH-WEST,In-Store
T500804,2025-11-25,P1002,5,143.01,715.05,WH-WEST,In-Store
T500805,2025-11-26,P1002,5,143.01,715.05,WH-WEST,In-Store
T500806,2025-11-28,P1002,2,143.01,286.02,WH-WEST,Online
T500807,2025-11-30,P1002,1,143.01,143.01,WH-WEST,Online
T500808,2025-12-02,P1002,4,143.01,572.04,WH-WEST,Online
T500809,2025-12-03,P1002,2,143.01,286.02,WH-WEST,In-Store
T500810,2025-12-04,P1002,3,143.01,429.03,WH-WEST,Online
T500811,2025-12-05,P1002,3,143.01,429.03,WH-WEST,In-Store
T500812,2025-12-06,P1002,1,143.01,143.01,WH-WEST,Online
T500813,2025-12-07,P1002,5,143.01,715.05,WH-WEST,In-Store
T500814,2025-12-08,P1002,2,143.01,286.02,WH-WEST,Online
T500815,2025-12-09,P1002,3,143.01,429.03,WH-WEST,Online
T500816,2025-12-10,P1002,2,143.01,286.02,WH-WEST,In-Store
T500817,2025-12-11,P1002,1,143.01,143.01,WH-WEST,Online
T500818,2025-12-12,P1002,3,143.01,429.03,WH-WEST,In-Store
T500819,2025-12-13,P1002,3,143.01,429.03,WH-WEST,Online
T500820,2025-12-14,P1002,1,143.01,143.01,WH-WEST,In-Store
T500821,2025-12-15,P1002,2,143.01,286.02,WH-WEST,In-Store
T500822,2025-12-16,P1002,6,143.01,858.06,WH-WEST,Online
T500823,2025-12-17,P1002,4,143.01,572.04,WH-WEST,Online
T500824,2025-12-18,P1002,3,143.01,429.03,WH-WEST,Online
T500825,2025-12-19,P1002,1,143.01,143.01,WH-WEST,In-Store
T500826,2025-12-20,P1002,1,143.01,143.01,WH-WEST,Online
T500827,2025-12-21,P1002,1,143.01,143.01,WH-WEST,Online
T500828,2025-12-22,P1002,3,143.01,429.03,WH-WEST,In-Store
T500829,2025-12-23,P1002,2,143.01,286.02,WH-WEST,Online
T500830,2025-12-24,P1002,3,143.01,429.03,WH-WEST,Online
T500831,2025-12-25,P1002,3,143.01,429.03,WH-WEST,In-Store
T500832,2025-12-27,P1002,3,143.01,429.03,WH-WEST,In-Store
T500833,2025-12-28,P1002,2,143.01,286.02,WH-WEST,Online
T500834,2025-12-29,P1002,1,143.01,143.01,WH-WEST,Online
T500835,2025-12-30,P1002,5,143.01,715.05,WH-WEST,In-Store
T500836,2025-12-31,P1002,4,143.01,572.04,WH-WEST,Online
T500837,2026-01-02,P1002,5,143.01,715.05,WH-WEST,Online
T500838,2026-01-03,P1002,3,143.01,429.03,WH-WEST,Online
T500839,2026-01-04,P1002,1,143.01,143.01,WH-WEST,In-Store
T500840,2026-01-05,P1002,3,143.01,429.03,WH-WEST,Online
T500841,2026-01-06,P1002,3,143.01,429.03,WH-WEST,Online
T500842,2026-01-07,P1002,4,143.01,572.04,WH-WEST,Online
T500843,2026-01-08,P1002,1,143.01,143.01,WH-WEST,In-Store
T500844,2026-01-09,P1002,1,143.01,143.01,WH-WEST,In-Store
T500845,2026-01-10,P1002,1,143.01,143.01,WH-WEST,Online
T500846,2026-01-11,P1002,1,143.01,143.01,WH-WEST,Online
T500847,2026-01-12,P1002,2,143.01,286.02,WH-WEST,Online
T500848,2026-01-14,P1002,1,143.01,143.01,WH-WEST,In-Store
T500849,2026-01-15,P1002,3,143.01,429.03,WH-WEST,Online
T500850,2026-01-16,P1002,2,143.01,286.02,WH-WEST,Online
T500851,2026-01-17,P1002,1,143.01,143.01,WH-WEST,In-Store
T500852,2026-01-18,P1002,2,143.01,286.02,WH-WEST,Online
T500853,2026-01-19,P1002,5,143.01,715.05,WH-WEST,Online
T500854,2026-01-20,P1002,2,143.01,286.02,WH-WEST,In-Store
T500855,2026-01-21,P1002,3,143.01,429.03,WH-WEST,In-Store
T500856,2026-01-22,P1002,1,143.01,143.01,WH-WEST,Online
T500857,2026-01-24,P1002,1,143.01,143.01,WH-WEST,Online
T500858,2026-01-25,P1002,3,143.01,429.03,WH-WEST,Online
T500859,2026-01-26,P1002,1,143.01,143.01,WH-WEST,In-Store
T500860,2026-01-27,P1002,1,143.01,143.01,WH-WEST,Online
T500861,2026-01-29,P1002,1,143.01,143.01,WH-WEST,In-Store
T500862,2026-01-30,P1002,4,143.01,572.04,WH-WEST,Online
T500863,2026-01-31,P1002,3,143.01,429.03,WH-WEST,In-Store
T500864,2026-02-01,P1002,2,143.01,286.02,WH-WEST,Online
T500865,2026-02-02,P1002,3,143.01,429.03,WH-WEST,In-Store
T500866,2026-02-03,P1002,1,143.01,143.01,WH-WEST,Online
T500867,2026-02-04,P1002,1,143.01,143.01,WH-WEST,Online
T500868,2026-02-05,P1002,2,143.01,286.02,WH-WEST,In-Store
T500869,2026-02-06,P1002,2,143.01,286.02,WH-WEST,In-Store
T500870,2026-02-08,P1002,4,143.01,572.04,WH-WEST,Online
T500871,2026-02-09,P1002,3,143.01,429.03,WH-WEST,Online
T500872,2026-02-10,P1002,2,143.01,286.02,WH-WEST,Online
T500873,2026-02-11,P1002,1,143.01,143.01,WH-WEST,In-Store
T500874,2026-02-12,P1002,3,143.01,429.03,WH-WEST,Online
T500875,2026-02-13,P1002,3,143.01,429.03,WH-WEST,Online
T500876,2026-02-14,P1002,2,143.01,286.02,WH-WEST,In-Store
T500877,2026-02-15,P1002,2,143.01,286.02,WH-WEST,In-Store
T500878,2026-02-16,P1002,2,143.01,286.02,WH-WEST,Online
T500879,2026-02-17,P1002,2,143.01,286.02,WH-WEST,Online
T500880,2026-02-18,P1002,1,143.01,143.01,WH-WEST,In-Store
T500881,2026-02-19,P1002,1,143.01,143.01,WH-WEST,In-Store
T500882,2026-02-20,P1002,1,143.01,143.01,WH-WEST,In-Store
T500883,2026-02-21,P1002,3,143.01,429.03,WH-WEST,Online
T500884,2026-02-22,P1002,2,143.01,286.02,WH-WEST,Online
T500885,2026-02-24,P1002,2,143.01,286.02,WH-WEST,Online
T500886,2026-02-26,P1002,2,143.01,286.02,WH-WEST,Online
T500887,2026-02-27,P1002,1,143.01,143.01,WH-WEST,Online
T500888,2026-02-28,P1002,1,143.01,143.01,WH-WEST,Online
T500889,2026-03-01,P1002,3,143.01,429.03,WH-WEST,Online
T500890,2026-03-02,P1002,2,143.01,286.02,WH-WEST,In-Store
T500891,2026-03-04,P1002,1,143.01,143.01,WH-WEST,Online
T500892,2026-03-05,P1002,3,143.01,429.03,WH-WEST,In-Store
T500893,2026-03-06,P1002,1,143.01,143.01,WH-WEST,Online
T500894,2026-03-08,P1002,1,143.01,143.01,WH-WEST,Online
T500895,2026-03-09,P1002,1,143.01,143.01,WH-WEST,Online
T500896,2026-03-10,P1002,2,143.01,286.02,WH-WEST,In-Store
T500897,2026-03-11,P1002,1,143.01,143.01,WH-WEST,Online
T500898,2026-03-12,P1002,5,143.01,715.05,WH-WEST,Online
T500899,2026-03-14,P1002,2,143.01,286.02,WH-WEST,In-Store
T500900,2026-03-15,P1002,1,143.01,143.01,WH-WEST,Online
T500901,2026-03-16,P1002,2,143.01,286.02,WH-WEST,In-Store
T500902,2026-03-18,P1002,1,143.01,143.01,WH-WEST,Online
T500903,2026-03-19,P1002,3,143.01,429.03,WH-WEST,In-Store
T500904,2026-03-21,P1002,1,143.01,143.01,WH-WEST,Online
T500905,2026-03-22,P1002,2,143.01,286.02,WH-WEST,Online
T500906,2026-03-23,P1002,2,143.01,286.02,WH-WEST,Online
T500907,2026-03-24,P1002,2,143.01,286.02,WH-WEST,Online
T500908,2026-03-25,P1002,2,143.01,286.02,WH-WEST,Online
T500909,2026-03-26,P1002,1,143.01,143.01,WH-WEST,In-Store
T500910,2026-03-27,P1002,1,143.01,143.01,WH-WEST,Online
T500911,2026-03-28,P1002,3,143.01,429.03,WH-WEST,In-Store
T500912,2026-03-29,P1002,1,143.01,143.01,WH-WEST,Online
T500913,2026-03-31,P1002,1,143.01,143.01,WH-WEST,Online
T500914,2026-04-01,P1002,1,143.01,143.01,WH-WEST,Online
T500915,2026-04-02,P1002,2,143.01,286.02,WH-WEST,Online
T500916,2026-04-03,P1002,3,143.01,429.03,WH-WEST,Online
T500917,2026-04-04,P1002,1,143.01,143.01,WH-WEST,Online
T500918,2026-04-05,P1002,1,143.01,143.01,WH-WEST,Online
T500919,2026-04-07,P1002,2,143.01,286.02,WH-WEST,In-Store
T500920,2026-04-09,P1002,1,143.01,143.01,WH-WEST,In-Store
T500921,2026-04-10,P1002,3,143.01,429.03,WH-WEST,In-Store
T500922,2026-04-11,P1002,2,143.01,286.02,WH-WEST,Online
T500923,2026-04-12,P1002,1,143.01,143.01,WH-WEST,Online
T500924,2026-04-13,P1002,1,143.01,143.01,WH-WEST,Online
T500925,2026-04-15,P1002,2,143.01,286.02,WH-WEST,Online
T500926,2026-04-16,P1002,2,143.01,286.02,WH-WEST,Online
T500927,2026-04-18,P1002,1,143.01,143.01,WH-WEST,Online
T500928,2026-04-21,P1002,1,143.01,143.01,WH-WEST,Online
T500929,2026-04-22,P1002,1,143.01,143.01,WH-WEST,Online
T500930,2026-04-23,P1002,4,143.01,572.04,WH-WEST,Online
T500931,2026-04-24,P1002,3,143.01,429.03,WH-WEST,Online
T500932,2026-04-25,P1002,3,143.01,429.03,WH-WEST,Online
T500933,2026-04-27,P1002,1,143.01,143.01,WH-WEST,Online
T500934,2026-04-28,P1002,1,143.01,143.01,WH-WEST,In-Store
T500935,2026-04-30,P1002,2,143.01,286.02,WH-WEST,In-Store
T500936,2026-05-04,P1002,2,143.01,286.02,WH-WEST,Online
T500937,2026-05-06,P1002,2,143.01,286.02,WH-WEST,Online
T500938,2026-05-08,P1002,1,143.01,143.01,WH-WEST,Online
T500939,2026-05-11,P1002,1,143.01,143.01,WH-WEST,Online
T500940,2026-05-12,P1002,2,143.01,286.02,WH-WEST,Online
T500941,2026-05-13,P1002,2,143.01,286.02,WH-WEST,Online
T500942,2026-05-15,P1002,1,143.01,143.01,WH-WEST,Online
T500943,2026-05-16,P1002,1,143.01,143.01,WH-WEST,Online
T500944,2026-05-18,P1002,1,143.01,143.01,WH-WEST,Online
T500945,2026-05-19,P1002,1,143.01,143.01,WH-WEST,In-Store
T500946,2026-05-20,P1002,1,143.01,143.01,WH-WEST,Online
T500947,2026-05-21,P1002,2,143.01,286.02,WH-WEST,In-Store
T500948,2026-05-23,P1002,1,143.01,143.01,WH-WEST,Online
T500949,2026-05-26,P1002,1,143.01,143.01,WH-WEST,Online
T500950,2026-05-28,P1002,2,143.01,286.02,WH-WEST,Online
T500951,2026-05-30,P1002,2,143.01,286.02,WH-WEST,Online
T500952,2026-06-01,P1002,1,143.01,143.01,WH-WEST,Online
T500953,2026-06-03,P1002,2,143.01,286.02,WH-WEST,In-Store
T500954,2026-06-04,P1002,1,143.01,143.01,WH-WEST,Online
T500955,2026-06-06,P1002,1,143.01,143.01,WH-WEST,Online
T500956,2026-06-08,P1002,1,143.01,143.01,WH-WEST,Online
T500957,2026-06-10,P1002,1,143.01,143.01,WH-WEST,Online
T500958,2026-06-11,P1002,2,143.01,286.02,WH-WEST,In-Store
T500959,2026-06-14,P1002,1,143.01,143.01,WH-WEST,Online
T500960,2026-06-16,P1002,2,143.01,286.02,WH-WEST,Online
T500961,2026-06-17,P1002,2,143.01,286.02,WH-WEST,In-Store
T500962,2026-06-20,P1002,3,143.01,429.03,WH-WEST,Online
T500963,2026-06-21,P1002,1,143.01,143.01,WH-WEST,Online
T500964,2026-06-28,P1002,1,143.01,143.01,WH-WEST,Online
T500965,2026-06-29,P1002,2,143.01,286.02,WH-WEST,Online
T500966,2026-06-30,P1002,1,143.01,143.01,WH-WEST,Online
T500967,2026-07-02,P1002,1,143.01,143.01,WH-WEST,Online
T500968,2026-07-04,P1002,2,143.01,286.02,WH-WEST,Online
T500969,2026-07-06,P1002,1,143.01,143.01,WH-WEST,In-Store
T500970,2026-07-08,P1002,1,143.01,143.01,WH-WEST,Online
T500971,2026-07-12,P1002,1,143.01,143.01,WH-WEST,In-Store
T500972,2026-07-13,P1002,1,143.01,143.01,WH-WEST,In-Store
T500973,2026-07-14,P1002,1,143.01,143.01,WH-WEST,In-Store
T500974,2026-07-16,P1002,1,143.01,143.01,WH-WEST,Online
T500975,2026-07-19,P1002,2,143.01,286.02,WH-WEST,In-Store
T500976,2026-07-20,P1002,1,143.01,143.01,WH-WEST,Online
T500977,2026-07-21,P1002,2,143.01,286.02,WH-WEST,Online
T500978,2026-07-26,P1002,1,143.01,143.01,WH-WEST,In-Store
T500979,2026-07-28,P1002,1,143.01,143.01,WH-WEST,Online
T500980,2026-07-30,P1002,2,143.01,286.02,WH-WEST,Online
T500981,2026-07-31,P1002,1,143.01,143.01,WH-WEST,Online
T500982,2026-08-02,P1002,1,143.01,143.01,WH-WEST,Online
T500983,2026-08-03,P1002,1,143.01,143.01,WH-WEST,Online
T500984,2026-08-05,P1002,1,143.01,143.01,WH-WEST,In-Store
T500985,2026-08-06,P1002,1,143.01,143.01,WH-WEST,In-Store
T500986,2025-08-15,P1003,7,11.66,81.62,WH-WEST,In-Store
T500987,2025-08-16,P1003,7,11.66,81.62,WH-WEST,Online
T500988,2025-08-17,P1003,12,11.66,139.92,WH-WEST,Online
T500989,2025-08-18,P1003,6,11.66,69.96,WH-WEST,Online
T500990,2025-08-19,P1003,3,11.66,34.98,WH-WEST,Online
T500991,2025-08-20,P1003,7,11.66,81.62,WH-WEST,In-Store
T500992,2025-08-21,P1003,10,11.66,116.6,WH-WEST,In-Store
T500993,2025-08-22,P1003,6,11.66,69.96,WH-WEST,In-Store
T500994,2025-08-23,P1003,8,11.66,93.28,WH-WEST,Online
T500995,2025-08-24,P1003,9,11.66,104.94,WH-WEST,Online
T500996,2025-08-25,P1003,8,11.66,93.28,WH-WEST,Online
T500997,2025-08-26,P1003,6,11.66,69.96,WH-WEST,Online
T500998,2025-08-27,P1003,7,11.66,81.62,WH-WEST,Online
T500999,2025-08-28,P1003,8,11.66,93.28,WH-WEST,In-Store
T501000,2025-08-29,P1003,5,11.66,58.3,WH-WEST,Online
T501001,2025-08-30,P1003,5,11.66,58.3,WH-WEST,Online
T501002,2025-08-31,P1003,9,11.66,104.94,WH-WEST,Online
T501003,2025-09-01,P1003,8,11.66,93.28,WH-WEST,Online
T501004,2025-09-02,P1003,6,11.66,69.96,WH-WEST,In-Store
T501005,2025-09-03,P1003,8,11.66,93.28,WH-WEST,Online
T501006,2025-09-04,P1003,4,11.66,46.64,WH-WEST,In-Store
T501007,2025-09-05,P1003,4,11.66,46.64,WH-WEST,Online
T501008,2025-09-06,P1003,13,11.66,151.58,WH-WEST,Online
T501009,2025-09-07,P1003,7,11.66,81.62,WH-WEST,Online
T501010,2025-09-08,P1003,8,11.66,93.28,WH-WEST,In-Store
T501011,2025-09-09,P1003,8,11.66,93.28,WH-WEST,Online
T501012,2025-09-10,P1003,6,11.66,69.96,WH-WEST,Online
T501013,2025-09-11,P1003,7,11.66,81.62,WH-WEST,Online
T501014,2025-09-12,P1003,10,11.66,116.6,WH-WEST,Online
T501015,2025-09-13,P1003,13,11.66,151.58,WH-WEST,In-Store
T501016,2025-09-14,P1003,9,11.66,104.94,WH-WEST,Online
T501017,2025-09-15,P1003,10,11.66,116.6,WH-WEST,Online
T501018,2025-09-16,P1003,5,11.66,58.3,WH-WEST,Online
T501019,2025-09-17,P1003,10,11.66,116.6,WH-WEST,In-Store
T501020,2025-09-18,P1003,6,11.66,69.96,WH-WEST,Online
T501021,2025-09-19,P1003,5,11.66,58.3,WH-WEST,Online
T501022,2025-09-20,P1003,5,11.66,58.3,WH-WEST,In-Store
T501023,2025-09-21,P1003,12,11.66,139.92,WH-WEST,Online
T501024,2025-09-22,P1003,7,11.66,81.62,WH-WEST,Online
T501025,2025-09-23,P1003,9,11.66,104.94,WH-WEST,In-Store
T501026,2025-09-24,P1003,11,11.66,128.26,WH-WEST,In-Store
T501027,2025-09-25,P1003,9,11.66,104.94,WH-WEST,In-Store
T501028,2025-09-26,P1003,8,11.66,93.28,WH-WEST,In-Store
T501029,2025-09-27,P1003,12,11.66,139.92,WH-WEST,Online
T501030,2025-09-28,P1003,11,11.66,128.26,WH-WEST,Online
T501031,2025-09-29,P1003,8,11.66,93.28,WH-WEST,Online
T501032,2025-09-30,P1003,10,11.66,116.6,WH-WEST,In-Store
T501033,2025-10-01,P1003,5,11.66,58.3,WH-WEST,Online
T501034,2025-10-02,P1003,11,11.66,128.26,WH-WEST,Online
T501035,2025-10-03,P1003,10,11.66,116.6,WH-WEST,Online
T501036,2025-10-04,P1003,5,11.66,58.3,WH-WEST,In-Store
T501037,2025-10-05,P1003,8,11.66,93.28,WH-WEST,Online
T501038,2025-10-06,P1003,7,11.66,81.62,WH-WEST,Online
T501039,2025-10-07,P1003,8,11.66,93.28,WH-WEST,Online
T501040,2025-10-08,P1003,7,11.66,81.62,WH-WEST,Online
T501041,2025-10-09,P1003,6,11.66,69.96,WH-WEST,In-Store
T501042,2025-10-10,P1003,5,11.66,58.3,WH-WEST,In-Store
T501043,2025-10-11,P1003,9,11.66,104.94,WH-WEST,Online
T501044,2025-10-12,P1003,9,11.66,104.94,WH-WEST,Online
T501045,2025-10-13,P1003,11,11.66,128.26,WH-WEST,Online
T501046,2025-10-14,P1003,13,11.66,151.58,WH-WEST,Online
T501047,2025-10-15,P1003,7,11.66,81.62,WH-WEST,Online
T501048,2025-10-16,P1003,9,11.66,104.94,WH-WEST,In-Store
T501049,2025-10-17,P1003,7,11.66,81.62,WH-WEST,Online
T501050,2025-10-18,P1003,7,11.66,81.62,WH-WEST,In-Store
T501051,2025-10-19,P1003,11,11.66,128.26,WH-WEST,Online
T501052,2025-10-20,P1003,10,11.66,116.6,WH-WEST,Online
T501053,2025-10-21,P1003,7,11.66,81.62,WH-WEST,Online
T501054,2025-10-22,P1003,7,11.66,81.62,WH-WEST,Online
T501055,2025-10-23,P1003,6,11.66,69.96,WH-WEST,Online
T501056,2025-10-24,P1003,9,11.66,104.94,WH-WEST,Online
T501057,2025-10-25,P1003,11,11.66,128.26,WH-WEST,Online
T501058,2025-10-26,P1003,8,11.66,93.28,WH-WEST,Online
T501059,2025-10-27,P1003,10,11.66,116.6,WH-WEST,Online
T501060,2025-10-28,P1003,7,11.66,81.62,WH-WEST,Online
T501061,2025-10-29,P1003,12,11.66,139.92,WH-WEST,Online
T501062,2025-10-30,P1003,10,11.66,116.6,WH-WEST,Online
T501063,2025-10-31,P1003,8,11.66,93.28,WH-WEST,In-Store
T501064,2025-11-01,P1003,4,11.66,46.64,WH-WEST,Online
T501065,2025-11-02,P1003,11,11.66,128.26,WH-WEST,Online
T501066,2025-11-03,P1003,7,11.66,81.62,WH-WEST,Online
T501067,2025-11-04,P1003,10,11.66,116.6,WH-WEST,Online
T501068,2025-11-05,P1003,14,11.66,163.24,WH-WEST,In-Store
T501069,2025-11-06,P1003,7,11.66,81.62,WH-WEST,Online
T501070,2025-11-07,P1003,4,11.66,46.64,WH-WEST,Online
T501071,2025-11-08,P1003,12,11.66,139.92,WH-WEST,Online
T501072,2025-11-09,P1003,11,11.66,128.26,WH-WEST,Online
T501073,2025-11-10,P1003,9,11.66,104.94,WH-WEST,Online
T501074,2025-11-11,P1003,10,11.66,116.6,WH-WEST,Online
T501075,2025-11-12,P1003,11,11.66,128.26,WH-WEST,Online
T501076,2025-11-13,P1003,13,11.66,151.58,WH-WEST,Online
T501077,2025-11-14,P1003,4,11.66,46.64,WH-WEST,Online
T501078,2025-11-15,P1003,7,11.66,81.62,WH-WEST,Online
T501079,2025-11-16,P1003,7,11.66,81.62,WH-WEST,Online
T501080,2025-11-17,P1003,8,11.66,93.28,WH-WEST,Online
T501081,2025-11-18,P1003,9,11.66,104.94,WH-WEST,In-Store
T501082,2025-11-19,P1003,10,11.66,116.6,WH-WEST,Online
T501083,2025-11-20,P1003,7,11.66,81.62,WH-WEST,In-Store
T501084,2025-11-21,P1003,12,11.66,139.92,WH-WEST,Online
T501085,2025-11-22,P1003,11,11.66,128.26,WH-WEST,Online
T501086,2025-11-23,P1003,14,11.66,163.24,WH-WEST,Online
T501087,2025-11-24,P1003,10,11.66,116.6,WH-WEST,In-Store
T501088,2025-11-25,P1003,8,11.66,93.28,WH-WEST,In-Store
T501089,2025-11-26,P1003,7,11.66,81.62,WH-WEST,In-Store
T501090,2025-11-27,P1003,9,11.66,104.94,WH-WEST,Online
T501091,2025-11-28,P1003,8,11.66,93.28,WH-WEST,In-Store
T501092,2025-11-29,P1003,12,11.66,139.92,WH-WEST,Online
T501093,2025-11-30,P1003,9,11.66,104.94,WH-WEST,In-Store
T501094,2025-12-01,P1003,6,11.66,69.96,WH-WEST,In-Store
T501095,2025-12-02,P1003,5,11.66,58.3,WH-WEST,In-Store
T501096,2025-12-03,P1003,7,11.66,81.62,WH-WEST,In-Store
T501097,2025-12-04,P1003,3,11.66,34.98,WH-WEST,Online
T501098,2025-12-05,P1003,5,11.66,58.3,WH-WEST,Online
T501099,2025-12-06,P1003,8,11.66,93.28,WH-WEST,Online
T501100,2025-12-07,P1003,4,11.66,46.64,WH-WEST,Online
T501101,2025-12-08,P1003,13,11.66,151.58,WH-WEST,Online
T501102,2025-12-09,P1003,6,11.66,69.96,WH-WEST,Online
T501103,2025-12-10,P1003,11,11.66,128.26,WH-WEST,Online
T501104,2025-12-11,P1003,8,11.66,93.28,WH-WEST,Online
T501105,2025-12-12,P1003,2,11.66,23.32,WH-WEST,Online
T501106,2025-12-13,P1003,7,11.66,81.62,WH-WEST,Online
T501107,2025-12-14,P1003,15,11.66,174.9,WH-WEST,Online
T501108,2025-12-15,P1003,5,11.66,58.3,WH-WEST,Online
T501109,2025-12-16,P1003,7,11.66,81.62,WH-WEST,Online
T501110,2025-12-17,P1003,12,11.66,139.92,WH-WEST,In-Store
T501111,2025-12-18,P1003,7,11.66,81.62,WH-WEST,Online
T501112,2025-12-19,P1003,7,11.66,81.62,WH-WEST,Online
T501113,2025-12-20,P1003,12,11.66,139.92,WH-WEST,Online
T501114,2025-12-21,P1003,11,11.66,128.26,WH-WEST,In-Store
T501115,2025-12-22,P1003,7,11.66,81.62,WH-WEST,Online
T501116,2025-12-23,P1003,6,11.66,69.96,WH-WEST,Online
T501117,2025-12-24,P1003,12,11.66,139.92,WH-WEST,Online
T501118,2025-12-25,P1003,11,11.66,128.26,WH-WEST,Online
T501119,2025-12-26,P1003,7,11.66,81.62,WH-WEST,In-Store
T501120,2025-12-27,P1003,9,11.66,104.94,WH-WEST,In-Store
T501121,2025-12-28,P1003,15,11.66,174.9,WH-WEST,Online
T501122,2025-12-29,P1003,6,11.66,69.96,WH-WEST,In-Store
T501123,2025-12-30,P1003,6,11.66,69.96,WH-WEST,Online
T501124,2025-12-31,P1003,8,11.66,93.28,WH-WEST,Online
T501125,2026-01-01,P1003,7,11.66,81.62,WH-WEST,Online
T501126,2026-01-02,P1003,11,11.66,128.26,WH-WEST,Online
T501127,2026-01-03,P1003,8,11.66,93.28,WH-WEST,In-Store
T501128,2026-01-04,P1003,13,11.66,151.58,WH-WEST,In-Store
T501129,2026-01-05,P1003,11,11.66,128.26,WH-WEST,Online
T501130,2026-01-06,P1003,7,11.66,81.62,WH-WEST,Online
T501131,2026-01-07,P1003,11,11.66,128.26,WH-WEST,Online
T501132,2026-01-08,P1003,6,11.66,69.96,WH-WEST,In-Store
T501133,2026-01-09,P1003,9,11.66,104.94,WH-WEST,Online
T501134,2026-01-10,P1003,9,11.66,104.94,WH-WEST,Online
T501135,2026-01-11,P1003,9,11.66,104.94,WH-WEST,Online
T501136,2026-01-12,P1003,5,11.66,58.3,WH-WEST,In-Store
T501137,2026-01-13,P1003,8,11.66,93.28,WH-WEST,Online
T501138,2026-01-14,P1003,7,11.66,81.62,WH-WEST,Online
T501139,2026-01-15,P1003,4,11.66,46.64,WH-WEST,Online
T501140,2026-01-16,P1003,9,11.66,104.94,WH-WEST,In-Store
T501141,2026-01-17,P1003,9,11.66,104.94,WH-WEST,Online
T501142,2026-01-18,P1003,9,11.66,104.94,WH-WEST,In-Store
T501143,2026-01-19,P1003,8,11.66,93.28,WH-WEST,In-Store
T501144,2026-01-20,P1003,7,11.66,81.62,WH-WEST,In-Store
T501145,2026-01-21,P1003,5,11.66,58.3,WH-WEST,Online
T501146,2026-01-22,P1003,7,11.66,81.62,WH-WEST,Online
T501147,2026-01-23,P1003,7,11.66,81.62,WH-WEST,Online
T501148,2026-01-24,P1003,8,11.66,93.28,WH-WEST,In-Store
T501149,2026-01-25,P1003,6,11.66,69.96,WH-WEST,Online
T501150,2026-01-26,P1003,5,11.66,58.3,WH-WEST,Online
T501151,2026-01-27,P1003,9,11.66,104.94,WH-WEST,In-Store
T501152,2026-01-28,P1003,12,11.66,139.92,WH-WEST,In-Store
T501153,2026-01-29,P1003,8,11.66,93.28,WH-WEST,Online
T501154,2026-01-30,P1003,6,11.66,69.96,WH-WEST,Online
T501155,2026-01-31,P1003,5,11.66,58.3,WH-WEST,Online
T501156,2026-02-01,P1003,10,11.66,116.6,WH-WEST,Online
T501157,2026-02-02,P1003,7,11.66,81.62,WH-WEST,Online
T501158,2026-02-03,P1003,7,11.66,81.62,WH-WEST,In-Store
T501159,2026-02-04,P1003,11,11.66,128.26,WH-WEST,Online
T501160,2026-02-05,P1003,7,11.66,81.62,WH-WEST,In-Store
T501161,2026-02-06,P1003,6,11.66,69.96,WH-WEST,Online
T501162,2026-02-07,P1003,6,11.66,69.96,WH-WEST,Online
T501163,2026-02-08,P1003,7,11.66,81.62,WH-WEST,Online
T501164,2026-02-09,P1003,9,11.66,104.94,WH-WEST,In-Store
T501165,2026-02-10,P1003,10,11.66,116.6,WH-WEST,In-Store
T501166,2026-02-11,P1003,4,11.66,46.64,WH-WEST,Online
T501167,2026-02-12,P1003,6,11.66,69.96,WH-WEST,In-Store
T501168,2026-02-13,P1003,2,11.66,23.32,WH-WEST,In-Store
T501169,2026-02-14,P1003,8,11.66,93.28,WH-WEST,Online
T501170,2026-02-15,P1003,9,11.66,104.94,WH-WEST,In-Store
T501171,2026-02-16,P1003,2,11.66,23.32,WH-WEST,Online
T501172,2026-02-17,P1003,7,11.66,81.62,WH-WEST,In-Store
T501173,2026-02-18,P1003,8,11.66,93.28,WH-WEST,Online
T501174,2026-02-19,P1003,7,11.66,81.62,WH-WEST,Online
T501175,2026-02-20,P1003,11,11.66,128.26,WH-WEST,Online
T501176,2026-02-21,P1003,7,11.66,81.62,WH-WEST,Online
T501177,2026-02-22,P1003,13,11.66,151.58,WH-WEST,Online
T501178,2026-02-23,P1003,5,11.66,58.3,WH-WEST,Online
T501179,2026-02-24,P1003,11,11.66,128.26,WH-WEST,Online
T501180,2026-02-25,P1003,10,11.66,116.6,WH-WEST,Online
T501181,2026-02-26,P1003,8,11.66,93.28,WH-WEST,Online
T501182,2026-02-27,P1003,3,11.66,34.98,WH-WEST,Online
T501183,2026-02-28,P1003,6,11.66,69.96,WH-WEST,In-Store
T501184,2026-03-01,P1003,5,11.66,58.3,WH-WEST,Online
T501185,2026-03-02,P1003,9,11.66,104.94,WH-WEST,Online
T501186,2026-03-03,P1003,4,11.66,46.64,WH-WEST,Online
T501187,2026-03-04,P1003,6,11.66,69.96,WH-WEST,In-Store
T501188,2026-03-05,P1003,4,11.66,46.64,WH-WEST,Online
T501189,2026-03-06,P1003,6,11.66,69.96,WH-WEST,Online
T501190,2026-03-07,P1003,5,11.66,58.3,WH-WEST,Online
T501191,2026-03-08,P1003,6,11.66,69.96,WH-WEST,Online
T501192,2026-03-09,P1003,4,11.66,46.64,WH-WEST,Online
T501193,2026-03-10,P1003,9,11.66,104.94,WH-WEST,Online
T501194,2026-03-11,P1003,7,11.66,81.62,WH-WEST,In-Store
T501195,2026-03-12,P1003,8,11.66,93.28,WH-WEST,In-Store
T501196,2026-03-13,P1003,5,11.66,58.3,WH-WEST,In-Store
T501197,2026-03-14,P1003,6,11.66,69.96,WH-WEST,Online
T501198,2026-03-15,P1003,6,11.66,69.96,WH-WEST,Online
T501199,2026-03-16,P1003,3,11.66,34.98,WH-WEST,Online
T501200,2026-03-17,P1003,5,11.66,58.3,WH-WEST,Online
T501201,2026-03-18,P1003,4,11.66,46.64,WH-WEST,In-Store
T501202,2026-03-19,P1003,4,11.66,46.64,WH-WEST,Online
T501203,2026-03-20,P1003,7,11.66,81.62,WH-WEST,Online
T501204,2026-03-21,P1003,8,11.66,93.28,WH-WEST,In-Store
T501205,2026-03-22,P1003,4,11.66,46.64,WH-WEST,Online
T501206,2026-03-23,P1003,5,11.66,58.3,WH-WEST,In-Store
T501207,2026-03-24,P1003,5,11.66,58.3,WH-WEST,Online
T501208,2026-03-25,P1003,8,11.66,93.28,WH-WEST,Online
T501209,2026-03-26,P1003,4,11.66,46.64,WH-WEST,In-Store
T501210,2026-03-27,P1003,5,11.66,58.3,WH-WEST,Online
T501211,2026-03-28,P1003,5,11.66,58.3,WH-WEST,Online
T501212,2026-03-29,P1003,6,11.66,69.96,WH-WEST,Online
T501213,2026-03-30,P1003,3,11.66,34.98,WH-WEST,In-Store
T501214,2026-03-31,P1003,3,11.66,34.98,WH-WEST,Online
T501215,2026-04-01,P1003,5,11.66,58.3,WH-WEST,In-Store
T501216,2026-04-02,P1003,6,11.66,69.96,WH-WEST,Online
T501217,2026-04-03,P1003,3,11.66,34.98,WH-WEST,Online
T501218,2026-04-04,P1003,3,11.66,34.98,WH-WEST,Online
T501219,2026-04-05,P1003,7,11.66,81.62,WH-WEST,In-Store
T501220,2026-04-06,P1003,1,11.66,11.66,WH-WEST,Online
T501221,2026-04-07,P1003,4,11.66,46.64,WH-WEST,In-Store
T501222,2026-04-08,P1003,11,11.66,128.26,WH-WEST,Online
T501223,2026-04-09,P1003,6,11.66,69.96,WH-WEST,Online
T501224,2026-04-10,P1003,5,11.66,58.3,WH-WEST,In-Store
T501225,2026-04-11,P1003,6,11.66,69.96,WH-WEST,In-Store
T501226,2026-04-12,P1003,10,11.66,116.6,WH-WEST,Online
T501227,2026-04-13,P1003,2,11.66,23.32,WH-WEST,Online
T501228,2026-04-14,P1003,7,11.66,81.62,WH-WEST,Online
T501229,2026-04-15,P1003,1,11.66,11.66,WH-WEST,In-Store
T501230,2026-04-16,P1003,4,11.66,46.64,WH-WEST,Online
T501231,2026-04-17,P1003,3,11.66,34.98,WH-WEST,Online
T501232,2026-04-18,P1003,7,11.66,81.62,WH-WEST,In-Store
T501233,2026-04-19,P1003,6,11.66,69.96,WH-WEST,Online
T501234,2026-04-20,P1003,4,11.66,46.64,WH-WEST,In-Store
T501235,2026-04-21,P1003,7,11.66,81.62,WH-WEST,Online
T501236,2026-04-22,P1003,3,11.66,34.98,WH-WEST,Online
T501237,2026-04-23,P1003,2,11.66,23.32,WH-WEST,In-Store
T501238,2026-04-24,P1003,2,11.66,23.32,WH-WEST,In-Store
T501239,2026-04-25,P1003,5,11.66,58.3,WH-WEST,In-Store
T501240,2026-04-26,P1003,7,11.66,81.62,WH-WEST,In-Store
T501241,2026-04-27,P1003,3,11.66,34.98,WH-WEST,In-Store
T501242,2026-04-28,P1003,2,11.66,23.32,WH-WEST,Online
T501243,2026-04-29,P1003,5,11.66,58.3,WH-WEST,Online
T501244,2026-04-30,P1003,5,11.66,58.3,WH-WEST,In-Store
T501245,2026-05-01,P1003,6,11.66,69.96,WH-WEST,Online
T501246,2026-05-02,P1003,8,11.66,93.28,WH-WEST,In-Store
T501247,2026-05-03,P1003,5,11.66,58.3,WH-WEST,Online
T501248,2026-05-04,P1003,5,11.66,58.3,WH-WEST,Online
T501249,2026-05-05,P1003,4,11.66,46.64,WH-WEST,In-Store
T501250,2026-05-06,P1003,5,11.66,58.3,WH-WEST,Online
T501251,2026-05-07,P1003,6,11.66,69.96,WH-WEST,Online
T501252,2026-05-08,P1003,10,11.66,116.6,WH-WEST,In-Store
T501253,2026-05-09,P1003,8,11.66,93.28,WH-WEST,Online
T501254,2026-05-10,P1003,7,11.66,81.62,WH-WEST,In-Store
T501255,2026-05-11,P1003,5,11.66,58.3,WH-WEST,Online
T501256,2026-05-12,P1003,3,11.66,34.98,WH-WEST,In-Store
T501257,2026-05-13,P1003,10,11.66,116.6,WH-WEST,Online
T501258,2026-05-14,P1003,3,11.66,34.98,WH-WEST,Online
T501259,2026-05-15,P1003,4,11.66,46.64,WH-WEST,Online
T501260,2026-05-16,P1003,7,11.66,81.62,WH-WEST,In-Store
T501261,2026-05-17,P1003,6,11.66,69.96,WH-WEST,In-Store
T501262,2026-05-18,P1003,8,11.66,93.28,WH-WEST,Online
T501263,2026-05-19,P1003,6,11.66,69.96,WH-WEST,Online
T501264,2026-05-20,P1003,5,11.66,58.3,WH-WEST,Online
T501265,2026-05-21,P1003,8,11.66,93.28,WH-WEST,Online
T501266,2026-05-22,P1003,4,11.66,46.64,WH-WEST,Online
T501267,2026-05-23,P1003,10,11.66,116.6,WH-WEST,Online
T501268,2026-05-24,P1003,3,11.66,34.98,WH-WEST,In-Store
T501269,2026-05-25,P1003,4,11.66,46.64,WH-WEST,Online
T501270,2026-05-26,P1003,4,11.66,46.64,WH-WEST,Online
T501271,2026-05-27,P1003,3,11.66,34.98,WH-WEST,Online
T501272,2026-05-28,P1003,6,11.66,69.96,WH-WEST,Online
T501273,2026-05-29,P1003,7,11.66,81.62,WH-WEST,Online
T501274,2026-05-30,P1003,10,11.66,116.6,WH-WEST,Online
T501275,2026-05-31,P1003,7,11.66,81.62,WH-WEST,Online
T501276,2026-06-01,P1003,5,11.66,58.3,WH-WEST,In-Store
T501277,2026-06-02,P1003,7,11.66,81.62,WH-WEST,In-Store
T501278,2026-06-03,P1003,7,11.66,81.62,WH-WEST,Online
T501279,2026-06-04,P1003,6,11.66,69.96,WH-WEST,In-Store
T501280,2026-06-05,P1003,7,11.66,81.62,WH-WEST,Online
T501281,2026-06-06,P1003,5,11.66,58.3,WH-WEST,In-Store
T501282,2026-06-07,P1003,7,11.66,81.62,WH-WEST,In-Store
T501283,2026-06-08,P1003,4,11.66,46.64,WH-WEST,In-Store
T501284,2026-06-09,P1003,3,11.66,34.98,WH-WEST,In-Store
T501285,2026-06-10,P1003,1,11.66,11.66,WH-WEST,Online
T501286,2026-06-11,P1003,7,11.66,81.62,WH-WEST,In-Store
T501287,2026-06-12,P1003,4,11.66,46.64,WH-WEST,Online
T501288,2026-06-13,P1003,4,11.66,46.64,WH-WEST,Online
T501289,2026-06-14,P1003,4,11.66,46.64,WH-WEST,Online
T501290,2026-06-15,P1003,4,11.66,46.64,WH-WEST,Online
T501291,2026-06-16,P1003,3,11.66,34.98,WH-WEST,Online
T501292,2026-06-17,P1003,10,11.66,116.6,WH-WEST,Online
T501293,2026-06-18,P1003,5,11.66,58.3,WH-WEST,Online
T501294,2026-06-19,P1003,3,11.66,34.98,WH-WEST,Online
T501295,2026-06-20,P1003,5,11.66,58.3,WH-WEST,Online
T501296,2026-06-21,P1003,5,11.66,58.3,WH-WEST,In-Store
T501297,2026-06-22,P1003,3,11.66,34.98,WH-WEST,In-Store
T501298,2026-06-23,P1003,10,11.66,116.6,WH-WEST,In-Store
T501299,2026-06-24,P1003,5,11.66,58.3,WH-WEST,Online
T501300,2026-06-25,P1003,4,11.66,46.64,WH-WEST,Online
T501301,2026-06-26,P1003,3,11.66,34.98,WH-WEST,Online
T501302,2026-06-27,P1003,7,11.66,81.62,WH-WEST,In-Store
T501303,2026-06-28,P1003,6,11.66,69.96,WH-WEST,Online
T501304,2026-06-29,P1003,5,11.66,58.3,WH-WEST,Online
T501305,2026-06-30,P1003,7,11.66,81.62,WH-WEST,Online
T501306,2026-07-01,P1003,6,11.66,69.96,WH-WEST,In-Store
T501307,2026-07-02,P1003,4,11.66,46.64,WH-WEST,Online
T501308,2026-07-03,P1003,4,11.66,46.64,WH-WEST,Online
T501309,2026-07-04,P1003,4,11.66,46.64,WH-WEST,In-Store
T501310,2026-07-05,P1003,9,11.66,104.94,WH-WEST,In-Store
T501311,2026-07-06,P1003,8,11.66,93.28,WH-WEST,Online
T501312,2026-07-07,P1003,4,11.66,46.64,WH-WEST,Online
T501313,2026-07-08,P1003,4,11.66,46.64,WH-WEST,In-Store
T501314,2026-07-09,P1003,6,11.66,69.96,WH-WEST,In-Store
T501315,2026-07-10,P1003,5,11.66,58.3,WH-WEST,Online
T501316,2026-07-11,P1003,3,11.66,34.98,WH-WEST,In-Store
T501317,2026-07-12,P1003,8,11.66,93.28,WH-WEST,In-Store
T501318,2026-07-13,P1003,6,11.66,69.96,WH-WEST,Online
T501319,2026-07-14,P1003,5,11.66,58.3,WH-WEST,Online
T501320,2026-07-15,P1003,4,11.66,46.64,WH-WEST,Online
T501321,2026-07-16,P1003,3,11.66,34.98,WH-WEST,Online
T501322,2026-07-17,P1003,6,11.66,69.96,WH-WEST,Online
T501323,2026-07-18,P1003,4,11.66,46.64,WH-WEST,Online
T501324,2026-07-19,P1003,8,11.66,93.28,WH-WEST,Online
T501325,2026-07-20,P1003,5,11.66,58.3,WH-WEST,In-Store
T501326,2026-07-21,P1003,5,11.66,58.3,WH-WEST,Online
T501327,2026-07-22,P1003,3,11.66,34.98,WH-WEST,In-Store
T501328,2026-07-23,P1003,8,11.66,93.28,WH-WEST,In-Store
T501329,2026-07-24,P1003,8,11.66,93.28,WH-WEST,In-Store
T501330,2026-07-25,P1003,2,11.66,23.32,WH-WEST,Online
T501331,2026-07-26,P1003,7,11.66,81.62,WH-WEST,Online
T501332,2026-07-27,P1003,7,11.66,81.62,WH-WEST,In-Store
T501333,2026-07-28,P1003,4,11.66,46.64,WH-WEST,In-Store
T501334,2026-07-29,P1003,6,11.66,69.96,WH-WEST,Online
T501335,2026-07-30,P1003,1,11.66,11.66,WH-WEST,In-Store
T501336,2026-07-31,P1003,5,11.66,58.3,WH-WEST,In-Store
T501337,2026-08-01,P1003,6,11.66,69.96,WH-WEST,In-Store
T501338,2026-08-02,P1003,11,11.66,128.26,WH-WEST,In-Store
T501339,2026-08-03,P1003,8,11.66,93.28,WH-WEST,Online
T501340,2026-08-04,P1003,7,11.66,81.62,WH-WEST,Online
T501341,2026-08-05,P1003,3,11.66,34.98,WH-WEST,Online
T501342,2026-08-06,P1003,9,11.66,104.94,WH-WEST,In-Store
T501343,2026-08-07,P1003,11,11.66,128.26,WH-WEST,Online
T501344,2026-08-08,P1003,12,11.66,139.92,WH-WEST,Online
T501345,2026-08-09,P1003,4,11.66,46.64,WH-WEST,In-Store
T501346,2026-08-10,P1003,9,11.66,104.94,WH-WEST,Online
T501347,2026-08-11,P1003,6,11.66,69.96,WH-WEST,Online
T501348,2026-08-12,P1003,7,11.66,81.62,WH-WEST,Online
T501349,2026-08-13,P1003,5,11.66,58.3,WH-WEST,Online
T501350,2025-08-15,P1004,6,24.95,149.7,WH-WEST,In-Store
T501351,2025-08-16,P1004,6,24.95,149.7,WH-WEST,In-Store
T501352,2025-08-17,P1004,5,24.95,124.75,WH-WEST,Online
T501353,2025-08-18,P1004,6,24.95,149.7,WH-WEST,Online
T501354,2025-08-19,P1004,3,24.95,74.85,WH-WEST,Online
T501355,2025-08-20,P1004,4,24.95,99.8,WH-WEST,Online
T501356,2025-08-21,P1004,5,24.95,124.75,WH-WEST,Online
T501357,2025-08-22,P1004,6,24.95,149.7,WH-WEST,Online
T501358,2025-08-23,P1004,6,24.95,149.7,WH-WEST,Online
T501359,2025-08-24,P1004,6,24.95,149.7,WH-WEST,Online
T501360,2025-08-25,P1004,4,24.95,99.8,WH-WEST,In-Store
T501361,2025-08-26,P1004,7,24.95,174.65,WH-WEST,Online
T501362,2025-08-27,P1004,4,24.95,99.8,WH-WEST,In-Store
T501363,2025-08-28,P1004,3,24.95,74.85,WH-WEST,Online
T501364,2025-08-29,P1004,9,24.95,224.55,WH-WEST,Online
T501365,2025-08-30,P1004,6,24.95,149.7,WH-WEST,In-Store
T501366,2025-08-31,P1004,7,24.95,174.65,WH-WEST,Online
T501367,2025-09-01,P1004,8,24.95,199.6,WH-WEST,Online
T501368,2025-09-02,P1004,1,24.95,24.95,WH-WEST,Online
T501369,2025-09-03,P1004,3,24.95,74.85,WH-WEST,In-Store
T501370,2025-09-04,P1004,2,24.95,49.9,WH-WEST,In-Store
T501371,2025-09-05,P1004,3,24.95,74.85,WH-WEST,In-Store
T501372,2025-09-06,P1004,9,24.95,224.55,WH-WEST,Online
T501373,2025-09-07,P1004,4,24.95,99.8,WH-WEST,In-Store
T501374,2025-09-08,P1004,10,24.95,249.5,WH-WEST,Online
T501375,2025-09-09,P1004,3,24.95,74.85,WH-WEST,In-Store
T501376,2025-09-10,P1004,10,24.95,249.5,WH-WEST,Online
T501377,2025-09-11,P1004,6,24.95,149.7,WH-WEST,Online
T501378,2025-09-12,P1004,5,24.95,124.75,WH-WEST,Online
T501379,2025-09-13,P1004,10,24.95,249.5,WH-WEST,In-Store
T501380,2025-09-14,P1004,5,24.95,124.75,WH-WEST,Online
T501381,2025-09-15,P1004,4,24.95,99.8,WH-WEST,Online
T501382,2025-09-16,P1004,2,24.95,49.9,WH-WEST,Online
T501383,2025-09-17,P1004,9,24.95,224.55,WH-WEST,Online
T501384,2025-09-18,P1004,2,24.95,49.9,WH-WEST,Online
T501385,2025-09-19,P1004,4,24.95,99.8,WH-WEST,In-Store
T501386,2025-09-20,P1004,10,24.95,249.5,WH-WEST,In-Store
T501387,2025-09-21,P1004,10,24.95,249.5,WH-WEST,Online
T501388,2025-09-22,P1004,5,24.95,124.75,WH-WEST,Online
T501389,2025-09-23,P1004,4,24.95,99.8,WH-WEST,In-Store
T501390,2025-09-24,P1004,8,24.95,199.6,WH-WEST,Online
T501391,2025-09-25,P1004,4,24.95,99.8,WH-WEST,In-Store
T501392,2025-09-26,P1004,5,24.95,124.75,WH-WEST,Online
T501393,2025-09-27,P1004,5,24.95,124.75,WH-WEST,Online
T501394,2025-09-28,P1004,9,24.95,224.55,WH-WEST,In-Store
T501395,2025-09-29,P1004,4,24.95,99.8,WH-WEST,In-Store
T501396,2025-09-30,P1004,6,24.95,149.7,WH-WEST,In-Store
T501397,2025-10-01,P1004,7,24.95,174.65,WH-WEST,Online
T501398,2025-10-02,P1004,5,24.95,124.75,WH-WEST,In-Store
T501399,2025-10-03,P1004,4,24.95,99.8,WH-WEST,Online
T501400,2025-10-04,P1004,8,24.95,199.6,WH-WEST,Online
T501401,2025-10-05,P1004,8,24.95,199.6,WH-WEST,Online
T501402,2025-10-06,P1004,7,24.95,174.65,WH-WEST,Online
T501403,2025-10-07,P1004,4,24.95,99.8,WH-WEST,Online
T501404,2025-10-08,P1004,6,24.95,149.7,WH-WEST,In-Store
T501405,2025-10-09,P1004,9,24.95,224.55,WH-WEST,In-Store
T501406,2025-10-10,P1004,6,24.95,149.7,WH-WEST,In-Store
T501407,2025-10-11,P1004,5,24.95,124.75,WH-WEST,Online
T501408,2025-10-12,P1004,8,24.95,199.6,WH-WEST,In-Store
T501409,2025-10-13,P1004,5,24.95,124.75,WH-WEST,Online
T501410,2025-10-14,P1004,9,24.95,224.55,WH-WEST,In-Store
T501411,2025-10-15,P1004,4,24.95,99.8,WH-WEST,Online
T501412,2025-10-16,P1004,4,24.95,99.8,WH-WEST,Online
T501413,2025-10-17,P1004,10,24.95,249.5,WH-WEST,Online
T501414,2025-10-18,P1004,14,24.95,349.3,WH-WEST,Online
T501415,2025-10-19,P1004,6,24.95,149.7,WH-WEST,Online
T501416,2025-10-20,P1004,4,24.95,99.8,WH-WEST,Online
T501417,2025-10-21,P1004,8,24.95,199.6,WH-WEST,Online
T501418,2025-10-22,P1004,8,24.95,199.6,WH-WEST,In-Store
T501419,2025-10-23,P1004,3,24.95,74.85,WH-WEST,Online
T501420,2025-10-24,P1004,8,24.95,199.6,WH-WEST,In-Store
T501421,2025-10-25,P1004,14,24.95,349.3,WH-WEST,Online
T501422,2025-10-26,P1004,10,24.95,249.5,WH-WEST,Online
T501423,2025-10-27,P1004,6,24.95,149.7,WH-WEST,Online
T501424,2025-10-28,P1004,5,24.95,124.75,WH-WEST,In-Store
T501425,2025-10-29,P1004,3,24.95,74.85,WH-WEST,Online
T501426,2025-10-30,P1004,1,24.95,24.95,WH-WEST,Online
T501427,2025-10-31,P1004,5,24.95,124.75,WH-WEST,Online
T501428,2025-11-01,P1004,6,24.95,149.7,WH-WEST,In-Store
T501429,2025-11-02,P1004,7,24.95,174.65,WH-WEST,Online
T501430,2025-11-03,P1004,9,24.95,224.55,WH-WEST,In-Store
T501431,2025-11-04,P1004,4,24.95,99.8,WH-WEST,Online
T501432,2025-11-05,P1004,5,24.95,124.75,WH-WEST,Online
T501433,2025-11-06,P1004,9,24.95,224.55,WH-WEST,Online
T501434,2025-11-07,P1004,7,24.95,174.65,WH-WEST,In-Store
T501435,2025-11-08,P1004,5,24.95,124.75,WH-WEST,In-Store
T501436,2025-11-09,P1004,13,24.95,324.35,WH-WEST,Online
T501437,2025-11-10,P1004,5,24.95,124.75,WH-WEST,In-Store
T501438,2025-11-11,P1004,7,24.95,174.65,WH-WEST,Online
T501439,2025-11-12,P1004,5,24.95,124.75,WH-WEST,Online
T501440,2025-11-13,P1004,9,24.95,224.55,WH-WEST,In-Store
T501441,2025-11-14,P1004,4,24.95,99.8,WH-WEST,In-Store
T501442,2025-11-15,P1004,10,24.95,249.5,WH-WEST,In-Store
T501443,2025-11-16,P1004,9,24.95,224.55,WH-WEST,In-Store
T501444,2025-11-17,P1004,13,24.95,324.35,WH-WEST,Online
T501445,2025-11-18,P1004,4,24.95,99.8,WH-WEST,Online
T501446,2025-11-19,P1004,5,24.95,124.75,WH-WEST,Online
T501447,2025-11-20,P1004,8,24.95,199.6,WH-WEST,Online
T501448,2025-11-21,P1004,4,24.95,99.8,WH-WEST,In-Store
T501449,2025-11-22,P1004,9,24.95,224.55,WH-WEST,Online
T501450,2025-11-23,P1004,7,24.95,174.65,WH-WEST,Online
T501451,2025-11-24,P1004,5,24.95,124.75,WH-WEST,Online
T501452,2025-11-25,P1004,2,24.95,49.9,WH-WEST,Online
T501453,2025-11-26,P1004,7,24.95,174.65,WH-WEST,Online
T501454,2025-11-27,P1004,8,24.95,199.6,WH-WEST,Online
T501455,2025-11-28,P1004,8,24.95,199.6,WH-WEST,Online
T501456,2025-11-29,P1004,9,24.95,224.55,WH-WEST,Online
T501457,2025-11-30,P1004,11,24.95,274.45,WH-WEST,Online
T501458,2025-12-01,P1004,1,24.95,24.95,WH-WEST,In-Store
T501459,2025-12-02,P1004,8,24.95,199.6,WH-WEST,Online
T501460,2025-12-03,P1004,6,24.95,149.7,WH-WEST,Online
T501461,2025-12-04,P1004,6,24.95,149.7,WH-WEST,In-Store
T501462,2025-12-05,P1004,7,24.95,174.65,WH-WEST,Online
T501463,2025-12-06,P1004,8,24.95,199.6,WH-WEST,In-Store
T501464,2025-12-07,P1004,6,24.95,149.7,WH-WEST,Online
T501465,2025-12-08,P1004,7,24.95,174.65,WH-WEST,Online
T501466,2025-12-09,P1004,9,24.95,224.55,WH-WEST,Online
T501467,2025-12-10,P1004,6,24.95,149.7,WH-WEST,In-Store
T501468,2025-12-11,P1004,5,24.95,124.75,WH-WEST,In-Store
T501469,2025-12-12,P1004,4,24.95,99.8,WH-WEST,Online
T501470,2025-12-13,P1004,8,24.95,199.6,WH-WEST,Online
T501471,2025-12-14,P1004,7,24.95,174.65,WH-WEST,In-Store
T501472,2025-12-15,P1004,4,24.95,99.8,WH-WEST,Online
T501473,2025-12-16,P1004,4,24.95,99.8,WH-WEST,In-Store
T501474,2025-12-17,P1004,7,24.95,174.65,WH-WEST,In-Store
T501475,2025-12-18,P1004,4,24.95,99.8,WH-WEST,Online
T501476,2025-12-19,P1004,5,24.95,124.75,WH-WEST,In-Store
T501477,2025-12-20,P1004,9,24.95,224.55,WH-WEST,Online
T501478,2025-12-21,P1004,3,24.95,74.85,WH-WEST,Online
T501479,2025-12-22,P1004,5,24.95,124.75,WH-WEST,In-Store
T501480,2025-12-23,P1004,5,24.95,124.75,WH-WEST,In-Store
T501481,2025-12-24,P1004,8,24.95,199.6,WH-WEST,In-Store
T501482,2025-12-25,P1004,4,24.95,99.8,WH-WEST,Online
T501483,2025-12-26,P1004,11,24.95,274.45,WH-WEST,Online
T501484,2025-12-27,P1004,3,24.95,74.85,WH-WEST,In-Store
T501485,2025-12-28,P1004,12,24.95,299.4,WH-WEST,Online
T501486,2025-12-29,P1004,6,24.95,149.7,WH-WEST,Online
T501487,2025-12-30,P1004,10,24.95,249.5,WH-WEST,In-Store
T501488,2025-12-31,P1004,6,24.95,149.7,WH-WEST,Online
T501489,2026-01-02,P1004,12,24.95,299.4,WH-WEST,In-Store
T501490,2026-01-03,P1004,3,24.95,74.85,WH-WEST,Online
T501491,2026-01-04,P1004,9,24.95,224.55,WH-WEST,Online
T501492,2026-01-05,P1004,3,24.95,74.85,WH-WEST,Online
T501493,2026-01-06,P1004,6,24.95,149.7,WH-WEST,Online
T501494,2026-01-07,P1004,6,24.95,149.7,WH-WEST,Online
T501495,2026-01-08,P1004,9,24.95,224.55,WH-WEST,Online
T501496,2026-01-09,P1004,9,24.95,224.55,WH-WEST,In-Store
T501497,2026-01-10,P1004,6,24.95,149.7,WH-WEST,Online
T501498,2026-01-11,P1004,10,24.95,249.5,WH-WEST,Online
T501499,2026-01-12,P1004,8,24.95,199.6,WH-WEST,Online
T501500,2026-01-13,P1004,7,24.95,174.65,WH-WEST,In-Store
T501501,2026-01-14,P1004,3,24.95,74.85,WH-WEST,In-Store
T501502,2026-01-15,P1004,3,24.95,74.85,WH-WEST,Online
T501503,2026-01-16,P1004,6,24.95,149.7,WH-WEST,Online
T501504,2026-01-17,P1004,5,24.95,124.75,WH-WEST,Online
T501505,2026-01-18,P1004,10,24.95,249.5,WH-WEST,In-Store
T501506,2026-01-19,P1004,7,24.95,174.65,WH-WEST,Online
T501507,2026-01-20,P1004,4,24.95,99.8,WH-WEST,Online
T501508,2026-01-21,P1004,7,24.95,174.65,WH-WEST,In-Store
T501509,2026-01-22,P1004,3,24.95,74.85,WH-WEST,Online
T501510,2026-01-23,P1004,3,24.95,74.85,WH-WEST,In-Store
T501511,2026-01-24,P1004,5,24.95,124.75,WH-WEST,Online
T501512,2026-01-25,P1004,10,24.95,249.5,WH-WEST,Online
T501513,2026-01-26,P1004,5,24.95,124.75,WH-WEST,Online
T501514,2026-01-27,P1004,5,24.95,124.75,WH-WEST,Online
T501515,2026-01-28,P1004,8,24.95,199.6,WH-WEST,Online
T501516,2026-01-29,P1004,5,24.95,124.75,WH-WEST,In-Store
T501517,2026-01-30,P1004,5,24.95,124.75,WH-WEST,Online
T501518,2026-01-31,P1004,3,24.95,74.85,WH-WEST,Online
T501519,2026-02-01,P1004,6,24.95,149.7,WH-WEST,In-Store
T501520,2026-02-02,P1004,6,24.95,149.7,WH-WEST,Online
T501521,2026-02-03,P1004,2,24.95,49.9,WH-WEST,Online
T501522,2026-02-04,P1004,3,24.95,74.85,WH-WEST,Online
T501523,2026-02-05,P1004,2,24.95,49.9,WH-WEST,Online
T501524,2026-02-06,P1004,3,24.95,74.85,WH-WEST,Online
T501525,2026-02-07,P1004,11,24.95,274.45,WH-WEST,Online
T501526,2026-02-08,P1004,5,24.95,124.75,WH-WEST,In-Store
T501527,2026-02-09,P1004,4,24.95,99.8,WH-WEST,Online
T501528,2026-02-10,P1004,4,24.95,99.8,WH-WEST,Online
T501529,2026-02-11,P1004,5,24.95,124.75,WH-WEST,In-Store
T501530,2026-02-12,P1004,1,24.95,24.95,WH-WEST,Online
T501531,2026-02-13,P1004,3,24.95,74.85,WH-WEST,In-Store
T501532,2026-02-14,P1004,8,24.95,199.6,WH-WEST,In-Store
T501533,2026-02-15,P1004,9,24.95,224.55,WH-WEST,Online
T501534,2026-02-16,P1004,5,24.95,124.75,WH-WEST,Online
T501535,2026-02-17,P1004,4,24.95,99.8,WH-WEST,Online
T501536,2026-02-18,P1004,6,24.95,149.7,WH-WEST,Online
T501537,2026-02-19,P1004,5,24.95,124.75,WH-WEST,Online
T501538,2026-02-20,P1004,3,24.95,74.85,WH-WEST,Online
T501539,2026-02-21,P1004,2,24.95,49.9,WH-WEST,Online
T501540,2026-02-22,P1004,9,24.95,224.55,WH-WEST,Online
T501541,2026-02-23,P1004,1,24.95,24.95,WH-WEST,Online
T501542,2026-02-24,P1004,6,24.95,149.7,WH-WEST,In-Store
T501543,2026-02-25,P1004,5,24.95,124.75,WH-WEST,Online
T501544,2026-02-26,P1004,3,24.95,74.85,WH-WEST,In-Store
T501545,2026-02-27,P1004,2,24.95,49.9,WH-WEST,Online
T501546,2026-02-28,P1004,6,24.95,149.7,WH-WEST,Online
T501547,2026-03-01,P1004,3,24.95,74.85,WH-WEST,Online
T501548,2026-03-02,P1004,3,24.95,74.85,WH-WEST,Online
T501549,2026-03-03,P1004,6,24.95,149.7,WH-WEST,In-Store
T501550,2026-03-04,P1004,4,24.95,99.8,WH-WEST,Online
T501551,2026-03-05,P1004,5,24.95,124.75,WH-WEST,Online
T501552,2026-03-06,P1004,3,24.95,74.85,WH-WEST,Online
T501553,2026-03-07,P1004,7,24.95,174.65,WH-WEST,In-Store
T501554,2026-03-08,P1004,3,24.95,74.85,WH-WEST,Online
T501555,2026-03-09,P1004,5,24.95,124.75,WH-WEST,In-Store
T501556,2026-03-10,P1004,2,24.95,49.9,WH-WEST,Online
T501557,2026-03-11,P1004,3,24.95,74.85,WH-WEST,In-Store
T501558,2026-03-12,P1004,5,24.95,124.75,WH-WEST,Online
T501559,2026-03-13,P1004,6,24.95,149.7,WH-WEST,In-Store
T501560,2026-03-14,P1004,7,24.95,174.65,WH-WEST,In-Store
T501561,2026-03-15,P1004,8,24.95,199.6,WH-WEST,Online
T501562,2026-03-16,P1004,4,24.95,99.8,WH-WEST,Online
T501563,2026-03-17,P1004,2,24.95,49.9,WH-WEST,Online
T501564,2026-03-18,P1004,1,24.95,24.95,WH-WEST,In-Store
T501565,2026-03-19,P1004,5,24.95,124.75,WH-WEST,Online
T501566,2026-03-20,P1004,5,24.95,124.75,WH-WEST,In-Store
T501567,2026-03-21,P1004,7,24.95,174.65,WH-WEST,Online
T501568,2026-03-22,P1004,6,24.95,149.7,WH-WEST,In-Store
T501569,2026-03-23,P1004,2,24.95,49.9,WH-WEST,Online
T501570,2026-03-24,P1004,4,24.95,99.8,WH-WEST,In-Store
T501571,2026-03-25,P1004,1,24.95,24.95,WH-WEST,In-Store
T501572,2026-03-26,P1004,2,24.95,49.9,WH-WEST,Online
T501573,2026-03-27,P1004,1,24.95,24.95,WH-WEST,Online
T501574,2026-03-28,P1004,8,24.95,199.6,WH-WEST,Online
T501575,2026-03-29,P1004,8,24.95,199.6,WH-WEST,Online
T501576,2026-03-30,P1004,2,24.95,49.9,WH-WEST,In-Store
T501577,2026-03-31,P1004,2,24.95,49.9,WH-WEST,Online
T501578,2026-04-01,P1004,8,24.95,199.6,WH-WEST,In-Store
T501579,2026-04-02,P1004,5,24.95,124.75,WH-WEST,Online
T501580,2026-04-03,P1004,1,24.95,24.95,WH-WEST,In-Store
T501581,2026-04-04,P1004,1,24.95,24.95,WH-WEST,Online
T501582,2026-04-05,P1004,3,24.95,74.85,WH-WEST,Online
T501583,2026-04-06,P1004,4,24.95,99.8,WH-WEST,In-Store
T501584,2026-04-07,P1004,3,24.95,74.85,WH-WEST,In-Store
T501585,2026-04-08,P1004,3,24.95,74.85,WH-WEST,In-Store
T501586,2026-04-09,P1004,2,24.95,49.9,WH-WEST,Online
T501587,2026-04-10,P1004,1,24.95,24.95,WH-WEST,Online
T501588,2026-04-11,P1004,6,24.95,149.7,WH-WEST,In-Store
T501589,2026-04-12,P1004,3,24.95,74.85,WH-WEST,In-Store
T501590,2026-04-13,P1004,2,24.95,49.9,WH-WEST,In-Store
T501591,2026-04-14,P1004,4,24.95,99.8,WH-WEST,In-Store
T501592,2026-04-15,P1004,1,24.95,24.95,WH-WEST,In-Store
T501593,2026-04-16,P1004,2,24.95,49.9,WH-WEST,Online
T501594,2026-04-17,P1004,5,24.95,124.75,WH-WEST,Online
T501595,2026-04-18,P1004,4,24.95,99.8,WH-WEST,Online
T501596,2026-04-19,P1004,2,24.95,49.9,WH-WEST,In-Store
T501597,2026-04-20,P1004,3,24.95,74.85,WH-WEST,In-Store
T501598,2026-04-21,P1004,4,24.95,99.8,WH-WEST,Online
T501599,2026-04-22,P1004,3,24.95,74.85,WH-WEST,Online
T501600,2026-04-26,P1004,2,24.95,49.9,WH-WEST,In-Store
T501601,2026-04-27,P1004,1,24.95,24.95,WH-WEST,Online
T501602,2026-04-28,P1004,5,24.95,124.75,WH-WEST,In-Store
T501603,2026-04-29,P1004,6,24.95,149.7,WH-WEST,In-Store
T501604,2026-04-30,P1004,3,24.95,74.85,WH-WEST,Online
T501605,2026-05-01,P1004,2,24.95,49.9,WH-WEST,Online
T501606,2026-05-02,P1004,5,24.95,124.75,WH-WEST,Online
T501607,2026-05-03,P1004,3,24.95,74.85,WH-WEST,Online
T501608,2026-05-04,P1004,3,24.95,74.85,WH-WEST,In-Store
T501609,2026-05-05,P1004,5,24.95,124.75,WH-WEST,Online
T501610,2026-05-06,P1004,2,24.95,49.9,WH-WEST,Online
T501611,2026-05-07,P1004,5,24.95,124.75,WH-WEST,Online
T501612,2026-05-08,P1004,2,24.95,49.9,WH-WEST,Online
T501613,2026-05-09,P1004,4,24.95,99.8,WH-WEST,In-Store
T501614,2026-05-10,P1004,7,24.95,174.65,WH-WEST,Online
T501615,2026-05-11,P1004,5,24.95,124.75,WH-WEST,In-Store
T501616,2026-05-12,P1004,3,24.95,74.85,WH-WEST,Online
T501617,2026-05-13,P1004,4,24.95,99.8,WH-WEST,Online
T501618,2026-05-14,P1004,7,24.95,174.65,WH-WEST,Online
T501619,2026-05-16,P1004,2,24.95,49.9,WH-WEST,Online
T501620,2026-05-17,P1004,3,24.95,74.85,WH-WEST,Online
T501621,2026-05-18,P1004,2,24.95,49.9,WH-WEST,Online
T501622,2026-05-19,P1004,3,24.95,74.85,WH-WEST,In-Store
T501623,2026-05-20,P1004,5,24.95,124.75,WH-WEST,Online
T501624,2026-05-22,P1004,8,24.95,199.6,WH-WEST,In-Store
T501625,2026-05-23,P1004,2,24.95,49.9,WH-WEST,In-Store
T501626,2026-05-24,P1004,2,24.95,49.9,WH-WEST,Online
T501627,2026-05-25,P1004,3,24.95,74.85,WH-WEST,Online
T501628,2026-05-26,P1004,2,24.95,49.9,WH-WEST,In-Store
T501629,2026-05-27,P1004,1,24.95,24.95,WH-WEST,Online
T501630,2026-05-28,P1004,1,24.95,24.95,WH-WEST,Online
T501631,2026-05-29,P1004,5,24.95,124.75,WH-WEST,In-Store
T501632,2026-05-30,P1004,2,24.95,49.9,WH-WEST,In-Store
T501633,2026-05-31,P1004,9,24.95,224.55,WH-WEST,Online
T501634,2026-06-01,P1004,2,24.95,49.9,WH-WEST,Online
T501635,2026-06-02,P1004,2,24.95,49.9,WH-WEST,Online
T501636,2026-06-03,P1004,3,24.95,74.85,WH-WEST,In-Store
T501637,2026-06-04,P1004,2,24.95,49.9,WH-WEST,Online
T501638,2026-06-05,P1004,2,24.95,49.9,WH-WEST,Online
T501639,2026-06-06,P1004,4,24.95,99.8,WH-WEST,Online
T501640,2026-06-07,P1004,3,24.95,74.85,WH-WEST,In-Store
T501641,2026-06-08,P1004,4,24.95,99.8,WH-WEST,Online
T501642,2026-06-09,P1004,8,24.95,199.6,WH-WEST,In-Store
T501643,2026-06-10,P1004,3,24.95,74.85,WH-WEST,In-Store
T501644,2026-06-11,P1004,1,24.95,24.95,WH-WEST,Online
T501645,2026-06-12,P1004,4,24.95,99.8,WH-WEST,In-Store
T501646,2026-06-13,P1004,4,24.95,99.8,WH-WEST,In-Store
T501647,2026-06-14,P1004,6,24.95,149.7,WH-WEST,Online
T501648,2026-06-15,P1004,4,24.95,99.8,WH-WEST,Online
T501649,2026-06-16,P1004,3,24.95,74.85,WH-WEST,Online
T501650,2026-06-17,P1004,6,24.95,149.7,WH-WEST,Online
T501651,2026-06-18,P1004,6,24.95,149.7,WH-WEST,In-Store
T501652,2026-06-19,P1004,4,24.95,99.8,WH-WEST,In-Store
T501653,2026-06-20,P1004,4,24.95,99.8,WH-WEST,In-Store
T501654,2026-06-21,P1004,2,24.95,49.9,WH-WEST,Online
T501655,2026-06-22,P1004,1,24.95,24.95,WH-WEST,Online
T501656,2026-06-23,P1004,4,24.95,99.8,WH-WEST,Online
T501657,2026-06-24,P1004,3,24.95,74.85,WH-WEST,In-Store
T501658,2026-06-25,P1004,5,24.95,124.75,WH-WEST,Online
T501659,2026-06-26,P1004,4,24.95,99.8,WH-WEST,Online
T501660,2026-06-27,P1004,4,24.95,99.8,WH-WEST,Online
T501661,2026-06-28,P1004,7,24.95,174.65,WH-WEST,In-Store
T501662,2026-06-29,P1004,5,24.95,124.75,WH-WEST,Online
T501663,2026-06-30,P1004,1,24.95,24.95,WH-WEST,Online
T501664,2026-07-01,P1004,3,24.95,74.85,WH-WEST,Online
T501665,2026-07-02,P1004,4,24.95,99.8,WH-WEST,Online
T501666,2026-07-04,P1004,2,24.95,49.9,WH-WEST,Online
T501667,2026-07-05,P1004,3,24.95,74.85,WH-WEST,Online
T501668,2026-07-06,P1004,1,24.95,24.95,WH-WEST,Online
T501669,2026-07-07,P1004,3,24.95,74.85,WH-WEST,Online
T501670,2026-07-08,P1004,5,24.95,124.75,WH-WEST,In-Store
T501671,2026-07-10,P1004,3,24.95,74.85,WH-WEST,Online
T501672,2026-07-11,P1004,2,24.95,49.9,WH-WEST,In-Store
T501673,2026-07-12,P1004,2,24.95,49.9,WH-WEST,In-Store
T501674,2026-07-13,P1004,5,24.95,124.75,WH-WEST,In-Store
T501675,2026-07-14,P1004,4,24.95,99.8,WH-WEST,Online
T501676,2026-07-15,P1004,3,24.95,74.85,WH-WEST,In-Store
T501677,2026-07-16,P1004,1,24.95,24.95,WH-WEST,In-Store
T501678,2026-07-17,P1004,3,24.95,74.85,WH-WEST,Online
T501679,2026-07-18,P1004,6,24.95,149.7,WH-WEST,Online
T501680,2026-07-19,P1004,1,24.95,24.95,WH-WEST,Online
T501681,2026-07-20,P1004,4,24.95,99.8,WH-WEST,Online
T501682,2026-07-21,P1004,3,24.95,74.85,WH-WEST,Online
T501683,2026-07-22,P1004,6,24.95,149.7,WH-WEST,Online
T501684,2026-07-23,P1004,3,24.95,74.85,WH-WEST,Online
T501685,2026-07-24,P1004,1,24.95,24.95,WH-WEST,In-Store
T501686,2026-07-25,P1004,8,24.95,199.6,WH-WEST,In-Store
T501687,2026-07-26,P1004,5,24.95,124.75,WH-WEST,Online
T501688,2026-07-27,P1004,2,24.95,49.9,WH-WEST,In-Store
T501689,2026-07-28,P1004,3,24.95,74.85,WH-WEST,Online
T501690,2026-07-29,P1004,6,24.95,149.7,WH-WEST,Online
T501691,2026-07-30,P1004,4,24.95,99.8,WH-WEST,Online
T501692,2026-07-31,P1004,4,24.95,99.8,WH-WEST,In-Store
T501693,2026-08-01,P1004,3,24.95,74.85,WH-WEST,In-Store
T501694,2026-08-02,P1004,7,24.95,174.65,WH-WEST,In-Store
T501695,2026-08-03,P1004,5,24.95,124.75,WH-WEST,Online
T501696,2026-08-04,P1004,1,24.95,24.95,WH-WEST,In-Store
T501697,2026-08-05,P1004,4,24.95,99.8,WH-WEST,In-Store
T501698,2026-08-06,P1004,3,24.95,74.85,WH-WEST,Online
T501699,2026-08-07,P1004,5,24.95,124.75,WH-WEST,Online
T501700,2026-08-08,P1004,4,24.95,99.8,WH-WEST,In-Store
T501701,2026-08-09,P1004,4,24.95,99.8,WH-WEST,Online
T501702,2026-08-10,P1004,5,24.95,124.75,WH-WEST,In-Store
T501703,2026-08-11,P1004,4,24.95,99.8,WH-WEST,Online
T501704,2026-08-12,P1004,2,24.95,49.9,WH-WEST,In-Store
T501705,2026-08-13,P1004,3,24.95,74.85,WH-WEST,Online
T501706,2025-08-15,P1005,2,58.03,116.06,WH-CENTRAL,In-Store
T501707,2025-08-16,P1005,5,58.03,290.15,WH-CENTRAL,In-Store
T501708,2025-08-17,P1005,9,58.03,522.27,WH-CENTRAL,Online
T501709,2025-08-18,P1005,4,58.03,232.12,WH-CENTRAL,Online
T501710,2025-08-19,P1005,2,58.03,116.06,WH-CENTRAL,Online
T501711,2025-08-20,P1005,6,58.03,348.18,WH-CENTRAL,Online
T501712,2025-08-21,P1005,3,58.03,174.09,WH-CENTRAL,In-Store
T501713,2025-08-22,P1005,2,58.03,116.06,WH-CENTRAL,In-Store
T501714,2025-08-23,P1005,6,58.03,348.18,WH-CENTRAL,In-Store
T501715,2025-08-24,P1005,5,58.03,290.15,WH-CENTRAL,Online
T501716,2025-08-25,P1005,4,58.03,232.12,WH-CENTRAL,Online
T501717,2025-08-26,P1005,6,58.03,348.18,WH-CENTRAL,In-Store
T501718,2025-08-27,P1005,2,58.03,116.06,WH-CENTRAL,Online
T501719,2025-08-28,P1005,2,58.03,116.06,WH-CENTRAL,In-Store
T501720,2025-08-29,P1005,4,58.03,232.12,WH-CENTRAL,Online
T501721,2025-08-30,P1005,7,58.03,406.21,WH-CENTRAL,Online
T501722,2025-08-31,P1005,5,58.03,290.15,WH-CENTRAL,Online
T501723,2025-09-01,P1005,3,58.03,174.09,WH-CENTRAL,Online
T501724,2025-09-02,P1005,4,58.03,232.12,WH-CENTRAL,Online
T501725,2025-09-03,P1005,6,58.03,348.18,WH-CENTRAL,Online
T501726,2025-09-04,P1005,6,58.03,348.18,WH-CENTRAL,Online
T501727,2025-09-05,P1005,5,58.03,290.15,WH-CENTRAL,In-Store
T501728,2025-09-06,P1005,5,58.03,290.15,WH-CENTRAL,Online
T501729,2025-09-07,P1005,2,58.03,116.06,WH-CENTRAL,Online
T501730,2025-09-08,P1005,2,58.03,116.06,WH-CENTRAL,Online
T501731,2025-09-09,P1005,3,58.03,174.09,WH-CENTRAL,In-Store
T501732,2025-09-10,P1005,1,58.03,58.03,WH-CENTRAL,Online
T501733,2025-09-11,P1005,3,58.03,174.09,WH-CENTRAL,Online
T501734,2025-09-12,P1005,5,58.03,290.15,WH-CENTRAL,Online
T501735,2025-09-13,P1005,11,58.03,638.33,WH-CENTRAL,In-Store
T501736,2025-09-14,P1005,3,58.03,174.09,WH-CENTRAL,In-Store
T501737,2025-09-15,P1005,2,58.03,116.06,WH-CENTRAL,Online
T501738,2025-09-16,P1005,1,58.03,58.03,WH-CENTRAL,Online
T501739,2025-09-17,P1005,4,58.03,232.12,WH-CENTRAL,In-Store
T501740,2025-09-18,P1005,2,58.03,116.06,WH-CENTRAL,In-Store
T501741,2025-09-19,P1005,6,58.03,348.18,WH-CENTRAL,Online
T501742,2025-09-20,P1005,7,58.03,406.21,WH-CENTRAL,In-Store
T501743,2025-09-21,P1005,6,58.03,348.18,WH-CENTRAL,Online
T501744,2025-09-22,P1005,3,58.03,174.09,WH-CENTRAL,Online
T501745,2025-09-23,P1005,5,58.03,290.15,WH-CENTRAL,Online
T501746,2025-09-24,P1005,5,58.03,290.15,WH-CENTRAL,Online
T501747,2025-09-25,P1005,3,58.03,174.09,WH-CENTRAL,In-Store
T501748,2025-09-26,P1005,7,58.03,406.21,WH-CENTRAL,Online
T501749,2025-09-27,P1005,5,58.03,290.15,WH-CENTRAL,Online
T501750,2025-09-28,P1005,4,58.03,232.12,WH-CENTRAL,Online
T501751,2025-09-29,P1005,6,58.03,348.18,WH-CENTRAL,In-Store
T501752,2025-09-30,P1005,3,58.03,174.09,WH-CENTRAL,Online
T501753,2025-10-01,P1005,2,58.03,116.06,WH-CENTRAL,In-Store
T501754,2025-10-02,P1005,6,58.03,348.18,WH-CENTRAL,Online
T501755,2025-10-03,P1005,5,58.03,290.15,WH-CENTRAL,Online
T501756,2025-10-04,P1005,8,58.03,464.24,WH-CENTRAL,Online
T501757,2025-10-05,P1005,6,58.03,348.18,WH-CENTRAL,Online
T501758,2025-10-06,P1005,2,58.03,116.06,WH-CENTRAL,In-Store
T501759,2025-10-07,P1005,2,58.03,116.06,WH-CENTRAL,Online
T501760,2025-10-08,P1005,4,58.03,232.12,WH-CENTRAL,In-Store
T501761,2025-10-09,P1005,7,58.03,406.21,WH-CENTRAL,Online
T501762,2025-10-10,P1005,3,58.03,174.09,WH-CENTRAL,Online
T501763,2025-10-11,P1005,9,58.03,522.27,WH-CENTRAL,In-Store
T501764,2025-10-12,P1005,2,58.03,116.06,WH-CENTRAL,Online
T501765,2025-10-13,P1005,1,58.03,58.03,WH-CENTRAL,In-Store
T501766,2025-10-14,P1005,5,58.03,290.15,WH-CENTRAL,Online
T501767,2025-10-15,P1005,7,58.03,406.21,WH-CENTRAL,In-Store
T501768,2025-10-16,P1005,4,58.03,232.12,WH-CENTRAL,Online
T501769,2025-10-17,P1005,6,58.03,348.18,WH-CENTRAL,Online
T501770,2025-10-18,P1005,5,58.03,290.15,WH-CENTRAL,Online
T501771,2025-10-19,P1005,9,58.03,522.27,WH-CENTRAL,In-Store
T501772,2025-10-20,P1005,3,58.03,174.09,WH-CENTRAL,Online
T501773,2025-10-21,P1005,4,58.03,232.12,WH-CENTRAL,Online
T501774,2025-10-23,P1005,5,58.03,290.15,WH-CENTRAL,Online
T501775,2025-10-24,P1005,4,58.03,232.12,WH-CENTRAL,Online
T501776,2025-10-25,P1005,4,58.03,232.12,WH-CENTRAL,Online
T501777,2025-10-26,P1005,7,58.03,406.21,WH-CENTRAL,Online
T501778,2025-10-27,P1005,5,58.03,290.15,WH-CENTRAL,Online
T501779,2025-10-28,P1005,4,58.03,232.12,WH-CENTRAL,Online
T501780,2025-10-29,P1005,6,58.03,348.18,WH-CENTRAL,Online
T501781,2025-10-30,P1005,4,58.03,232.12,WH-CENTRAL,In-Store
T501782,2025-10-31,P1005,5,58.03,290.15,WH-CENTRAL,Online
T501783,2025-11-01,P1005,7,58.03,406.21,WH-CENTRAL,Online
T501784,2025-11-02,P1005,8,58.03,464.24,WH-CENTRAL,Online
T501785,2025-11-03,P1005,3,58.03,174.09,WH-CENTRAL,In-Store
T501786,2025-11-04,P1005,1,58.03,58.03,WH-CENTRAL,In-Store
T501787,2025-11-05,P1005,9,58.03,522.27,WH-CENTRAL,In-Store
T501788,2025-11-06,P1005,3,58.03,174.09,WH-CENTRAL,Online
T501789,2025-11-07,P1005,5,58.03,290.15,WH-CENTRAL,Online
T501790,2025-11-08,P1005,10,58.03,580.3,WH-CENTRAL,Online
T501791,2025-11-09,P1005,3,58.03,174.09,WH-CENTRAL,In-Store
T501792,2025-11-10,P1005,3,58.03,174.09,WH-CENTRAL,In-Store
T501793,2025-11-11,P1005,4,58.03,232.12,WH-CENTRAL,Online
T501794,2025-11-12,P1005,5,58.03,290.15,WH-CENTRAL,Online
T501795,2025-11-13,P1005,2,58.03,116.06,WH-CENTRAL,Online
T501796,2025-11-14,P1005,7,58.03,406.21,WH-CENTRAL,In-Store
T501797,2025-11-15,P1005,2,58.03,116.06,WH-CENTRAL,Online
T501798,2025-11-16,P1005,5,58.03,290.15,WH-CENTRAL,In-Store
T501799,2025-11-17,P1005,1,58.03,58.03,WH-CENTRAL,Online
T501800,2025-11-18,P1005,2,58.03,116.06,WH-CENTRAL,Online
T501801,2025-11-19,P1005,5,58.03,290.15,WH-CENTRAL,Online
T501802,2025-11-20,P1005,3,58.03,174.09,WH-CENTRAL,Online
T501803,2025-11-21,P1005,5,58.03,290.15,WH-CENTRAL,Online
T501804,2025-11-22,P1005,13,58.03,754.39,WH-CENTRAL,Online
T501805,2025-11-23,P1005,4,58.03,232.12,WH-CENTRAL,Online
T501806,2025-11-24,P1005,1,58.03,58.03,WH-CENTRAL,In-Store
T501807,2025-11-25,P1005,8,58.03,464.24,WH-CENTRAL,Online
T501808,2025-11-26,P1005,7,58.03,406.21,WH-CENTRAL,Online
T501809,2025-11-27,P1005,2,58.03,116.06,WH-CENTRAL,In-Store
T501810,2025-11-28,P1005,3,58.03,174.09,WH-CENTRAL,In-Store
T501811,2025-11-29,P1005,9,58.03,522.27,WH-CENTRAL,In-Store
T501812,2025-11-30,P1005,9,58.03,522.27,WH-CENTRAL,Online
T501813,2025-12-01,P1005,5,58.03,290.15,WH-CENTRAL,Online
T501814,2025-12-02,P1005,4,58.03,232.12,WH-CENTRAL,Online
T501815,2025-12-03,P1005,3,58.03,174.09,WH-CENTRAL,In-Store
T501816,2025-12-04,P1005,6,58.03,348.18,WH-CENTRAL,Online
T501817,2025-12-05,P1005,3,58.03,174.09,WH-CENTRAL,Online
T501818,2025-12-06,P1005,5,58.03,290.15,WH-CENTRAL,Online
T501819,2025-12-07,P1005,2,58.03,116.06,WH-CENTRAL,Online
T501820,2025-12-08,P1005,4,58.03,232.12,WH-CENTRAL,Online
T501821,2025-12-09,P1005,3,58.03,174.09,WH-CENTRAL,In-Store
T501822,2025-12-10,P1005,3,58.03,174.09,WH-CENTRAL,Online
T501823,2025-12-11,P1005,6,58.03,348.18,WH-CENTRAL,Online
T501824,2025-12-13,P1005,3,58.03,174.09,WH-CENTRAL,Online
T501825,2025-12-14,P1005,5,58.03,290.15,WH-CENTRAL,Online
T501826,2025-12-15,P1005,2,58.03,116.06,WH-CENTRAL,Online
T501827,2025-12-16,P1005,5,58.03,290.15,WH-CENTRAL,In-Store
T501828,2025-12-17,P1005,4,58.03,232.12,WH-CENTRAL,Online
T501829,2025-12-18,P1005,2,58.03,116.06,WH-CENTRAL,In-Store
T501830,2025-12-19,P1005,6,58.03,348.18,WH-CENTRAL,Online
T501831,2025-12-20,P1005,6,58.03,348.18,WH-CENTRAL,Online
T501832,2025-12-21,P1005,9,58.03,522.27,WH-CENTRAL,Online
T501833,2025-12-22,P1005,2,58.03,116.06,WH-CENTRAL,Online
T501834,2025-12-23,P1005,8,58.03,464.24,WH-CENTRAL,Online
T501835,2025-12-24,P1005,3,58.03,174.09,WH-CENTRAL,Online
T501836,2025-12-25,P1005,2,58.03,116.06,WH-CENTRAL,In-Store
T501837,2025-12-26,P1005,5,58.03,290.15,WH-CENTRAL,Online
T501838,2025-12-27,P1005,8,58.03,464.24,WH-CENTRAL,Online
T501839,2025-12-28,P1005,3,58.03,174.09,WH-CENTRAL,Online
T501840,2025-12-29,P1005,1,58.03,58.03,WH-CENTRAL,In-Store
T501841,2025-12-30,P1005,5,58.03,290.15,WH-CENTRAL,In-Store
T501842,2025-12-31,P1005,4,58.03,232.12,WH-CENTRAL,Online
T501843,2026-01-01,P1005,7,58.03,406.21,WH-CENTRAL,Online
T501844,2026-01-02,P1005,5,58.03,290.15,WH-CENTRAL,Online
T501845,2026-01-03,P1005,3,58.03,174.09,WH-CENTRAL,Online
T501846,2026-01-04,P1005,5,58.03,290.15,WH-CENTRAL,Online
T501847,2026-01-05,P1005,8,58.03,464.24,WH-CENTRAL,Online
T501848,2026-01-06,P1005,3,58.03,174.09,WH-CENTRAL,Online
T501849,2026-01-07,P1005,6,58.03,348.18,WH-CENTRAL,In-Store
T501850,2026-01-08,P1005,2,58.03,116.06,WH-CENTRAL,Online
T501851,2026-01-09,P1005,5,58.03,290.15,WH-CENTRAL,In-Store
T501852,2026-01-10,P1005,5,58.03,290.15,WH-CENTRAL,Online
T501853,2026-01-11,P1005,6,58.03,348.18,WH-CENTRAL,In-Store
T501854,2026-01-12,P1005,3,58.03,174.09,WH-CENTRAL,In-Store
T501855,2026-01-13,P1005,3,58.03,174.09,WH-CENTRAL,Online
T501856,2026-01-14,P1005,3,58.03,174.09,WH-CENTRAL,Online
T501857,2026-01-15,P1005,5,58.03,290.15,WH-CENTRAL,Online
T501858,2026-01-16,P1005,7,58.03,406.21,WH-CENTRAL,Online
T501859,2026-01-17,P1005,6,58.03,348.18,WH-CENTRAL,Online
T501860,2026-01-18,P1005,3,58.03,174.09,WH-CENTRAL,Online
T501861,2026-01-19,P1005,3,58.03,174.09,WH-CENTRAL,Online
T501862,2026-01-20,P1005,5,58.03,290.15,WH-CENTRAL,Online
T501863,2026-01-21,P1005,3,58.03,174.09,WH-CENTRAL,Online
T501864,2026-01-22,P1005,1,58.03,58.03,WH-CENTRAL,In-Store
T501865,2026-01-23,P1005,4,58.03,232.12,WH-CENTRAL,In-Store
T501866,2026-01-24,P1005,8,58.03,464.24,WH-CENTRAL,Online
T501867,2026-01-25,P1005,8,58.03,464.24,WH-CENTRAL,Online
T501868,2026-01-26,P1005,6,58.03,348.18,WH-CENTRAL,In-Store
T501869,2026-01-27,P1005,4,58.03,232.12,WH-CENTRAL,Online
T501870,2026-01-28,P1005,1,58.03,58.03,WH-CENTRAL,Online
T501871,2026-01-29,P1005,4,58.03,232.12,WH-CENTRAL,In-Store
T501872,2026-01-30,P1005,5,58.03,290.15,WH-CENTRAL,Online
T501873,2026-01-31,P1005,4,58.03,232.12,WH-CENTRAL,Online
T501874,2026-02-01,P1005,4,58.03,232.12,WH-CENTRAL,Online
T501875,2026-02-02,P1005,4,58.03,232.12,WH-CENTRAL,Online
T501876,2026-02-03,P1005,3,58.03,174.09,WH-CENTRAL,Online
T501877,2026-02-04,P1005,3,58.03,174.09,WH-CENTRAL,Online
T501878,2026-02-05,P1005,3,58.03,174.09,WH-CENTRAL,Online
T501879,2026-02-06,P1005,4,58.03,232.12,WH-CENTRAL,Online
T501880,2026-02-07,P1005,5,58.03,290.15,WH-CENTRAL,Online
T501881,2026-02-08,P1005,4,58.03,232.12,WH-CENTRAL,Online
T501882,2026-02-09,P1005,6,58.03,348.18,WH-CENTRAL,In-Store
T501883,2026-02-10,P1005,3,58.03,174.09,WH-CENTRAL,Online
T501884,2026-02-11,P1005,4,58.03,232.12,WH-CENTRAL,In-Store
T501885,2026-02-12,P1005,2,58.03,116.06,WH-CENTRAL,In-Store
T501886,2026-02-13,P1005,3,58.03,174.09,WH-CENTRAL,Online
T501887,2026-02-14,P1005,5,58.03,290.15,WH-CENTRAL,In-Store
T501888,2026-02-15,P1005,2,58.03,116.06,WH-CENTRAL,Online
T501889,2026-02-16,P1005,4,58.03,232.12,WH-CENTRAL,Online
T501890,2026-02-17,P1005,3,58.03,174.09,WH-CENTRAL,In-Store
T501891,2026-02-18,P1005,4,58.03,232.12,WH-CENTRAL,In-Store
T501892,2026-02-19,P1005,2,58.03,116.06,WH-CENTRAL,Online
T501893,2026-02-20,P1005,2,58.03,116.06,WH-CENTRAL,In-Store
T501894,2026-02-21,P1005,1,58.03,58.03,WH-CENTRAL,Online
T501895,2026-02-22,P1005,6,58.03,348.18,WH-CENTRAL,Online
T501896,2026-02-23,P1005,2,58.03,116.06,WH-CENTRAL,Online
T501897,2026-02-24,P1005,2,58.03,116.06,WH-CENTRAL,Online
T501898,2026-02-25,P1005,3,58.03,174.09,WH-CENTRAL,Online
T501899,2026-02-26,P1005,2,58.03,116.06,WH-CENTRAL,Online
T501900,2026-02-27,P1005,2,58.03,116.06,WH-CENTRAL,Online
T501901,2026-02-28,P1005,2,58.03,116.06,WH-CENTRAL,In-Store
T501902,2026-03-01,P1005,4,58.03,232.12,WH-CENTRAL,In-Store
T501903,2026-03-02,P1005,2,58.03,116.06,WH-CENTRAL,Online
T501904,2026-03-03,P1005,7,58.03,406.21,WH-CENTRAL,Online
T501905,2026-03-04,P1005,6,58.03,348.18,WH-CENTRAL,In-Store
T501906,2026-03-05,P1005,2,58.03,116.06,WH-CENTRAL,Online
T501907,2026-03-06,P1005,4,58.03,232.12,WH-CENTRAL,Online
T501908,2026-03-07,P1005,7,58.03,406.21,WH-CENTRAL,In-Store
T501909,2026-03-08,P1005,2,58.03,116.06,WH-CENTRAL,Online
T501910,2026-03-09,P1005,4,58.03,232.12,WH-CENTRAL,Online
T501911,2026-03-10,P1005,6,58.03,348.18,WH-CENTRAL,Online
T501912,2026-03-11,P1005,4,58.03,232.12,WH-CENTRAL,In-Store
T501913,2026-03-12,P1005,2,58.03,116.06,WH-CENTRAL,In-Store
T501914,2026-03-13,P1005,2,58.03,116.06,WH-CENTRAL,In-Store
T501915,2026-03-14,P1005,4,58.03,232.12,WH-CENTRAL,Online
T501916,2026-03-15,P1005,4,58.03,232.12,WH-CENTRAL,In-Store
T501917,2026-03-16,P1005,1,58.03,58.03,WH-CENTRAL,Online
T501918,2026-03-17,P1005,3,58.03,174.09,WH-CENTRAL,Online
T501919,2026-03-18,P1005,2,58.03,116.06,WH-CENTRAL,In-Store
T501920,2026-03-19,P1005,4,58.03,232.12,WH-CENTRAL,Online
T501921,2026-03-20,P1005,4,58.03,232.12,WH-CENTRAL,In-Store
T501922,2026-03-21,P1005,4,58.03,232.12,WH-CENTRAL,In-Store
T501923,2026-03-22,P1005,2,58.03,116.06,WH-CENTRAL,In-Store
T501924,2026-03-23,P1005,3,58.03,174.09,WH-CENTRAL,Online
T501925,2026-03-24,P1005,1,58.03,58.03,WH-CENTRAL,Online
T501926,2026-03-25,P1005,3,58.03,174.09,WH-CENTRAL,Online
T501927,2026-03-27,P1005,1,58.03,58.03,WH-CENTRAL,In-Store
T501928,2026-03-28,P1005,3,58.03,174.09,WH-CENTRAL,In-Store
T501929,2026-03-29,P1005,7,58.03,406.21,WH-CENTRAL,Online
T501930,2026-03-30,P1005,3,58.03,174.09,WH-CENTRAL,Online
T501931,2026-03-31,P1005,1,58.03,58.03,WH-CENTRAL,Online
T501932,2026-04-01,P1005,1,58.03,58.03,WH-CENTRAL,In-Store
T501933,2026-04-02,P1005,2,58.03,116.06,WH-CENTRAL,Online
T501934,2026-04-03,P1005,8,58.03,464.24,WH-CENTRAL,In-Store
T501935,2026-04-04,P1005,3,58.03,174.09,WH-CENTRAL,Online
T501936,2026-04-05,P1005,3,58.03,174.09,WH-CENTRAL,Online
T501937,2026-04-06,P1005,2,58.03,116.06,WH-CENTRAL,Online
T501938,2026-04-07,P1005,2,58.03,116.06,WH-CENTRAL,Online
T501939,2026-04-08,P1005,3,58.03,174.09,WH-CENTRAL,Online
T501940,2026-04-09,P1005,1,58.03,58.03,WH-CENTRAL,Online
T501941,2026-04-10,P1005,2,58.03,116.06,WH-CENTRAL,In-Store
T501942,2026-04-11,P1005,7,58.03,406.21,WH-CENTRAL,Online
T501943,2026-04-12,P1005,2,58.03,116.06,WH-CENTRAL,Online
T501944,2026-04-13,P1005,3,58.03,174.09,WH-CENTRAL,Online
T501945,2026-04-14,P1005,2,58.03,116.06,WH-CENTRAL,Online
T501946,2026-04-15,P1005,1,58.03,58.03,WH-CENTRAL,In-Store
T501947,2026-04-16,P1005,2,58.03,116.06,WH-CENTRAL,Online
T501948,2026-04-17,P1005,5,58.03,290.15,WH-CENTRAL,Online
T501949,2026-04-18,P1005,5,58.03,290.15,WH-CENTRAL,Online
T501950,2026-04-19,P1005,5,58.03,290.15,WH-CENTRAL,In-Store
T501951,2026-04-20,P1005,1,58.03,58.03,WH-CENTRAL,In-Store
T501952,2026-04-21,P1005,1,58.03,58.03,WH-CENTRAL,Online
T501953,2026-04-22,P1005,5,58.03,290.15,WH-CENTRAL,In-Store
T501954,2026-04-23,P1005,1,58.03,58.03,WH-CENTRAL,In-Store
T501955,2026-04-24,P1005,1,58.03,58.03,WH-CENTRAL,In-Store
T501956,2026-04-25,P1005,5,58.03,290.15,WH-CENTRAL,In-Store
T501957,2026-04-26,P1005,2,58.03,116.06,WH-CENTRAL,Online
T501958,2026-04-27,P1005,6,58.03,348.18,WH-CENTRAL,Online
T501959,2026-04-29,P1005,1,58.03,58.03,WH-CENTRAL,Online
T501960,2026-04-30,P1005,1,58.03,58.03,WH-CENTRAL,Online
T501961,2026-05-01,P1005,4,58.03,232.12,WH-CENTRAL,In-Store
T501962,2026-05-02,P1005,4,58.03,232.12,WH-CENTRAL,In-Store
T501963,2026-05-03,P1005,2,58.03,116.06,WH-CENTRAL,Online
T501964,2026-05-04,P1005,2,58.03,116.06,WH-CENTRAL,Online
T501965,2026-05-05,P1005,8,58.03,464.24,WH-CENTRAL,Online
T501966,2026-05-06,P1005,2,58.03,116.06,WH-CENTRAL,Online
T501967,2026-05-07,P1005,1,58.03,58.03,WH-CENTRAL,In-Store
T501968,2026-05-08,P1005,5,58.03,290.15,WH-CENTRAL,Online
T501969,2026-05-09,P1005,5,58.03,290.15,WH-CENTRAL,Online
T501970,2026-05-10,P1005,1,58.03,58.03,WH-CENTRAL,In-Store
T501971,2026-05-11,P1005,1,58.03,58.03,WH-CENTRAL,In-Store
T501972,2026-05-12,P1005,1,58.03,58.03,WH-CENTRAL,Online
T501973,2026-05-13,P1005,1,58.03,58.03,WH-CENTRAL,Online
T501974,2026-05-14,P1005,2,58.03,116.06,WH-CENTRAL,In-Store
T501975,2026-05-15,P1005,3,58.03,174.09,WH-CENTRAL,In-Store
T501976,2026-05-16,P1005,1,58.03,58.03,WH-CENTRAL,In-Store
T501977,2026-05-17,P1005,7,58.03,406.21,WH-CENTRAL,In-Store
T501978,2026-05-18,P1005,2,58.03,116.06,WH-CENTRAL,Online
T501979,2026-05-19,P1005,1,58.03,58.03,WH-CENTRAL,In-Store
T501980,2026-05-20,P1005,2,58.03,116.06,WH-CENTRAL,Online
T501981,2026-05-21,P1005,2,58.03,116.06,WH-CENTRAL,In-Store
T501982,2026-05-23,P1005,1,58.03,58.03,WH-CENTRAL,Online
T501983,2026-05-24,P1005,5,58.03,290.15,WH-CENTRAL,Online
T501984,2026-05-25,P1005,1,58.03,58.03,WH-CENTRAL,Online
T501985,2026-05-26,P1005,1,58.03,58.03,WH-CENTRAL,Online
T501986,2026-05-27,P1005,1,58.03,58.03,WH-CENTRAL,Online
T501987,2026-05-28,P1005,2,58.03,116.06,WH-CENTRAL,In-Store
T501988,2026-05-29,P1005,3,58.03,174.09,WH-CENTRAL,In-Store
T501989,2026-05-30,P1005,7,58.03,406.21,WH-CENTRAL,In-Store
T501990,2026-05-31,P1005,5,58.03,290.15,WH-CENTRAL,Online
T501991,2026-06-01,P1005,2,58.03,116.06,WH-CENTRAL,Online
T501992,2026-06-02,P1005,1,58.03,58.03,WH-CENTRAL,Online
T501993,2026-06-03,P1005,2,58.03,116.06,WH-CENTRAL,In-Store
T501994,2026-06-04,P1005,1,58.03,58.03,WH-CENTRAL,Online
T501995,2026-06-05,P1005,2,58.03,116.06,WH-CENTRAL,Online
T501996,2026-06-06,P1005,8,58.03,464.24,WH-CENTRAL,In-Store
T501997,2026-06-07,P1005,5,58.03,290.15,WH-CENTRAL,Online
T501998,2026-06-08,P1005,2,58.03,116.06,WH-CENTRAL,In-Store
T501999,2026-06-09,P1005,2,58.03,116.06,WH-CENTRAL,Online
T502000,2026-06-10,P1005,2,58.03,116.06,WH-CENTRAL,In-Store
T502001,2026-06-12,P1005,3,58.03,174.09,WH-CENTRAL,In-Store
T502002,2026-06-13,P1005,4,58.03,232.12,WH-CENTRAL,Online
T502003,2026-06-14,P1005,4,58.03,232.12,WH-CENTRAL,Online
T502004,2026-06-16,P1005,4,58.03,232.12,WH-CENTRAL,Online
T502005,2026-06-17,P1005,3,58.03,174.09,WH-CENTRAL,Online
T502006,2026-06-18,P1005,3,58.03,174.09,WH-CENTRAL,Online
T502007,2026-06-19,P1005,5,58.03,290.15,WH-CENTRAL,Online
T502008,2026-06-20,P1005,2,58.03,116.06,WH-CENTRAL,Online
T502009,2026-06-21,P1005,3,58.03,174.09,WH-CENTRAL,Online
T502010,2026-06-22,P1005,1,58.03,58.03,WH-CENTRAL,In-Store
T502011,2026-06-23,P1005,5,58.03,290.15,WH-CENTRAL,Online
T502012,2026-06-24,P1005,1,58.03,58.03,WH-CENTRAL,In-Store
T502013,2026-06-25,P1005,3,58.03,174.09,WH-CENTRAL,In-Store
T502014,2026-06-26,P1005,2,58.03,116.06,WH-CENTRAL,Online
T502015,2026-06-27,P1005,3,58.03,174.09,WH-CENTRAL,Online
T502016,2026-06-28,P1005,9,58.03,522.27,WH-CENTRAL,In-Store
T502017,2026-06-29,P1005,1,58.03,58.03,WH-CENTRAL,Online
T502018,2026-06-30,P1005,4,58.03,232.12,WH-CENTRAL,Online
T502019,2026-07-01,P1005,1,58.03,58.03,WH-CENTRAL,Online
T502020,2026-07-02,P1005,5,58.03,290.15,WH-CENTRAL,Online
T502021,2026-07-05,P1005,1,58.03,58.03,WH-CENTRAL,In-Store
T502022,2026-07-06,P1005,5,58.03,290.15,WH-CENTRAL,Online
T502023,2026-07-07,P1005,4,58.03,232.12,WH-CENTRAL,In-Store
T502024,2026-07-08,P1005,1,58.03,58.03,WH-CENTRAL,In-Store
T502025,2026-07-09,P1005,2,58.03,116.06,WH-CENTRAL,In-Store
T502026,2026-07-10,P1005,6,58.03,348.18,WH-CENTRAL,Online
T502027,2026-07-11,P1005,7,58.03,406.21,WH-CENTRAL,In-Store
T502028,2026-07-12,P1005,3,58.03,174.09,WH-CENTRAL,Online
T502029,2026-07-13,P1005,1,58.03,58.03,WH-CENTRAL,Online
T502030,2026-07-14,P1005,6,58.03,348.18,WH-CENTRAL,Online
T502031,2026-07-15,P1005,1,58.03,58.03,WH-CENTRAL,In-Store
T502032,2026-07-16,P1005,3,58.03,174.09,WH-CENTRAL,Online
T502033,2026-07-17,P1005,1,58.03,58.03,WH-CENTRAL,In-Store
T502034,2026-07-18,P1005,1,58.03,58.03,WH-CENTRAL,Online
T502035,2026-07-19,P1005,3,58.03,174.09,WH-CENTRAL,Online
T502036,2026-07-20,P1005,2,58.03,116.06,WH-CENTRAL,Online
T502037,2026-07-21,P1005,1,58.03,58.03,WH-CENTRAL,Online
T502038,2026-07-22,P1005,5,58.03,290.15,WH-CENTRAL,Online
T502039,2026-07-23,P1005,2,58.03,116.06,WH-CENTRAL,Online
T502040,2026-07-24,P1005,5,58.03,290.15,WH-CENTRAL,Online
T502041,2026-07-25,P1005,2,58.03,116.06,WH-CENTRAL,Online
T502042,2026-07-26,P1005,6,58.03,348.18,WH-CENTRAL,Online
T502043,2026-07-27,P1005,1,58.03,58.03,WH-CENTRAL,In-Store
T502044,2026-07-28,P1005,1,58.03,58.03,WH-CENTRAL,Online
T502045,2026-07-29,P1005,2,58.03,116.06,WH-CENTRAL,Online
T502046,2026-07-30,P1005,2,58.03,116.06,WH-CENTRAL,Online
T502047,2026-07-31,P1005,8,58.03,464.24,WH-CENTRAL,Online
T502048,2026-08-01,P1005,13,58.03,754.39,WH-CENTRAL,Online
T502049,2026-08-02,P1005,7,58.03,406.21,WH-CENTRAL,Online
T502050,2026-08-03,P1005,1,58.03,58.03,WH-CENTRAL,In-Store
T502051,2026-08-04,P1005,2,58.03,116.06,WH-CENTRAL,Online
T502052,2026-08-05,P1005,1,58.03,58.03,WH-CENTRAL,In-Store
T502053,2026-08-06,P1005,1,58.03,58.03,WH-CENTRAL,Online
T502054,2026-08-07,P1005,2,58.03,116.06,WH-CENTRAL,Online
T502055,2026-08-08,P1005,3,58.03,174.09,WH-CENTRAL,Online
T502056,2026-08-09,P1005,8,58.03,464.24,WH-CENTRAL,In-Store
T502057,2026-08-10,P1005,2,58.03,116.06,WH-CENTRAL,Online
T502058,2026-08-11,P1005,2,58.03,116.06,WH-CENTRAL,Online
T502059,2026-08-12,P1005,3,58.03,174.09,WH-CENTRAL,In-Store
T502060,2026-08-13,P1005,5,58.03,290.15,WH-CENTRAL,Online
T502061,2025-08-15,P1006,6,91.79,550.74,WH-CENTRAL,Online
T502062,2025-08-16,P1006,4,91.79,367.16,WH-CENTRAL,In-Store
T502063,2025-08-17,P1006,4,91.79,367.16,WH-CENTRAL,In-Store
T502064,2025-08-18,P1006,4,91.79,367.16,WH-CENTRAL,In-Store
T502065,2025-08-19,P1006,4,91.79,367.16,WH-CENTRAL,In-Store
T502066,2025-08-20,P1006,3,91.79,275.37,WH-CENTRAL,Online
T502067,2025-08-22,P1006,2,91.79,183.58,WH-CENTRAL,Online
T502068,2025-08-23,P1006,5,91.79,458.95,WH-CENTRAL,Online
T502069,2025-08-24,P1006,7,91.79,642.53,WH-CENTRAL,Online
T502070,2025-08-25,P1006,1,91.79,91.79,WH-CENTRAL,Online
T502071,2025-08-26,P1006,6,91.79,550.74,WH-CENTRAL,Online
T502072,2025-08-27,P1006,3,91.79,275.37,WH-CENTRAL,In-Store
T502073,2025-08-28,P1006,6,91.79,550.74,WH-CENTRAL,Online
T502074,2025-08-29,P1006,5,91.79,458.95,WH-CENTRAL,Online
T502075,2025-08-30,P1006,5,91.79,458.95,WH-CENTRAL,Online
T502076,2025-08-31,P1006,4,91.79,367.16,WH-CENTRAL,Online
T502077,2025-09-01,P1006,4,91.79,367.16,WH-CENTRAL,In-Store
T502078,2025-09-02,P1006,5,91.79,458.95,WH-CENTRAL,Online
T502079,2025-09-03,P1006,2,91.79,183.58,WH-CENTRAL,In-Store
T502080,2025-09-04,P1006,5,91.79,458.95,WH-CENTRAL,Online
T502081,2025-09-05,P1006,7,91.79,642.53,WH-CENTRAL,Online
T502082,2025-09-06,P1006,3,91.79,275.37,WH-CENTRAL,In-Store
T502083,2025-09-07,P1006,4,91.79,367.16,WH-CENTRAL,In-Store
T502084,2025-09-08,P1006,9,91.79,826.11,WH-CENTRAL,Online
T502085,2025-09-09,P1006,2,91.79,183.58,WH-CENTRAL,In-Store
T502086,2025-09-10,P1006,8,91.79,734.32,WH-CENTRAL,In-Store
T502087,2025-09-11,P1006,5,91.79,458.95,WH-CENTRAL,Online
T502088,2025-09-12,P1006,4,91.79,367.16,WH-CENTRAL,In-Store
T502089,2025-09-13,P1006,5,91.79,458.95,WH-CENTRAL,Online
T502090,2025-09-14,P1006,8,91.79,734.32,WH-CENTRAL,Online
T502091,2025-09-15,P1006,6,91.79,550.74,WH-CENTRAL,In-Store
T502092,2025-09-16,P1006,8,91.79,734.32,WH-CENTRAL,Online
T502093,2025-09-17,P1006,2,91.79,183.58,WH-CENTRAL,Online
T502094,2025-09-18,P1006,4,91.79,367.16,WH-CENTRAL,In-Store
T502095,2025-09-19,P1006,1,91.79,91.79,WH-CENTRAL,Online
T502096,2025-09-20,P1006,4,91.79,367.16,WH-CENTRAL,In-Store
T502097,2025-09-21,P1006,3,91.79,275.37,WH-CENTRAL,In-Store
T502098,2025-09-22,P1006,6,91.79,550.74,WH-CENTRAL,Online
T502099,2025-09-23,P1006,2,91.79,183.58,WH-CENTRAL,Online
T502100,2025-09-24,P1006,1,91.79,91.79,WH-CENTRAL,Online
T502101,2025-09-25,P1006,5,91.79,458.95,WH-CENTRAL,Online
T502102,2025-09-26,P1006,2,91.79,183.58,WH-CENTRAL,Online
T502103,2025-09-27,P1006,5,91.79,458.95,WH-CENTRAL,Online
T502104,2025-09-28,P1006,2,91.79,183.58,WH-CENTRAL,In-Store
T502105,2025-09-29,P1006,7,91.79,642.53,WH-CENTRAL,In-Store
T502106,2025-09-30,P1006,1,91.79,91.79,WH-CENTRAL,Online
T502107,2025-10-01,P1006,7,91.79,642.53,WH-CENTRAL,Online
T502108,2025-10-02,P1006,4,91.79,367.16,WH-CENTRAL,Online
T502109,2025-10-03,P1006,7,91.79,642.53,WH-CENTRAL,Online
T502110,2025-10-04,P1006,2,91.79,183.58,WH-CENTRAL,In-Store
T502111,2025-10-05,P1006,4,91.79,367.16,WH-CENTRAL,In-Store
T502112,2025-10-06,P1006,6,91.79,550.74,WH-CENTRAL,Online
T502113,2025-10-07,P1006,9,91.79,826.11,WH-CENTRAL,In-Store
T502114,2025-10-08,P1006,4,91.79,367.16,WH-CENTRAL,In-Store
T502115,2025-10-09,P1006,3,91.79,275.37,WH-CENTRAL,In-Store
T502116,2025-10-10,P1006,3,91.79,275.37,WH-CENTRAL,Online
T502117,2025-10-11,P1006,7,91.79,642.53,WH-CENTRAL,Online
T502118,2025-10-12,P1006,3,91.79,275.37,WH-CENTRAL,Online
T502119,2025-10-13,P1006,1,91.79,91.79,WH-CENTRAL,Online
T502120,2025-10-14,P1006,2,91.79,183.58,WH-CENTRAL,Online
T502121,2025-10-15,P1006,8,91.79,734.32,WH-CENTRAL,Online
T502122,2025-10-16,P1006,3,91.79,275.37,WH-CENTRAL,Online
T502123,2025-10-17,P1006,6,91.79,550.74,WH-CENTRAL,Online
T502124,2025-10-18,P1006,8,91.79,734.32,WH-CENTRAL,In-Store
T502125,2025-10-19,P1006,5,91.79,458.95,WH-CENTRAL,In-Store
T502126,2025-10-20,P1006,3,91.79,275.37,WH-CENTRAL,Online
T502127,2025-10-21,P1006,4,91.79,367.16,WH-CENTRAL,In-Store
T502128,2025-10-22,P1006,2,91.79,183.58,WH-CENTRAL,Online
T502129,2025-10-23,P1006,5,91.79,458.95,WH-CENTRAL,In-Store
T502130,2025-10-24,P1006,5,91.79,458.95,WH-CENTRAL,Online
T502131,2025-10-25,P1006,2,91.79,183.58,WH-CENTRAL,Online
T502132,2025-10-26,P1006,2,91.79,183.58,WH-CENTRAL,Online
T502133,2025-10-27,P1006,4,91.79,367.16,WH-CENTRAL,Online
T502134,2025-10-28,P1006,5,91.79,458.95,WH-CENTRAL,In-Store
T502135,2025-10-29,P1006,8,91.79,734.32,WH-CENTRAL,In-Store
T502136,2025-10-30,P1006,3,91.79,275.37,WH-CENTRAL,Online
T502137,2025-10-31,P1006,2,91.79,183.58,WH-CENTRAL,In-Store
T502138,2025-11-01,P1006,6,91.79,550.74,WH-CENTRAL,Online
T502139,2025-11-02,P1006,2,91.79,183.58,WH-CENTRAL,Online
T502140,2025-11-03,P1006,3,91.79,275.37,WH-CENTRAL,In-Store
T502141,2025-11-04,P1006,7,91.79,642.53,WH-CENTRAL,In-Store
T502142,2025-11-05,P1006,4,91.79,367.16,WH-CENTRAL,Online
T502143,2025-11-06,P1006,5,91.79,458.95,WH-CENTRAL,Online
T502144,2025-11-07,P1006,5,91.79,458.95,WH-CENTRAL,Online
T502145,2025-11-08,P1006,10,91.79,917.9,WH-CENTRAL,Online
T502146,2025-11-09,P1006,3,91.79,275.37,WH-CENTRAL,In-Store
T502147,2025-11-10,P1006,4,91.79,367.16,WH-CENTRAL,Online
T502148,2025-11-11,P1006,3,91.79,275.37,WH-CENTRAL,Online
T502149,2025-11-12,P1006,1,91.79,91.79,WH-CENTRAL,In-Store
T502150,2025-11-13,P1006,5,91.79,458.95,WH-CENTRAL,In-Store
T502151,2025-11-14,P1006,2,91.79,183.58,WH-CENTRAL,In-Store
T502152,2025-11-15,P1006,4,91.79,367.16,WH-CENTRAL,Online
T502153,2025-11-16,P1006,5,91.79,458.95,WH-CENTRAL,Online
T502154,2025-11-17,P1006,4,91.79,367.16,WH-CENTRAL,Online
T502155,2025-11-18,P1006,4,91.79,367.16,WH-CENTRAL,Online
T502156,2025-11-19,P1006,4,91.79,367.16,WH-CENTRAL,Online
T502157,2025-11-20,P1006,3,91.79,275.37,WH-CENTRAL,Online
T502158,2025-11-22,P1006,2,91.79,183.58,WH-CENTRAL,Online
T502159,2025-11-23,P1006,2,91.79,183.58,WH-CENTRAL,Online
T502160,2025-11-24,P1006,4,91.79,367.16,WH-CENTRAL,In-Store
T502161,2025-11-25,P1006,1,91.79,91.79,WH-CENTRAL,Online
T502162,2025-11-26,P1006,2,91.79,183.58,WH-CENTRAL,Online
T502163,2025-11-27,P1006,2,91.79,183.58,WH-CENTRAL,Online
T502164,2025-11-28,P1006,3,91.79,275.37,WH-CENTRAL,Online
T502165,2025-11-29,P1006,5,91.79,458.95,WH-CENTRAL,Online
T502166,2025-11-30,P1006,2,91.79,183.58,WH-CENTRAL,Online
T502167,2025-12-01,P1006,4,91.79,367.16,WH-CENTRAL,Online
T502168,2025-12-02,P1006,5,91.79,458.95,WH-CENTRAL,Online
T502169,2025-12-03,P1006,3,91.79,275.37,WH-CENTRAL,Online
T502170,2025-12-04,P1006,1,91.79,91.79,WH-CENTRAL,Online
T502171,2025-12-05,P1006,2,91.79,183.58,WH-CENTRAL,Online
T502172,2025-12-06,P1006,6,91.79,550.74,WH-CENTRAL,In-Store
T502173,2025-12-07,P1006,1,91.79,91.79,WH-CENTRAL,Online
T502174,2025-12-08,P1006,6,91.79,550.74,WH-CENTRAL,In-Store
T502175,2025-12-09,P1006,5,91.79,458.95,WH-CENTRAL,In-Store
T502176,2025-12-10,P1006,3,91.79,275.37,WH-CENTRAL,Online
T502177,2025-12-11,P1006,2,91.79,183.58,WH-CENTRAL,Online
T502178,2025-12-12,P1006,3,91.79,275.37,WH-CENTRAL,Online
T502179,2025-12-13,P1006,3,91.79,275.37,WH-CENTRAL,Online
T502180,2025-12-14,P1006,5,91.79,458.95,WH-CENTRAL,Online
T502181,2025-12-15,P1006,1,91.79,91.79,WH-CENTRAL,Online
T502182,2025-12-16,P1006,2,91.79,183.58,WH-CENTRAL,In-Store
T502183,2025-12-17,P1006,3,91.79,275.37,WH-CENTRAL,In-Store
T502184,2025-12-18,P1006,1,91.79,91.79,WH-CENTRAL,Online
T502185,2025-12-19,P1006,4,91.79,367.16,WH-CENTRAL,Online
T502186,2025-12-20,P1006,4,91.79,367.16,WH-CENTRAL,Online
T502187,2025-12-21,P1006,3,91.79,275.37,WH-CENTRAL,In-Store
T502188,2025-12-22,P1006,2,91.79,183.58,WH-CENTRAL,Online
T502189,2025-12-23,P1006,2,91.79,183.58,WH-CENTRAL,Online
T502190,2025-12-24,P1006,5,91.79,458.95,WH-CENTRAL,Online
T502191,2025-12-25,P1006,2,91.79,183.58,WH-CENTRAL,In-Store
T502192,2025-12-26,P1006,3,91.79,275.37,WH-CENTRAL,Online
T502193,2025-12-27,P1006,4,91.79,367.16,WH-CENTRAL,In-Store
T502194,2025-12-28,P1006,4,91.79,367.16,WH-CENTRAL,In-Store
T502195,2025-12-29,P1006,3,91.79,275.37,WH-CENTRAL,Online
T502196,2025-12-30,P1006,5,91.79,458.95,WH-CENTRAL,In-Store
T502197,2025-12-31,P1006,6,91.79,550.74,WH-CENTRAL,Online
T502198,2026-01-01,P1006,2,91.79,183.58,WH-CENTRAL,Online
T502199,2026-01-02,P1006,4,91.79,367.16,WH-CENTRAL,Online
T502200,2026-01-03,P1006,8,91.79,734.32,WH-CENTRAL,In-Store
T502201,2026-01-04,P1006,7,91.79,642.53,WH-CENTRAL,In-Store
T502202,2026-01-05,P1006,3,91.79,275.37,WH-CENTRAL,In-Store
T502203,2026-01-06,P1006,2,91.79,183.58,WH-CENTRAL,In-Store
T502204,2026-01-07,P1006,1,91.79,91.79,WH-CENTRAL,In-Store
T502205,2026-01-08,P1006,1,91.79,91.79,WH-CENTRAL,In-Store
T502206,2026-01-09,P1006,2,91.79,183.58,WH-CENTRAL,Online
T502207,2026-01-10,P1006,1,91.79,91.79,WH-CENTRAL,Online
T502208,2026-01-11,P1006,4,91.79,367.16,WH-CENTRAL,In-Store
T502209,2026-01-12,P1006,3,91.79,275.37,WH-CENTRAL,In-Store
T502210,2026-01-13,P1006,1,91.79,91.79,WH-CENTRAL,In-Store
T502211,2026-01-14,P1006,4,91.79,367.16,WH-CENTRAL,Online
T502212,2026-01-15,P1006,1,91.79,91.79,WH-CENTRAL,In-Store
T502213,2026-01-16,P1006,2,91.79,183.58,WH-CENTRAL,In-Store
T502214,2026-01-17,P1006,3,91.79,275.37,WH-CENTRAL,Online
T502215,2026-01-19,P1006,4,91.79,367.16,WH-CENTRAL,Online
T502216,2026-01-20,P1006,4,91.79,367.16,WH-CENTRAL,Online
T502217,2026-01-22,P1006,1,91.79,91.79,WH-CENTRAL,In-Store
T502218,2026-01-23,P1006,1,91.79,91.79,WH-CENTRAL,Online
T502219,2026-01-24,P1006,3,91.79,275.37,WH-CENTRAL,Online
T502220,2026-01-25,P1006,6,91.79,550.74,WH-CENTRAL,Online
T502221,2026-01-26,P1006,4,91.79,367.16,WH-CENTRAL,Online
T502222,2026-01-27,P1006,3,91.79,275.37,WH-CENTRAL,In-Store
T502223,2026-01-28,P1006,4,91.79,367.16,WH-CENTRAL,In-Store
T502224,2026-01-29,P1006,1,91.79,91.79,WH-CENTRAL,In-Store
T502225,2026-01-30,P1006,2,91.79,183.58,WH-CENTRAL,In-Store
T502226,2026-01-31,P1006,2,91.79,183.58,WH-CENTRAL,In-Store
T502227,2026-02-01,P1006,5,91.79,458.95,WH-CENTRAL,Online
T502228,2026-02-02,P1006,2,91.79,183.58,WH-CENTRAL,In-Store
T502229,2026-02-03,P1006,3,91.79,275.37,WH-CENTRAL,Online
T502230,2026-02-05,P1006,4,91.79,367.16,WH-CENTRAL,In-Store
T502231,2026-02-06,P1006,1,91.79,91.79,WH-CENTRAL,In-Store
T502232,2026-02-08,P1006,1,91.79,91.79,WH-CENTRAL,In-Store
T502233,2026-02-09,P1006,1,91.79,91.79,WH-CENTRAL,Online
T502234,2026-02-10,P1006,2,91.79,183.58,WH-CENTRAL,Online
T502235,2026-02-11,P1006,2,91.79,183.58,WH-CENTRAL,Online
T502236,2026-02-12,P1006,2,91.79,183.58,WH-CENTRAL,Online
T502237,2026-02-13,P1006,1,91.79,91.79,WH-CENTRAL,In-Store
T502238,2026-02-14,P1006,1,91.79,91.79,WH-CENTRAL,In-Store
T502239,2026-02-15,P1006,2,91.79,183.58,WH-CENTRAL,Online
T502240,2026-02-16,P1006,4,91.79,367.16,WH-CENTRAL,In-Store
T502241,2026-02-17,P1006,1,91.79,91.79,WH-CENTRAL,Online
T502242,2026-02-19,P1006,3,91.79,275.37,WH-CENTRAL,Online
T502243,2026-02-20,P1006,1,91.79,91.79,WH-CENTRAL,In-Store
T502244,2026-02-21,P1006,3,91.79,275.37,WH-CENTRAL,Online
T502245,2026-02-22,P1006,2,91.79,183.58,WH-CENTRAL,Online
T502246,2026-02-23,P1006,1,91.79,91.79,WH-CENTRAL,In-Store
T502247,2026-02-24,P1006,1,91.79,91.79,WH-CENTRAL,Online
T502248,2026-02-25,P1006,5,91.79,458.95,WH-CENTRAL,In-Store
T502249,2026-02-26,P1006,2,91.79,183.58,WH-CENTRAL,Online
T502250,2026-02-27,P1006,3,91.79,275.37,WH-CENTRAL,Online
T502251,2026-03-02,P1006,1,91.79,91.79,WH-CENTRAL,Online
T502252,2026-03-04,P1006,3,91.79,275.37,WH-CENTRAL,Online
T502253,2026-03-05,P1006,3,91.79,275.37,WH-CENTRAL,Online
T502254,2026-03-06,P1006,2,91.79,183.58,WH-CENTRAL,Online
T502255,2026-03-07,P1006,3,91.79,275.37,WH-CENTRAL,Online
T502256,2026-03-08,P1006,1,91.79,91.79,WH-CENTRAL,Online
T502257,2026-03-09,P1006,4,91.79,367.16,WH-CENTRAL,Online
T502258,2026-03-10,P1006,2,91.79,183.58,WH-CENTRAL,Online
T502259,2026-03-12,P1006,4,91.79,367.16,WH-CENTRAL,In-Store
T502260,2026-03-13,P1006,1,91.79,91.79,WH-CENTRAL,In-Store
T502261,2026-03-14,P1006,1,91.79,91.79,WH-CENTRAL,Online
T502262,2026-03-15,P1006,1,91.79,91.79,WH-CENTRAL,Online
T502263,2026-03-16,P1006,2,91.79,183.58,WH-CENTRAL,In-Store
T502264,2026-03-19,P1006,2,91.79,183.58,WH-CENTRAL,In-Store
T502265,2026-03-20,P1006,3,91.79,275.37,WH-CENTRAL,Online
T502266,2026-03-22,P1006,1,91.79,91.79,WH-CENTRAL,Online
T502267,2026-03-25,P1006,3,91.79,275.37,WH-CENTRAL,Online
T502268,2026-03-26,P1006,1,91.79,91.79,WH-CENTRAL,In-Store
T502269,2026-03-27,P1006,1,91.79,91.79,WH-CENTRAL,Online
T502270,2026-03-28,P1006,3,91.79,275.37,WH-CENTRAL,Online
T502271,2026-03-29,P1006,3,91.79,275.37,WH-CENTRAL,Online
T502272,2026-03-30,P1006,1,91.79,91.79,WH-CENTRAL,Online
T502273,2026-03-31,P1006,1,91.79,91.79,WH-CENTRAL,Online
T502274,2026-04-01,P1006,2,91.79,183.58,WH-CENTRAL,Online
T502275,2026-04-02,P1006,3,91.79,275.37,WH-CENTRAL,Online
T502276,2026-04-03,P1006,3,91.79,275.37,WH-CENTRAL,Online
T502277,2026-04-04,P1006,3,91.79,275.37,WH-CENTRAL,Online
T502278,2026-04-05,P1006,1,91.79,91.79,WH-CENTRAL,In-Store
T502279,2026-04-06,P1006,2,91.79,183.58,WH-CENTRAL,In-Store
T502280,2026-04-09,P1006,3,91.79,275.37,WH-CENTRAL,Online
T502281,2026-04-12,P1006,1,91.79,91.79,WH-CENTRAL,In-Store
T502282,2026-04-14,P1006,2,91.79,183.58,WH-CENTRAL,Online
T502283,2026-04-17,P1006,1,91.79,91.79,WH-CENTRAL,In-Store
T502284,2026-04-18,P1006,2,91.79,183.58,WH-CENTRAL,Online
T502285,2026-04-20,P1006,2,91.79,183.58,WH-CENTRAL,In-Store
T502286,2026-04-21,P1006,2,91.79,183.58,WH-CENTRAL,Online
T502287,2026-04-22,P1006,1,91.79,91.79,WH-CENTRAL,In-Store
T502288,2026-04-25,P1006,4,91.79,367.16,WH-CENTRAL,Online
T502289,2026-04-26,P1006,1,91.79,91.79,WH-CENTRAL,In-Store
T502290,2026-04-27,P1006,1,91.79,91.79,WH-CENTRAL,Online
T502291,2026-04-28,P1006,2,91.79,183.58,WH-CENTRAL,Online
T502292,2026-04-29,P1006,1,91.79,91.79,WH-CENTRAL,Online
T502293,2026-05-03,P1006,1,91.79,91.79,WH-CENTRAL,Online
T502294,2026-05-04,P1006,1,91.79,91.79,WH-CENTRAL,Online
T502295,2026-05-05,P1006,1,91.79,91.79,WH-CENTRAL,In-Store
T502296,2026-05-07,P1006,1,91.79,91.79,WH-CENTRAL,In-Store
T502297,2026-05-09,P1006,1,91.79,91.79,WH-CENTRAL,Online
T502298,2026-05-10,P1006,1,91.79,91.79,WH-CENTRAL,In-Store
T502299,2026-05-12,P1006,1,91.79,91.79,WH-CENTRAL,Online
T502300,2026-05-14,P1006,3,91.79,275.37,WH-CENTRAL,Online
T502301,2026-05-17,P1006,1,91.79,91.79,WH-CENTRAL,Online
T502302,2026-05-19,P1006,2,91.79,183.58,WH-CENTRAL,Online
T502303,2026-05-20,P1006,2,91.79,183.58,WH-CENTRAL,Online
T502304,2026-05-23,P1006,1,91.79,91.79,WH-CENTRAL,Online
T502305,2026-05-24,P1006,3,91.79,275.37,WH-CENTRAL,Online
T502306,2026-05-28,P1006,1,91.79,91.79,WH-CENTRAL,Online
T502307,2026-05-30,P1006,1,91.79,91.79,WH-CENTRAL,Online
T502308,2026-06-04,P1006,3,91.79,275.37,WH-CENTRAL,Online
T502309,2026-06-06,P1006,1,91.79,91.79,WH-CENTRAL,In-Store
T502310,2026-06-09,P1006,1,91.79,91.79,WH-CENTRAL,Online
T502311,2026-06-12,P1006,2,91.79,183.58,WH-CENTRAL,Online
T502312,2026-06-13,P1006,1,91.79,91.79,WH-CENTRAL,Online
T502313,2026-06-15,P1006,1,91.79,91.79,WH-CENTRAL,Online
T502314,2026-06-18,P1006,1,91.79,91.79,WH-CENTRAL,Online
T502315,2026-06-21,P1006,2,91.79,183.58,WH-CENTRAL,Online
T502316,2026-06-23,P1006,1,91.79,91.79,WH-CENTRAL,Online
T502317,2026-06-24,P1006,1,91.79,91.79,WH-CENTRAL,In-Store
T502318,2026-06-28,P1006,2,91.79,183.58,WH-CENTRAL,Online
T502319,2026-07-04,P1006,1,91.79,91.79,WH-CENTRAL,Online
T502320,2026-07-06,P1006,1,91.79,91.79,WH-CENTRAL,In-Store
T502321,2026-07-08,P1006,2,91.79,183.58,WH-CENTRAL,In-Store
T502322,2026-07-12,P1006,1,91.79,91.79,WH-CENTRAL,In-Store
T502323,2026-07-16,P1006,1,91.79,91.79,WH-CENTRAL,In-Store
T502324,2026-07-19,P1006,1,91.79,91.79,WH-CENTRAL,Online
T502325,2026-07-22,P1006,1,91.79,91.79,WH-CENTRAL,Online
T502326,2026-07-25,P1006,3,91.79,275.37,WH-CENTRAL,Online
T502327,2026-07-30,P1006,1,91.79,91.79,WH-CENTRAL,Online
T502328,2026-08-06,P1006,1,91.79,91.79,WH-CENTRAL,In-Store
T502329,2026-08-09,P1006,1,91.79,91.79,WH-CENTRAL,Online
T502330,2026-08-10,P1006,1,91.79,91.79,WH-CENTRAL,Online
T502331,2026-08-13,P1006,1,91.79,91.79,WH-CENTRAL,Online
T502332,2025-08-15,P1007,1,72.8,72.8,WH-EAST,In-Store
T502333,2025-08-16,P1007,1,72.8,72.8,WH-EAST,Online
T502334,2025-08-17,P1007,5,72.8,364.0,WH-EAST,Online
T502335,2025-08-18,P1007,6,72.8,436.8,WH-EAST,Online
T502336,2025-08-19,P1007,3,72.8,218.4,WH-EAST,Online
T502337,2025-08-21,P1007,2,72.8,145.6,WH-EAST,Online
T502338,2025-08-23,P1007,2,72.8,145.6,WH-EAST,In-Store
T502339,2025-08-24,P1007,3,72.8,218.4,WH-EAST,Online
T502340,2025-08-25,P1007,3,72.8,218.4,WH-EAST,In-Store
T502341,2025-08-26,P1007,2,72.8,145.6,WH-EAST,Online
T502342,2025-08-27,P1007,3,72.8,218.4,WH-EAST,Online
T502343,2025-08-28,P1007,1,72.8,72.8,WH-EAST,In-Store
T502344,2025-08-29,P1007,3,72.8,218.4,WH-EAST,Online
T502345,2025-08-30,P1007,4,72.8,291.2,WH-EAST,In-Store
T502346,2025-08-31,P1007,5,72.8,364.0,WH-EAST,Online
T502347,2025-09-01,P1007,7,72.8,509.6,WH-EAST,In-Store
T502348,2025-09-02,P1007,6,72.8,436.8,WH-EAST,Online
T502349,2025-09-03,P1007,3,72.8,218.4,WH-EAST,Online
T502350,2025-09-04,P1007,1,72.8,72.8,WH-EAST,In-Store
T502351,2025-09-05,P1007,2,72.8,145.6,WH-EAST,Online
T502352,2025-09-06,P1007,1,72.8,72.8,WH-EAST,Online
T502353,2025-09-07,P1007,8,72.8,582.4,WH-EAST,In-Store
T502354,2025-09-08,P1007,2,72.8,145.6,WH-EAST,Online
T502355,2025-09-09,P1007,5,72.8,364.0,WH-EAST,In-Store
T502356,2025-09-10,P1007,5,72.8,364.0,WH-EAST,Online
T502357,2025-09-11,P1007,2,72.8,145.6,WH-EAST,In-Store
T502358,2025-09-12,P1007,3,72.8,218.4,WH-EAST,Online
T502359,2025-09-13,P1007,9,72.8,655.2,WH-EAST,Online
T502360,2025-09-14,P1007,2,72.8,145.6,WH-EAST,Online
T502361,2025-09-15,P1007,1,72.8,72.8,WH-EAST,Online
T502362,2025-09-16,P1007,1,72.8,72.8,WH-EAST,Online
T502363,2025-09-17,P1007,5,72.8,364.0,WH-EAST,Online
T502364,2025-09-18,P1007,2,72.8,145.6,WH-EAST,Online
T502365,2025-09-19,P1007,5,72.8,364.0,WH-EAST,In-Store
T502366,2025-09-20,P1007,8,72.8,582.4,WH-EAST,Online
T502367,2025-09-21,P1007,3,72.8,218.4,WH-EAST,Online
T502368,2025-09-23,P1007,4,72.8,291.2,WH-EAST,Online
T502369,2025-09-24,P1007,2,72.8,145.6,WH-EAST,In-Store
T502370,2025-09-25,P1007,5,72.8,364.0,WH-EAST,In-Store
T502371,2025-09-26,P1007,3,72.8,218.4,WH-EAST,Online
T502372,2025-09-27,P1007,7,72.8,509.6,WH-EAST,Online
T502373,2025-09-28,P1007,4,72.8,291.2,WH-EAST,Online
T502374,2025-09-29,P1007,4,72.8,291.2,WH-EAST,In-Store
T502375,2025-09-30,P1007,6,72.8,436.8,WH-EAST,Online
T502376,2025-10-01,P1007,2,72.8,145.6,WH-EAST,Online
T502377,2025-10-02,P1007,4,72.8,291.2,WH-EAST,Online
T502378,2025-10-03,P1007,5,72.8,364.0,WH-EAST,In-Store
T502379,2025-10-04,P1007,7,72.8,509.6,WH-EAST,In-Store
T502380,2025-10-05,P1007,3,72.8,218.4,WH-EAST,In-Store
T502381,2025-10-06,P1007,5,72.8,364.0,WH-EAST,In-Store
T502382,2025-10-07,P1007,4,72.8,291.2,WH-EAST,Online
T502383,2025-10-08,P1007,6,72.8,436.8,WH-EAST,In-Store
T502384,2025-10-09,P1007,4,72.8,291.2,WH-EAST,Online
T502385,2025-10-10,P1007,3,72.8,218.4,WH-EAST,In-Store
T502386,2025-10-11,P1007,6,72.8,436.8,WH-EAST,In-Store
T502387,2025-10-12,P1007,2,72.8,145.6,WH-EAST,In-Store
T502388,2025-10-13,P1007,1,72.8,72.8,WH-EAST,In-Store
T502389,2025-10-14,P1007,3,72.8,218.4,WH-EAST,In-Store
T502390,2025-10-15,P1007,4,72.8,291.2,WH-EAST,Online
T502391,2025-10-16,P1007,5,72.8,364.0,WH-EAST,Online
T502392,2025-10-17,P1007,2,72.8,145.6,WH-EAST,Online
T502393,2025-10-18,P1007,3,72.8,218.4,WH-EAST,In-Store
T502394,2025-10-19,P1007,7,72.8,509.6,WH-EAST,In-Store
T502395,2025-10-20,P1007,6,72.8,436.8,WH-EAST,Online
T502396,2025-10-21,P1007,3,72.8,218.4,WH-EAST,In-Store
T502397,2025-10-22,P1007,5,72.8,364.0,WH-EAST,Online
T502398,2025-10-24,P1007,4,72.8,291.2,WH-EAST,Online
T502399,2025-10-25,P1007,5,72.8,364.0,WH-EAST,Online
T502400,2025-10-26,P1007,4,72.8,291.2,WH-EAST,Online
T502401,2025-10-27,P1007,3,72.8,218.4,WH-EAST,Online
T502402,2025-10-28,P1007,3,72.8,218.4,WH-EAST,Online
T502403,2025-10-29,P1007,7,72.8,509.6,WH-EAST,Online
T502404,2025-10-30,P1007,8,72.8,582.4,WH-EAST,Online
T502405,2025-10-31,P1007,2,72.8,145.6,WH-EAST,In-Store
T502406,2025-11-01,P1007,5,72.8,364.0,WH-EAST,Online
T502407,2025-11-02,P1007,1,72.8,72.8,WH-EAST,In-Store
T502408,2025-11-04,P1007,3,72.8,218.4,WH-EAST,Online
T502409,2025-11-05,P1007,3,72.8,218.4,WH-EAST,In-Store
T502410,2025-11-06,P1007,1,72.8,72.8,WH-EAST,Online
T502411,2025-11-07,P1007,3,72.8,218.4,WH-EAST,Online
T502412,2025-11-08,P1007,3,72.8,218.4,WH-EAST,Online
T502413,2025-11-09,P1007,4,72.8,291.2,WH-EAST,Online
T502414,2025-11-10,P1007,4,72.8,291.2,WH-EAST,In-Store
T502415,2025-11-11,P1007,1,72.8,72.8,WH-EAST,Online
T502416,2025-11-12,P1007,3,72.8,218.4,WH-EAST,Online
T502417,2025-11-13,P1007,2,72.8,145.6,WH-EAST,In-Store
T502418,2025-11-14,P1007,6,72.8,436.8,WH-EAST,Online
T502419,2025-11-15,P1007,7,72.8,509.6,WH-EAST,In-Store
T502420,2025-11-16,P1007,5,72.8,364.0,WH-EAST,In-Store
T502421,2025-11-17,P1007,4,72.8,291.2,WH-EAST,Online
T502422,2025-11-18,P1007,4,72.8,291.2,WH-EAST,In-Store
T502423,2025-11-19,P1007,5,72.8,364.0,WH-EAST,Online
T502424,2025-11-20,P1007,6,72.8,436.8,WH-EAST,In-Store
T502425,2025-11-21,P1007,1,72.8,72.8,WH-EAST,In-Store
T502426,2025-11-22,P1007,4,72.8,291.2,WH-EAST,In-Store
T502427,2025-11-23,P1007,2,72.8,145.6,WH-EAST,In-Store
T502428,2025-11-24,P1007,1,72.8,72.8,WH-EAST,Online
T502429,2025-11-25,P1007,2,72.8,145.6,WH-EAST,Online
T502430,2025-11-26,P1007,4,72.8,291.2,WH-EAST,Online
T502431,2025-11-27,P1007,3,72.8,218.4,WH-EAST,In-Store
T502432,2025-11-28,P1007,1,72.8,72.8,WH-EAST,Online
T502433,2025-11-29,P1007,5,72.8,364.0,WH-EAST,Online
T502434,2025-11-30,P1007,2,72.8,145.6,WH-EAST,Online
T502435,2025-12-01,P1007,2,72.8,145.6,WH-EAST,In-Store
T502436,2025-12-02,P1007,4,72.8,291.2,WH-EAST,Online
T502437,2025-12-03,P1007,3,72.8,218.4,WH-EAST,In-Store
T502438,2025-12-04,P1007,5,72.8,364.0,WH-EAST,In-Store
T502439,2025-12-05,P1007,2,72.8,145.6,WH-EAST,In-Store
T502440,2025-12-06,P1007,6,72.8,436.8,WH-EAST,In-Store
T502441,2025-12-07,P1007,3,72.8,218.4,WH-EAST,Online
T502442,2025-12-08,P1007,5,72.8,364.0,WH-EAST,Online
T502443,2025-12-09,P1007,5,72.8,364.0,WH-EAST,Online
T502444,2025-12-10,P1007,1,72.8,72.8,WH-EAST,Online
T502445,2025-12-11,P1007,4,72.8,291.2,WH-EAST,Online
T502446,2025-12-12,P1007,2,72.8,145.6,WH-EAST,In-Store
T502447,2025-12-13,P1007,8,72.8,582.4,WH-EAST,Online
T502448,2025-12-14,P1007,6,72.8,436.8,WH-EAST,Online
T502449,2025-12-15,P1007,6,72.8,436.8,WH-EAST,Online
T502450,2025-12-16,P1007,1,72.8,72.8,WH-EAST,Online
T502451,2025-12-17,P1007,4,72.8,291.2,WH-EAST,Online
T502452,2025-12-18,P1007,7,72.8,509.6,WH-EAST,Online
T502453,2025-12-19,P1007,4,72.8,291.2,WH-EAST,Online
T502454,2025-12-20,P1007,1,72.8,72.8,WH-EAST,Online
T502455,2025-12-21,P1007,2,72.8,145.6,WH-EAST,Online
T502456,2025-12-22,P1007,7,72.8,509.6,WH-EAST,In-Store
T502457,2025-12-23,P1007,2,72.8,145.6,WH-EAST,Online
T502458,2025-12-24,P1007,2,72.8,145.6,WH-EAST,Online
T502459,2025-12-25,P1007,2,72.8,145.6,WH-EAST,In-Store
T502460,2025-12-26,P1007,4,72.8,291.2,WH-EAST,In-Store
T502461,2025-12-27,P1007,3,72.8,218.4,WH-EAST,Online
T502462,2025-12-29,P1007,5,72.8,364.0,WH-EAST,Online
T502463,2025-12-31,P1007,4,72.8,291.2,WH-EAST,Online
T502464,2026-01-01,P1007,5,72.8,364.0,WH-EAST,In-Store
T502465,2026-01-02,P1007,4,72.8,291.2,WH-EAST,Online
T502466,2026-01-03,P1007,3,72.8,218.4,WH-EAST,In-Store
T502467,2026-01-04,P1007,2,72.8,145.6,WH-EAST,Online
T502468,2026-01-05,P1007,4,72.8,291.2,WH-EAST,Online
T502469,2026-01-06,P1007,5,72.8,364.0,WH-EAST,In-Store
T502470,2026-01-08,P1007,3,72.8,218.4,WH-EAST,In-Store
T502471,2026-01-09,P1007,5,72.8,364.0,WH-EAST,In-Store
T502472,2026-01-10,P1007,4,72.8,291.2,WH-EAST,Online
T502473,2026-01-11,P1007,5,72.8,364.0,WH-EAST,Online
T502474,2026-01-13,P1007,3,72.8,218.4,WH-EAST,Online
T502475,2026-01-14,P1007,6,72.8,436.8,WH-EAST,Online
T502476,2026-01-15,P1007,5,72.8,364.0,WH-EAST,Online
T502477,2026-01-16,P1007,4,72.8,291.2,WH-EAST,Online
T502478,2026-01-17,P1007,5,72.8,364.0,WH-EAST,Online
T502479,2026-01-18,P1007,4,72.8,291.2,WH-EAST,Online
T502480,2026-01-19,P1007,5,72.8,364.0,WH-EAST,In-Store
T502481,2026-01-20,P1007,4,72.8,291.2,WH-EAST,Online
T502482,2026-01-21,P1007,2,72.8,145.6,WH-EAST,Online
T502483,2026-01-22,P1007,3,72.8,218.4,WH-EAST,In-Store
T502484,2026-01-23,P1007,2,72.8,145.6,WH-EAST,In-Store
T502485,2026-01-24,P1007,2,72.8,145.6,WH-EAST,Online
T502486,2026-01-25,P1007,1,72.8,72.8,WH-EAST,In-Store
T502487,2026-01-26,P1007,8,72.8,582.4,WH-EAST,Online
T502488,2026-01-27,P1007,5,72.8,364.0,WH-EAST,Online
T502489,2026-01-29,P1007,3,72.8,218.4,WH-EAST,Online
T502490,2026-01-30,P1007,1,72.8,72.8,WH-EAST,Online
T502491,2026-01-31,P1007,1,72.8,72.8,WH-EAST,Online
T502492,2026-02-01,P1007,2,72.8,145.6,WH-EAST,Online
T502493,2026-02-02,P1007,2,72.8,145.6,WH-EAST,Online
T502494,2026-02-03,P1007,1,72.8,72.8,WH-EAST,In-Store
T502495,2026-02-04,P1007,8,72.8,582.4,WH-EAST,Online
T502496,2026-02-05,P1007,1,72.8,72.8,WH-EAST,In-Store
T502497,2026-02-06,P1007,4,72.8,291.2,WH-EAST,In-Store
T502498,2026-02-07,P1007,2,72.8,145.6,WH-EAST,Online
T502499,2026-02-08,P1007,4,72.8,291.2,WH-EAST,Online
T502500,2026-02-09,P1007,3,72.8,218.4,WH-EAST,In-Store
T502501,2026-02-10,P1007,2,72.8,145.6,WH-EAST,Online
T502502,2026-02-11,P1007,1,72.8,72.8,WH-EAST,Online
T502503,2026-02-12,P1007,4,72.8,291.2,WH-EAST,In-Store
T502504,2026-02-13,P1007,2,72.8,145.6,WH-EAST,Online
T502505,2026-02-14,P1007,1,72.8,72.8,WH-EAST,In-Store
T502506,2026-02-15,P1007,2,72.8,145.6,WH-EAST,Online
T502507,2026-02-16,P1007,3,72.8,218.4,WH-EAST,Online
T502508,2026-02-17,P1007,3,72.8,218.4,WH-EAST,Online
T502509,2026-02-18,P1007,1,72.8,72.8,WH-EAST,In-Store
T502510,2026-02-19,P1007,3,72.8,218.4,WH-EAST,Online
T502511,2026-02-20,P1007,4,72.8,291.2,WH-EAST,Online
T502512,2026-02-21,P1007,4,72.8,291.2,WH-EAST,Online
T502513,2026-02-23,P1007,3,72.8,218.4,WH-EAST,Online
T502514,2026-02-24,P1007,1,72.8,72.8,WH-EAST,Online
T502515,2026-02-25,P1007,2,72.8,145.6,WH-EAST,In-Store
T502516,2026-02-27,P1007,2,72.8,145.6,WH-EAST,Online
T502517,2026-02-28,P1007,2,72.8,145.6,WH-EAST,Online
T502518,2026-03-01,P1007,1,72.8,72.8,WH-EAST,Online
T502519,2026-03-02,P1007,3,72.8,218.4,WH-EAST,Online
T502520,2026-03-03,P1007,7,72.8,509.6,WH-EAST,Online
T502521,2026-03-04,P1007,2,72.8,145.6,WH-EAST,Online
T502522,2026-03-05,P1007,3,72.8,218.4,WH-EAST,Online
T502523,2026-03-06,P1007,2,72.8,145.6,WH-EAST,In-Store
T502524,2026-03-07,P1007,4,72.8,291.2,WH-EAST,Online
T502525,2026-03-08,P1007,1,72.8,72.8,WH-EAST,In-Store
T502526,2026-03-09,P1007,1,72.8,72.8,WH-EAST,Online
T502527,2026-03-10,P1007,1,72.8,72.8,WH-EAST,Online
T502528,2026-03-11,P1007,2,72.8,145.6,WH-EAST,In-Store
T502529,2026-03-13,P1007,6,72.8,436.8,WH-EAST,Online
T502530,2026-03-14,P1007,5,72.8,364.0,WH-EAST,Online
T502531,2026-03-15,P1007,2,72.8,145.6,WH-EAST,In-Store
T502532,2026-03-16,P1007,2,72.8,145.6,WH-EAST,Online
T502533,2026-03-18,P1007,4,72.8,291.2,WH-EAST,Online
T502534,2026-03-19,P1007,2,72.8,145.6,WH-EAST,In-Store
T502535,2026-03-20,P1007,2,72.8,145.6,WH-EAST,Online
T502536,2026-03-21,P1007,4,72.8,291.2,WH-EAST,In-Store
T502537,2026-03-23,P1007,3,72.8,218.4,WH-EAST,Online
T502538,2026-03-24,P1007,1,72.8,72.8,WH-EAST,Online
T502539,2026-03-26,P1007,1,72.8,72.8,WH-EAST,Online
T502540,2026-03-27,P1007,2,72.8,145.6,WH-EAST,Online
T502541,2026-03-28,P1007,2,72.8,145.6,WH-EAST,In-Store
T502542,2026-03-29,P1007,5,72.8,364.0,WH-EAST,Online
T502543,2026-03-30,P1007,2,72.8,145.6,WH-EAST,Online
T502544,2026-04-01,P1007,3,72.8,218.4,WH-EAST,Online
T502545,2026-04-03,P1007,4,72.8,291.2,WH-EAST,Online
T502546,2026-04-04,P1007,1,72.8,72.8,WH-EAST,In-Store
T502547,2026-04-05,P1007,5,72.8,364.0,WH-EAST,Online
T502548,2026-04-07,P1007,3,72.8,218.4,WH-EAST,Online
T502549,2026-04-08,P1007,6,72.8,436.8,WH-EAST,Online
T502550,2026-04-09,P1007,3,72.8,218.4,WH-EAST,Online
T502551,2026-04-10,P1007,1,72.8,72.8,WH-EAST,Online
T502552,2026-04-11,P1007,1,72.8,72.8,WH-EAST,In-Store
T502553,2026-04-12,P1007,2,72.8,145.6,WH-EAST,Online
T502554,2026-04-13,P1007,3,72.8,218.4,WH-EAST,Online
T502555,2026-04-14,P1007,3,72.8,218.4,WH-EAST,In-Store
T502556,2026-04-15,P1007,5,72.8,364.0,WH-EAST,In-Store
T502557,2026-04-16,P1007,2,72.8,145.6,WH-EAST,Online
T502558,2026-04-18,P1007,3,72.8,218.4,WH-EAST,In-Store
T502559,2026-04-19,P1007,2,72.8,145.6,WH-EAST,In-Store
T502560,2026-04-20,P1007,1,72.8,72.8,WH-EAST,Online
T502561,2026-04-21,P1007,7,72.8,509.6,WH-EAST,Online
T502562,2026-04-22,P1007,1,72.8,72.8,WH-EAST,Online
T502563,2026-04-24,P1007,2,72.8,145.6,WH-EAST,In-Store
T502564,2026-04-25,P1007,4,72.8,291.2,WH-EAST,Online
T502565,2026-04-26,P1007,1,72.8,72.8,WH-EAST,In-Store
T502566,2026-04-30,P1007,2,72.8,145.6,WH-EAST,Online
T502567,2026-05-01,P1007,1,72.8,72.8,WH-EAST,Online
T502568,2026-05-03,P1007,3,72.8,218.4,WH-EAST,Online
T502569,2026-05-05,P1007,2,72.8,145.6,WH-EAST,In-Store
T502570,2026-05-06,P1007,2,72.8,145.6,WH-EAST,Online
T502571,2026-05-08,P1007,2,72.8,145.6,WH-EAST,In-Store
T502572,2026-05-09,P1007,2,72.8,145.6,WH-EAST,Online
T502573,2026-05-10,P1007,3,72.8,218.4,WH-EAST,Online
T502574,2026-05-11,P1007,2,72.8,145.6,WH-EAST,Online
T502575,2026-05-12,P1007,4,72.8,291.2,WH-EAST,Online
T502576,2026-05-13,P1007,3,72.8,218.4,WH-EAST,Online
T502577,2026-05-14,P1007,1,72.8,72.8,WH-EAST,Online
T502578,2026-05-15,P1007,1,72.8,72.8,WH-EAST,In-Store
T502579,2026-05-16,P1007,2,72.8,145.6,WH-EAST,Online
T502580,2026-05-17,P1007,1,72.8,72.8,WH-EAST,Online
T502581,2026-05-18,P1007,1,72.8,72.8,WH-EAST,In-Store
T502582,2026-05-19,P1007,3,72.8,218.4,WH-EAST,In-Store
T502583,2026-05-20,P1007,2,72.8,145.6,WH-EAST,Online
T502584,2026-05-21,P1007,1,72.8,72.8,WH-EAST,Online
T502585,2026-05-22,P1007,2,72.8,145.6,WH-EAST,Online
T502586,2026-05-23,P1007,1,72.8,72.8,WH-EAST,Online
T502587,2026-05-24,P1007,1,72.8,72.8,WH-EAST,Online
T502588,2026-05-25,P1007,1,72.8,72.8,WH-EAST,Online
T502589,2026-05-26,P1007,2,72.8,145.6,WH-EAST,Online
T502590,2026-05-28,P1007,2,72.8,145.6,WH-EAST,In-Store
T502591,2026-05-30,P1007,5,72.8,364.0,WH-EAST,In-Store
T502592,2026-05-31,P1007,2,72.8,145.6,WH-EAST,Online
T502593,2026-06-01,P1007,1,72.8,72.8,WH-EAST,Online
T502594,2026-06-02,P1007,1,72.8,72.8,WH-EAST,Online
T502595,2026-06-03,P1007,3,72.8,218.4,WH-EAST,Online
T502596,2026-06-04,P1007,2,72.8,145.6,WH-EAST,In-Store
T502597,2026-06-05,P1007,1,72.8,72.8,WH-EAST,Online
T502598,2026-06-06,P1007,1,72.8,72.8,WH-EAST,Online
T502599,2026-06-07,P1007,2,72.8,145.6,WH-EAST,In-Store
T502600,2026-06-08,P1007,1,72.8,72.8,WH-EAST,Online
T502601,2026-06-10,P1007,1,72.8,72.8,WH-EAST,In-Store
T502602,2026-06-12,P1007,1,72.8,72.8,WH-EAST,Online
T502603,2026-06-13,P1007,3,72.8,218.4,WH-EAST,Online
T502604,2026-06-14,P1007,2,72.8,145.6,WH-EAST,Online
T502605,2026-06-16,P1007,3,72.8,218.4,WH-EAST,Online
T502606,2026-06-17,P1007,1,72.8,72.8,WH-EAST,Online
T502607,2026-06-18,P1007,3,72.8,218.4,WH-EAST,In-Store
T502608,2026-06-20,P1007,5,72.8,364.0,WH-EAST,Online
T502609,2026-06-21,P1007,1,72.8,72.8,WH-EAST,In-Store
T502610,2026-06-22,P1007,1,72.8,72.8,WH-EAST,Online
T502611,2026-06-23,P1007,2,72.8,145.6,WH-EAST,In-Store
T502612,2026-06-24,P1007,1,72.8,72.8,WH-EAST,Online
T502613,2026-06-25,P1007,2,72.8,145.6,WH-EAST,Online
T502614,2026-06-26,P1007,1,72.8,72.8,WH-EAST,In-Store
T502615,2026-06-27,P1007,5,72.8,364.0,WH-EAST,Online
T502616,2026-06-29,P1007,3,72.8,218.4,WH-EAST,In-Store
T502617,2026-06-30,P1007,2,72.8,145.6,WH-EAST,Online
T502618,2026-07-02,P1007,1,72.8,72.8,WH-EAST,Online
T502619,2026-07-04,P1007,1,72.8,72.8,WH-EAST,In-Store
T502620,2026-07-05,P1007,2,72.8,145.6,WH-EAST,Online
T502621,2026-07-06,P1007,1,72.8,72.8,WH-EAST,Online
T502622,2026-07-07,P1007,2,72.8,145.6,WH-EAST,Online
T502623,2026-07-09,P1007,4,72.8,291.2,WH-EAST,Online
T502624,2026-07-11,P1007,2,72.8,145.6,WH-EAST,Online
T502625,2026-07-12,P1007,4,72.8,291.2,WH-EAST,Online
T502626,2026-07-15,P1007,1,72.8,72.8,WH-EAST,Online
T502627,2026-07-16,P1007,1,72.8,72.8,WH-EAST,Online
T502628,2026-07-18,P1007,1,72.8,72.8,WH-EAST,In-Store
T502629,2026-07-19,P1007,1,72.8,72.8,WH-EAST,Online
T502630,2026-07-21,P1007,1,72.8,72.8,WH-EAST,Online
T502631,2026-07-22,P1007,2,72.8,145.6,WH-EAST,Online
T502632,2026-07-23,P1007,3,72.8,218.4,WH-EAST,Online
T502633,2026-07-24,P1007,1,72.8,72.8,WH-EAST,Online
T502634,2026-07-25,P1007,3,72.8,218.4,WH-EAST,Online
T502635,2026-07-26,P1007,2,72.8,145.6,WH-EAST,In-Store
T502636,2026-07-27,P1007,1,72.8,72.8,WH-EAST,Online
T502637,2026-07-28,P1007,3,72.8,218.4,WH-EAST,In-Store
T502638,2026-07-30,P1007,1,72.8,72.8,WH-EAST,Online
T502639,2026-07-31,P1007,3,72.8,218.4,WH-EAST,Online
T502640,2026-08-01,P1007,1,72.8,72.8,WH-EAST,Online
T502641,2026-08-02,P1007,3,72.8,218.4,WH-EAST,In-Store
T502642,2026-08-04,P1007,1,72.8,72.8,WH-EAST,Online
T502643,2026-08-05,P1007,5,72.8,364.0,WH-EAST,Online
T502644,2026-08-06,P1007,3,72.8,218.4,WH-EAST,Online
T502645,2026-08-07,P1007,4,72.8,291.2,WH-EAST,Online
T502646,2026-08-08,P1007,4,72.8,291.2,WH-EAST,In-Store
T502647,2026-08-09,P1007,3,72.8,218.4,WH-EAST,Online
T502648,2026-08-10,P1007,4,72.8,291.2,WH-EAST,In-Store
T502649,2026-08-11,P1007,2,72.8,145.6,WH-EAST,Online
T502650,2026-08-12,P1007,2,72.8,145.6,WH-EAST,Online
T502651,2025-08-15,P1008,11,65.46,720.06,WH-WEST,Online
T502652,2025-08-16,P1008,3,65.46,196.38,WH-WEST,In-Store
T502653,2025-08-17,P1008,8,65.46,523.68,WH-WEST,Online
T502654,2025-08-18,P1008,6,65.46,392.76,WH-WEST,Online
T502655,2025-08-19,P1008,6,65.46,392.76,WH-WEST,Online
T502656,2025-08-20,P1008,4,65.46,261.84,WH-WEST,Online
T502657,2025-08-21,P1008,7,65.46,458.22,WH-WEST,Online
T502658,2025-08-22,P1008,13,65.46,850.98,WH-WEST,Online
T502659,2025-08-23,P1008,5,65.46,327.3,WH-WEST,Online
T502660,2025-08-24,P1008,8,65.46,523.68,WH-WEST,Online
T502661,2025-08-25,P1008,5,65.46,327.3,WH-WEST,In-Store
T502662,2025-08-26,P1008,9,65.46,589.14,WH-WEST,Online
T502663,2025-08-27,P1008,6,65.46,392.76,WH-WEST,Online
T502664,2025-08-28,P1008,7,65.46,458.22,WH-WEST,In-Store
T502665,2025-08-29,P1008,6,65.46,392.76,WH-WEST,Online
T502666,2025-08-30,P1008,11,65.46,720.06,WH-WEST,In-Store
T502667,2025-08-31,P1008,8,65.46,523.68,WH-WEST,Online
T502668,2025-09-01,P1008,8,65.46,523.68,WH-WEST,Online
T502669,2025-09-02,P1008,8,65.46,523.68,WH-WEST,Online
T502670,2025-09-03,P1008,5,65.46,327.3,WH-WEST,Online
T502671,2025-09-04,P1008,7,65.46,458.22,WH-WEST,Online
T502672,2025-09-05,P1008,7,65.46,458.22,WH-WEST,Online
T502673,2025-09-06,P1008,8,65.46,523.68,WH-WEST,Online
T502674,2025-09-07,P1008,7,65.46,458.22,WH-WEST,Online
T502675,2025-09-08,P1008,2,65.46,130.92,WH-WEST,Online
T502676,2025-09-09,P1008,8,65.46,523.68,WH-WEST,Online
T502677,2025-09-10,P1008,9,65.46,589.14,WH-WEST,In-Store
T502678,2025-09-11,P1008,4,65.46,261.84,WH-WEST,Online
T502679,2025-09-12,P1008,7,65.46,458.22,WH-WEST,In-Store
T502680,2025-09-13,P1008,7,65.46,458.22,WH-WEST,Online
T502681,2025-09-14,P1008,4,65.46,261.84,WH-WEST,Online
T502682,2025-09-15,P1008,7,65.46,458.22,WH-WEST,Online
T502683,2025-09-16,P1008,10,65.46,654.6,WH-WEST,Online
T502684,2025-09-17,P1008,6,65.46,392.76,WH-WEST,Online
T502685,2025-09-18,P1008,6,65.46,392.76,WH-WEST,In-Store
T502686,2025-09-19,P1008,8,65.46,523.68,WH-WEST,Online
T502687,2025-09-20,P1008,13,65.46,850.98,WH-WEST,Online
T502688,2025-09-21,P1008,7,65.46,458.22,WH-WEST,Online
T502689,2025-09-22,P1008,5,65.46,327.3,WH-WEST,Online
T502690,2025-09-23,P1008,8,65.46,523.68,WH-WEST,In-Store
T502691,2025-09-24,P1008,6,65.46,392.76,WH-WEST,Online
T502692,2025-09-25,P1008,13,65.46,850.98,WH-WEST,Online
T502693,2025-09-26,P1008,7,65.46,458.22,WH-WEST,In-Store
T502694,2025-09-27,P1008,8,65.46,523.68,WH-WEST,Online
T502695,2025-09-28,P1008,9,65.46,589.14,WH-WEST,In-Store
T502696,2025-09-29,P1008,6,65.46,392.76,WH-WEST,In-Store
T502697,2025-09-30,P1008,7,65.46,458.22,WH-WEST,In-Store
T502698,2025-10-01,P1008,7,65.46,458.22,WH-WEST,In-Store
T502699,2025-10-02,P1008,9,65.46,589.14,WH-WEST,Online
T502700,2025-10-03,P1008,12,65.46,785.52,WH-WEST,Online
T502701,2025-10-04,P1008,15,65.46,981.9,WH-WEST,Online
T502702,2025-10-05,P1008,10,65.46,654.6,WH-WEST,In-Store
T502703,2025-10-06,P1008,18,65.46,1178.28,WH-WEST,Online
T502704,2025-10-07,P1008,5,65.46,327.3,WH-WEST,In-Store
T502705,2025-10-08,P1008,10,65.46,654.6,WH-WEST,In-Store
T502706,2025-10-09,P1008,15,65.46,981.9,WH-WEST,Online
T502707,2025-10-10,P1008,10,65.46,654.6,WH-WEST,In-Store
T502708,2025-10-11,P1008,12,65.46,785.52,WH-WEST,Online
T502709,2025-10-12,P1008,11,65.46,720.06,WH-WEST,Online
T502710,2025-10-13,P1008,3,65.46,196.38,WH-WEST,Online
T502711,2025-10-14,P1008,4,65.46,261.84,WH-WEST,Online
T502712,2025-10-15,P1008,4,65.46,261.84,WH-WEST,Online
T502713,2025-10-16,P1008,11,65.46,720.06,WH-WEST,In-Store
T502714,2025-10-17,P1008,13,65.46,850.98,WH-WEST,Online
T502715,2025-10-18,P1008,14,65.46,916.44,WH-WEST,Online
T502716,2025-10-19,P1008,10,65.46,654.6,WH-WEST,Online
T502717,2025-10-20,P1008,9,65.46,589.14,WH-WEST,Online
T502718,2025-10-21,P1008,14,65.46,916.44,WH-WEST,In-Store
T502719,2025-10-22,P1008,7,65.46,458.22,WH-WEST,Online
T502720,2025-10-23,P1008,5,65.46,327.3,WH-WEST,Online
T502721,2025-10-24,P1008,13,65.46,850.98,WH-WEST,Online
T502722,2025-10-25,P1008,12,65.46,785.52,WH-WEST,Online
T502723,2025-10-26,P1008,15,65.46,981.9,WH-WEST,Online
T502724,2025-10-27,P1008,6,65.46,392.76,WH-WEST,In-Store
T502725,2025-10-28,P1008,11,65.46,720.06,WH-WEST,In-Store
T502726,2025-10-29,P1008,5,65.46,327.3,WH-WEST,Online
T502727,2025-10-30,P1008,4,65.46,261.84,WH-WEST,In-Store
T502728,2025-10-31,P1008,5,65.46,327.3,WH-WEST,In-Store
T502729,2025-11-01,P1008,11,65.46,720.06,WH-WEST,Online
T502730,2025-11-02,P1008,7,65.46,458.22,WH-WEST,In-Store
T502731,2025-11-03,P1008,9,65.46,589.14,WH-WEST,Online
T502732,2025-11-04,P1008,8,65.46,523.68,WH-WEST,In-Store
T502733,2025-11-05,P1008,9,65.46,589.14,WH-WEST,In-Store
T502734,2025-11-06,P1008,9,65.46,589.14,WH-WEST,Online
T502735,2025-11-07,P1008,11,65.46,720.06,WH-WEST,In-Store
T502736,2025-11-08,P1008,15,65.46,981.9,WH-WEST,In-Store
T502737,2025-11-09,P1008,14,65.46,916.44,WH-WEST,Online
T502738,2025-11-10,P1008,7,65.46,458.22,WH-WEST,In-Store
T502739,2025-11-11,P1008,13,65.46,850.98,WH-WEST,Online
T502740,2025-11-12,P1008,11,65.46,720.06,WH-WEST,Online
T502741,2025-11-13,P1008,3,65.46,196.38,WH-WEST,Online
T502742,2025-11-14,P1008,9,65.46,589.14,WH-WEST,In-Store
T502743,2025-11-15,P1008,16,65.46,1047.36,WH-WEST,In-Store
T502744,2025-11-16,P1008,14,65.46,916.44,WH-WEST,Online
T502745,2025-11-17,P1008,8,65.46,523.68,WH-WEST,In-Store
T502746,2025-11-18,P1008,7,65.46,458.22,WH-WEST,In-Store
T502747,2025-11-19,P1008,9,65.46,589.14,WH-WEST,In-Store
T502748,2025-11-20,P1008,14,65.46,916.44,WH-WEST,Online
T502749,2025-11-21,P1008,4,65.46,261.84,WH-WEST,In-Store
T502750,2025-11-22,P1008,15,65.46,981.9,WH-WEST,Online
T502751,2025-11-23,P1008,13,65.46,850.98,WH-WEST,In-Store
T502752,2025-11-24,P1008,8,65.46,523.68,WH-WEST,Online
T502753,2025-11-25,P1008,7,65.46,458.22,WH-WEST,Online
T502754,2025-11-26,P1008,8,65.46,523.68,WH-WEST,Online
T502755,2025-11-27,P1008,15,65.46,981.9,WH-WEST,Online
T502756,2025-11-28,P1008,11,65.46,720.06,WH-WEST,Online
T502757,2025-11-29,P1008,8,65.46,523.68,WH-WEST,Online
T502758,2025-11-30,P1008,15,65.46,981.9,WH-WEST,Online
T502759,2025-12-01,P1008,13,65.46,850.98,WH-WEST,Online
T502760,2025-12-02,P1008,8,65.46,523.68,WH-WEST,In-Store
T502761,2025-12-03,P1008,6,65.46,392.76,WH-WEST,In-Store
T502762,2025-12-04,P1008,11,65.46,720.06,WH-WEST,In-Store
T502763,2025-12-05,P1008,12,65.46,785.52,WH-WEST,Online
T502764,2025-12-06,P1008,17,65.46,1112.82,WH-WEST,In-Store
T502765,2025-12-07,P1008,14,65.46,916.44,WH-WEST,Online
T502766,2025-12-08,P1008,8,65.46,523.68,WH-WEST,Online
T502767,2025-12-09,P1008,9,65.46,589.14,WH-WEST,Online
T502768,2025-12-10,P1008,6,65.46,392.76,WH-WEST,Online
T502769,2025-12-11,P1008,11,65.46,720.06,WH-WEST,Online
T502770,2025-12-12,P1008,13,65.46,850.98,WH-WEST,Online
T502771,2025-12-13,P1008,18,65.46,1178.28,WH-WEST,In-Store
T502772,2025-12-14,P1008,15,65.46,981.9,WH-WEST,Online
T502773,2025-12-15,P1008,14,65.46,916.44,WH-WEST,Online
T502774,2025-12-16,P1008,18,65.46,1178.28,WH-WEST,In-Store
T502775,2025-12-17,P1008,12,65.46,785.52,WH-WEST,Online
T502776,2025-12-18,P1008,11,65.46,720.06,WH-WEST,Online
T502777,2025-12-19,P1008,10,65.46,654.6,WH-WEST,In-Store
T502778,2025-12-20,P1008,16,65.46,1047.36,WH-WEST,In-Store
T502779,2025-12-21,P1008,13,65.46,850.98,WH-WEST,Online
T502780,2025-12-22,P1008,7,65.46,458.22,WH-WEST,Online
T502781,2025-12-23,P1008,14,65.46,916.44,WH-WEST,In-Store
T502782,2025-12-24,P1008,2,65.46,130.92,WH-WEST,Online
T502783,2025-12-25,P1008,6,65.46,392.76,WH-WEST,Online
T502784,2025-12-26,P1008,5,65.46,327.3,WH-WEST,Online
T502785,2025-12-27,P1008,10,65.46,654.6,WH-WEST,In-Store
T502786,2025-12-28,P1008,13,65.46,850.98,WH-WEST,In-Store
T502787,2025-12-29,P1008,13,65.46,850.98,WH-WEST,In-Store
T502788,2025-12-30,P1008,18,65.46,1178.28,WH-WEST,Online
T502789,2025-12-31,P1008,9,65.46,589.14,WH-WEST,Online
T502790,2026-01-01,P1008,4,65.46,261.84,WH-WEST,In-Store
T502791,2026-01-02,P1008,15,65.46,981.9,WH-WEST,Online
T502792,2026-01-03,P1008,19,65.46,1243.74,WH-WEST,In-Store
T502793,2026-01-04,P1008,13,65.46,850.98,WH-WEST,In-Store
T502794,2026-01-05,P1008,10,65.46,654.6,WH-WEST,In-Store
T502795,2026-01-06,P1008,6,65.46,392.76,WH-WEST,Online
T502796,2026-01-07,P1008,5,65.46,327.3,WH-WEST,In-Store
T502797,2026-01-08,P1008,7,65.46,458.22,WH-WEST,Online
T502798,2026-01-09,P1008,11,65.46,720.06,WH-WEST,Online
T502799,2026-01-10,P1008,14,65.46,916.44,WH-WEST,Online
T502800,2026-01-11,P1008,7,65.46,458.22,WH-WEST,Online
T502801,2026-01-12,P1008,8,65.46,523.68,WH-WEST,Online
T502802,2026-01-13,P1008,12,65.46,785.52,WH-WEST,Online
T502803,2026-01-14,P1008,9,65.46,589.14,WH-WEST,In-Store
T502804,2026-01-15,P1008,8,65.46,523.68,WH-WEST,In-Store
T502805,2026-01-16,P1008,10,65.46,654.6,WH-WEST,In-Store
T502806,2026-01-17,P1008,10,65.46,654.6,WH-WEST,Online
T502807,2026-01-18,P1008,7,65.46,458.22,WH-WEST,Online
T502808,2026-01-19,P1008,4,65.46,261.84,WH-WEST,Online
T502809,2026-01-20,P1008,9,65.46,589.14,WH-WEST,In-Store
T502810,2026-01-21,P1008,8,65.46,523.68,WH-WEST,Online
T502811,2026-01-22,P1008,5,65.46,327.3,WH-WEST,Online
T502812,2026-01-23,P1008,5,65.46,327.3,WH-WEST,In-Store
T502813,2026-01-24,P1008,11,65.46,720.06,WH-WEST,In-Store
T502814,2026-01-25,P1008,7,65.46,458.22,WH-WEST,In-Store
T502815,2026-01-26,P1008,4,65.46,261.84,WH-WEST,Online
T502816,2026-01-27,P1008,7,65.46,458.22,WH-WEST,In-Store
T502817,2026-01-28,P1008,3,65.46,196.38,WH-WEST,In-Store
T502818,2026-01-29,P1008,8,65.46,523.68,WH-WEST,In-Store
T502819,2026-01-30,P1008,6,65.46,392.76,WH-WEST,Online
T502820,2026-01-31,P1008,9,65.46,589.14,WH-WEST,Online
T502821,2026-02-01,P1008,13,65.46,850.98,WH-WEST,Online
T502822,2026-02-02,P1008,7,65.46,458.22,WH-WEST,Online
T502823,2026-02-03,P1008,6,65.46,392.76,WH-WEST,Online
T502824,2026-02-04,P1008,10,65.46,654.6,WH-WEST,In-Store
T502825,2026-02-05,P1008,7,65.46,458.22,WH-WEST,In-Store
T502826,2026-02-06,P1008,8,65.46,523.68,WH-WEST,Online
T502827,2026-02-07,P1008,12,65.46,785.52,WH-WEST,Online
T502828,2026-02-08,P1008,11,65.46,720.06,WH-WEST,Online
T502829,2026-02-09,P1008,6,65.46,392.76,WH-WEST,Online
T502830,2026-02-10,P1008,13,65.46,850.98,WH-WEST,Online
T502831,2026-02-11,P1008,10,65.46,654.6,WH-WEST,In-Store
T502832,2026-02-12,P1008,7,65.46,458.22,WH-WEST,Online
T502833,2026-02-13,P1008,7,65.46,458.22,WH-WEST,Online
T502834,2026-02-14,P1008,5,65.46,327.3,WH-WEST,In-Store
T502835,2026-02-15,P1008,16,65.46,1047.36,WH-WEST,Online
T502836,2026-02-16,P1008,7,65.46,458.22,WH-WEST,In-Store
T502837,2026-02-17,P1008,14,65.46,916.44,WH-WEST,Online
T502838,2026-02-18,P1008,4,65.46,261.84,WH-WEST,Online
T502839,2026-02-19,P1008,10,65.46,654.6,WH-WEST,In-Store
T502840,2026-02-20,P1008,8,65.46,523.68,WH-WEST,Online
T502841,2026-02-21,P1008,10,65.46,654.6,WH-WEST,In-Store
T502842,2026-02-22,P1008,9,65.46,589.14,WH-WEST,Online
T502843,2026-02-23,P1008,8,65.46,523.68,WH-WEST,Online
T502844,2026-02-24,P1008,11,65.46,720.06,WH-WEST,Online
T502845,2026-02-25,P1008,4,65.46,261.84,WH-WEST,In-Store
T502846,2026-02-26,P1008,5,65.46,327.3,WH-WEST,In-Store
T502847,2026-02-27,P1008,8,65.46,523.68,WH-WEST,Online
T502848,2026-02-28,P1008,9,65.46,589.14,WH-WEST,In-Store
T502849,2026-03-01,P1008,11,65.46,720.06,WH-WEST,In-Store
T502850,2026-03-02,P1008,13,65.46,850.98,WH-WEST,In-Store
T502851,2026-03-03,P1008,12,65.46,785.52,WH-WEST,Online
T502852,2026-03-04,P1008,8,65.46,523.68,WH-WEST,Online
T502853,2026-03-05,P1008,4,65.46,261.84,WH-WEST,Online
T502854,2026-03-06,P1008,14,65.46,916.44,WH-WEST,In-Store
T502855,2026-03-07,P1008,6,65.46,392.76,WH-WEST,Online
T502856,2026-03-08,P1008,11,65.46,720.06,WH-WEST,In-Store
T502857,2026-03-09,P1008,3,65.46,196.38,WH-WEST,In-Store
T502858,2026-03-10,P1008,9,65.46,589.14,WH-WEST,In-Store
T502859,2026-03-11,P1008,12,65.46,785.52,WH-WEST,In-Store
T502860,2026-03-12,P1008,9,65.46,589.14,WH-WEST,Online
T502861,2026-03-13,P1008,6,65.46,392.76,WH-WEST,Online
T502862,2026-03-14,P1008,10,65.46,654.6,WH-WEST,Online
T502863,2026-03-15,P1008,9,65.46,589.14,WH-WEST,In-Store
T502864,2026-03-16,P1008,7,65.46,458.22,WH-WEST,Online
T502865,2026-03-17,P1008,7,65.46,458.22,WH-WEST,Online
T502866,2026-03-18,P1008,2,65.46,130.92,WH-WEST,Online
T502867,2026-03-19,P1008,9,65.46,589.14,WH-WEST,In-Store
T502868,2026-03-20,P1008,4,65.46,261.84,WH-WEST,Online
T502869,2026-03-21,P1008,9,65.46,589.14,WH-WEST,Online
T502870,2026-03-22,P1008,13,65.46,850.98,WH-WEST,Online
T502871,2026-03-23,P1008,1,65.46,65.46,WH-WEST,In-Store
T502872,2026-03-24,P1008,10,65.46,654.6,WH-WEST,Online
T502873,2026-03-25,P1008,12,65.46,785.52,WH-WEST,Online
T502874,2026-03-26,P1008,6,65.46,392.76,WH-WEST,In-Store
T502875,2026-03-27,P1008,6,65.46,392.76,WH-WEST,In-Store
T502876,2026-03-28,P1008,8,65.46,523.68,WH-WEST,In-Store
T502877,2026-03-29,P1008,7,65.46,458.22,WH-WEST,In-Store
T502878,2026-03-30,P1008,8,65.46,523.68,WH-WEST,Online
T502879,2026-03-31,P1008,6,65.46,392.76,WH-WEST,In-Store
T502880,2026-04-01,P1008,7,65.46,458.22,WH-WEST,Online
T502881,2026-04-02,P1008,6,65.46,392.76,WH-WEST,Online
T502882,2026-04-03,P1008,8,65.46,523.68,WH-WEST,Online
T502883,2026-04-04,P1008,11,65.46,720.06,WH-WEST,Online
T502884,2026-04-05,P1008,10,65.46,654.6,WH-WEST,Online
T502885,2026-04-06,P1008,8,65.46,523.68,WH-WEST,In-Store
T502886,2026-04-07,P1008,6,65.46,392.76,WH-WEST,In-Store
T502887,2026-04-08,P1008,6,65.46,392.76,WH-WEST,Online
T502888,2026-04-09,P1008,8,65.46,523.68,WH-WEST,Online
T502889,2026-04-10,P1008,4,65.46,261.84,WH-WEST,In-Store
T502890,2026-04-11,P1008,10,65.46,654.6,WH-WEST,Online
T502891,2026-04-12,P1008,8,65.46,523.68,WH-WEST,Online
T502892,2026-04-13,P1008,6,65.46,392.76,WH-WEST,Online
T502893,2026-04-14,P1008,3,65.46,196.38,WH-WEST,Online
T502894,2026-04-15,P1008,4,65.46,261.84,WH-WEST,Online
T502895,2026-04-16,P1008,5,65.46,327.3,WH-WEST,Online
T502896,2026-04-17,P1008,10,65.46,654.6,WH-WEST,Online
T502897,2026-04-18,P1008,12,65.46,785.52,WH-WEST,Online
T502898,2026-04-19,P1008,12,65.46,785.52,WH-WEST,Online
T502899,2026-04-20,P1008,8,65.46,523.68,WH-WEST,Online
T502900,2026-04-21,P1008,5,65.46,327.3,WH-WEST,Online
T502901,2026-04-22,P1008,5,65.46,327.3,WH-WEST,Online
T502902,2026-04-23,P1008,7,65.46,458.22,WH-WEST,In-Store
T502903,2026-04-24,P1008,6,65.46,392.76,WH-WEST,Online
T502904,2026-04-25,P1008,12,65.46,785.52,WH-WEST,In-Store
T502905,2026-04-26,P1008,12,65.46,785.52,WH-WEST,Online
T502906,2026-04-27,P1008,8,65.46,523.68,WH-WEST,Online
T502907,2026-04-28,P1008,1,65.46,65.46,WH-WEST,Online
T502908,2026-04-29,P1008,4,65.46,261.84,WH-WEST,In-Store
T502909,2026-04-30,P1008,6,65.46,392.76,WH-WEST,In-Store
T502910,2026-05-01,P1008,8,65.46,523.68,WH-WEST,Online
T502911,2026-05-02,P1008,5,65.46,327.3,WH-WEST,In-Store
T502912,2026-05-03,P1008,10,65.46,654.6,WH-WEST,In-Store
T502913,2026-05-04,P1008,4,65.46,261.84,WH-WEST,In-Store
T502914,2026-05-05,P1008,3,65.46,196.38,WH-WEST,Online
T502915,2026-05-06,P1008,7,65.46,458.22,WH-WEST,In-Store
T502916,2026-05-07,P1008,4,65.46,261.84,WH-WEST,In-Store
T502917,2026-05-08,P1008,6,65.46,392.76,WH-WEST,In-Store
T502918,2026-05-09,P1008,12,65.46,785.52,WH-WEST,Online
T502919,2026-05-10,P1008,13,65.46,850.98,WH-WEST,In-Store
T502920,2026-05-11,P1008,8,65.46,523.68,WH-WEST,Online
T502921,2026-05-12,P1008,10,65.46,654.6,WH-WEST,Online
T502922,2026-05-13,P1008,6,65.46,392.76,WH-WEST,In-Store
T502923,2026-05-14,P1008,7,65.46,458.22,WH-WEST,In-Store
T502924,2026-05-15,P1008,4,65.46,261.84,WH-WEST,In-Store
T502925,2026-05-16,P1008,9,65.46,589.14,WH-WEST,Online
T502926,2026-05-17,P1008,9,65.46,589.14,WH-WEST,Online
T502927,2026-05-18,P1008,4,65.46,261.84,WH-WEST,Online
T502928,2026-05-19,P1008,5,65.46,327.3,WH-WEST,In-Store
T502929,2026-05-20,P1008,4,65.46,261.84,WH-WEST,In-Store
T502930,2026-05-21,P1008,5,65.46,327.3,WH-WEST,Online
T502931,2026-05-22,P1008,7,65.46,458.22,WH-WEST,Online
T502932,2026-05-23,P1008,13,65.46,850.98,WH-WEST,Online
T502933,2026-05-24,P1008,11,65.46,720.06,WH-WEST,Online
T502934,2026-05-25,P1008,6,65.46,392.76,WH-WEST,Online
T502935,2026-05-26,P1008,7,65.46,458.22,WH-WEST,Online
T502936,2026-05-27,P1008,10,65.46,654.6,WH-WEST,Online
T502937,2026-05-28,P1008,7,65.46,458.22,WH-WEST,Online
T502938,2026-05-29,P1008,4,65.46,261.84,WH-WEST,In-Store
T502939,2026-05-30,P1008,5,65.46,327.3,WH-WEST,Online
T502940,2026-05-31,P1008,11,65.46,720.06,WH-WEST,In-Store
T502941,2026-06-01,P1008,2,65.46,130.92,WH-WEST,Online
T502942,2026-06-02,P1008,5,65.46,327.3,WH-WEST,Online
T502943,2026-06-03,P1008,10,65.46,654.6,WH-WEST,Online
T502944,2026-06-04,P1008,4,65.46,261.84,WH-WEST,Online
T502945,2026-06-05,P1008,8,65.46,523.68,WH-WEST,In-Store
T502946,2026-06-06,P1008,7,65.46,458.22,WH-WEST,Online
T502947,2026-06-07,P1008,10,65.46,654.6,WH-WEST,Online
T502948,2026-06-08,P1008,3,65.46,196.38,WH-WEST,In-Store
T502949,2026-06-09,P1008,11,65.46,720.06,WH-WEST,Online
T502950,2026-06-10,P1008,7,65.46,458.22,WH-WEST,Online
T502951,2026-06-11,P1008,10,65.46,654.6,WH-WEST,In-Store
T502952,2026-06-12,P1008,7,65.46,458.22,WH-WEST,In-Store
T502953,2026-06-13,P1008,10,65.46,654.6,WH-WEST,Online
T502954,2026-06-14,P1008,10,65.46,654.6,WH-WEST,In-Store
T502955,2026-06-15,P1008,10,65.46,654.6,WH-WEST,In-Store
T502956,2026-06-16,P1008,7,65.46,458.22,WH-WEST,In-Store
T502957,2026-06-17,P1008,5,65.46,327.3,WH-WEST,In-Store
T502958,2026-06-18,P1008,5,65.46,327.3,WH-WEST,In-Store
T502959,2026-06-19,P1008,8,65.46,523.68,WH-WEST,Online
T502960,2026-06-20,P1008,11,65.46,720.06,WH-WEST,In-Store
T502961,2026-06-21,P1008,10,65.46,654.6,WH-WEST,Online
T502962,2026-06-22,P1008,10,65.46,654.6,WH-WEST,In-Store
T502963,2026-06-23,P1008,4,65.46,261.84,WH-WEST,Online
T502964,2026-06-24,P1008,8,65.46,523.68,WH-WEST,In-Store
T502965,2026-06-25,P1008,9,65.46,589.14,WH-WEST,Online
T502966,2026-06-26,P1008,3,65.46,196.38,WH-WEST,Online
T502967,2026-06-27,P1008,5,65.46,327.3,WH-WEST,In-Store
T502968,2026-06-28,P1008,11,65.46,720.06,WH-WEST,Online
T502969,2026-06-29,P1008,12,65.46,785.52,WH-WEST,Online
T502970,2026-06-30,P1008,11,65.46,720.06,WH-WEST,Online
T502971,2026-07-01,P1008,6,65.46,392.76,WH-WEST,Online
T502972,2026-07-02,P1008,4,65.46,261.84,WH-WEST,Online
T502973,2026-07-03,P1008,9,65.46,589.14,WH-WEST,In-Store
T502974,2026-07-04,P1008,12,65.46,785.52,WH-WEST,Online
T502975,2026-07-05,P1008,11,65.46,720.06,WH-WEST,Online
T502976,2026-07-06,P1008,5,65.46,327.3,WH-WEST,Online
T502977,2026-07-07,P1008,6,65.46,392.76,WH-WEST,Online
T502978,2026-07-08,P1008,10,65.46,654.6,WH-WEST,Online
T502979,2026-07-09,P1008,7,65.46,458.22,WH-WEST,In-Store
T502980,2026-07-10,P1008,6,65.46,392.76,WH-WEST,Online
T502981,2026-07-11,P1008,10,65.46,654.6,WH-WEST,Online
T502982,2026-07-12,P1008,7,65.46,458.22,WH-WEST,Online
T502983,2026-07-13,P1008,12,65.46,785.52,WH-WEST,In-Store
T502984,2026-07-14,P1008,10,65.46,654.6,WH-WEST,In-Store
T502985,2026-07-15,P1008,4,65.46,261.84,WH-WEST,Online
T502986,2026-07-16,P1008,6,65.46,392.76,WH-WEST,In-Store
T502987,2026-07-17,P1008,8,65.46,523.68,WH-WEST,Online
T502988,2026-07-18,P1008,7,65.46,458.22,WH-WEST,Online
T502989,2026-07-19,P1008,15,65.46,981.9,WH-WEST,Online
T502990,2026-07-20,P1008,6,65.46,392.76,WH-WEST,Online
T502991,2026-07-21,P1008,13,65.46,850.98,WH-WEST,In-Store
T502992,2026-07-22,P1008,12,65.46,785.52,WH-WEST,In-Store
T502993,2026-07-23,P1008,7,65.46,458.22,WH-WEST,Online
T502994,2026-07-24,P1008,12,65.46,785.52,WH-WEST,Online
T502995,2026-07-25,P1008,19,65.46,1243.74,WH-WEST,In-Store
T502996,2026-07-26,P1008,13,65.46,850.98,WH-WEST,Online
T502997,2026-07-27,P1008,7,65.46,458.22,WH-WEST,Online
T502998,2026-07-28,P1008,4,65.46,261.84,WH-WEST,Online
T502999,2026-07-29,P1008,8,65.46,523.68,WH-WEST,In-Store
T503000,2026-07-30,P1008,10,65.46,654.6,WH-WEST,Online
T503001,2026-07-31,P1008,6,65.46,392.76,WH-WEST,Online
T503002,2026-08-01,P1008,11,65.46,720.06,WH-WEST,Online
T503003,2026-08-02,P1008,10,65.46,654.6,WH-WEST,Online
T503004,2026-08-03,P1008,17,65.46,1112.82,WH-WEST,In-Store
T503005,2026-08-04,P1008,10,65.46,654.6,WH-WEST,Online
T503006,2026-08-05,P1008,11,65.46,720.06,WH-WEST,In-Store
T503007,2026-08-06,P1008,8,65.46,523.68,WH-WEST,In-Store
T503008,2026-08-07,P1008,14,65.46,916.44,WH-WEST,Online
T503009,2026-08-08,P1008,14,65.46,916.44,WH-WEST,Online
T503010,2026-08-09,P1008,13,65.46,850.98,WH-WEST,Online
T503011,2026-08-10,P1008,8,65.46,523.68,WH-WEST,In-Store
T503012,2026-08-11,P1008,11,65.46,720.06,WH-WEST,In-Store
T503013,2026-08-12,P1008,14,65.46,916.44,WH-WEST,Online
T503014,2026-08-13,P1008,8,65.46,523.68,WH-WEST,Online
T503015,2025-08-15,P1009,1,133.93,133.93,WH-WEST,In-Store
T503016,2025-08-17,P1009,3,133.93,401.79,WH-WEST,In-Store
T503017,2025-08-18,P1009,1,133.93,133.93,WH-WEST,In-Store
T503018,2025-08-19,P1009,4,133.93,535.72,WH-WEST,Online
T503019,2025-08-20,P1009,1,133.93,133.93,WH-WEST,In-Store
T503020,2025-08-21,P1009,1,133.93,133.93,WH-WEST,In-Store
T503021,2025-08-22,P1009,5,133.93,669.65,WH-WEST,Online
T503022,2025-08-23,P1009,1,133.93,133.93,WH-WEST,Online
T503023,2025-08-25,P1009,3,133.93,401.79,WH-WEST,Online
T503024,2025-08-26,P1009,2,133.93,267.86,WH-WEST,Online
T503025,2025-08-27,P1009,2,133.93,267.86,WH-WEST,Online
T503026,2025-08-28,P1009,5,133.93,669.65,WH-WEST,Online
T503027,2025-08-29,P1009,1,133.93,133.93,WH-WEST,Online
T503028,2025-08-30,P1009,3,133.93,401.79,WH-WEST,Online
T503029,2025-08-31,P1009,4,133.93,535.72,WH-WEST,In-Store
T503030,2025-09-01,P1009,1,133.93,133.93,WH-WEST,Online
T503031,2025-09-02,P1009,2,133.93,267.86,WH-WEST,In-Store
T503032,2025-09-03,P1009,1,133.93,133.93,WH-WEST,In-Store
T503033,2025-09-05,P1009,1,133.93,133.93,WH-WEST,In-Store
T503034,2025-09-06,P1009,1,133.93,133.93,WH-WEST,In-Store
T503035,2025-09-07,P1009,5,133.93,669.65,WH-WEST,In-Store
T503036,2025-09-08,P1009,2,133.93,267.86,WH-WEST,Online
T503037,2025-09-09,P1009,3,133.93,401.79,WH-WEST,Online
T503038,2025-09-10,P1009,2,133.93,267.86,WH-WEST,Online
T503039,2025-09-11,P1009,3,133.93,401.79,WH-WEST,Online
T503040,2025-09-12,P1009,2,133.93,267.86,WH-WEST,Online
T503041,2025-09-13,P1009,1,133.93,133.93,WH-WEST,Online
T503042,2025-09-14,P1009,1,133.93,133.93,WH-WEST,Online
T503043,2025-09-15,P1009,5,133.93,669.65,WH-WEST,Online
T503044,2025-09-16,P1009,2,133.93,267.86,WH-WEST,Online
T503045,2025-09-17,P1009,7,133.93,937.51,WH-WEST,Online
T503046,2025-09-18,P1009,2,133.93,267.86,WH-WEST,In-Store
T503047,2025-09-19,P1009,2,133.93,267.86,WH-WEST,In-Store
T503048,2025-09-20,P1009,4,133.93,535.72,WH-WEST,Online
T503049,2025-09-21,P1009,2,133.93,267.86,WH-WEST,Online
T503050,2025-09-22,P1009,2,133.93,267.86,WH-WEST,In-Store
T503051,2025-09-23,P1009,1,133.93,133.93,WH-WEST,In-Store
T503052,2025-09-24,P1009,1,133.93,133.93,WH-WEST,In-Store
T503053,2025-09-25,P1009,3,133.93,401.79,WH-WEST,Online
T503054,2025-09-26,P1009,1,133.93,133.93,WH-WEST,Online
T503055,2025-09-27,P1009,2,133.93,267.86,WH-WEST,Online
T503056,2025-09-28,P1009,4,133.93,535.72,WH-WEST,Online
T503057,2025-09-29,P1009,2,133.93,267.86,WH-WEST,Online
T503058,2025-09-30,P1009,1,133.93,133.93,WH-WEST,Online
T503059,2025-10-01,P1009,1,133.93,133.93,WH-WEST,Online
T503060,2025-10-02,P1009,2,133.93,267.86,WH-WEST,Online
T503061,2025-10-03,P1009,3,133.93,401.79,WH-WEST,Online
T503062,2025-10-04,P1009,4,133.93,535.72,WH-WEST,In-Store
T503063,2025-10-05,P1009,2,133.93,267.86,WH-WEST,Online
T503064,2025-10-06,P1009,1,133.93,133.93,WH-WEST,Online
T503065,2025-10-07,P1009,2,133.93,267.86,WH-WEST,In-Store
T503066,2025-10-08,P1009,5,133.93,669.65,WH-WEST,In-Store
T503067,2025-10-09,P1009,1,133.93,133.93,WH-WEST,Online
T503068,2025-10-10,P1009,1,133.93,133.93,WH-WEST,Online
T503069,2025-10-11,P1009,5,133.93,669.65,WH-WEST,Online
T503070,2025-10-12,P1009,2,133.93,267.86,WH-WEST,Online
T503071,2025-10-13,P1009,2,133.93,267.86,WH-WEST,Online
T503072,2025-10-14,P1009,1,133.93,133.93,WH-WEST,Online
T503073,2025-10-17,P1009,1,133.93,133.93,WH-WEST,Online
T503074,2025-10-18,P1009,1,133.93,133.93,WH-WEST,Online
T503075,2025-10-19,P1009,4,133.93,535.72,WH-WEST,Online
T503076,2025-10-20,P1009,5,133.93,669.65,WH-WEST,Online
T503077,2025-10-21,P1009,2,133.93,267.86,WH-WEST,In-Store
T503078,2025-10-23,P1009,3,133.93,401.79,WH-WEST,Online
T503079,2025-10-24,P1009,1,133.93,133.93,WH-WEST,Online
T503080,2025-10-25,P1009,2,133.93,267.86,WH-WEST,Online
T503081,2025-10-26,P1009,1,133.93,133.93,WH-WEST,Online
T503082,2025-10-29,P1009,1,133.93,133.93,WH-WEST,In-Store
T503083,2025-10-30,P1009,2,133.93,267.86,WH-WEST,Online
T503084,2025-10-31,P1009,4,133.93,535.72,WH-WEST,In-Store
T503085,2025-11-01,P1009,3,133.93,401.79,WH-WEST,Online
T503086,2025-11-02,P1009,2,133.93,267.86,WH-WEST,In-Store
T503087,2025-11-03,P1009,1,133.93,133.93,WH-WEST,Online
T503088,2025-11-04,P1009,1,133.93,133.93,WH-WEST,Online
T503089,2025-11-05,P1009,3,133.93,401.79,WH-WEST,In-Store
T503090,2025-11-06,P1009,4,133.93,535.72,WH-WEST,In-Store
T503091,2025-11-07,P1009,1,133.93,133.93,WH-WEST,Online
T503092,2025-11-08,P1009,2,133.93,267.86,WH-WEST,Online
T503093,2025-11-10,P1009,1,133.93,133.93,WH-WEST,Online
T503094,2025-11-11,P1009,2,133.93,267.86,WH-WEST,In-Store
T503095,2025-11-12,P1009,3,133.93,401.79,WH-WEST,Online
T503096,2025-11-13,P1009,2,133.93,267.86,WH-WEST,In-Store
T503097,2025-11-14,P1009,1,133.93,133.93,WH-WEST,Online
T503098,2025-11-15,P1009,1,133.93,133.93,WH-WEST,Online
T503099,2025-11-16,P1009,1,133.93,133.93,WH-WEST,Online
T503100,2025-11-18,P1009,2,133.93,267.86,WH-WEST,Online
T503101,2025-11-19,P1009,3,133.93,401.79,WH-WEST,In-Store
T503102,2025-11-20,P1009,2,133.93,267.86,WH-WEST,Online
T503103,2025-11-21,P1009,3,133.93,401.79,WH-WEST,Online
T503104,2025-11-22,P1009,2,133.93,267.86,WH-WEST,Online
T503105,2025-11-23,P1009,4,133.93,535.72,WH-WEST,Online
T503106,2025-11-24,P1009,5,133.93,669.65,WH-WEST,In-Store
T503107,2025-11-25,P1009,3,133.93,401.79,WH-WEST,Online
T503108,2025-11-27,P1009,2,133.93,267.86,WH-WEST,In-Store
T503109,2025-11-28,P1009,2,133.93,267.86,WH-WEST,In-Store
T503110,2025-11-30,P1009,3,133.93,401.79,WH-WEST,Online
T503111,2025-12-01,P1009,4,133.93,535.72,WH-WEST,Online
T503112,2025-12-02,P1009,1,133.93,133.93,WH-WEST,Online
T503113,2025-12-04,P1009,1,133.93,133.93,WH-WEST,Online
T503114,2025-12-05,P1009,1,133.93,133.93,WH-WEST,Online
T503115,2025-12-06,P1009,2,133.93,267.86,WH-WEST,In-Store
T503116,2025-12-07,P1009,3,133.93,401.79,WH-WEST,In-Store
T503117,2025-12-08,P1009,3,133.93,401.79,WH-WEST,Online
T503118,2025-12-09,P1009,2,133.93,267.86,WH-WEST,Online
T503119,2025-12-10,P1009,1,133.93,133.93,WH-WEST,Online
T503120,2025-12-11,P1009,2,133.93,267.86,WH-WEST,In-Store
T503121,2025-12-12,P1009,3,133.93,401.79,WH-WEST,Online
T503122,2025-12-13,P1009,2,133.93,267.86,WH-WEST,Online
T503123,2025-12-14,P1009,2,133.93,267.86,WH-WEST,Online
T503124,2025-12-15,P1009,2,133.93,267.86,WH-WEST,Online
T503125,2025-12-16,P1009,3,133.93,401.79,WH-WEST,In-Store
T503126,2025-12-19,P1009,6,133.93,803.58,WH-WEST,In-Store
T503127,2025-12-20,P1009,1,133.93,133.93,WH-WEST,In-Store
T503128,2025-12-21,P1009,1,133.93,133.93,WH-WEST,Online
T503129,2025-12-22,P1009,3,133.93,401.79,WH-WEST,In-Store
T503130,2025-12-23,P1009,4,133.93,535.72,WH-WEST,Online
T503131,2025-12-24,P1009,4,133.93,535.72,WH-WEST,Online
T503132,2025-12-25,P1009,1,133.93,133.93,WH-WEST,Online
T503133,2025-12-26,P1009,2,133.93,267.86,WH-WEST,Online
T503134,2025-12-27,P1009,4,133.93,535.72,WH-WEST,In-Store
T503135,2025-12-28,P1009,2,133.93,267.86,WH-WEST,Online
T503136,2025-12-29,P1009,2,133.93,267.86,WH-WEST,In-Store
T503137,2025-12-30,P1009,2,133.93,267.86,WH-WEST,Online
T503138,2025-12-31,P1009,1,133.93,133.93,WH-WEST,Online
T503139,2026-01-01,P1009,2,133.93,267.86,WH-WEST,Online
T503140,2026-01-02,P1009,1,133.93,133.93,WH-WEST,Online
T503141,2026-01-03,P1009,2,133.93,267.86,WH-WEST,In-Store
T503142,2026-01-04,P1009,2,133.93,267.86,WH-WEST,In-Store
T503143,2026-01-06,P1009,2,133.93,267.86,WH-WEST,In-Store
T503144,2026-01-08,P1009,1,133.93,133.93,WH-WEST,In-Store
T503145,2026-01-10,P1009,3,133.93,401.79,WH-WEST,Online
T503146,2026-01-12,P1009,4,133.93,535.72,WH-WEST,Online
T503147,2026-01-13,P1009,4,133.93,535.72,WH-WEST,Online
T503148,2026-01-14,P1009,3,133.93,401.79,WH-WEST,Online
T503149,2026-01-15,P1009,1,133.93,133.93,WH-WEST,In-Store
T503150,2026-01-17,P1009,2,133.93,267.86,WH-WEST,Online
T503151,2026-01-18,P1009,1,133.93,133.93,WH-WEST,In-Store
T503152,2026-01-19,P1009,1,133.93,133.93,WH-WEST,Online
T503153,2026-01-20,P1009,3,133.93,401.79,WH-WEST,Online
T503154,2026-01-21,P1009,1,133.93,133.93,WH-WEST,Online
T503155,2026-01-22,P1009,2,133.93,267.86,WH-WEST,Online
T503156,2026-01-24,P1009,3,133.93,401.79,WH-WEST,In-Store
T503157,2026-01-26,P1009,4,133.93,535.72,WH-WEST,In-Store
T503158,2026-01-27,P1009,1,133.93,133.93,WH-WEST,Online
T503159,2026-01-28,P1009,4,133.93,535.72,WH-WEST,In-Store
T503160,2026-01-29,P1009,1,133.93,133.93,WH-WEST,In-Store
T503161,2026-01-31,P1009,2,133.93,267.86,WH-WEST,Online
T503162,2026-02-02,P1009,3,133.93,401.79,WH-WEST,Online
T503163,2026-02-03,P1009,1,133.93,133.93,WH-WEST,Online
T503164,2026-02-04,P1009,1,133.93,133.93,WH-WEST,Online
T503165,2026-02-05,P1009,4,133.93,535.72,WH-WEST,In-Store
T503166,2026-02-07,P1009,6,133.93,803.58,WH-WEST,In-Store
T503167,2026-02-08,P1009,2,133.93,267.86,WH-WEST,Online
T503168,2026-02-09,P1009,1,133.93,133.93,WH-WEST,In-Store
T503169,2026-02-10,P1009,2,133.93,267.86,WH-WEST,In-Store
T503170,2026-02-11,P1009,1,133.93,133.93,WH-WEST,In-Store
T503171,2026-02-13,P1009,2,133.93,267.86,WH-WEST,Online
T503172,2026-02-16,P1009,1,133.93,133.93,WH-WEST,In-Store
T503173,2026-02-19,P1009,1,133.93,133.93,WH-WEST,Online
T503174,2026-02-20,P1009,1,133.93,133.93,WH-WEST,In-Store
T503175,2026-02-21,P1009,1,133.93,133.93,WH-WEST,Online
T503176,2026-02-22,P1009,1,133.93,133.93,WH-WEST,In-Store
T503177,2026-02-23,P1009,1,133.93,133.93,WH-WEST,Online
T503178,2026-02-24,P1009,4,133.93,535.72,WH-WEST,In-Store
T503179,2026-02-25,P1009,4,133.93,535.72,WH-WEST,Online
T503180,2026-02-26,P1009,1,133.93,133.93,WH-WEST,Online
T503181,2026-02-27,P1009,1,133.93,133.93,WH-WEST,Online
T503182,2026-02-28,P1009,2,133.93,267.86,WH-WEST,In-Store
T503183,2026-03-02,P1009,1,133.93,133.93,WH-WEST,Online
T503184,2026-03-03,P1009,2,133.93,267.86,WH-WEST,Online
T503185,2026-03-04,P1009,1,133.93,133.93,WH-WEST,Online
T503186,2026-03-05,P1009,1,133.93,133.93,WH-WEST,In-Store
T503187,2026-03-06,P1009,2,133.93,267.86,WH-WEST,Online
T503188,2026-03-08,P1009,2,133.93,267.86,WH-WEST,Online
T503189,2026-03-11,P1009,2,133.93,267.86,WH-WEST,Online
T503190,2026-03-12,P1009,1,133.93,133.93,WH-WEST,Online
T503191,2026-03-13,P1009,6,133.93,803.58,WH-WEST,In-Store
T503192,2026-03-14,P1009,2,133.93,267.86,WH-WEST,Online
T503193,2026-03-15,P1009,3,133.93,401.79,WH-WEST,Online
T503194,2026-03-16,P1009,2,133.93,267.86,WH-WEST,In-Store
T503195,2026-03-17,P1009,1,133.93,133.93,WH-WEST,Online
T503196,2026-03-20,P1009,1,133.93,133.93,WH-WEST,Online
T503197,2026-03-21,P1009,3,133.93,401.79,WH-WEST,In-Store
T503198,2026-03-22,P1009,5,133.93,669.65,WH-WEST,Online
T503199,2026-03-27,P1009,1,133.93,133.93,WH-WEST,In-Store
T503200,2026-03-28,P1009,1,133.93,133.93,WH-WEST,Online
T503201,2026-03-30,P1009,2,133.93,267.86,WH-WEST,In-Store
T503202,2026-03-31,P1009,1,133.93,133.93,WH-WEST,In-Store
T503203,2026-04-01,P1009,1,133.93,133.93,WH-WEST,In-Store
T503204,2026-04-03,P1009,1,133.93,133.93,WH-WEST,In-Store
T503205,2026-04-04,P1009,1,133.93,133.93,WH-WEST,Online
T503206,2026-04-06,P1009,1,133.93,133.93,WH-WEST,In-Store
T503207,2026-04-07,P1009,2,133.93,267.86,WH-WEST,Online
T503208,2026-04-08,P1009,1,133.93,133.93,WH-WEST,In-Store
T503209,2026-04-09,P1009,1,133.93,133.93,WH-WEST,In-Store
T503210,2026-04-11,P1009,2,133.93,267.86,WH-WEST,In-Store
T503211,2026-04-12,P1009,2,133.93,267.86,WH-WEST,Online
T503212,2026-04-13,P1009,1,133.93,133.93,WH-WEST,In-Store
T503213,2026-04-14,P1009,1,133.93,133.93,WH-WEST,In-Store
T503214,2026-04-15,P1009,1,133.93,133.93,WH-WEST,Online
T503215,2026-04-17,P1009,3,133.93,401.79,WH-WEST,In-Store
T503216,2026-04-19,P1009,3,133.93,401.79,WH-WEST,In-Store
T503217,2026-04-20,P1009,1,133.93,133.93,WH-WEST,Online
T503218,2026-04-21,P1009,2,133.93,267.86,WH-WEST,In-Store
T503219,2026-04-23,P1009,1,133.93,133.93,WH-WEST,Online
T503220,2026-04-24,P1009,1,133.93,133.93,WH-WEST,Online
T503221,2026-04-25,P1009,1,133.93,133.93,WH-WEST,Online
T503222,2026-04-26,P1009,2,133.93,267.86,WH-WEST,Online
T503223,2026-04-27,P1009,2,133.93,267.86,WH-WEST,In-Store
T503224,2026-04-28,P1009,3,133.93,401.79,WH-WEST,Online
T503225,2026-04-30,P1009,1,133.93,133.93,WH-WEST,Online
T503226,2026-05-02,P1009,1,133.93,133.93,WH-WEST,Online
T503227,2026-05-03,P1009,2,133.93,267.86,WH-WEST,Online
T503228,2026-05-07,P1009,2,133.93,267.86,WH-WEST,Online
T503229,2026-05-09,P1009,2,133.93,267.86,WH-WEST,Online
T503230,2026-05-10,P1009,2,133.93,267.86,WH-WEST,Online
T503231,2026-05-11,P1009,4,133.93,535.72,WH-WEST,Online
T503232,2026-05-12,P1009,2,133.93,267.86,WH-WEST,Online
T503233,2026-05-14,P1009,2,133.93,267.86,WH-WEST,Online
T503234,2026-05-16,P1009,4,133.93,535.72,WH-WEST,Online
T503235,2026-05-17,P1009,2,133.93,267.86,WH-WEST,Online
T503236,2026-05-18,P1009,1,133.93,133.93,WH-WEST,Online
T503237,2026-05-19,P1009,3,133.93,401.79,WH-WEST,In-Store
T503238,2026-05-20,P1009,1,133.93,133.93,WH-WEST,Online
T503239,2026-05-21,P1009,1,133.93,133.93,WH-WEST,In-Store
T503240,2026-05-30,P1009,1,133.93,133.93,WH-WEST,Online
T503241,2026-05-31,P1009,1,133.93,133.93,WH-WEST,Online
T503242,2026-06-01,P1009,2,133.93,267.86,WH-WEST,In-Store
T503243,2026-06-02,P1009,1,133.93,133.93,WH-WEST,Online
T503244,2026-06-04,P1009,2,133.93,267.86,WH-WEST,Online
T503245,2026-06-06,P1009,1,133.93,133.93,WH-WEST,In-Store
T503246,2026-06-07,P1009,3,133.93,401.79,WH-WEST,Online
T503247,2026-06-08,P1009,1,133.93,133.93,WH-WEST,In-Store
T503248,2026-06-09,P1009,1,133.93,133.93,WH-WEST,In-Store
T503249,2026-06-10,P1009,2,133.93,267.86,WH-WEST,Online
T503250,2026-06-11,P1009,1,133.93,133.93,WH-WEST,Online
T503251,2026-06-12,P1009,1,133.93,133.93,WH-WEST,In-Store
T503252,2026-06-13,P1009,1,133.93,133.93,WH-WEST,In-Store
T503253,2026-06-14,P1009,1,133.93,133.93,WH-WEST,In-Store
T503254,2026-06-15,P1009,1,133.93,133.93,WH-WEST,In-Store
T503255,2026-06-16,P1009,2,133.93,267.86,WH-WEST,Online
T503256,2026-06-17,P1009,1,133.93,133.93,WH-WEST,Online
T503257,2026-06-18,P1009,2,133.93,267.86,WH-WEST,Online
T503258,2026-06-20,P1009,3,133.93,401.79,WH-WEST,Online
T503259,2026-06-21,P1009,3,133.93,401.79,WH-WEST,Online
T503260,2026-06-22,P1009,3,133.93,401.79,WH-WEST,In-Store
T503261,2026-06-24,P1009,4,133.93,535.72,WH-WEST,Online
T503262,2026-06-27,P1009,1,133.93,133.93,WH-WEST,In-Store
T503263,2026-06-28,P1009,2,133.93,267.86,WH-WEST,Online
T503264,2026-06-30,P1009,1,133.93,133.93,WH-WEST,Online
T503265,2026-07-02,P1009,1,133.93,133.93,WH-WEST,In-Store
T503266,2026-07-03,P1009,3,133.93,401.79,WH-WEST,Online
T503267,2026-07-05,P1009,2,133.93,267.86,WH-WEST,In-Store
T503268,2026-07-06,P1009,1,133.93,133.93,WH-WEST,In-Store
T503269,2026-07-07,P1009,1,133.93,133.93,WH-WEST,In-Store
T503270,2026-07-08,P1009,1,133.93,133.93,WH-WEST,In-Store
T503271,2026-07-09,P1009,1,133.93,133.93,WH-WEST,Online
T503272,2026-07-11,P1009,2,133.93,267.86,WH-WEST,In-Store
T503273,2026-07-12,P1009,2,133.93,267.86,WH-WEST,Online
T503274,2026-07-13,P1009,3,133.93,401.79,WH-WEST,Online
T503275,2026-07-14,P1009,4,133.93,535.72,WH-WEST,In-Store
T503276,2026-07-15,P1009,3,133.93,401.79,WH-WEST,Online
T503277,2026-07-17,P1009,3,133.93,401.79,WH-WEST,In-Store
T503278,2026-07-18,P1009,2,133.93,267.86,WH-WEST,Online
T503279,2026-07-19,P1009,4,133.93,535.72,WH-WEST,Online
T503280,2026-07-20,P1009,1,133.93,133.93,WH-WEST,Online
T503281,2026-07-21,P1009,1,133.93,133.93,WH-WEST,Online
T503282,2026-07-22,P1009,2,133.93,267.86,WH-WEST,Online
T503283,2026-07-23,P1009,2,133.93,267.86,WH-WEST,Online
T503284,2026-07-24,P1009,1,133.93,133.93,WH-WEST,Online
T503285,2026-07-25,P1009,3,133.93,401.79,WH-WEST,Online
T503286,2026-07-26,P1009,1,133.93,133.93,WH-WEST,Online
T503287,2026-07-27,P1009,2,133.93,267.86,WH-WEST,Online
T503288,2026-07-28,P1009,5,133.93,669.65,WH-WEST,Online
T503289,2026-07-29,P1009,1,133.93,133.93,WH-WEST,In-Store
T503290,2026-07-30,P1009,2,133.93,267.86,WH-WEST,In-Store
T503291,2026-07-31,P1009,1,133.93,133.93,WH-WEST,In-Store
T503292,2026-08-01,P1009,1,133.93,133.93,WH-WEST,Online
T503293,2026-08-02,P1009,3,133.93,401.79,WH-WEST,Online
T503294,2026-08-03,P1009,4,133.93,535.72,WH-WEST,Online
T503295,2026-08-04,P1009,1,133.93,133.93,WH-WEST,In-Store
T503296,2026-08-05,P1009,2,133.93,267.86,WH-WEST,In-Store
T503297,2026-08-09,P1009,1,133.93,133.93,WH-WEST,In-Store
T503298,2026-08-10,P1009,1,133.93,133.93,WH-WEST,In-Store
T503299,2026-08-11,P1009,1,133.93,133.93,WH-WEST,Online
T503300,2026-08-12,P1009,3,133.93,401.79,WH-WEST,Online
T503301,2026-08-13,P1009,1,133.93,133.93,WH-WEST,In-Store
T503302,2025-08-15,P1010,1,39.79,39.79,WH-CENTRAL,In-Store
T503303,2025-08-16,P1010,1,39.79,39.79,WH-CENTRAL,In-Store
T503304,2025-08-17,P1010,4,39.79,159.16,WH-CENTRAL,In-Store
T503305,2025-08-18,P1010,3,39.79,119.37,WH-CENTRAL,Online
T503306,2025-08-19,P1010,4,39.79,159.16,WH-CENTRAL,In-Store
T503307,2025-08-20,P1010,3,39.79,119.37,WH-CENTRAL,Online
T503308,2025-08-21,P1010,3,39.79,119.37,WH-CENTRAL,In-Store
T503309,2025-08-22,P1010,2,39.79,79.58,WH-CENTRAL,Online
T503310,2025-08-23,P1010,3,39.79,119.37,WH-CENTRAL,Online
T503311,2025-08-24,P1010,10,39.79,397.9,WH-CENTRAL,In-Store
T503312,2025-08-25,P1010,2,39.79,79.58,WH-CENTRAL,Online
T503313,2025-08-26,P1010,4,39.79,159.16,WH-CENTRAL,Online
T503314,2025-08-27,P1010,2,39.79,79.58,WH-CENTRAL,Online
T503315,2025-08-28,P1010,3,39.79,119.37,WH-CENTRAL,Online
T503316,2025-08-29,P1010,3,39.79,119.37,WH-CENTRAL,Online
T503317,2025-08-30,P1010,8,39.79,318.32,WH-CENTRAL,In-Store
T503318,2025-08-31,P1010,4,39.79,159.16,WH-CENTRAL,Online
T503319,2025-09-01,P1010,3,39.79,119.37,WH-CENTRAL,Online
T503320,2025-09-02,P1010,2,39.79,79.58,WH-CENTRAL,Online
T503321,2025-09-03,P1010,1,39.79,39.79,WH-CENTRAL,In-Store
T503322,2025-09-04,P1010,2,39.79,79.58,WH-CENTRAL,In-Store
T503323,2025-09-05,P1010,3,39.79,119.37,WH-CENTRAL,In-Store
T503324,2025-09-06,P1010,6,39.79,238.74,WH-CENTRAL,Online
T503325,2025-09-07,P1010,4,39.79,159.16,WH-CENTRAL,Online
T503326,2025-09-08,P1010,2,39.79,79.58,WH-CENTRAL,Online
T503327,2025-09-09,P1010,3,39.79,119.37,WH-CENTRAL,Online
T503328,2025-09-10,P1010,3,39.79,119.37,WH-CENTRAL,Online
T503329,2025-09-11,P1010,4,39.79,159.16,WH-CENTRAL,In-Store
T503330,2025-09-12,P1010,4,39.79,159.16,WH-CENTRAL,Online
T503331,2025-09-13,P1010,5,39.79,198.95,WH-CENTRAL,Online
T503332,2025-09-14,P1010,4,39.79,159.16,WH-CENTRAL,In-Store
T503333,2025-09-15,P1010,4,39.79,159.16,WH-CENTRAL,In-Store
T503334,2025-09-16,P1010,3,39.79,119.37,WH-CENTRAL,In-Store
T503335,2025-09-17,P1010,1,39.79,39.79,WH-CENTRAL,In-Store
T503336,2025-09-18,P1010,1,39.79,39.79,WH-CENTRAL,In-Store
T503337,2025-09-19,P1010,1,39.79,39.79,WH-CENTRAL,In-Store
T503338,2025-09-20,P1010,5,39.79,198.95,WH-CENTRAL,Online
T503339,2025-09-21,P1010,7,39.79,278.53,WH-CENTRAL,Online
T503340,2025-09-22,P1010,7,39.79,278.53,WH-CENTRAL,Online
T503341,2025-09-23,P1010,8,39.79,318.32,WH-CENTRAL,In-Store
T503342,2025-09-24,P1010,2,39.79,79.58,WH-CENTRAL,Online
T503343,2025-09-25,P1010,4,39.79,159.16,WH-CENTRAL,In-Store
T503344,2025-09-26,P1010,5,39.79,198.95,WH-CENTRAL,In-Store
T503345,2025-09-27,P1010,6,39.79,238.74,WH-CENTRAL,In-Store
T503346,2025-09-28,P1010,6,39.79,238.74,WH-CENTRAL,Online
T503347,2025-09-29,P1010,3,39.79,119.37,WH-CENTRAL,In-Store
T503348,2025-09-30,P1010,7,39.79,278.53,WH-CENTRAL,In-Store
T503349,2025-10-01,P1010,5,39.79,198.95,WH-CENTRAL,Online
T503350,2025-10-02,P1010,2,39.79,79.58,WH-CENTRAL,In-Store
T503351,2025-10-03,P1010,5,39.79,198.95,WH-CENTRAL,Online
T503352,2025-10-04,P1010,9,39.79,358.11,WH-CENTRAL,Online
T503353,2025-10-05,P1010,8,39.79,318.32,WH-CENTRAL,Online
T503354,2025-10-06,P1010,5,39.79,198.95,WH-CENTRAL,Online
T503355,2025-10-07,P1010,4,39.79,159.16,WH-CENTRAL,Online
T503356,2025-10-08,P1010,3,39.79,119.37,WH-CENTRAL,Online
T503357,2025-10-09,P1010,1,39.79,39.79,WH-CENTRAL,In-Store
T503358,2025-10-10,P1010,2,39.79,79.58,WH-CENTRAL,Online
T503359,2025-10-11,P1010,5,39.79,198.95,WH-CENTRAL,Online
T503360,2025-10-12,P1010,7,39.79,278.53,WH-CENTRAL,Online
T503361,2025-10-13,P1010,1,39.79,39.79,WH-CENTRAL,In-Store
T503362,2025-10-14,P1010,2,39.79,79.58,WH-CENTRAL,Online
T503363,2025-10-15,P1010,5,39.79,198.95,WH-CENTRAL,Online
T503364,2025-10-16,P1010,1,39.79,39.79,WH-CENTRAL,In-Store
T503365,2025-10-17,P1010,6,39.79,238.74,WH-CENTRAL,In-Store
T503366,2025-10-18,P1010,7,39.79,278.53,WH-CENTRAL,Online
T503367,2025-10-19,P1010,12,39.79,477.48,WH-CENTRAL,In-Store
T503368,2025-10-20,P1010,8,39.79,318.32,WH-CENTRAL,Online
T503369,2025-10-21,P1010,4,39.79,159.16,WH-CENTRAL,In-Store
T503370,2025-10-22,P1010,2,39.79,79.58,WH-CENTRAL,In-Store
T503371,2025-10-23,P1010,8,39.79,318.32,WH-CENTRAL,In-Store
T503372,2025-10-24,P1010,4,39.79,159.16,WH-CENTRAL,Online
T503373,2025-10-25,P1010,8,39.79,318.32,WH-CENTRAL,In-Store
T503374,2025-10-26,P1010,8,39.79,318.32,WH-CENTRAL,Online
T503375,2025-10-27,P1010,3,39.79,119.37,WH-CENTRAL,In-Store
T503376,2025-10-28,P1010,6,39.79,238.74,WH-CENTRAL,In-Store
T503377,2025-10-29,P1010,3,39.79,119.37,WH-CENTRAL,In-Store
T503378,2025-10-30,P1010,7,39.79,278.53,WH-CENTRAL,Online
T503379,2025-10-31,P1010,6,39.79,238.74,WH-CENTRAL,Online
T503380,2025-11-01,P1010,8,39.79,318.32,WH-CENTRAL,Online
T503381,2025-11-02,P1010,6,39.79,238.74,WH-CENTRAL,Online
T503382,2025-11-03,P1010,6,39.79,238.74,WH-CENTRAL,In-Store
T503383,2025-11-04,P1010,4,39.79,159.16,WH-CENTRAL,In-Store
T503384,2025-11-05,P1010,5,39.79,198.95,WH-CENTRAL,In-Store
T503385,2025-11-06,P1010,11,39.79,437.69,WH-CENTRAL,Online
T503386,2025-11-07,P1010,3,39.79,119.37,WH-CENTRAL,Online
T503387,2025-11-08,P1010,7,39.79,278.53,WH-CENTRAL,Online
T503388,2025-11-09,P1010,5,39.79,198.95,WH-CENTRAL,In-Store
T503389,2025-11-10,P1010,6,39.79,238.74,WH-CENTRAL,Online
T503390,2025-11-11,P1010,3,39.79,119.37,WH-CENTRAL,Online
T503391,2025-11-12,P1010,1,39.79,39.79,WH-CENTRAL,In-Store
T503392,2025-11-13,P1010,3,39.79,119.37,WH-CENTRAL,Online
T503393,2025-11-14,P1010,4,39.79,159.16,WH-CENTRAL,Online
T503394,2025-11-15,P1010,10,39.79,397.9,WH-CENTRAL,Online
T503395,2025-11-16,P1010,8,39.79,318.32,WH-CENTRAL,In-Store
T503396,2025-11-17,P1010,4,39.79,159.16,WH-CENTRAL,In-Store
T503397,2025-11-18,P1010,2,39.79,79.58,WH-CENTRAL,Online
T503398,2025-11-19,P1010,8,39.79,318.32,WH-CENTRAL,In-Store
T503399,2025-11-20,P1010,5,39.79,198.95,WH-CENTRAL,Online
T503400,2025-11-21,P1010,3,39.79,119.37,WH-CENTRAL,Online
T503401,2025-11-22,P1010,4,39.79,159.16,WH-CENTRAL,Online
T503402,2025-11-23,P1010,7,39.79,278.53,WH-CENTRAL,Online
T503403,2025-11-24,P1010,2,39.79,79.58,WH-CENTRAL,Online
T503404,2025-11-25,P1010,3,39.79,119.37,WH-CENTRAL,Online
T503405,2025-11-26,P1010,2,39.79,79.58,WH-CENTRAL,In-Store
T503406,2025-11-27,P1010,4,39.79,159.16,WH-CENTRAL,Online
T503407,2025-11-28,P1010,7,39.79,278.53,WH-CENTRAL,In-Store
T503408,2025-11-29,P1010,7,39.79,278.53,WH-CENTRAL,In-Store
T503409,2025-11-30,P1010,3,39.79,119.37,WH-CENTRAL,Online
T503410,2025-12-01,P1010,7,39.79,278.53,WH-CENTRAL,Online
T503411,2025-12-02,P1010,4,39.79,159.16,WH-CENTRAL,Online
T503412,2025-12-03,P1010,8,39.79,318.32,WH-CENTRAL,Online
T503413,2025-12-04,P1010,3,39.79,119.37,WH-CENTRAL,In-Store
T503414,2025-12-05,P1010,1,39.79,39.79,WH-CENTRAL,In-Store
T503415,2025-12-06,P1010,9,39.79,358.11,WH-CENTRAL,Online
T503416,2025-12-07,P1010,7,39.79,278.53,WH-CENTRAL,In-Store
T503417,2025-12-08,P1010,6,39.79,238.74,WH-CENTRAL,In-Store
T503418,2025-12-09,P1010,4,39.79,159.16,WH-CENTRAL,In-Store
T503419,2025-12-10,P1010,1,39.79,39.79,WH-CENTRAL,In-Store
T503420,2025-12-11,P1010,6,39.79,238.74,WH-CENTRAL,In-Store
T503421,2025-12-12,P1010,4,39.79,159.16,WH-CENTRAL,Online
T503422,2025-12-13,P1010,7,39.79,278.53,WH-CENTRAL,Online
T503423,2025-12-14,P1010,7,39.79,278.53,WH-CENTRAL,Online
T503424,2025-12-15,P1010,5,39.79,198.95,WH-CENTRAL,In-Store
T503425,2025-12-16,P1010,9,39.79,358.11,WH-CENTRAL,In-Store
T503426,2025-12-17,P1010,4,39.79,159.16,WH-CENTRAL,In-Store
T503427,2025-12-18,P1010,3,39.79,119.37,WH-CENTRAL,Online
T503428,2025-12-19,P1010,5,39.79,198.95,WH-CENTRAL,Online
T503429,2025-12-20,P1010,8,39.79,318.32,WH-CENTRAL,In-Store
T503430,2025-12-21,P1010,8,39.79,318.32,WH-CENTRAL,Online
T503431,2025-12-22,P1010,4,39.79,159.16,WH-CENTRAL,In-Store
T503432,2025-12-23,P1010,5,39.79,198.95,WH-CENTRAL,Online
T503433,2025-12-24,P1010,4,39.79,159.16,WH-CENTRAL,In-Store
T503434,2025-12-25,P1010,5,39.79,198.95,WH-CENTRAL,Online
T503435,2025-12-26,P1010,3,39.79,119.37,WH-CENTRAL,Online
T503436,2025-12-27,P1010,6,39.79,238.74,WH-CENTRAL,Online
T503437,2025-12-28,P1010,6,39.79,238.74,WH-CENTRAL,Online
T503438,2025-12-29,P1010,9,39.79,358.11,WH-CENTRAL,Online
T503439,2025-12-30,P1010,2,39.79,79.58,WH-CENTRAL,Online
T503440,2025-12-31,P1010,3,39.79,119.37,WH-CENTRAL,Online
T503441,2026-01-01,P1010,5,39.79,198.95,WH-CENTRAL,Online
T503442,2026-01-02,P1010,4,39.79,159.16,WH-CENTRAL,Online
T503443,2026-01-03,P1010,9,39.79,358.11,WH-CENTRAL,Online
T503444,2026-01-04,P1010,5,39.79,198.95,WH-CENTRAL,Online
T503445,2026-01-05,P1010,3,39.79,119.37,WH-CENTRAL,Online
T503446,2026-01-06,P1010,2,39.79,79.58,WH-CENTRAL,Online
T503447,2026-01-07,P1010,4,39.79,159.16,WH-CENTRAL,In-Store
T503448,2026-01-08,P1010,6,39.79,238.74,WH-CENTRAL,Online
T503449,2026-01-09,P1010,6,39.79,238.74,WH-CENTRAL,Online
T503450,2026-01-10,P1010,6,39.79,238.74,WH-CENTRAL,Online
T503451,2026-01-11,P1010,3,39.79,119.37,WH-CENTRAL,In-Store
T503452,2026-01-12,P1010,3,39.79,119.37,WH-CENTRAL,In-Store
T503453,2026-01-13,P1010,9,39.79,358.11,WH-CENTRAL,Online
T503454,2026-01-14,P1010,2,39.79,79.58,WH-CENTRAL,In-Store
T503455,2026-01-15,P1010,2,39.79,79.58,WH-CENTRAL,Online
T503456,2026-01-16,P1010,2,39.79,79.58,WH-CENTRAL,Online
T503457,2026-01-17,P1010,7,39.79,278.53,WH-CENTRAL,In-Store
T503458,2026-01-18,P1010,9,39.79,358.11,WH-CENTRAL,Online
T503459,2026-01-19,P1010,5,39.79,198.95,WH-CENTRAL,Online
T503460,2026-01-21,P1010,2,39.79,79.58,WH-CENTRAL,Online
T503461,2026-01-22,P1010,4,39.79,159.16,WH-CENTRAL,In-Store
T503462,2026-01-23,P1010,5,39.79,198.95,WH-CENTRAL,Online
T503463,2026-01-24,P1010,11,39.79,437.69,WH-CENTRAL,In-Store
T503464,2026-01-25,P1010,9,39.79,358.11,WH-CENTRAL,In-Store
T503465,2026-01-26,P1010,5,39.79,198.95,WH-CENTRAL,In-Store
T503466,2026-01-27,P1010,6,39.79,238.74,WH-CENTRAL,Online
T503467,2026-01-28,P1010,2,39.79,79.58,WH-CENTRAL,Online
T503468,2026-01-29,P1010,2,39.79,79.58,WH-CENTRAL,Online
T503469,2026-01-30,P1010,3,39.79,119.37,WH-CENTRAL,Online
T503470,2026-01-31,P1010,5,39.79,198.95,WH-CENTRAL,Online
T503471,2026-02-01,P1010,9,39.79,358.11,WH-CENTRAL,Online
T503472,2026-02-02,P1010,5,39.79,198.95,WH-CENTRAL,Online
T503473,2026-02-03,P1010,3,39.79,119.37,WH-CENTRAL,Online
T503474,2026-02-04,P1010,3,39.79,119.37,WH-CENTRAL,Online
T503475,2026-02-05,P1010,2,39.79,79.58,WH-CENTRAL,Online
T503476,2026-02-06,P1010,5,39.79,198.95,WH-CENTRAL,In-Store
T503477,2026-02-07,P1010,9,39.79,358.11,WH-CENTRAL,In-Store
T503478,2026-02-08,P1010,5,39.79,198.95,WH-CENTRAL,Online
T503479,2026-02-09,P1010,3,39.79,119.37,WH-CENTRAL,Online
T503480,2026-02-10,P1010,2,39.79,79.58,WH-CENTRAL,Online
T503481,2026-02-11,P1010,4,39.79,159.16,WH-CENTRAL,Online
T503482,2026-02-12,P1010,2,39.79,79.58,WH-CENTRAL,Online
T503483,2026-02-13,P1010,4,39.79,159.16,WH-CENTRAL,In-Store
T503484,2026-02-14,P1010,7,39.79,278.53,WH-CENTRAL,Online
T503485,2026-02-15,P1010,5,39.79,198.95,WH-CENTRAL,Online
T503486,2026-02-16,P1010,2,39.79,79.58,WH-CENTRAL,Online
T503487,2026-02-17,P1010,5,39.79,198.95,WH-CENTRAL,Online
T503488,2026-02-18,P1010,2,39.79,79.58,WH-CENTRAL,Online
T503489,2026-02-19,P1010,5,39.79,198.95,WH-CENTRAL,Online
T503490,2026-02-20,P1010,3,39.79,119.37,WH-CENTRAL,Online
T503491,2026-02-21,P1010,12,39.79,477.48,WH-CENTRAL,Online
T503492,2026-02-22,P1010,5,39.79,198.95,WH-CENTRAL,Online
T503493,2026-02-23,P1010,3,39.79,119.37,WH-CENTRAL,Online
T503494,2026-02-24,P1010,2,39.79,79.58,WH-CENTRAL,In-Store
T503495,2026-02-27,P1010,3,39.79,119.37,WH-CENTRAL,Online
T503496,2026-02-28,P1010,4,39.79,159.16,WH-CENTRAL,Online
T503497,2026-03-01,P1010,3,39.79,119.37,WH-CENTRAL,In-Store
T503498,2026-03-02,P1010,2,39.79,79.58,WH-CENTRAL,In-Store
T503499,2026-03-03,P1010,3,39.79,119.37,WH-CENTRAL,In-Store
T503500,2026-03-04,P1010,3,39.79,119.37,WH-CENTRAL,In-Store
T503501,2026-03-05,P1010,3,39.79,119.37,WH-CENTRAL,In-Store
T503502,2026-03-06,P1010,5,39.79,198.95,WH-CENTRAL,Online
T503503,2026-03-07,P1010,8,39.79,318.32,WH-CENTRAL,Online
T503504,2026-03-08,P1010,9,39.79,358.11,WH-CENTRAL,Online
T503505,2026-03-09,P1010,1,39.79,39.79,WH-CENTRAL,In-Store
T503506,2026-03-10,P1010,3,39.79,119.37,WH-CENTRAL,Online
T503507,2026-03-11,P1010,4,39.79,159.16,WH-CENTRAL,Online
T503508,2026-03-12,P1010,2,39.79,79.58,WH-CENTRAL,Online
T503509,2026-03-13,P1010,10,39.79,397.9,WH-CENTRAL,Online
T503510,2026-03-14,P1010,1,39.79,39.79,WH-CENTRAL,In-Store
T503511,2026-03-15,P1010,8,39.79,318.32,WH-CENTRAL,Online
T503512,2026-03-16,P1010,1,39.79,39.79,WH-CENTRAL,In-Store
T503513,2026-03-17,P1010,4,39.79,159.16,WH-CENTRAL,In-Store
T503514,2026-03-18,P1010,4,39.79,159.16,WH-CENTRAL,Online
T503515,2026-03-19,P1010,1,39.79,39.79,WH-CENTRAL,Online
T503516,2026-03-20,P1010,4,39.79,159.16,WH-CENTRAL,Online
T503517,2026-03-21,P1010,11,39.79,437.69,WH-CENTRAL,In-Store
T503518,2026-03-22,P1010,6,39.79,238.74,WH-CENTRAL,Online
T503519,2026-03-23,P1010,1,39.79,39.79,WH-CENTRAL,Online
T503520,2026-03-24,P1010,2,39.79,79.58,WH-CENTRAL,Online
T503521,2026-03-25,P1010,4,39.79,159.16,WH-CENTRAL,In-Store
T503522,2026-03-26,P1010,2,39.79,79.58,WH-CENTRAL,Online
T503523,2026-03-27,P1010,4,39.79,159.16,WH-CENTRAL,In-Store
T503524,2026-03-28,P1010,3,39.79,119.37,WH-CENTRAL,Online
T503525,2026-03-29,P1010,1,39.79,39.79,WH-CENTRAL,Online
T503526,2026-03-30,P1010,9,39.79,358.11,WH-CENTRAL,In-Store
T503527,2026-03-31,P1010,2,39.79,79.58,WH-CENTRAL,Online
T503528,2026-04-01,P1010,3,39.79,119.37,WH-CENTRAL,Online
T503529,2026-04-02,P1010,7,39.79,278.53,WH-CENTRAL,In-Store
T503530,2026-04-03,P1010,4,39.79,159.16,WH-CENTRAL,In-Store
T503531,2026-04-04,P1010,5,39.79,198.95,WH-CENTRAL,In-Store
T503532,2026-04-05,P1010,7,39.79,278.53,WH-CENTRAL,Online
T503533,2026-04-06,P1010,2,39.79,79.58,WH-CENTRAL,Online
T503534,2026-04-07,P1010,1,39.79,39.79,WH-CENTRAL,Online
T503535,2026-04-08,P1010,2,39.79,79.58,WH-CENTRAL,Online
T503536,2026-04-09,P1010,2,39.79,79.58,WH-CENTRAL,Online
T503537,2026-04-10,P1010,4,39.79,159.16,WH-CENTRAL,Online
T503538,2026-04-11,P1010,4,39.79,159.16,WH-CENTRAL,Online
T503539,2026-04-12,P1010,5,39.79,198.95,WH-CENTRAL,Online
T503540,2026-04-13,P1010,6,39.79,238.74,WH-CENTRAL,Online
T503541,2026-04-14,P1010,5,39.79,198.95,WH-CENTRAL,Online
T503542,2026-04-15,P1010,2,39.79,79.58,WH-CENTRAL,Online
T503543,2026-04-16,P1010,4,39.79,159.16,WH-CENTRAL,Online
T503544,2026-04-17,P1010,3,39.79,119.37,WH-CENTRAL,Online
T503545,2026-04-18,P1010,6,39.79,238.74,WH-CENTRAL,In-Store
T503546,2026-04-19,P1010,5,39.79,198.95,WH-CENTRAL,In-Store
T503547,2026-04-20,P1010,6,39.79,238.74,WH-CENTRAL,Online
T503548,2026-04-21,P1010,1,39.79,39.79,WH-CENTRAL,In-Store
T503549,2026-04-22,P1010,3,39.79,119.37,WH-CENTRAL,Online
T503550,2026-04-23,P1010,1,39.79,39.79,WH-CENTRAL,Online
T503551,2026-04-24,P1010,3,39.79,119.37,WH-CENTRAL,In-Store
T503552,2026-04-25,P1010,9,39.79,358.11,WH-CENTRAL,In-Store
T503553,2026-04-26,P1010,4,39.79,159.16,WH-CENTRAL,Online
T503554,2026-04-27,P1010,6,39.79,238.74,WH-CENTRAL,Online
T503555,2026-04-28,P1010,2,39.79,79.58,WH-CENTRAL,Online
T503556,2026-04-29,P1010,4,39.79,159.16,WH-CENTRAL,Online
T503557,2026-04-30,P1010,3,39.79,119.37,WH-CENTRAL,In-Store
T503558,2026-05-01,P1010,7,39.79,278.53,WH-CENTRAL,Online
T503559,2026-05-02,P1010,2,39.79,79.58,WH-CENTRAL,Online
T503560,2026-05-03,P1010,7,39.79,278.53,WH-CENTRAL,Online
T503561,2026-05-04,P1010,1,39.79,39.79,WH-CENTRAL,Online
T503562,2026-05-05,P1010,1,39.79,39.79,WH-CENTRAL,Online
T503563,2026-05-06,P1010,3,39.79,119.37,WH-CENTRAL,In-Store
T503564,2026-05-07,P1010,3,39.79,119.37,WH-CENTRAL,Online
T503565,2026-05-08,P1010,3,39.79,119.37,WH-CENTRAL,In-Store
T503566,2026-05-09,P1010,7,39.79,278.53,WH-CENTRAL,In-Store
T503567,2026-05-10,P1010,4,39.79,159.16,WH-CENTRAL,Online
T503568,2026-05-11,P1010,4,39.79,159.16,WH-CENTRAL,Online
T503569,2026-05-12,P1010,4,39.79,159.16,WH-CENTRAL,Online
T503570,2026-05-13,P1010,3,39.79,119.37,WH-CENTRAL,Online
T503571,2026-05-14,P1010,2,39.79,79.58,WH-CENTRAL,Online
T503572,2026-05-15,P1010,4,39.79,159.16,WH-CENTRAL,In-Store
T503573,2026-05-16,P1010,5,39.79,198.95,WH-CENTRAL,In-Store
T503574,2026-05-17,P1010,6,39.79,238.74,WH-CENTRAL,Online
T503575,2026-05-18,P1010,3,39.79,119.37,WH-CENTRAL,In-Store
T503576,2026-05-19,P1010,2,39.79,79.58,WH-CENTRAL,In-Store
T503577,2026-05-20,P1010,3,39.79,119.37,WH-CENTRAL,In-Store
T503578,2026-05-21,P1010,3,39.79,119.37,WH-CENTRAL,Online
T503579,2026-05-22,P1010,5,39.79,198.95,WH-CENTRAL,Online
T503580,2026-05-23,P1010,3,39.79,119.37,WH-CENTRAL,In-Store
T503581,2026-05-24,P1010,3,39.79,119.37,WH-CENTRAL,Online
T503582,2026-05-25,P1010,6,39.79,238.74,WH-CENTRAL,In-Store
T503583,2026-05-26,P1010,6,39.79,238.74,WH-CENTRAL,In-Store
T503584,2026-05-27,P1010,2,39.79,79.58,WH-CENTRAL,Online
T503585,2026-05-28,P1010,4,39.79,159.16,WH-CENTRAL,Online
T503586,2026-05-29,P1010,6,39.79,238.74,WH-CENTRAL,Online
T503587,2026-05-30,P1010,4,39.79,159.16,WH-CENTRAL,In-Store
T503588,2026-05-31,P1010,5,39.79,198.95,WH-CENTRAL,Online
T503589,2026-06-01,P1010,4,39.79,159.16,WH-CENTRAL,Online
T503590,2026-06-02,P1010,4,39.79,159.16,WH-CENTRAL,Online
T503591,2026-06-03,P1010,2,39.79,79.58,WH-CENTRAL,Online
T503592,2026-06-04,P1010,1,39.79,39.79,WH-CENTRAL,Online
T503593,2026-06-05,P1010,3,39.79,119.37,WH-CENTRAL,In-Store
T503594,2026-06-06,P1010,3,39.79,119.37,WH-CENTRAL,In-Store
T503595,2026-06-07,P1010,10,39.79,397.9,WH-CENTRAL,Online
T503596,2026-06-08,P1010,4,39.79,159.16,WH-CENTRAL,Online
T503597,2026-06-09,P1010,3,39.79,119.37,WH-CENTRAL,In-Store
T503598,2026-06-10,P1010,3,39.79,119.37,WH-CENTRAL,In-Store
T503599,2026-06-11,P1010,6,39.79,238.74,WH-CENTRAL,Online
T503600,2026-06-12,P1010,3,39.79,119.37,WH-CENTRAL,Online
T503601,2026-06-13,P1010,5,39.79,198.95,WH-CENTRAL,In-Store
T503602,2026-06-14,P1010,5,39.79,198.95,WH-CENTRAL,In-Store
T503603,2026-06-15,P1010,1,39.79,39.79,WH-CENTRAL,In-Store
T503604,2026-06-16,P1010,5,39.79,198.95,WH-CENTRAL,Online
T503605,2026-06-17,P1010,1,39.79,39.79,WH-CENTRAL,Online
T503606,2026-06-18,P1010,3,39.79,119.37,WH-CENTRAL,Online
T503607,2026-06-19,P1010,2,39.79,79.58,WH-CENTRAL,In-Store
T503608,2026-06-20,P1010,5,39.79,198.95,WH-CENTRAL,In-Store
T503609,2026-06-21,P1010,4,39.79,159.16,WH-CENTRAL,In-Store
T503610,2026-06-22,P1010,1,39.79,39.79,WH-CENTRAL,Online
T503611,2026-06-23,P1010,6,39.79,238.74,WH-CENTRAL,Online
T503612,2026-06-24,P1010,3,39.79,119.37,WH-CENTRAL,Online
T503613,2026-06-25,P1010,2,39.79,79.58,WH-CENTRAL,In-Store
T503614,2026-06-26,P1010,2,39.79,79.58,WH-CENTRAL,Online
T503615,2026-06-27,P1010,6,39.79,238.74,WH-CENTRAL,Online
T503616,2026-06-28,P1010,5,39.79,198.95,WH-CENTRAL,Online
T503617,2026-06-29,P1010,1,39.79,39.79,WH-CENTRAL,Online
T503618,2026-06-30,P1010,3,39.79,119.37,WH-CENTRAL,Online
T503619,2026-07-01,P1010,3,39.79,119.37,WH-CENTRAL,In-Store
T503620,2026-07-02,P1010,3,39.79,119.37,WH-CENTRAL,Online
T503621,2026-07-03,P1010,6,39.79,238.74,WH-CENTRAL,Online
T503622,2026-07-04,P1010,6,39.79,238.74,WH-CENTRAL,Online
T503623,2026-07-05,P1010,7,39.79,278.53,WH-CENTRAL,Online
T503624,2026-07-06,P1010,6,39.79,238.74,WH-CENTRAL,Online
T503625,2026-07-07,P1010,1,39.79,39.79,WH-CENTRAL,Online
T503626,2026-07-08,P1010,5,39.79,198.95,WH-CENTRAL,Online
T503627,2026-07-09,P1010,7,39.79,278.53,WH-CENTRAL,Online
T503628,2026-07-10,P1010,2,39.79,79.58,WH-CENTRAL,Online
T503629,2026-07-11,P1010,4,39.79,159.16,WH-CENTRAL,In-Store
T503630,2026-07-12,P1010,8,39.79,318.32,WH-CENTRAL,Online
T503631,2026-07-13,P1010,6,39.79,238.74,WH-CENTRAL,Online
T503632,2026-07-14,P1010,8,39.79,318.32,WH-CENTRAL,Online
T503633,2026-07-15,P1010,3,39.79,119.37,WH-CENTRAL,In-Store
T503634,2026-07-16,P1010,5,39.79,198.95,WH-CENTRAL,In-Store
T503635,2026-07-17,P1010,3,39.79,119.37,WH-CENTRAL,In-Store
T503636,2026-07-18,P1010,7,39.79,278.53,WH-CENTRAL,Online
T503637,2026-07-19,P1010,12,39.79,477.48,WH-CENTRAL,Online
T503638,2026-07-20,P1010,5,39.79,198.95,WH-CENTRAL,Online
T503639,2026-07-21,P1010,2,39.79,79.58,WH-CENTRAL,Online
T503640,2026-07-22,P1010,7,39.79,278.53,WH-CENTRAL,Online
T503641,2026-07-23,P1010,5,39.79,198.95,WH-CENTRAL,In-Store
T503642,2026-07-24,P1010,7,39.79,278.53,WH-CENTRAL,In-Store
T503643,2026-07-25,P1010,9,39.79,358.11,WH-CENTRAL,Online
T503644,2026-07-26,P1010,5,39.79,198.95,WH-CENTRAL,Online
T503645,2026-07-27,P1010,3,39.79,119.37,WH-CENTRAL,Online
T503646,2026-07-28,P1010,3,39.79,119.37,WH-CENTRAL,Online
T503647,2026-07-29,P1010,4,39.79,159.16,WH-CENTRAL,Online
T503648,2026-07-30,P1010,8,39.79,318.32,WH-CENTRAL,In-Store
T503649,2026-08-01,P1010,7,39.79,278.53,WH-CENTRAL,Online
T503650,2026-08-02,P1010,5,39.79,198.95,WH-CENTRAL,In-Store
T503651,2026-08-03,P1010,6,39.79,238.74,WH-CENTRAL,Online
T503652,2026-08-04,P1010,4,39.79,159.16,WH-CENTRAL,Online
T503653,2026-08-05,P1010,7,39.79,278.53,WH-CENTRAL,In-Store
T503654,2026-08-06,P1010,7,39.79,278.53,WH-CENTRAL,Online
T503655,2026-08-07,P1010,5,39.79,198.95,WH-CENTRAL,Online
T503656,2026-08-08,P1010,7,39.79,278.53,WH-CENTRAL,In-Store
T503657,2026-08-09,P1010,4,39.79,159.16,WH-CENTRAL,In-Store
T503658,2026-08-10,P1010,4,39.79,159.16,WH-CENTRAL,In-Store
T503659,2026-08-11,P1010,12,39.79,477.48,WH-CENTRAL,Online
T503660,2026-08-12,P1010,1,39.79,39.79,WH-CENTRAL,Online
T503661,2026-08-13,P1010,4,39.79,159.16,WH-CENTRAL,Online
T503662,2025-08-15,P1011,9,93.98,845.82,WH-WEST,Online
T503663,2025-08-16,P1011,17,93.98,1597.66,WH-WEST,In-Store
T503664,2025-08-17,P1011,14,93.98,1315.72,WH-WEST,Online
T503665,2025-08-18,P1011,6,93.98,563.88,WH-WEST,Online
T503666,2025-08-19,P1011,4,93.98,375.92,WH-WEST,Online
T503667,2025-08-20,P1011,2,93.98,187.96,WH-WEST,Online
T503668,2025-08-21,P1011,5,93.98,469.9,WH-WEST,In-Store
T503669,2025-08-22,P1011,4,93.98,375.92,WH-WEST,Online
T503670,2025-08-23,P1011,10,93.98,939.8,WH-WEST,In-Store
T503671,2025-08-24,P1011,14,93.98,1315.72,WH-WEST,Online
T503672,2025-08-25,P1011,10,93.98,939.8,WH-WEST,In-Store
T503673,2025-08-26,P1011,11,93.98,1033.78,WH-WEST,In-Store
T503674,2025-08-27,P1011,4,93.98,375.92,WH-WEST,Online
T503675,2025-08-28,P1011,11,93.98,1033.78,WH-WEST,Online
T503676,2025-08-29,P1011,9,93.98,845.82,WH-WEST,In-Store
T503677,2025-08-30,P1011,15,93.98,1409.7,WH-WEST,In-Store
T503678,2025-08-31,P1011,14,93.98,1315.72,WH-WEST,Online
T503679,2025-09-01,P1011,6,93.98,563.88,WH-WEST,Online
T503680,2025-09-02,P1011,8,93.98,751.84,WH-WEST,In-Store
T503681,2025-09-03,P1011,4,93.98,375.92,WH-WEST,In-Store
T503682,2025-09-04,P1011,5,93.98,469.9,WH-WEST,In-Store
T503683,2025-09-05,P1011,11,93.98,1033.78,WH-WEST,Online
T503684,2025-09-06,P1011,11,93.98,1033.78,WH-WEST,Online
T503685,2025-09-07,P1011,18,93.98,1691.64,WH-WEST,In-Store
T503686,2025-09-08,P1011,3,93.98,281.94,WH-WEST,Online
T503687,2025-09-09,P1011,8,93.98,751.84,WH-WEST,In-Store
T503688,2025-09-10,P1011,11,93.98,1033.78,WH-WEST,Online
T503689,2025-09-11,P1011,11,93.98,1033.78,WH-WEST,Online
T503690,2025-09-12,P1011,6,93.98,563.88,WH-WEST,Online
T503691,2025-09-13,P1011,20,93.98,1879.6,WH-WEST,Online
T503692,2025-09-14,P1011,11,93.98,1033.78,WH-WEST,Online
T503693,2025-09-15,P1011,7,93.98,657.86,WH-WEST,In-Store
T503694,2025-09-16,P1011,6,93.98,563.88,WH-WEST,Online
T503695,2025-09-17,P1011,8,93.98,751.84,WH-WEST,In-Store
T503696,2025-09-18,P1011,8,93.98,751.84,WH-WEST,Online
T503697,2025-09-19,P1011,11,93.98,1033.78,WH-WEST,Online
T503698,2025-09-20,P1011,18,93.98,1691.64,WH-WEST,Online
T503699,2025-09-21,P1011,11,93.98,1033.78,WH-WEST,In-Store
T503700,2025-09-22,P1011,15,93.98,1409.7,WH-WEST,Online
T503701,2025-09-23,P1011,7,93.98,657.86,WH-WEST,Online
T503702,2025-09-24,P1011,9,93.98,845.82,WH-WEST,Online
T503703,2025-09-25,P1011,9,93.98,845.82,WH-WEST,Online
T503704,2025-09-26,P1011,10,93.98,939.8,WH-WEST,In-Store
T503705,2025-09-27,P1011,17,93.98,1597.66,WH-WEST,Online
T503706,2025-09-28,P1011,11,93.98,1033.78,WH-WEST,Online
T503707,2025-09-29,P1011,8,93.98,751.84,WH-WEST,Online
T503708,2025-09-30,P1011,10,93.98,939.8,WH-WEST,Online
T503709,2025-10-01,P1011,10,93.98,939.8,WH-WEST,In-Store
T503710,2025-10-02,P1011,15,93.98,1409.7,WH-WEST,Online
T503711,2025-10-03,P1011,11,93.98,1033.78,WH-WEST,Online
T503712,2025-10-04,P1011,15,93.98,1409.7,WH-WEST,Online
T503713,2025-10-05,P1011,17,93.98,1597.66,WH-WEST,In-Store
T503714,2025-10-06,P1011,7,93.98,657.86,WH-WEST,Online
T503715,2025-10-07,P1011,2,93.98,187.96,WH-WEST,Online
T503716,2025-10-08,P1011,10,93.98,939.8,WH-WEST,Online
T503717,2025-10-09,P1011,11,93.98,1033.78,WH-WEST,Online
T503718,2025-10-10,P1011,6,93.98,563.88,WH-WEST,Online
T503719,2025-10-11,P1011,13,93.98,1221.74,WH-WEST,Online
T503720,2025-10-12,P1011,12,93.98,1127.76,WH-WEST,In-Store
T503721,2025-10-13,P1011,9,93.98,845.82,WH-WEST,Online
T503722,2025-10-14,P1011,11,93.98,1033.78,WH-WEST,Online
T503723,2025-10-15,P1011,11,93.98,1033.78,WH-WEST,Online
T503724,2025-10-16,P1011,12,93.98,1127.76,WH-WEST,Online
T503725,2025-10-17,P1011,8,93.98,751.84,WH-WEST,In-Store
T503726,2025-10-18,P1011,12,93.98,1127.76,WH-WEST,Online
T503727,2025-10-19,P1011,14,93.98,1315.72,WH-WEST,In-Store
T503728,2025-10-20,P1011,11,93.98,1033.78,WH-WEST,Online
T503729,2025-10-21,P1011,11,93.98,1033.78,WH-WEST,In-Store
T503730,2025-10-22,P1011,9,93.98,845.82,WH-WEST,Online
T503731,2025-10-23,P1011,8,93.98,751.84,WH-WEST,Online
T503732,2025-10-24,P1011,8,93.98,751.84,WH-WEST,In-Store
T503733,2025-10-25,P1011,11,93.98,1033.78,WH-WEST,Online
T503734,2025-10-26,P1011,16,93.98,1503.68,WH-WEST,Online
T503735,2025-10-27,P1011,8,93.98,751.84,WH-WEST,Online
T503736,2025-10-28,P1011,9,93.98,845.82,WH-WEST,In-Store
T503737,2025-10-29,P1011,9,93.98,845.82,WH-WEST,In-Store
T503738,2025-10-30,P1011,11,93.98,1033.78,WH-WEST,In-Store
T503739,2025-10-31,P1011,7,93.98,657.86,WH-WEST,Online
T503740,2025-11-01,P1011,10,93.98,939.8,WH-WEST,Online
T503741,2025-11-02,P1011,28,93.98,2631.44,WH-WEST,Online
T503742,2025-11-03,P1011,8,93.98,751.84,WH-WEST,Online
T503743,2025-11-04,P1011,11,93.98,1033.78,WH-WEST,Online
T503744,2025-11-05,P1011,4,93.98,375.92,WH-WEST,In-Store
T503745,2025-11-06,P1011,11,93.98,1033.78,WH-WEST,In-Store
T503746,2025-11-07,P1011,5,93.98,469.9,WH-WEST,In-Store
T503747,2025-11-08,P1011,16,93.98,1503.68,WH-WEST,Online
T503748,2025-11-09,P1011,16,93.98,1503.68,WH-WEST,Online
T503749,2025-11-10,P1011,8,93.98,751.84,WH-WEST,In-Store
T503750,2025-11-11,P1011,14,93.98,1315.72,WH-WEST,Online
T503751,2025-11-12,P1011,10,93.98,939.8,WH-WEST,In-Store
T503752,2025-11-13,P1011,19,93.98,1785.62,WH-WEST,Online
T503753,2025-11-14,P1011,7,93.98,657.86,WH-WEST,Online
T503754,2025-11-15,P1011,15,93.98,1409.7,WH-WEST,Online
T503755,2025-11-16,P1011,19,93.98,1785.62,WH-WEST,Online
T503756,2025-11-17,P1011,18,93.98,1691.64,WH-WEST,In-Store
T503757,2025-11-18,P1011,9,93.98,845.82,WH-WEST,Online
T503758,2025-11-19,P1011,5,93.98,469.9,WH-WEST,In-Store
T503759,2025-11-20,P1011,9,93.98,845.82,WH-WEST,Online
T503760,2025-11-21,P1011,10,93.98,939.8,WH-WEST,In-Store
T503761,2025-11-22,P1011,18,93.98,1691.64,WH-WEST,Online
T503762,2025-11-23,P1011,27,93.98,2537.46,WH-WEST,In-Store
T503763,2025-11-24,P1011,10,93.98,939.8,WH-WEST,Online
T503764,2025-11-25,P1011,13,93.98,1221.74,WH-WEST,Online
T503765,2025-11-26,P1011,11,93.98,1033.78,WH-WEST,Online
T503766,2025-11-27,P1011,10,93.98,939.8,WH-WEST,Online
T503767,2025-11-28,P1011,8,93.98,751.84,WH-WEST,In-Store
T503768,2025-11-29,P1011,19,93.98,1785.62,WH-WEST,Online
T503769,2025-11-30,P1011,24,93.98,2255.52,WH-WEST,Online
T503770,2025-12-01,P1011,17,93.98,1597.66,WH-WEST,Online
T503771,2025-12-02,P1011,11,93.98,1033.78,WH-WEST,Online
T503772,2025-12-03,P1011,11,93.98,1033.78,WH-WEST,Online
T503773,2025-12-04,P1011,16,93.98,1503.68,WH-WEST,In-Store
T503774,2025-12-05,P1011,17,93.98,1597.66,WH-WEST,Online
T503775,2025-12-06,P1011,11,93.98,1033.78,WH-WEST,In-Store
T503776,2025-12-07,P1011,19,93.98,1785.62,WH-WEST,Online
T503777,2025-12-08,P1011,7,93.98,657.86,WH-WEST,In-Store
T503778,2025-12-09,P1011,10,93.98,939.8,WH-WEST,Online
T503779,2025-12-10,P1011,12,93.98,1127.76,WH-WEST,In-Store
T503780,2025-12-11,P1011,7,93.98,657.86,WH-WEST,Online
T503781,2025-12-12,P1011,12,93.98,1127.76,WH-WEST,In-Store
T503782,2025-12-13,P1011,18,93.98,1691.64,WH-WEST,In-Store
T503783,2025-12-14,P1011,20,93.98,1879.6,WH-WEST,In-Store
T503784,2025-12-15,P1011,10,93.98,939.8,WH-WEST,In-Store
T503785,2025-12-16,P1011,9,93.98,845.82,WH-WEST,Online
T503786,2025-12-17,P1011,12,93.98,1127.76,WH-WEST,In-Store
T503787,2025-12-18,P1011,15,93.98,1409.7,WH-WEST,In-Store
T503788,2025-12-19,P1011,15,93.98,1409.7,WH-WEST,In-Store
T503789,2025-12-20,P1011,18,93.98,1691.64,WH-WEST,Online
T503790,2025-12-21,P1011,20,93.98,1879.6,WH-WEST,Online
T503791,2025-12-22,P1011,8,93.98,751.84,WH-WEST,Online
T503792,2025-12-23,P1011,11,93.98,1033.78,WH-WEST,Online
T503793,2025-12-24,P1011,8,93.98,751.84,WH-WEST,Online
T503794,2025-12-25,P1011,11,93.98,1033.78,WH-WEST,In-Store
T503795,2025-12-26,P1011,13,93.98,1221.74,WH-WEST,Online
T503796,2025-12-27,P1011,15,93.98,1409.7,WH-WEST,Online
T503797,2025-12-28,P1011,12,93.98,1127.76,WH-WEST,In-Store
T503798,2025-12-29,P1011,9,93.98,845.82,WH-WEST,In-Store
T503799,2025-12-30,P1011,18,93.98,1691.64,WH-WEST,In-Store
T503800,2025-12-31,P1011,11,93.98,1033.78,WH-WEST,In-Store
T503801,2026-01-01,P1011,11,93.98,1033.78,WH-WEST,Online
T503802,2026-01-02,P1011,6,93.98,563.88,WH-WEST,In-Store
T503803,2026-01-03,P1011,18,93.98,1691.64,WH-WEST,Online
T503804,2026-01-04,P1011,12,93.98,1127.76,WH-WEST,In-Store
T503805,2026-01-05,P1011,21,93.98,1973.58,WH-WEST,Online
T503806,2026-01-06,P1011,6,93.98,563.88,WH-WEST,Online
T503807,2026-01-07,P1011,11,93.98,1033.78,WH-WEST,Online
T503808,2026-01-08,P1011,9,93.98,845.82,WH-WEST,Online
T503809,2026-01-09,P1011,17,93.98,1597.66,WH-WEST,In-Store
T503810,2026-01-10,P1011,18,93.98,1691.64,WH-WEST,Online
T503811,2026-01-11,P1011,19,93.98,1785.62,WH-WEST,Online
T503812,2026-01-12,P1011,12,93.98,1127.76,WH-WEST,Online
T503813,2026-01-13,P1011,12,93.98,1127.76,WH-WEST,Online
T503814,2026-01-14,P1011,9,93.98,845.82,WH-WEST,Online
T503815,2026-01-15,P1011,20,93.98,1879.6,WH-WEST,In-Store
T503816,2026-01-16,P1011,8,93.98,751.84,WH-WEST,Online
T503817,2026-01-17,P1011,15,93.98,1409.7,WH-WEST,Online
T503818,2026-01-18,P1011,20,93.98,1879.6,WH-WEST,Online
T503819,2026-01-19,P1011,10,93.98,939.8,WH-WEST,Online
T503820,2026-01-20,P1011,14,93.98,1315.72,WH-WEST,Online
T503821,2026-01-21,P1011,8,93.98,751.84,WH-WEST,Online
T503822,2026-01-22,P1011,9,93.98,845.82,WH-WEST,Online
T503823,2026-01-23,P1011,10,93.98,939.8,WH-WEST,Online
T503824,2026-01-24,P1011,20,93.98,1879.6,WH-WEST,Online
T503825,2026-01-25,P1011,23,93.98,2161.54,WH-WEST,In-Store
T503826,2026-01-26,P1011,14,93.98,1315.72,WH-WEST,In-Store
T503827,2026-01-27,P1011,16,93.98,1503.68,WH-WEST,Online
T503828,2026-01-28,P1011,6,93.98,563.88,WH-WEST,Online
T503829,2026-01-29,P1011,11,93.98,1033.78,WH-WEST,Online
T503830,2026-01-30,P1011,10,93.98,939.8,WH-WEST,Online
T503831,2026-01-31,P1011,19,93.98,1785.62,WH-WEST,Online
T503832,2026-02-01,P1011,9,93.98,845.82,WH-WEST,Online
T503833,2026-02-02,P1011,13,93.98,1221.74,WH-WEST,In-Store
T503834,2026-02-03,P1011,10,93.98,939.8,WH-WEST,In-Store
T503835,2026-02-04,P1011,13,93.98,1221.74,WH-WEST,In-Store
T503836,2026-02-05,P1011,10,93.98,939.8,WH-WEST,Online
T503837,2026-02-06,P1011,14,93.98,1315.72,WH-WEST,Online
T503838,2026-02-07,P1011,19,93.98,1785.62,WH-WEST,Online
T503839,2026-02-08,P1011,14,93.98,1315.72,WH-WEST,In-Store
T503840,2026-02-09,P1011,11,93.98,1033.78,WH-WEST,Online
T503841,2026-02-10,P1011,11,93.98,1033.78,WH-WEST,Online
T503842,2026-02-11,P1011,10,93.98,939.8,WH-WEST,Online
T503843,2026-02-12,P1011,13,93.98,1221.74,WH-WEST,In-Store
T503844,2026-02-13,P1011,11,93.98,1033.78,WH-WEST,Online
T503845,2026-02-14,P1011,20,93.98,1879.6,WH-WEST,Online
T503846,2026-02-15,P1011,18,93.98,1691.64,WH-WEST,Online
T503847,2026-02-16,P1011,14,93.98,1315.72,WH-WEST,Online
T503848,2026-02-17,P1011,14,93.98,1315.72,WH-WEST,In-Store
T503849,2026-02-18,P1011,10,93.98,939.8,WH-WEST,Online
T503850,2026-02-19,P1011,11,93.98,1033.78,WH-WEST,In-Store
T503851,2026-02-20,P1011,5,93.98,469.9,WH-WEST,Online
T503852,2026-02-21,P1011,15,93.98,1409.7,WH-WEST,In-Store
T503853,2026-02-22,P1011,13,93.98,1221.74,WH-WEST,Online
T503854,2026-02-23,P1011,10,93.98,939.8,WH-WEST,In-Store
T503855,2026-02-24,P1011,11,93.98,1033.78,WH-WEST,Online
T503856,2026-02-25,P1011,13,93.98,1221.74,WH-WEST,In-Store
T503857,2026-02-26,P1011,3,93.98,281.94,WH-WEST,Online
T503858,2026-02-27,P1011,11,93.98,1033.78,WH-WEST,Online
T503859,2026-02-28,P1011,17,93.98,1597.66,WH-WEST,In-Store
T503860,2026-03-01,P1011,17,93.98,1597.66,WH-WEST,Online
T503861,2026-03-02,P1011,7,93.98,657.86,WH-WEST,Online
T503862,2026-03-03,P1011,11,93.98,1033.78,WH-WEST,Online
T503863,2026-03-04,P1011,8,93.98,751.84,WH-WEST,Online
T503864,2026-03-05,P1011,12,93.98,1127.76,WH-WEST,In-Store
T503865,2026-03-06,P1011,11,93.98,1033.78,WH-WEST,In-Store
T503866,2026-03-07,P1011,8,93.98,751.84,WH-WEST,Online
T503867,2026-03-08,P1011,13,93.98,1221.74,WH-WEST,Online
T503868,2026-03-09,P1011,7,93.98,657.86,WH-WEST,Online
T503869,2026-03-10,P1011,7,93.98,657.86,WH-WEST,Online
T503870,2026-03-11,P1011,11,93.98,1033.78,WH-WEST,In-Store
T503871,2026-03-12,P1011,8,93.98,751.84,WH-WEST,Online
T503872,2026-03-13,P1011,7,93.98,657.86,WH-WEST,Online
T503873,2026-03-14,P1011,9,93.98,845.82,WH-WEST,In-Store
T503874,2026-03-15,P1011,19,93.98,1785.62,WH-WEST,Online
T503875,2026-03-16,P1011,9,93.98,845.82,WH-WEST,Online
T503876,2026-03-17,P1011,7,93.98,657.86,WH-WEST,Online
T503877,2026-03-18,P1011,15,93.98,1409.7,WH-WEST,Online
T503878,2026-03-19,P1011,9,93.98,845.82,WH-WEST,Online
T503879,2026-03-20,P1011,6,93.98,563.88,WH-WEST,In-Store
T503880,2026-03-21,P1011,11,93.98,1033.78,WH-WEST,Online
T503881,2026-03-22,P1011,12,93.98,1127.76,WH-WEST,In-Store
T503882,2026-03-23,P1011,8,93.98,751.84,WH-WEST,In-Store
T503883,2026-03-24,P1011,10,93.98,939.8,WH-WEST,Online
T503884,2026-03-25,P1011,5,93.98,469.9,WH-WEST,In-Store
T503885,2026-03-26,P1011,6,93.98,563.88,WH-WEST,In-Store
T503886,2026-03-27,P1011,7,93.98,657.86,WH-WEST,Online
T503887,2026-03-28,P1011,14,93.98,1315.72,WH-WEST,Online
T503888,2026-03-29,P1011,16,93.98,1503.68,WH-WEST,Online
T503889,2026-03-30,P1011,7,93.98,657.86,WH-WEST,In-Store
T503890,2026-03-31,P1011,10,93.98,939.8,WH-WEST,Online
T503891,2026-04-01,P1011,10,93.98,939.8,WH-WEST,In-Store
T503892,2026-04-02,P1011,9,93.98,845.82,WH-WEST,Online
T503893,2026-04-03,P1011,6,93.98,563.88,WH-WEST,In-Store
T503894,2026-04-04,P1011,14,93.98,1315.72,WH-WEST,In-Store
T503895,2026-04-05,P1011,12,93.98,1127.76,WH-WEST,In-Store
T503896,2026-04-06,P1011,11,93.98,1033.78,WH-WEST,In-Store
T503897,2026-04-07,P1011,11,93.98,1033.78,WH-WEST,In-Store
T503898,2026-04-08,P1011,5,93.98,469.9,WH-WEST,Online
T503899,2026-04-09,P1011,9,93.98,845.82,WH-WEST,In-Store
T503900,2026-04-10,P1011,7,93.98,657.86,WH-WEST,Online
T503901,2026-04-11,P1011,10,93.98,939.8,WH-WEST,Online
T503902,2026-04-12,P1011,17,93.98,1597.66,WH-WEST,Online
T503903,2026-04-13,P1011,5,93.98,469.9,WH-WEST,In-Store
T503904,2026-04-14,P1011,7,93.98,657.86,WH-WEST,Online
T503905,2026-04-15,P1011,11,93.98,1033.78,WH-WEST,Online
T503906,2026-04-16,P1011,9,93.98,845.82,WH-WEST,In-Store
T503907,2026-04-17,P1011,5,93.98,469.9,WH-WEST,In-Store
T503908,2026-04-18,P1011,17,93.98,1597.66,WH-WEST,Online
T503909,2026-04-19,P1011,15,93.98,1409.7,WH-WEST,Online
T503910,2026-04-20,P1011,12,93.98,1127.76,WH-WEST,Online
T503911,2026-04-21,P1011,9,93.98,845.82,WH-WEST,Online
T503912,2026-04-22,P1011,11,93.98,1033.78,WH-WEST,In-Store
T503913,2026-04-23,P1011,10,93.98,939.8,WH-WEST,Online
T503914,2026-04-24,P1011,7,93.98,657.86,WH-WEST,In-Store
T503915,2026-04-25,P1011,11,93.98,1033.78,WH-WEST,Online
T503916,2026-04-26,P1011,20,93.98,1879.6,WH-WEST,In-Store
T503917,2026-04-27,P1011,9,93.98,845.82,WH-WEST,In-Store
T503918,2026-04-28,P1011,9,93.98,845.82,WH-WEST,Online
T503919,2026-04-29,P1011,6,93.98,563.88,WH-WEST,Online
T503920,2026-04-30,P1011,9,93.98,845.82,WH-WEST,Online
T503921,2026-05-01,P1011,3,93.98,281.94,WH-WEST,Online
T503922,2026-05-02,P1011,10,93.98,939.8,WH-WEST,Online
T503923,2026-05-03,P1011,18,93.98,1691.64,WH-WEST,In-Store
T503924,2026-05-04,P1011,6,93.98,563.88,WH-WEST,Online
T503925,2026-05-05,P1011,8,93.98,751.84,WH-WEST,Online
T503926,2026-05-06,P1011,5,93.98,469.9,WH-WEST,Online
T503927,2026-05-07,P1011,15,93.98,1409.7,WH-WEST,Online
T503928,2026-05-08,P1011,7,93.98,657.86,WH-WEST,Online
T503929,2026-05-09,P1011,18,93.98,1691.64,WH-WEST,Online
T503930,2026-05-10,P1011,17,93.98,1597.66,WH-WEST,Online
T503931,2026-05-11,P1011,13,93.98,1221.74,WH-WEST,Online
T503932,2026-05-12,P1011,6,93.98,563.88,WH-WEST,In-Store
T503933,2026-05-13,P1011,3,93.98,281.94,WH-WEST,Online
T503934,2026-05-14,P1011,6,93.98,563.88,WH-WEST,Online
T503935,2026-05-15,P1011,7,93.98,657.86,WH-WEST,Online
T503936,2026-05-16,P1011,15,93.98,1409.7,WH-WEST,In-Store
T503937,2026-05-17,P1011,6,93.98,563.88,WH-WEST,Online
T503938,2026-05-18,P1011,6,93.98,563.88,WH-WEST,Online
T503939,2026-05-19,P1011,7,93.98,657.86,WH-WEST,In-Store
T503940,2026-05-20,P1011,10,93.98,939.8,WH-WEST,Online
T503941,2026-05-21,P1011,10,93.98,939.8,WH-WEST,In-Store
T503942,2026-05-22,P1011,10,93.98,939.8,WH-WEST,Online
T503943,2026-05-23,P1011,18,93.98,1691.64,WH-WEST,Online
T503944,2026-05-24,P1011,20,93.98,1879.6,WH-WEST,Online
T503945,2026-05-25,P1011,12,93.98,1127.76,WH-WEST,In-Store
T503946,2026-05-26,P1011,10,93.98,939.8,WH-WEST,In-Store
T503947,2026-05-27,P1011,9,93.98,845.82,WH-WEST,In-Store
T503948,2026-05-28,P1011,6,93.98,563.88,WH-WEST,Online
T503949,2026-05-29,P1011,4,93.98,375.92,WH-WEST,In-Store
T503950,2026-05-30,P1011,10,93.98,939.8,WH-WEST,In-Store
T503951,2026-05-31,P1011,10,93.98,939.8,WH-WEST,Online
T503952,2026-06-01,P1011,10,93.98,939.8,WH-WEST,Online
T503953,2026-06-02,P1011,10,93.98,939.8,WH-WEST,Online
T503954,2026-06-03,P1011,13,93.98,1221.74,WH-WEST,In-Store
T503955,2026-06-04,P1011,5,93.98,469.9,WH-WEST,Online
T503956,2026-06-05,P1011,12,93.98,1127.76,WH-WEST,In-Store
T503957,2026-06-06,P1011,10,93.98,939.8,WH-WEST,Online
T503958,2026-06-07,P1011,12,93.98,1127.76,WH-WEST,Online
T503959,2026-06-08,P1011,7,93.98,657.86,WH-WEST,Online
T503960,2026-06-09,P1011,11,93.98,1033.78,WH-WEST,In-Store
T503961,2026-06-10,P1011,8,93.98,751.84,WH-WEST,Online
T503962,2026-06-11,P1011,11,93.98,1033.78,WH-WEST,Online
T503963,2026-06-12,P1011,8,93.98,751.84,WH-WEST,Online
T503964,2026-06-13,P1011,18,93.98,1691.64,WH-WEST,Online
T503965,2026-06-14,P1011,11,93.98,1033.78,WH-WEST,Online
T503966,2026-06-15,P1011,11,93.98,1033.78,WH-WEST,Online
T503967,2026-06-16,P1011,11,93.98,1033.78,WH-WEST,In-Store
T503968,2026-06-17,P1011,5,93.98,469.9,WH-WEST,In-Store
T503969,2026-06-18,P1011,9,93.98,845.82,WH-WEST,Online
T503970,2026-06-19,P1011,8,93.98,751.84,WH-WEST,In-Store
T503971,2026-06-20,P1011,9,93.98,845.82,WH-WEST,In-Store
T503972,2026-06-21,P1011,17,93.98,1597.66,WH-WEST,Online
T503973,2026-06-22,P1011,9,93.98,845.82,WH-WEST,Online
T503974,2026-06-23,P1011,5,93.98,469.9,WH-WEST,Online
T503975,2026-06-24,P1011,15,93.98,1409.7,WH-WEST,Online
T503976,2026-06-25,P1011,12,93.98,1127.76,WH-WEST,Online
T503977,2026-06-26,P1011,12,93.98,1127.76,WH-WEST,Online
T503978,2026-06-27,P1011,13,93.98,1221.74,WH-WEST,Online
T503979,2026-06-28,P1011,19,93.98,1785.62,WH-WEST,In-Store
T503980,2026-06-29,P1011,6,93.98,563.88,WH-WEST,Online
T503981,2026-06-30,P1011,9,93.98,845.82,WH-WEST,Online
T503982,2026-07-01,P1011,16,93.98,1503.68,WH-WEST,Online
T503983,2026-07-02,P1011,15,93.98,1409.7,WH-WEST,Online
T503984,2026-07-03,P1011,6,93.98,563.88,WH-WEST,Online
T503985,2026-07-04,P1011,19,93.98,1785.62,WH-WEST,In-Store
T503986,2026-07-05,P1011,19,93.98,1785.62,WH-WEST,In-Store
T503987,2026-07-06,P1011,7,93.98,657.86,WH-WEST,Online
T503988,2026-07-07,P1011,15,93.98,1409.7,WH-WEST,In-Store
T503989,2026-07-08,P1011,13,93.98,1221.74,WH-WEST,Online
T503990,2026-07-09,P1011,13,93.98,1221.74,WH-WEST,In-Store
T503991,2026-07-10,P1011,13,93.98,1221.74,WH-WEST,In-Store
T503992,2026-07-11,P1011,13,93.98,1221.74,WH-WEST,Online
T503993,2026-07-12,P1011,21,93.98,1973.58,WH-WEST,In-Store
T503994,2026-07-13,P1011,7,93.98,657.86,WH-WEST,Online
T503995,2026-07-14,P1011,15,93.98,1409.7,WH-WEST,In-Store
T503996,2026-07-15,P1011,8,93.98,751.84,WH-WEST,In-Store
T503997,2026-07-16,P1011,11,93.98,1033.78,WH-WEST,In-Store
T503998,2026-07-17,P1011,10,93.98,939.8,WH-WEST,Online
T503999,2026-07-18,P1011,23,93.98,2161.54,WH-WEST,Online
T504000,2026-07-19,P1011,13,93.98,1221.74,WH-WEST,Online
T504001,2026-07-20,P1011,14,93.98,1315.72,WH-WEST,Online
T504002,2026-07-21,P1011,12,93.98,1127.76,WH-WEST,Online
T504003,2026-07-22,P1011,14,93.98,1315.72,WH-WEST,In-Store
T504004,2026-07-23,P1011,12,93.98,1127.76,WH-WEST,Online
T504005,2026-07-24,P1011,16,93.98,1503.68,WH-WEST,Online
T504006,2026-07-25,P1011,22,93.98,2067.56,WH-WEST,Online
T504007,2026-07-26,P1011,16,93.98,1503.68,WH-WEST,Online
T504008,2026-07-27,P1011,12,93.98,1127.76,WH-WEST,Online
T504009,2026-07-28,P1011,7,93.98,657.86,WH-WEST,In-Store
T504010,2026-07-29,P1011,16,93.98,1503.68,WH-WEST,In-Store
T504011,2026-07-30,P1011,14,93.98,1315.72,WH-WEST,Online
T504012,2026-07-31,P1011,17,93.98,1597.66,WH-WEST,Online
T504013,2026-08-01,P1011,23,93.98,2161.54,WH-WEST,In-Store
T504014,2026-08-02,P1011,14,93.98,1315.72,WH-WEST,In-Store
T504015,2026-08-03,P1011,12,93.98,1127.76,WH-WEST,In-Store
T504016,2026-08-04,P1011,14,93.98,1315.72,WH-WEST,Online
T504017,2026-08-05,P1011,23,93.98,2161.54,WH-WEST,In-Store
T504018,2026-08-06,P1011,11,93.98,1033.78,WH-WEST,Online
T504019,2026-08-07,P1011,10,93.98,939.8,WH-WEST,In-Store
T504020,2026-08-08,P1011,19,93.98,1785.62,WH-WEST,In-Store
T504021,2026-08-09,P1011,22,93.98,2067.56,WH-WEST,In-Store
T504022,2026-08-10,P1011,5,93.98,469.9,WH-WEST,Online
T504023,2026-08-11,P1011,7,93.98,657.86,WH-WEST,Online
T504024,2026-08-12,P1011,13,93.98,1221.74,WH-WEST,Online
T504025,2026-08-13,P1011,15,93.98,1409.7,WH-WEST,Online
T504026,2025-08-15,P1012,5,78.69,393.45,WH-WEST,In-Store
T504027,2025-08-16,P1012,6,78.69,472.14,WH-WEST,Online
T504028,2025-08-17,P1012,9,78.69,708.21,WH-WEST,Online
T504029,2025-08-18,P1012,6,78.69,472.14,WH-WEST,Online
T504030,2025-08-19,P1012,6,78.69,472.14,WH-WEST,Online
T504031,2025-08-20,P1012,4,78.69,314.76,WH-WEST,Online
T504032,2025-08-21,P1012,7,78.69,550.83,WH-WEST,Online
T504033,2025-08-22,P1012,3,78.69,236.07,WH-WEST,Online
T504034,2025-08-23,P1012,7,78.69,550.83,WH-WEST,Online
T504035,2025-08-24,P1012,4,78.69,314.76,WH-WEST,Online
T504036,2025-08-25,P1012,3,78.69,236.07,WH-WEST,In-Store
T504037,2025-08-26,P1012,3,78.69,236.07,WH-WEST,Online
T504038,2025-08-27,P1012,3,78.69,236.07,WH-WEST,In-Store
T504039,2025-08-28,P1012,7,78.69,550.83,WH-WEST,Online
T504040,2025-08-29,P1012,3,78.69,236.07,WH-WEST,In-Store
T504041,2025-08-30,P1012,2,78.69,157.38,WH-WEST,Online
T504042,2025-08-31,P1012,4,78.69,314.76,WH-WEST,In-Store
T504043,2025-09-01,P1012,1,78.69,78.69,WH-WEST,Online
T504044,2025-09-02,P1012,7,78.69,550.83,WH-WEST,Online
T504045,2025-09-03,P1012,4,78.69,314.76,WH-WEST,In-Store
T504046,2025-09-04,P1012,2,78.69,157.38,WH-WEST,In-Store
T504047,2025-09-05,P1012,3,78.69,236.07,WH-WEST,Online
T504048,2025-09-06,P1012,6,78.69,472.14,WH-WEST,In-Store
T504049,2025-09-07,P1012,3,78.69,236.07,WH-WEST,In-Store
T504050,2025-09-08,P1012,5,78.69,393.45,WH-WEST,Online
T504051,2025-09-09,P1012,3,78.69,236.07,WH-WEST,Online
T504052,2025-09-10,P1012,4,78.69,314.76,WH-WEST,Online
T504053,2025-09-11,P1012,1,78.69,78.69,WH-WEST,In-Store
T504054,2025-09-12,P1012,4,78.69,314.76,WH-WEST,In-Store
T504055,2025-09-13,P1012,3,78.69,236.07,WH-WEST,Online
T504056,2025-09-14,P1012,5,78.69,393.45,WH-WEST,Online
T504057,2025-09-15,P1012,7,78.69,550.83,WH-WEST,Online
T504058,2025-09-16,P1012,5,78.69,393.45,WH-WEST,In-Store
T504059,2025-09-17,P1012,3,78.69,236.07,WH-WEST,Online
T504060,2025-09-18,P1012,2,78.69,157.38,WH-WEST,Online
T504061,2025-09-19,P1012,2,78.69,157.38,WH-WEST,Online
T504062,2025-09-20,P1012,1,78.69,78.69,WH-WEST,In-Store
T504063,2025-09-21,P1012,6,78.69,472.14,WH-WEST,In-Store
T504064,2025-09-22,P1012,3,78.69,236.07,WH-WEST,Online
T504065,2025-09-23,P1012,1,78.69,78.69,WH-WEST,In-Store
T504066,2025-09-24,P1012,4,78.69,314.76,WH-WEST,In-Store
T504067,2025-09-25,P1012,4,78.69,314.76,WH-WEST,Online
T504068,2025-09-26,P1012,4,78.69,314.76,WH-WEST,Online
T504069,2025-09-27,P1012,10,78.69,786.9,WH-WEST,Online
T504070,2025-09-28,P1012,2,78.69,157.38,WH-WEST,In-Store
T504071,2025-09-29,P1012,3,78.69,236.07,WH-WEST,In-Store
T504072,2025-09-30,P1012,3,78.69,236.07,WH-WEST,Online
T504073,2025-10-01,P1012,3,78.69,236.07,WH-WEST,In-Store
T504074,2025-10-02,P1012,2,78.69,157.38,WH-WEST,Online
T504075,2025-10-03,P1012,5,78.69,393.45,WH-WEST,Online
T504076,2025-10-04,P1012,9,78.69,708.21,WH-WEST,Online
T504077,2025-10-05,P1012,4,78.69,314.76,WH-WEST,In-Store
T504078,2025-10-06,P1012,4,78.69,314.76,WH-WEST,Online
T504079,2025-10-07,P1012,5,78.69,393.45,WH-WEST,Online
T504080,2025-10-08,P1012,4,78.69,314.76,WH-WEST,Online
T504081,2025-10-09,P1012,4,78.69,314.76,WH-WEST,Online
T504082,2025-10-10,P1012,2,78.69,157.38,WH-WEST,Online
T504083,2025-10-11,P1012,7,78.69,550.83,WH-WEST,Online
T504084,2025-10-12,P1012,8,78.69,629.52,WH-WEST,Online
T504085,2025-10-13,P1012,2,78.69,157.38,WH-WEST,In-Store
T504086,2025-10-14,P1012,3,78.69,236.07,WH-WEST,Online
T504087,2025-10-15,P1012,7,78.69,550.83,WH-WEST,Online
T504088,2025-10-16,P1012,5,78.69,393.45,WH-WEST,Online
T504089,2025-10-17,P1012,8,78.69,629.52,WH-WEST,In-Store
T504090,2025-10-18,P1012,11,78.69,865.59,WH-WEST,Online
T504091,2025-10-19,P1012,9,78.69,708.21,WH-WEST,In-Store
T504092,2025-10-20,P1012,5,78.69,393.45,WH-WEST,Online
T504093,2025-10-21,P1012,8,78.69,629.52,WH-WEST,Online
T504094,2025-10-22,P1012,7,78.69,550.83,WH-WEST,In-Store
T504095,2025-10-23,P1012,7,78.69,550.83,WH-WEST,Online
T504096,2025-10-24,P1012,7,78.69,550.83,WH-WEST,In-Store
T504097,2025-10-25,P1012,4,78.69,314.76,WH-WEST,Online
T504098,2025-10-26,P1012,7,78.69,550.83,WH-WEST,Online
T504099,2025-10-27,P1012,5,78.69,393.45,WH-WEST,Online
T504100,2025-10-28,P1012,2,78.69,157.38,WH-WEST,Online
T504101,2025-10-29,P1012,4,78.69,314.76,WH-WEST,Online
T504102,2025-10-30,P1012,6,78.69,472.14,WH-WEST,In-Store
T504103,2025-10-31,P1012,4,78.69,314.76,WH-WEST,Online
T504104,2025-11-01,P1012,4,78.69,314.76,WH-WEST,Online
T504105,2025-11-02,P1012,2,78.69,157.38,WH-WEST,Online
T504106,2025-11-03,P1012,4,78.69,314.76,WH-WEST,In-Store
T504107,2025-11-04,P1012,3,78.69,236.07,WH-WEST,In-Store
T504108,2025-11-05,P1012,3,78.69,236.07,WH-WEST,In-Store
T504109,2025-11-06,P1012,2,78.69,157.38,WH-WEST,In-Store
T504110,2025-11-07,P1012,1,78.69,78.69,WH-WEST,Online
T504111,2025-11-08,P1012,6,78.69,472.14,WH-WEST,Online
T504112,2025-11-09,P1012,3,78.69,236.07,WH-WEST,In-Store
T504113,2025-11-10,P1012,2,78.69,157.38,WH-WEST,Online
T504114,2025-11-11,P1012,4,78.69,314.76,WH-WEST,Online
T504115,2025-11-12,P1012,4,78.69,314.76,WH-WEST,Online
T504116,2025-11-13,P1012,6,78.69,472.14,WH-WEST,In-Store
T504117,2025-11-14,P1012,4,78.69,314.76,WH-WEST,Online
T504118,2025-11-15,P1012,10,78.69,786.9,WH-WEST,Online
T504119,2025-11-16,P1012,3,78.69,236.07,WH-WEST,Online
T504120,2025-11-17,P1012,6,78.69,472.14,WH-WEST,Online
T504121,2025-11-18,P1012,3,78.69,236.07,WH-WEST,Online
T504122,2025-11-19,P1012,5,78.69,393.45,WH-WEST,Online
T504123,2025-11-20,P1012,7,78.69,550.83,WH-WEST,Online
T504124,2025-11-21,P1012,6,78.69,472.14,WH-WEST,In-Store
T504125,2025-11-22,P1012,2,78.69,157.38,WH-WEST,Online
T504126,2025-11-23,P1012,2,78.69,157.38,WH-WEST,Online
T504127,2025-11-24,P1012,8,78.69,629.52,WH-WEST,Online
T504128,2025-11-25,P1012,1,78.69,78.69,WH-WEST,Online
T504129,2025-11-26,P1012,6,78.69,472.14,WH-WEST,In-Store
T504130,2025-11-27,P1012,4,78.69,314.76,WH-WEST,Online
T504131,2025-11-28,P1012,5,78.69,393.45,WH-WEST,In-Store
T504132,2025-11-29,P1012,8,78.69,629.52,WH-WEST,Online
T504133,2025-11-30,P1012,3,78.69,236.07,WH-WEST,Online
T504134,2025-12-01,P1012,4,78.69,314.76,WH-WEST,Online
T504135,2025-12-02,P1012,5,78.69,393.45,WH-WEST,Online
T504136,2025-12-03,P1012,4,78.69,314.76,WH-WEST,In-Store
T504137,2025-12-04,P1012,2,78.69,157.38,WH-WEST,Online
T504138,2025-12-05,P1012,11,78.69,865.59,WH-WEST,Online
T504139,2025-12-06,P1012,5,78.69,393.45,WH-WEST,In-Store
T504140,2025-12-07,P1012,5,78.69,393.45,WH-WEST,Online
T504141,2025-12-08,P1012,4,78.69,314.76,WH-WEST,In-Store
T504142,2025-12-09,P1012,5,78.69,393.45,WH-WEST,In-Store
T504143,2025-12-10,P1012,4,78.69,314.76,WH-WEST,Online
T504144,2025-12-11,P1012,8,78.69,629.52,WH-WEST,In-Store
T504145,2025-12-12,P1012,2,78.69,157.38,WH-WEST,In-Store
T504146,2025-12-13,P1012,8,78.69,629.52,WH-WEST,Online
T504147,2025-12-14,P1012,6,78.69,472.14,WH-WEST,In-Store
T504148,2025-12-15,P1012,2,78.69,157.38,WH-WEST,In-Store
T504149,2025-12-16,P1012,4,78.69,314.76,WH-WEST,Online
T504150,2025-12-17,P1012,5,78.69,393.45,WH-WEST,Online
T504151,2025-12-18,P1012,6,78.69,472.14,WH-WEST,Online
T504152,2025-12-19,P1012,5,78.69,393.45,WH-WEST,Online
T504153,2025-12-20,P1012,7,78.69,550.83,WH-WEST,In-Store
T504154,2025-12-21,P1012,5,78.69,393.45,WH-WEST,Online
T504155,2025-12-22,P1012,6,78.69,472.14,WH-WEST,In-Store
T504156,2025-12-23,P1012,2,78.69,157.38,WH-WEST,Online
T504157,2025-12-24,P1012,5,78.69,393.45,WH-WEST,In-Store
T504158,2025-12-25,P1012,10,78.69,786.9,WH-WEST,Online
T504159,2025-12-26,P1012,6,78.69,472.14,WH-WEST,Online
T504160,2025-12-27,P1012,2,78.69,157.38,WH-WEST,In-Store
T504161,2025-12-28,P1012,6,78.69,472.14,WH-WEST,Online
T504162,2025-12-29,P1012,3,78.69,236.07,WH-WEST,Online
T504163,2025-12-30,P1012,1,78.69,78.69,WH-WEST,In-Store
T504164,2025-12-31,P1012,3,78.69,236.07,WH-WEST,Online
T504165,2026-01-01,P1012,2,78.69,157.38,WH-WEST,Online
T504166,2026-01-02,P1012,3,78.69,236.07,WH-WEST,Online
T504167,2026-01-03,P1012,5,78.69,393.45,WH-WEST,Online
T504168,2026-01-04,P1012,4,78.69,314.76,WH-WEST,Online
T504169,2026-01-05,P1012,3,78.69,236.07,WH-WEST,Online
T504170,2026-01-06,P1012,2,78.69,157.38,WH-WEST,Online
T504171,2026-01-07,P1012,5,78.69,393.45,WH-WEST,Online
T504172,2026-01-08,P1012,2,78.69,157.38,WH-WEST,Online
T504173,2026-01-09,P1012,5,78.69,393.45,WH-WEST,In-Store
T504174,2026-01-10,P1012,2,78.69,157.38,WH-WEST,Online
T504175,2026-01-11,P1012,5,78.69,393.45,WH-WEST,Online
T504176,2026-01-12,P1012,4,78.69,314.76,WH-WEST,In-Store
T504177,2026-01-13,P1012,3,78.69,236.07,WH-WEST,In-Store
T504178,2026-01-14,P1012,2,78.69,157.38,WH-WEST,Online
T504179,2026-01-15,P1012,5,78.69,393.45,WH-WEST,In-Store
T504180,2026-01-16,P1012,2,78.69,157.38,WH-WEST,Online
T504181,2026-01-17,P1012,3,78.69,236.07,WH-WEST,In-Store
T504182,2026-01-18,P1012,1,78.69,78.69,WH-WEST,Online
T504183,2026-01-19,P1012,5,78.69,393.45,WH-WEST,Online
T504184,2026-01-20,P1012,1,78.69,78.69,WH-WEST,Online
T504185,2026-01-21,P1012,3,78.69,236.07,WH-WEST,In-Store
T504186,2026-01-22,P1012,4,78.69,314.76,WH-WEST,In-Store
T504187,2026-01-23,P1012,4,78.69,314.76,WH-WEST,Online
T504188,2026-01-24,P1012,4,78.69,314.76,WH-WEST,In-Store
T504189,2026-01-25,P1012,2,78.69,157.38,WH-WEST,Online
T504190,2026-01-26,P1012,2,78.69,157.38,WH-WEST,Online
T504191,2026-01-27,P1012,4,78.69,314.76,WH-WEST,Online
T504192,2026-01-28,P1012,1,78.69,78.69,WH-WEST,Online
T504193,2026-01-29,P1012,6,78.69,472.14,WH-WEST,In-Store
T504194,2026-01-30,P1012,3,78.69,236.07,WH-WEST,In-Store
T504195,2026-01-31,P1012,6,78.69,472.14,WH-WEST,Online
T504196,2026-02-01,P1012,6,78.69,472.14,WH-WEST,In-Store
T504197,2026-02-02,P1012,3,78.69,236.07,WH-WEST,Online
T504198,2026-02-03,P1012,3,78.69,236.07,WH-WEST,Online
T504199,2026-02-05,P1012,7,78.69,550.83,WH-WEST,In-Store
T504200,2026-02-06,P1012,6,78.69,472.14,WH-WEST,In-Store
T504201,2026-02-07,P1012,2,78.69,157.38,WH-WEST,Online
T504202,2026-02-08,P1012,5,78.69,393.45,WH-WEST,Online
T504203,2026-02-09,P1012,4,78.69,314.76,WH-WEST,In-Store
T504204,2026-02-10,P1012,2,78.69,157.38,WH-WEST,Online
T504205,2026-02-11,P1012,10,78.69,786.9,WH-WEST,Online
T504206,2026-02-12,P1012,5,78.69,393.45,WH-WEST,Online
T504207,2026-02-13,P1012,3,78.69,236.07,WH-WEST,Online
T504208,2026-02-14,P1012,7,78.69,550.83,WH-WEST,Online
T504209,2026-02-15,P1012,5,78.69,393.45,WH-WEST,Online
T504210,2026-02-16,P1012,3,78.69,236.07,WH-WEST,Online
T504211,2026-02-17,P1012,2,78.69,157.38,WH-WEST,Online
T504212,2026-02-18,P1012,5,78.69,393.45,WH-WEST,In-Store
T504213,2026-02-19,P1012,2,78.69,157.38,WH-WEST,Online
T504214,2026-02-20,P1012,8,78.69,629.52,WH-WEST,In-Store
T504215,2026-02-21,P1012,4,78.69,314.76,WH-WEST,Online
T504216,2026-02-22,P1012,5,78.69,393.45,WH-WEST,Online
T504217,2026-02-23,P1012,3,78.69,236.07,WH-WEST,In-Store
T504218,2026-02-24,P1012,3,78.69,236.07,WH-WEST,Online
T504219,2026-02-25,P1012,3,78.69,236.07,WH-WEST,In-Store
T504220,2026-02-26,P1012,3,78.69,236.07,WH-WEST,Online
T504221,2026-02-27,P1012,4,78.69,314.76,WH-WEST,Online
T504222,2026-02-28,P1012,4,78.69,314.76,WH-WEST,Online
T504223,2026-03-01,P1012,1,78.69,78.69,WH-WEST,Online
T504224,2026-03-02,P1012,8,78.69,629.52,WH-WEST,In-Store
T504225,2026-03-03,P1012,5,78.69,393.45,WH-WEST,In-Store
T504226,2026-03-04,P1012,2,78.69,157.38,WH-WEST,Online
T504227,2026-03-05,P1012,5,78.69,393.45,WH-WEST,Online
T504228,2026-03-06,P1012,4,78.69,314.76,WH-WEST,Online
T504229,2026-03-07,P1012,5,78.69,393.45,WH-WEST,Online
T504230,2026-03-08,P1012,4,78.69,314.76,WH-WEST,In-Store
T504231,2026-03-09,P1012,6,78.69,472.14,WH-WEST,Online
T504232,2026-03-10,P1012,5,78.69,393.45,WH-WEST,Online
T504233,2026-03-11,P1012,5,78.69,393.45,WH-WEST,In-Store
T504234,2026-03-12,P1012,5,78.69,393.45,WH-WEST,In-Store
T504235,2026-03-13,P1012,3,78.69,236.07,WH-WEST,Online
T504236,2026-03-14,P1012,3,78.69,236.07,WH-WEST,Online
T504237,2026-03-15,P1012,5,78.69,393.45,WH-WEST,Online
T504238,2026-03-16,P1012,2,78.69,157.38,WH-WEST,Online
T504239,2026-03-17,P1012,2,78.69,157.38,WH-WEST,Online
T504240,2026-03-18,P1012,5,78.69,393.45,WH-WEST,Online
T504241,2026-03-19,P1012,2,78.69,157.38,WH-WEST,Online
T504242,2026-03-20,P1012,2,78.69,157.38,WH-WEST,Online
T504243,2026-03-21,P1012,4,78.69,314.76,WH-WEST,In-Store
T504244,2026-03-22,P1012,3,78.69,236.07,WH-WEST,In-Store
T504245,2026-03-23,P1012,1,78.69,78.69,WH-WEST,Online
T504246,2026-03-24,P1012,2,78.69,157.38,WH-WEST,Online
T504247,2026-03-25,P1012,2,78.69,157.38,WH-WEST,In-Store
T504248,2026-03-26,P1012,2,78.69,157.38,WH-WEST,Online
T504249,2026-03-27,P1012,1,78.69,78.69,WH-WEST,In-Store
T504250,2026-03-28,P1012,5,78.69,393.45,WH-WEST,In-Store
T504251,2026-03-29,P1012,6,78.69,472.14,WH-WEST,Online
T504252,2026-03-31,P1012,2,78.69,157.38,WH-WEST,Online
T504253,2026-04-01,P1012,4,78.69,314.76,WH-WEST,Online
T504254,2026-04-02,P1012,1,78.69,78.69,WH-WEST,Online
T504255,2026-04-04,P1012,3,78.69,236.07,WH-WEST,Online
T504256,2026-04-05,P1012,2,78.69,157.38,WH-WEST,In-Store
T504257,2026-04-06,P1012,2,78.69,157.38,WH-WEST,In-Store
T504258,2026-04-07,P1012,2,78.69,157.38,WH-WEST,In-Store
T504259,2026-04-08,P1012,1,78.69,78.69,WH-WEST,Online
T504260,2026-04-09,P1012,2,78.69,157.38,WH-WEST,In-Store
T504261,2026-04-10,P1012,4,78.69,314.76,WH-WEST,Online
T504262,2026-04-11,P1012,4,78.69,314.76,WH-WEST,In-Store
T504263,2026-04-12,P1012,2,78.69,157.38,WH-WEST,Online
T504264,2026-04-13,P1012,3,78.69,236.07,WH-WEST,Online
T504265,2026-04-14,P1012,4,78.69,314.76,WH-WEST,Online
T504266,2026-04-15,P1012,2,78.69,157.38,WH-WEST,Online
T504267,2026-04-16,P1012,4,78.69,314.76,WH-WEST,Online
T504268,2026-04-18,P1012,4,78.69,314.76,WH-WEST,Online
T504269,2026-04-19,P1012,2,78.69,157.38,WH-WEST,Online
T504270,2026-04-20,P1012,1,78.69,78.69,WH-WEST,Online
T504271,2026-04-21,P1012,2,78.69,157.38,WH-WEST,Online
T504272,2026-04-22,P1012,1,78.69,78.69,WH-WEST,Online
T504273,2026-04-23,P1012,2,78.69,157.38,WH-WEST,Online
T504274,2026-04-24,P1012,2,78.69,157.38,WH-WEST,Online
T504275,2026-04-25,P1012,4,78.69,314.76,WH-WEST,In-Store
T504276,2026-04-26,P1012,2,78.69,157.38,WH-WEST,In-Store
T504277,2026-04-27,P1012,1,78.69,78.69,WH-WEST,Online
T504278,2026-04-28,P1012,4,78.69,314.76,WH-WEST,Online
T504279,2026-04-29,P1012,3,78.69,236.07,WH-WEST,Online
T504280,2026-04-30,P1012,2,78.69,157.38,WH-WEST,Online
T504281,2026-05-01,P1012,1,78.69,78.69,WH-WEST,Online
T504282,2026-05-02,P1012,4,78.69,314.76,WH-WEST,Online
T504283,2026-05-03,P1012,4,78.69,314.76,WH-WEST,Online
T504284,2026-05-04,P1012,1,78.69,78.69,WH-WEST,Online
T504285,2026-05-05,P1012,1,78.69,78.69,WH-WEST,Online
T504286,2026-05-06,P1012,2,78.69,157.38,WH-WEST,Online
T504287,2026-05-07,P1012,2,78.69,157.38,WH-WEST,Online
T504288,2026-05-08,P1012,3,78.69,236.07,WH-WEST,In-Store
T504289,2026-05-09,P1012,3,78.69,236.07,WH-WEST,Online
T504290,2026-05-10,P1012,2,78.69,157.38,WH-WEST,In-Store
T504291,2026-05-11,P1012,1,78.69,78.69,WH-WEST,In-Store
T504292,2026-05-12,P1012,2,78.69,157.38,WH-WEST,In-Store
T504293,2026-05-13,P1012,1,78.69,78.69,WH-WEST,Online
T504294,2026-05-14,P1012,3,78.69,236.07,WH-WEST,In-Store
T504295,2026-05-15,P1012,2,78.69,157.38,WH-WEST,In-Store
T504296,2026-05-16,P1012,2,78.69,157.38,WH-WEST,In-Store
T504297,2026-05-17,P1012,3,78.69,236.07,WH-WEST,Online
T504298,2026-05-18,P1012,3,78.69,236.07,WH-WEST,Online
T504299,2026-05-19,P1012,3,78.69,236.07,WH-WEST,Online
T504300,2026-05-21,P1012,4,78.69,314.76,WH-WEST,Online
T504301,2026-05-22,P1012,1,78.69,78.69,WH-WEST,Online
T504302,2026-05-23,P1012,5,78.69,393.45,WH-WEST,Online
T504303,2026-05-24,P1012,1,78.69,78.69,WH-WEST,In-Store
T504304,2026-05-25,P1012,4,78.69,314.76,WH-WEST,Online
T504305,2026-05-26,P1012,2,78.69,157.38,WH-WEST,Online
T504306,2026-05-27,P1012,2,78.69,157.38,WH-WEST,Online
T504307,2026-05-28,P1012,4,78.69,314.76,WH-WEST,In-Store
T504308,2026-05-29,P1012,5,78.69,393.45,WH-WEST,In-Store
T504309,2026-05-30,P1012,2,78.69,157.38,WH-WEST,Online
T504310,2026-06-01,P1012,2,78.69,157.38,WH-WEST,Online
T504311,2026-06-02,P1012,3,78.69,236.07,WH-WEST,Online
T504312,2026-06-03,P1012,2,78.69,157.38,WH-WEST,Online
T504313,2026-06-04,P1012,2,78.69,157.38,WH-WEST,Online
T504314,2026-06-05,P1012,3,78.69,236.07,WH-WEST,In-Store
T504315,2026-06-06,P1012,3,78.69,236.07,WH-WEST,Online
T504316,2026-06-07,P1012,4,78.69,314.76,WH-WEST,Online
T504317,2026-06-08,P1012,3,78.69,236.07,WH-WEST,In-Store
T504318,2026-06-09,P1012,1,78.69,78.69,WH-WEST,Online
T504319,2026-06-10,P1012,3,78.69,236.07,WH-WEST,Online
T504320,2026-06-11,P1012,6,78.69,472.14,WH-WEST,Online
T504321,2026-06-12,P1012,5,78.69,393.45,WH-WEST,Online
T504322,2026-06-13,P1012,3,78.69,236.07,WH-WEST,Online
T504323,2026-06-14,P1012,4,78.69,314.76,WH-WEST,Online
T504324,2026-06-15,P1012,4,78.69,314.76,WH-WEST,Online
T504325,2026-06-16,P1012,5,78.69,393.45,WH-WEST,Online
T504326,2026-06-17,P1012,2,78.69,157.38,WH-WEST,Online
T504327,2026-06-18,P1012,2,78.69,157.38,WH-WEST,In-Store
T504328,2026-06-19,P1012,2,78.69,157.38,WH-WEST,Online
T504329,2026-06-20,P1012,4,78.69,314.76,WH-WEST,Online
T504330,2026-06-21,P1012,3,78.69,236.07,WH-WEST,Online
T504331,2026-06-22,P1012,2,78.69,157.38,WH-WEST,In-Store
T504332,2026-06-23,P1012,1,78.69,78.69,WH-WEST,Online
T504333,2026-06-24,P1012,1,78.69,78.69,WH-WEST,In-Store
T504334,2026-06-25,P1012,4,78.69,314.76,WH-WEST,Online
T504335,2026-06-26,P1012,2,78.69,157.38,WH-WEST,Online
T504336,2026-06-27,P1012,4,78.69,314.76,WH-WEST,Online
T504337,2026-06-28,P1012,1,78.69,78.69,WH-WEST,Online
T504338,2026-06-29,P1012,4,78.69,314.76,WH-WEST,Online
T504339,2026-06-30,P1012,4,78.69,314.76,WH-WEST,Online
T504340,2026-07-01,P1012,3,78.69,236.07,WH-WEST,Online
T504341,2026-07-02,P1012,6,78.69,472.14,WH-WEST,Online
T504342,2026-07-03,P1012,4,78.69,314.76,WH-WEST,Online
T504343,2026-07-04,P1012,1,78.69,78.69,WH-WEST,Online
T504344,2026-07-05,P1012,6,78.69,472.14,WH-WEST,Online
T504345,2026-07-06,P1012,3,78.69,236.07,WH-WEST,In-Store
T504346,2026-07-07,P1012,3,78.69,236.07,WH-WEST,Online
T504347,2026-07-08,P1012,4,78.69,314.76,WH-WEST,Online
T504348,2026-07-09,P1012,5,78.69,393.45,WH-WEST,In-Store
T504349,2026-07-10,P1012,2,78.69,157.38,WH-WEST,In-Store
T504350,2026-07-11,P1012,4,78.69,314.76,WH-WEST,Online
T504351,2026-07-12,P1012,5,78.69,393.45,WH-WEST,Online
T504352,2026-07-13,P1012,3,78.69,236.07,WH-WEST,Online
T504353,2026-07-14,P1012,3,78.69,236.07,WH-WEST,Online
T504354,2026-07-15,P1012,4,78.69,314.76,WH-WEST,Online
T504355,2026-07-16,P1012,4,78.69,314.76,WH-WEST,Online
T504356,2026-07-17,P1012,1,78.69,78.69,WH-WEST,In-Store
T504357,2026-07-18,P1012,4,78.69,314.76,WH-WEST,In-Store
T504358,2026-07-19,P1012,7,78.69,550.83,WH-WEST,Online
T504359,2026-07-20,P1012,5,78.69,393.45,WH-WEST,In-Store
T504360,2026-07-21,P1012,3,78.69,236.07,WH-WEST,In-Store
T504361,2026-07-22,P1012,5,78.69,393.45,WH-WEST,Online
T504362,2026-07-23,P1012,1,78.69,78.69,WH-WEST,In-Store
T504363,2026-07-24,P1012,4,78.69,314.76,WH-WEST,In-Store
T504364,2026-07-25,P1012,3,78.69,236.07,WH-WEST,Online
T504365,2026-07-26,P1012,5,78.69,393.45,WH-WEST,Online
T504366,2026-07-27,P1012,1,78.69,78.69,WH-WEST,Online
T504367,2026-07-28,P1012,2,78.69,157.38,WH-WEST,In-Store
T504368,2026-07-29,P1012,3,78.69,236.07,WH-WEST,In-Store
T504369,2026-07-30,P1012,1,78.69,78.69,WH-WEST,Online
T504370,2026-07-31,P1012,5,78.69,393.45,WH-WEST,In-Store
T504371,2026-08-01,P1012,5,78.69,393.45,WH-WEST,Online
T504372,2026-08-02,P1012,3,78.69,236.07,WH-WEST,Online
T504373,2026-08-03,P1012,5,78.69,393.45,WH-WEST,Online
T504374,2026-08-04,P1012,1,78.69,78.69,WH-WEST,Online
T504375,2026-08-05,P1012,3,78.69,236.07,WH-WEST,Online
T504376,2026-08-06,P1012,4,78.69,314.76,WH-WEST,Online
T504377,2026-08-07,P1012,3,78.69,236.07,WH-WEST,Online
T504378,2026-08-08,P1012,5,78.69,393.45,WH-WEST,Online
T504379,2026-08-09,P1012,6,78.69,472.14,WH-WEST,Online
T504380,2026-08-10,P1012,3,78.69,236.07,WH-WEST,In-Store
T504381,2026-08-11,P1012,1,78.69,78.69,WH-WEST,Online
T504382,2026-08-12,P1012,4,78.69,314.76,WH-WEST,In-Store
T504383,2026-08-13,P1012,5,78.69,393.45,WH-WEST,Online
T504384,2025-08-15,P1013,7,10.4,72.8,WH-WEST,Online
T504385,2025-08-16,P1013,12,10.4,124.8,WH-WEST,In-Store
T504386,2025-08-17,P1013,12,10.4,124.8,WH-WEST,In-Store
T504387,2025-08-18,P1013,5,10.4,52.0,WH-WEST,In-Store
T504388,2025-08-19,P1013,4,10.4,41.6,WH-WEST,Online
T504389,2025-08-20,P1013,10,10.4,104.0,WH-WEST,Online
T504390,2025-08-21,P1013,8,10.4,83.2,WH-WEST,Online
T504391,2025-08-22,P1013,13,10.4,135.2,WH-WEST,In-Store
T504392,2025-08-23,P1013,11,10.4,114.4,WH-WEST,Online
T504393,2025-08-24,P1013,9,10.4,93.6,WH-WEST,Online
T504394,2025-08-25,P1013,9,10.4,93.6,WH-WEST,Online
T504395,2025-08-26,P1013,6,10.4,62.4,WH-WEST,Online
T504396,2025-08-27,P1013,9,10.4,93.6,WH-WEST,Online
T504397,2025-08-28,P1013,5,10.4,52.0,WH-WEST,Online
T504398,2025-08-29,P1013,7,10.4,72.8,WH-WEST,Online
T504399,2025-08-30,P1013,10,10.4,104.0,WH-WEST,Online
T504400,2025-08-31,P1013,14,10.4,145.6,WH-WEST,Online
T504401,2025-09-01,P1013,6,10.4,62.4,WH-WEST,Online
T504402,2025-09-02,P1013,8,10.4,83.2,WH-WEST,Online
T504403,2025-09-03,P1013,7,10.4,72.8,WH-WEST,Online
T504404,2025-09-04,P1013,6,10.4,62.4,WH-WEST,In-Store
T504405,2025-09-05,P1013,7,10.4,72.8,WH-WEST,Online
T504406,2025-09-06,P1013,12,10.4,124.8,WH-WEST,In-Store
T504407,2025-09-07,P1013,11,10.4,114.4,WH-WEST,Online
T504408,2025-09-08,P1013,4,10.4,41.6,WH-WEST,In-Store
T504409,2025-09-09,P1013,7,10.4,72.8,WH-WEST,Online
T504410,2025-09-10,P1013,11,10.4,114.4,WH-WEST,Online
T504411,2025-09-11,P1013,9,10.4,93.6,WH-WEST,Online
T504412,2025-09-12,P1013,9,10.4,93.6,WH-WEST,In-Store
T504413,2025-09-13,P1013,13,10.4,135.2,WH-WEST,Online
T504414,2025-09-14,P1013,6,10.4,62.4,WH-WEST,In-Store
T504415,2025-09-15,P1013,7,10.4,72.8,WH-WEST,Online
T504416,2025-09-16,P1013,15,10.4,156.0,WH-WEST,In-Store
T504417,2025-09-17,P1013,8,10.4,83.2,WH-WEST,Online
T504418,2025-09-18,P1013,10,10.4,104.0,WH-WEST,In-Store
T504419,2025-09-19,P1013,8,10.4,83.2,WH-WEST,Online
T504420,2025-09-20,P1013,11,10.4,114.4,WH-WEST,Online
T504421,2025-09-21,P1013,15,10.4,156.0,WH-WEST,Online
T504422,2025-09-22,P1013,5,10.4,52.0,WH-WEST,Online
T504423,2025-09-23,P1013,9,10.4,93.6,WH-WEST,In-Store
T504424,2025-09-24,P1013,6,10.4,62.4,WH-WEST,Online
T504425,2025-09-25,P1013,9,10.4,93.6,WH-WEST,Online
T504426,2025-09-26,P1013,7,10.4,72.8,WH-WEST,In-Store
T504427,2025-09-27,P1013,11,10.4,114.4,WH-WEST,Online
T504428,2025-09-28,P1013,9,10.4,93.6,WH-WEST,Online
T504429,2025-09-29,P1013,8,10.4,83.2,WH-WEST,Online
T504430,2025-09-30,P1013,6,10.4,62.4,WH-WEST,In-Store
T504431,2025-10-01,P1013,5,10.4,52.0,WH-WEST,Online
T504432,2025-10-02,P1013,7,10.4,72.8,WH-WEST,Online
T504433,2025-10-03,P1013,9,10.4,93.6,WH-WEST,Online
T504434,2025-10-04,P1013,12,10.4,124.8,WH-WEST,Online
T504435,2025-10-05,P1013,12,10.4,124.8,WH-WEST,Online
T504436,2025-10-06,P1013,6,10.4,62.4,WH-WEST,Online
T504437,2025-10-07,P1013,7,10.4,72.8,WH-WEST,Online
T504438,2025-10-08,P1013,8,10.4,83.2,WH-WEST,Online
T504439,2025-10-09,P1013,7,10.4,72.8,WH-WEST,Online
T504440,2025-10-10,P1013,10,10.4,104.0,WH-WEST,In-Store
T504441,2025-10-11,P1013,13,10.4,135.2,WH-WEST,In-Store
T504442,2025-10-12,P1013,5,10.4,52.0,WH-WEST,Online
T504443,2025-10-13,P1013,9,10.4,93.6,WH-WEST,In-Store
T504444,2025-10-14,P1013,6,10.4,62.4,WH-WEST,In-Store
T504445,2025-10-15,P1013,4,10.4,41.6,WH-WEST,In-Store
T504446,2025-10-16,P1013,7,10.4,72.8,WH-WEST,Online
T504447,2025-10-17,P1013,15,10.4,156.0,WH-WEST,Online
T504448,2025-10-18,P1013,10,10.4,104.0,WH-WEST,Online
T504449,2025-10-19,P1013,11,10.4,114.4,WH-WEST,Online
T504450,2025-10-20,P1013,8,10.4,83.2,WH-WEST,Online
T504451,2025-10-21,P1013,6,10.4,62.4,WH-WEST,Online
T504452,2025-10-22,P1013,9,10.4,93.6,WH-WEST,Online
T504453,2025-10-23,P1013,10,10.4,104.0,WH-WEST,Online
T504454,2025-10-24,P1013,6,10.4,62.4,WH-WEST,Online
T504455,2025-10-25,P1013,12,10.4,124.8,WH-WEST,Online
T504456,2025-10-26,P1013,13,10.4,135.2,WH-WEST,Online
T504457,2025-10-27,P1013,7,10.4,72.8,WH-WEST,Online
T504458,2025-10-28,P1013,6,10.4,62.4,WH-WEST,Online
T504459,2025-10-29,P1013,10,10.4,104.0,WH-WEST,Online
T504460,2025-10-30,P1013,12,10.4,124.8,WH-WEST,Online
T504461,2025-10-31,P1013,11,10.4,114.4,WH-WEST,In-Store
T504462,2025-11-01,P1013,19,10.4,197.6,WH-WEST,In-Store
T504463,2025-11-02,P1013,11,10.4,114.4,WH-WEST,In-Store
T504464,2025-11-03,P1013,16,10.4,166.4,WH-WEST,In-Store
T504465,2025-11-04,P1013,10,10.4,104.0,WH-WEST,Online
T504466,2025-11-05,P1013,12,10.4,124.8,WH-WEST,In-Store
T504467,2025-11-06,P1013,7,10.4,72.8,WH-WEST,In-Store
T504468,2025-11-07,P1013,11,10.4,114.4,WH-WEST,Online
T504469,2025-11-08,P1013,16,10.4,166.4,WH-WEST,Online
T504470,2025-11-09,P1013,6,10.4,62.4,WH-WEST,Online
T504471,2025-11-10,P1013,8,10.4,83.2,WH-WEST,Online
T504472,2025-11-11,P1013,13,10.4,135.2,WH-WEST,Online
T504473,2025-11-12,P1013,10,10.4,104.0,WH-WEST,In-Store
T504474,2025-11-13,P1013,12,10.4,124.8,WH-WEST,In-Store
T504475,2025-11-14,P1013,8,10.4,83.2,WH-WEST,Online
T504476,2025-11-15,P1013,11,10.4,114.4,WH-WEST,In-Store
T504477,2025-11-16,P1013,14,10.4,145.6,WH-WEST,Online
T504478,2025-11-17,P1013,14,10.4,145.6,WH-WEST,Online
T504479,2025-11-18,P1013,9,10.4,93.6,WH-WEST,In-Store
T504480,2025-11-19,P1013,17,10.4,176.8,WH-WEST,In-Store
T504481,2025-11-20,P1013,11,10.4,114.4,WH-WEST,Online
T504482,2025-11-21,P1013,8,10.4,83.2,WH-WEST,Online
T504483,2025-11-22,P1013,10,10.4,104.0,WH-WEST,Online
T504484,2025-11-23,P1013,13,10.4,135.2,WH-WEST,Online
T504485,2025-11-24,P1013,14,10.4,145.6,WH-WEST,In-Store
T504486,2025-11-25,P1013,12,10.4,124.8,WH-WEST,Online
T504487,2025-11-26,P1013,7,10.4,72.8,WH-WEST,In-Store
T504488,2025-11-27,P1013,8,10.4,83.2,WH-WEST,Online
T504489,2025-11-28,P1013,16,10.4,166.4,WH-WEST,Online
T504490,2025-11-29,P1013,9,10.4,93.6,WH-WEST,In-Store
T504491,2025-11-30,P1013,8,10.4,83.2,WH-WEST,Online
T504492,2025-12-01,P1013,11,10.4,114.4,WH-WEST,Online
T504493,2025-12-02,P1013,10,10.4,104.0,WH-WEST,Online
T504494,2025-12-03,P1013,10,10.4,104.0,WH-WEST,Online
T504495,2025-12-04,P1013,6,10.4,62.4,WH-WEST,Online
T504496,2025-12-05,P1013,6,10.4,62.4,WH-WEST,In-Store
T504497,2025-12-06,P1013,15,10.4,156.0,WH-WEST,Online
T504498,2025-12-07,P1013,8,10.4,83.2,WH-WEST,In-Store
T504499,2025-12-08,P1013,8,10.4,83.2,WH-WEST,In-Store
T504500,2025-12-09,P1013,11,10.4,114.4,WH-WEST,In-Store
T504501,2025-12-10,P1013,11,10.4,114.4,WH-WEST,Online
T504502,2025-12-11,P1013,8,10.4,83.2,WH-WEST,In-Store
T504503,2025-12-12,P1013,9,10.4,93.6,WH-WEST,In-Store
T504504,2025-12-13,P1013,17,10.4,176.8,WH-WEST,Online
T504505,2025-12-14,P1013,10,10.4,104.0,WH-WEST,In-Store
T504506,2025-12-15,P1013,9,10.4,93.6,WH-WEST,In-Store
T504507,2025-12-16,P1013,7,10.4,72.8,WH-WEST,In-Store
T504508,2025-12-17,P1013,4,10.4,41.6,WH-WEST,Online
T504509,2025-12-18,P1013,6,10.4,62.4,WH-WEST,In-Store
T504510,2025-12-19,P1013,8,10.4,83.2,WH-WEST,Online
T504511,2025-12-20,P1013,7,10.4,72.8,WH-WEST,Online
T504512,2025-12-21,P1013,5,10.4,52.0,WH-WEST,Online
T504513,2025-12-22,P1013,7,10.4,72.8,WH-WEST,Online
T504514,2025-12-23,P1013,14,10.4,145.6,WH-WEST,Online
T504515,2025-12-24,P1013,7,10.4,72.8,WH-WEST,In-Store
T504516,2025-12-25,P1013,9,10.4,93.6,WH-WEST,In-Store
T504517,2025-12-26,P1013,4,10.4,41.6,WH-WEST,Online
T504518,2025-12-27,P1013,5,10.4,52.0,WH-WEST,Online
T504519,2025-12-28,P1013,9,10.4,93.6,WH-WEST,Online
T504520,2025-12-29,P1013,10,10.4,104.0,WH-WEST,Online
T504521,2025-12-30,P1013,6,10.4,62.4,WH-WEST,Online
T504522,2025-12-31,P1013,8,10.4,83.2,WH-WEST,Online
T504523,2026-01-01,P1013,12,10.4,124.8,WH-WEST,In-Store
T504524,2026-01-02,P1013,10,10.4,104.0,WH-WEST,Online
T504525,2026-01-03,P1013,8,10.4,83.2,WH-WEST,Online
T504526,2026-01-04,P1013,10,10.4,104.0,WH-WEST,Online
T504527,2026-01-05,P1013,5,10.4,52.0,WH-WEST,Online
T504528,2026-01-06,P1013,5,10.4,52.0,WH-WEST,In-Store
T504529,2026-01-07,P1013,6,10.4,62.4,WH-WEST,In-Store
T504530,2026-01-08,P1013,14,10.4,145.6,WH-WEST,Online
T504531,2026-01-09,P1013,8,10.4,83.2,WH-WEST,Online
T504532,2026-01-10,P1013,10,10.4,104.0,WH-WEST,Online
T504533,2026-01-11,P1013,17,10.4,176.8,WH-WEST,Online
T504534,2026-01-12,P1013,14,10.4,145.6,WH-WEST,Online
T504535,2026-01-13,P1013,5,10.4,52.0,WH-WEST,Online
T504536,2026-01-14,P1013,17,10.4,176.8,WH-WEST,In-Store
T504537,2026-01-15,P1013,8,10.4,83.2,WH-WEST,Online
T504538,2026-01-16,P1013,6,10.4,62.4,WH-WEST,Online
T504539,2026-01-17,P1013,10,10.4,104.0,WH-WEST,In-Store
T504540,2026-01-18,P1013,10,10.4,104.0,WH-WEST,Online
T504541,2026-01-19,P1013,11,10.4,114.4,WH-WEST,Online
T504542,2026-01-20,P1013,8,10.4,83.2,WH-WEST,Online
T504543,2026-01-21,P1013,7,10.4,72.8,WH-WEST,Online
T504544,2026-01-22,P1013,10,10.4,104.0,WH-WEST,Online
T504545,2026-01-23,P1013,12,10.4,124.8,WH-WEST,Online
T504546,2026-01-24,P1013,8,10.4,83.2,WH-WEST,Online
T504547,2026-01-25,P1013,9,10.4,93.6,WH-WEST,In-Store
T504548,2026-01-26,P1013,7,10.4,72.8,WH-WEST,Online
T504549,2026-01-27,P1013,12,10.4,124.8,WH-WEST,Online
T504550,2026-01-28,P1013,10,10.4,104.0,WH-WEST,Online
T504551,2026-01-29,P1013,8,10.4,83.2,WH-WEST,In-Store
T504552,2026-01-30,P1013,7,10.4,72.8,WH-WEST,Online
T504553,2026-01-31,P1013,19,10.4,197.6,WH-WEST,Online
T504554,2026-02-01,P1013,7,10.4,72.8,WH-WEST,Online
T504555,2026-02-02,P1013,9,10.4,93.6,WH-WEST,Online
T504556,2026-02-03,P1013,9,10.4,93.6,WH-WEST,Online
T504557,2026-02-04,P1013,8,10.4,83.2,WH-WEST,Online
T504558,2026-02-05,P1013,8,10.4,83.2,WH-WEST,In-Store
T504559,2026-02-06,P1013,8,10.4,83.2,WH-WEST,Online
T504560,2026-02-07,P1013,9,10.4,93.6,WH-WEST,Online
T504561,2026-02-08,P1013,13,10.4,135.2,WH-WEST,Online
T504562,2026-02-09,P1013,9,10.4,93.6,WH-WEST,In-Store
T504563,2026-02-10,P1013,5,10.4,52.0,WH-WEST,Online
T504564,2026-02-11,P1013,5,10.4,52.0,WH-WEST,Online
T504565,2026-02-12,P1013,4,10.4,41.6,WH-WEST,Online
T504566,2026-02-13,P1013,8,10.4,83.2,WH-WEST,In-Store
T504567,2026-02-14,P1013,6,10.4,62.4,WH-WEST,Online
T504568,2026-02-15,P1013,11,10.4,114.4,WH-WEST,In-Store
T504569,2026-02-16,P1013,5,10.4,52.0,WH-WEST,Online
T504570,2026-02-17,P1013,6,10.4,62.4,WH-WEST,In-Store
T504571,2026-02-18,P1013,6,10.4,62.4,WH-WEST,Online
T504572,2026-02-19,P1013,2,10.4,20.8,WH-WEST,In-Store
T504573,2026-02-20,P1013,13,10.4,135.2,WH-WEST,In-Store
T504574,2026-02-21,P1013,10,10.4,104.0,WH-WEST,Online
T504575,2026-02-22,P1013,11,10.4,114.4,WH-WEST,Online
T504576,2026-02-23,P1013,6,10.4,62.4,WH-WEST,Online
T504577,2026-02-24,P1013,10,10.4,104.0,WH-WEST,Online
T504578,2026-02-25,P1013,6,10.4,62.4,WH-WEST,Online
T504579,2026-02-26,P1013,3,10.4,31.2,WH-WEST,Online
T504580,2026-02-27,P1013,5,10.4,52.0,WH-WEST,In-Store
T504581,2026-02-28,P1013,8,10.4,83.2,WH-WEST,Online
T504582,2026-03-01,P1013,5,10.4,52.0,WH-WEST,Online
T504583,2026-03-02,P1013,8,10.4,83.2,WH-WEST,In-Store
T504584,2026-03-03,P1013,5,10.4,52.0,WH-WEST,Online
T504585,2026-03-04,P1013,5,10.4,52.0,WH-WEST,Online
T504586,2026-03-05,P1013,11,10.4,114.4,WH-WEST,Online
T504587,2026-03-06,P1013,8,10.4,83.2,WH-WEST,Online
T504588,2026-03-07,P1013,5,10.4,52.0,WH-WEST,Online
T504589,2026-03-08,P1013,8,10.4,83.2,WH-WEST,Online
T504590,2026-03-09,P1013,6,10.4,62.4,WH-WEST,Online
T504591,2026-03-10,P1013,3,10.4,31.2,WH-WEST,Online
T504592,2026-03-11,P1013,8,10.4,83.2,WH-WEST,In-Store
T504593,2026-03-12,P1013,5,10.4,52.0,WH-WEST,Online
T504594,2026-03-13,P1013,6,10.4,62.4,WH-WEST,In-Store
T504595,2026-03-14,P1013,5,10.4,52.0,WH-WEST,Online
T504596,2026-03-15,P1013,8,10.4,83.2,WH-WEST,In-Store
T504597,2026-03-16,P1013,6,10.4,62.4,WH-WEST,Online
T504598,2026-03-17,P1013,4,10.4,41.6,WH-WEST,In-Store
T504599,2026-03-18,P1013,6,10.4,62.4,WH-WEST,In-Store
T504600,2026-03-19,P1013,6,10.4,62.4,WH-WEST,Online
T504601,2026-03-20,P1013,8,10.4,83.2,WH-WEST,In-Store
T504602,2026-03-21,P1013,8,10.4,83.2,WH-WEST,In-Store
T504603,2026-03-22,P1013,6,10.4,62.4,WH-WEST,In-Store
T504604,2026-03-23,P1013,2,10.4,20.8,WH-WEST,Online
T504605,2026-03-24,P1013,4,10.4,41.6,WH-WEST,Online
T504606,2026-03-25,P1013,1,10.4,10.4,WH-WEST,Online
T504607,2026-03-26,P1013,5,10.4,52.0,WH-WEST,In-Store
T504608,2026-03-27,P1013,9,10.4,93.6,WH-WEST,Online
T504609,2026-03-28,P1013,9,10.4,93.6,WH-WEST,In-Store
T504610,2026-03-29,P1013,6,10.4,62.4,WH-WEST,Online
T504611,2026-03-30,P1013,7,10.4,72.8,WH-WEST,In-Store
T504612,2026-03-31,P1013,6,10.4,62.4,WH-WEST,In-Store
T504613,2026-04-01,P1013,13,10.4,135.2,WH-WEST,Online
T504614,2026-04-02,P1013,1,10.4,10.4,WH-WEST,In-Store
T504615,2026-04-03,P1013,8,10.4,83.2,WH-WEST,Online
T504616,2026-04-04,P1013,5,10.4,52.0,WH-WEST,Online
T504617,2026-04-05,P1013,8,10.4,83.2,WH-WEST,Online
T504618,2026-04-06,P1013,4,10.4,41.6,WH-WEST,In-Store
T504619,2026-04-07,P1013,5,10.4,52.0,WH-WEST,In-Store
T504620,2026-04-08,P1013,5,10.4,52.0,WH-WEST,Online
T504621,2026-04-09,P1013,3,10.4,31.2,WH-WEST,In-Store
T504622,2026-04-10,P1013,11,10.4,114.4,WH-WEST,In-Store
T504623,2026-04-11,P1013,6,10.4,62.4,WH-WEST,In-Store
T504624,2026-04-12,P1013,2,10.4,20.8,WH-WEST,Online
T504625,2026-04-13,P1013,5,10.4,52.0,WH-WEST,Online
T504626,2026-04-14,P1013,9,10.4,93.6,WH-WEST,Online
T504627,2026-04-15,P1013,8,10.4,83.2,WH-WEST,In-Store
T504628,2026-04-16,P1013,4,10.4,41.6,WH-WEST,Online
T504629,2026-04-17,P1013,5,10.4,52.0,WH-WEST,In-Store
T504630,2026-04-18,P1013,10,10.4,104.0,WH-WEST,In-Store
T504631,2026-04-19,P1013,6,10.4,62.4,WH-WEST,Online
T504632,2026-04-20,P1013,8,10.4,83.2,WH-WEST,In-Store
T504633,2026-04-21,P1013,7,10.4,72.8,WH-WEST,In-Store
T504634,2026-04-22,P1013,4,10.4,41.6,WH-WEST,Online
T504635,2026-04-23,P1013,11,10.4,114.4,WH-WEST,In-Store
T504636,2026-04-24,P1013,5,10.4,52.0,WH-WEST,In-Store
T504637,2026-04-25,P1013,7,10.4,72.8,WH-WEST,In-Store
T504638,2026-04-26,P1013,10,10.4,104.0,WH-WEST,Online
T504639,2026-04-27,P1013,3,10.4,31.2,WH-WEST,In-Store
T504640,2026-04-28,P1013,4,10.4,41.6,WH-WEST,Online
T504641,2026-04-29,P1013,2,10.4,20.8,WH-WEST,Online
T504642,2026-04-30,P1013,2,10.4,20.8,WH-WEST,Online
T504643,2026-05-01,P1013,5,10.4,52.0,WH-WEST,Online
T504644,2026-05-02,P1013,7,10.4,72.8,WH-WEST,Online
T504645,2026-05-03,P1013,5,10.4,52.0,WH-WEST,Online
T504646,2026-05-04,P1013,7,10.4,72.8,WH-WEST,Online
T504647,2026-05-05,P1013,12,10.4,124.8,WH-WEST,Online
T504648,2026-05-06,P1013,4,10.4,41.6,WH-WEST,In-Store
T504649,2026-05-07,P1013,2,10.4,20.8,WH-WEST,Online
T504650,2026-05-08,P1013,3,10.4,31.2,WH-WEST,Online
T504651,2026-05-09,P1013,6,10.4,62.4,WH-WEST,Online
T504652,2026-05-10,P1013,5,10.4,52.0,WH-WEST,Online
T504653,2026-05-11,P1013,4,10.4,41.6,WH-WEST,Online
T504654,2026-05-12,P1013,5,10.4,52.0,WH-WEST,Online
T504655,2026-05-13,P1013,4,10.4,41.6,WH-WEST,Online
T504656,2026-05-14,P1013,3,10.4,31.2,WH-WEST,Online
T504657,2026-05-15,P1013,8,10.4,83.2,WH-WEST,Online
T504658,2026-05-16,P1013,10,10.4,104.0,WH-WEST,Online
T504659,2026-05-17,P1013,10,10.4,104.0,WH-WEST,Online
T504660,2026-05-18,P1013,2,10.4,20.8,WH-WEST,Online
T504661,2026-05-19,P1013,5,10.4,52.0,WH-WEST,Online
T504662,2026-05-20,P1013,7,10.4,72.8,WH-WEST,In-Store
T504663,2026-05-21,P1013,4,10.4,41.6,WH-WEST,Online
T504664,2026-05-22,P1013,4,10.4,41.6,WH-WEST,Online
T504665,2026-05-23,P1013,5,10.4,52.0,WH-WEST,Online
T504666,2026-05-24,P1013,7,10.4,72.8,WH-WEST,Online
T504667,2026-05-25,P1013,3,10.4,31.2,WH-WEST,Online
T504668,2026-05-26,P1013,9,10.4,93.6,WH-WEST,In-Store
T504669,2026-05-27,P1013,8,10.4,83.2,WH-WEST,Online
T504670,2026-05-28,P1013,4,10.4,41.6,WH-WEST,Online
T504671,2026-05-29,P1013,3,10.4,31.2,WH-WEST,In-Store
T504672,2026-05-30,P1013,11,10.4,114.4,WH-WEST,In-Store
T504673,2026-05-31,P1013,7,10.4,72.8,WH-WEST,Online
T504674,2026-06-01,P1013,7,10.4,72.8,WH-WEST,In-Store
T504675,2026-06-02,P1013,6,10.4,62.4,WH-WEST,Online
T504676,2026-06-03,P1013,1,10.4,10.4,WH-WEST,In-Store
T504677,2026-06-04,P1013,7,10.4,72.8,WH-WEST,Online
T504678,2026-06-05,P1013,2,10.4,20.8,WH-WEST,Online
T504679,2026-06-06,P1013,2,10.4,20.8,WH-WEST,Online
T504680,2026-06-07,P1013,6,10.4,62.4,WH-WEST,Online
T504681,2026-06-08,P1013,5,10.4,52.0,WH-WEST,Online
T504682,2026-06-09,P1013,6,10.4,62.4,WH-WEST,Online
T504683,2026-06-10,P1013,11,10.4,114.4,WH-WEST,Online
T504684,2026-06-11,P1013,9,10.4,93.6,WH-WEST,Online
T504685,2026-06-12,P1013,5,10.4,52.0,WH-WEST,Online
T504686,2026-06-13,P1013,3,10.4,31.2,WH-WEST,Online
T504687,2026-06-14,P1013,5,10.4,52.0,WH-WEST,In-Store
T504688,2026-06-15,P1013,7,10.4,72.8,WH-WEST,Online
T504689,2026-06-16,P1013,3,10.4,31.2,WH-WEST,Online
T504690,2026-06-17,P1013,8,10.4,83.2,WH-WEST,Online
T504691,2026-06-18,P1013,6,10.4,62.4,WH-WEST,Online
T504692,2026-06-19,P1013,7,10.4,72.8,WH-WEST,Online
T504693,2026-06-20,P1013,6,10.4,62.4,WH-WEST,In-Store
T504694,2026-06-21,P1013,5,10.4,52.0,WH-WEST,Online
T504695,2026-06-22,P1013,1,10.4,10.4,WH-WEST,In-Store
T504696,2026-06-23,P1013,7,10.4,72.8,WH-WEST,In-Store
T504697,2026-06-24,P1013,9,10.4,93.6,WH-WEST,In-Store
T504698,2026-06-25,P1013,4,10.4,41.6,WH-WEST,In-Store
T504699,2026-06-26,P1013,8,10.4,83.2,WH-WEST,In-Store
T504700,2026-06-27,P1013,7,10.4,72.8,WH-WEST,Online
T504701,2026-06-28,P1013,4,10.4,41.6,WH-WEST,Online
T504702,2026-06-29,P1013,2,10.4,20.8,WH-WEST,Online
T504703,2026-06-30,P1013,7,10.4,72.8,WH-WEST,Online
T504704,2026-07-01,P1013,2,10.4,20.8,WH-WEST,In-Store
T504705,2026-07-02,P1013,7,10.4,72.8,WH-WEST,In-Store
T504706,2026-07-03,P1013,3,10.4,31.2,WH-WEST,Online
T504707,2026-07-04,P1013,10,10.4,104.0,WH-WEST,Online
T504708,2026-07-05,P1013,4,10.4,41.6,WH-WEST,In-Store
T504709,2026-07-06,P1013,9,10.4,93.6,WH-WEST,In-Store
T504710,2026-07-07,P1013,6,10.4,62.4,WH-WEST,In-Store
T504711,2026-07-08,P1013,1,10.4,10.4,WH-WEST,Online
T504712,2026-07-09,P1013,5,10.4,52.0,WH-WEST,Online
T504713,2026-07-10,P1013,5,10.4,52.0,WH-WEST,In-Store
T504714,2026-07-11,P1013,3,10.4,31.2,WH-WEST,Online
T504715,2026-07-12,P1013,5,10.4,52.0,WH-WEST,In-Store
T504716,2026-07-13,P1013,3,10.4,31.2,WH-WEST,Online
T504717,2026-07-14,P1013,3,10.4,31.2,WH-WEST,In-Store
T504718,2026-07-15,P1013,5,10.4,52.0,WH-WEST,In-Store
T504719,2026-07-16,P1013,9,10.4,93.6,WH-WEST,In-Store
T504720,2026-07-17,P1013,6,10.4,62.4,WH-WEST,Online
T504721,2026-07-18,P1013,6,10.4,62.4,WH-WEST,Online
T504722,2026-07-19,P1013,11,10.4,114.4,WH-WEST,In-Store
T504723,2026-07-20,P1013,7,10.4,72.8,WH-WEST,Online
T504724,2026-07-21,P1013,9,10.4,93.6,WH-WEST,In-Store
T504725,2026-07-22,P1013,5,10.4,52.0,WH-WEST,In-Store
T504726,2026-07-23,P1013,7,10.4,72.8,WH-WEST,Online
T504727,2026-07-24,P1013,7,10.4,72.8,WH-WEST,Online
T504728,2026-07-25,P1013,11,10.4,114.4,WH-WEST,In-Store
T504729,2026-07-26,P1013,10,10.4,104.0,WH-WEST,In-Store
T504730,2026-07-27,P1013,6,10.4,62.4,WH-WEST,Online
T504731,2026-07-28,P1013,8,10.4,83.2,WH-WEST,Online
T504732,2026-07-29,P1013,6,10.4,62.4,WH-WEST,Online
T504733,2026-07-30,P1013,8,10.4,83.2,WH-WEST,Online
T504734,2026-07-31,P1013,4,10.4,41.6,WH-WEST,Online
T504735,2026-08-01,P1013,7,10.4,72.8,WH-WEST,Online
T504736,2026-08-02,P1013,10,10.4,104.0,WH-WEST,Online
T504737,2026-08-03,P1013,10,10.4,104.0,WH-WEST,Online
T504738,2026-08-04,P1013,4,10.4,41.6,WH-WEST,In-Store
T504739,2026-08-05,P1013,4,10.4,41.6,WH-WEST,Online
T504740,2026-08-06,P1013,6,10.4,62.4,WH-WEST,Online
T504741,2026-08-07,P1013,11,10.4,114.4,WH-WEST,Online
T504742,2026-08-08,P1013,9,10.4,93.6,WH-WEST,In-Store
T504743,2026-08-09,P1013,13,10.4,135.2,WH-WEST,Online
T504744,2026-08-10,P1013,8,10.4,83.2,WH-WEST,In-Store
T504745,2026-08-11,P1013,14,10.4,145.6,WH-WEST,Online
T504746,2026-08-12,P1013,2,10.4,20.8,WH-WEST,Online
T504747,2026-08-13,P1013,9,10.4,93.6,WH-WEST,Online
T504748,2025-08-15,P1014,1,55.09,55.09,WH-CENTRAL,Online
T504749,2025-08-16,P1014,3,55.09,165.27,WH-CENTRAL,In-Store
T504750,2025-08-17,P1014,9,55.09,495.81,WH-CENTRAL,Online
T504751,2025-08-18,P1014,3,55.09,165.27,WH-CENTRAL,In-Store
T504752,2025-08-19,P1014,11,55.09,605.99,WH-CENTRAL,Online
T504753,2025-08-20,P1014,4,55.09,220.36,WH-CENTRAL,Online
T504754,2025-08-21,P1014,4,55.09,220.36,WH-CENTRAL,In-Store
T504755,2025-08-22,P1014,3,55.09,165.27,WH-CENTRAL,Online
T504756,2025-08-23,P1014,11,55.09,605.99,WH-CENTRAL,Online
T504757,2025-08-24,P1014,12,55.09,661.08,WH-CENTRAL,Online
T504758,2025-08-25,P1014,4,55.09,220.36,WH-CENTRAL,Online
T504759,2025-08-26,P1014,4,55.09,220.36,WH-CENTRAL,Online
T504760,2025-08-27,P1014,8,55.09,440.72,WH-CENTRAL,In-Store
T504761,2025-08-28,P1014,5,55.09,275.45,WH-CENTRAL,Online
T504762,2025-08-29,P1014,4,55.09,220.36,WH-CENTRAL,Online
T504763,2025-08-30,P1014,5,55.09,275.45,WH-CENTRAL,In-Store
T504764,2025-08-31,P1014,7,55.09,385.63,WH-CENTRAL,In-Store
T504765,2025-09-01,P1014,9,55.09,495.81,WH-CENTRAL,Online
T504766,2025-09-02,P1014,9,55.09,495.81,WH-CENTRAL,Online
T504767,2025-09-03,P1014,5,55.09,275.45,WH-CENTRAL,Online
T504768,2025-09-04,P1014,9,55.09,495.81,WH-CENTRAL,Online
T504769,2025-09-05,P1014,5,55.09,275.45,WH-CENTRAL,In-Store
T504770,2025-09-06,P1014,7,55.09,385.63,WH-CENTRAL,In-Store
T504771,2025-09-07,P1014,5,55.09,275.45,WH-CENTRAL,Online
T504772,2025-09-08,P1014,9,55.09,495.81,WH-CENTRAL,Online
T504773,2025-09-09,P1014,7,55.09,385.63,WH-CENTRAL,In-Store
T504774,2025-09-10,P1014,3,55.09,165.27,WH-CENTRAL,Online
T504775,2025-09-11,P1014,6,55.09,330.54,WH-CENTRAL,In-Store
T504776,2025-09-12,P1014,5,55.09,275.45,WH-CENTRAL,Online
T504777,2025-09-13,P1014,6,55.09,330.54,WH-CENTRAL,Online
T504778,2025-09-14,P1014,5,55.09,275.45,WH-CENTRAL,Online
T504779,2025-09-15,P1014,7,55.09,385.63,WH-CENTRAL,In-Store
T504780,2025-09-16,P1014,6,55.09,330.54,WH-CENTRAL,Online
T504781,2025-09-17,P1014,3,55.09,165.27,WH-CENTRAL,In-Store
T504782,2025-09-18,P1014,9,55.09,495.81,WH-CENTRAL,Online
T504783,2025-09-19,P1014,7,55.09,385.63,WH-CENTRAL,In-Store
T504784,2025-09-20,P1014,6,55.09,330.54,WH-CENTRAL,Online
T504785,2025-09-21,P1014,9,55.09,495.81,WH-CENTRAL,In-Store
T504786,2025-09-22,P1014,14,55.09,771.26,WH-CENTRAL,In-Store
T504787,2025-09-23,P1014,5,55.09,275.45,WH-CENTRAL,In-Store
T504788,2025-09-24,P1014,5,55.09,275.45,WH-CENTRAL,Online
T504789,2025-09-25,P1014,6,55.09,330.54,WH-CENTRAL,Online
T504790,2025-09-26,P1014,10,55.09,550.9,WH-CENTRAL,Online
T504791,2025-09-27,P1014,10,55.09,550.9,WH-CENTRAL,In-Store
T504792,2025-09-28,P1014,7,55.09,385.63,WH-CENTRAL,Online
T504793,2025-09-29,P1014,11,55.09,605.99,WH-CENTRAL,Online
T504794,2025-09-30,P1014,9,55.09,495.81,WH-CENTRAL,In-Store
T504795,2025-10-01,P1014,10,55.09,550.9,WH-CENTRAL,Online
T504796,2025-10-02,P1014,6,55.09,330.54,WH-CENTRAL,In-Store
T504797,2025-10-03,P1014,9,55.09,495.81,WH-CENTRAL,Online
T504798,2025-10-04,P1014,6,55.09,330.54,WH-CENTRAL,Online
T504799,2025-10-05,P1014,8,55.09,440.72,WH-CENTRAL,In-Store
T504800,2025-10-06,P1014,7,55.09,385.63,WH-CENTRAL,In-Store
T504801,2025-10-07,P1014,4,55.09,220.36,WH-CENTRAL,Online
T504802,2025-10-08,P1014,6,55.09,330.54,WH-CENTRAL,In-Store
T504803,2025-10-09,P1014,4,55.09,220.36,WH-CENTRAL,Online
T504804,2025-10-10,P1014,6,55.09,330.54,WH-CENTRAL,Online
T504805,2025-10-11,P1014,10,55.09,550.9,WH-CENTRAL,Online
T504806,2025-10-12,P1014,9,55.09,495.81,WH-CENTRAL,Online
T504807,2025-10-13,P1014,8,55.09,440.72,WH-CENTRAL,Online
T504808,2025-10-14,P1014,5,55.09,275.45,WH-CENTRAL,In-Store
T504809,2025-10-15,P1014,4,55.09,220.36,WH-CENTRAL,In-Store
T504810,2025-10-16,P1014,9,55.09,495.81,WH-CENTRAL,Online
T504811,2025-10-17,P1014,6,55.09,330.54,WH-CENTRAL,Online
T504812,2025-10-18,P1014,6,55.09,330.54,WH-CENTRAL,Online
T504813,2025-10-19,P1014,10,55.09,550.9,WH-CENTRAL,Online
T504814,2025-10-20,P1014,8,55.09,440.72,WH-CENTRAL,In-Store
T504815,2025-10-21,P1014,8,55.09,440.72,WH-CENTRAL,In-Store
T504816,2025-10-22,P1014,10,55.09,550.9,WH-CENTRAL,In-Store
T504817,2025-10-23,P1014,6,55.09,330.54,WH-CENTRAL,Online
T504818,2025-10-24,P1014,6,55.09,330.54,WH-CENTRAL,Online
T504819,2025-10-25,P1014,11,55.09,605.99,WH-CENTRAL,In-Store
T504820,2025-10-26,P1014,8,55.09,440.72,WH-CENTRAL,In-Store
T504821,2025-10-27,P1014,7,55.09,385.63,WH-CENTRAL,Online
T504822,2025-10-28,P1014,9,55.09,495.81,WH-CENTRAL,In-Store
T504823,2025-10-29,P1014,9,55.09,495.81,WH-CENTRAL,Online
T504824,2025-10-30,P1014,8,55.09,440.72,WH-CENTRAL,In-Store
T504825,2025-10-31,P1014,6,55.09,330.54,WH-CENTRAL,Online
T504826,2025-11-01,P1014,7,55.09,385.63,WH-CENTRAL,Online
T504827,2025-11-02,P1014,6,55.09,330.54,WH-CENTRAL,In-Store
T504828,2025-11-03,P1014,11,55.09,605.99,WH-CENTRAL,Online
T504829,2025-11-04,P1014,12,55.09,661.08,WH-CENTRAL,In-Store
T504830,2025-11-05,P1014,6,55.09,330.54,WH-CENTRAL,In-Store
T504831,2025-11-06,P1014,15,55.09,826.35,WH-CENTRAL,Online
T504832,2025-11-07,P1014,6,55.09,330.54,WH-CENTRAL,Online
T504833,2025-11-08,P1014,11,55.09,605.99,WH-CENTRAL,Online
T504834,2025-11-09,P1014,8,55.09,440.72,WH-CENTRAL,In-Store
T504835,2025-11-10,P1014,5,55.09,275.45,WH-CENTRAL,Online
T504836,2025-11-11,P1014,10,55.09,550.9,WH-CENTRAL,In-Store
T504837,2025-11-12,P1014,4,55.09,220.36,WH-CENTRAL,In-Store
T504838,2025-11-13,P1014,8,55.09,440.72,WH-CENTRAL,Online
T504839,2025-11-14,P1014,11,55.09,605.99,WH-CENTRAL,Online
T504840,2025-11-15,P1014,7,55.09,385.63,WH-CENTRAL,In-Store
T504841,2025-11-16,P1014,8,55.09,440.72,WH-CENTRAL,Online
T504842,2025-11-17,P1014,8,55.09,440.72,WH-CENTRAL,Online
T504843,2025-11-18,P1014,10,55.09,550.9,WH-CENTRAL,Online
T504844,2025-11-19,P1014,9,55.09,495.81,WH-CENTRAL,Online
T504845,2025-11-20,P1014,4,55.09,220.36,WH-CENTRAL,In-Store
T504846,2025-11-21,P1014,7,55.09,385.63,WH-CENTRAL,In-Store
T504847,2025-11-22,P1014,16,55.09,881.44,WH-CENTRAL,In-Store
T504848,2025-11-23,P1014,10,55.09,550.9,WH-CENTRAL,In-Store
T504849,2025-11-24,P1014,15,55.09,826.35,WH-CENTRAL,Online
T504850,2025-11-25,P1014,9,55.09,495.81,WH-CENTRAL,Online
T504851,2025-11-26,P1014,6,55.09,330.54,WH-CENTRAL,In-Store
T504852,2025-11-27,P1014,7,55.09,385.63,WH-CENTRAL,Online
T504853,2025-11-28,P1014,10,55.09,550.9,WH-CENTRAL,Online
T504854,2025-11-29,P1014,11,55.09,605.99,WH-CENTRAL,In-Store
T504855,2025-11-30,P1014,9,55.09,495.81,WH-CENTRAL,In-Store
T504856,2025-12-01,P1014,10,55.09,550.9,WH-CENTRAL,Online
T504857,2025-12-02,P1014,8,55.09,440.72,WH-CENTRAL,In-Store
T504858,2025-12-03,P1014,8,55.09,440.72,WH-CENTRAL,Online
T504859,2025-12-04,P1014,5,55.09,275.45,WH-CENTRAL,Online
T504860,2025-12-05,P1014,4,55.09,220.36,WH-CENTRAL,Online
T504861,2025-12-06,P1014,8,55.09,440.72,WH-CENTRAL,In-Store
T504862,2025-12-07,P1014,10,55.09,550.9,WH-CENTRAL,In-Store
T504863,2025-12-08,P1014,6,55.09,330.54,WH-CENTRAL,Online
T504864,2025-12-09,P1014,6,55.09,330.54,WH-CENTRAL,Online
T504865,2025-12-10,P1014,8,55.09,440.72,WH-CENTRAL,Online
T504866,2025-12-11,P1014,11,55.09,605.99,WH-CENTRAL,Online
T504867,2025-12-12,P1014,6,55.09,330.54,WH-CENTRAL,In-Store
T504868,2025-12-13,P1014,11,55.09,605.99,WH-CENTRAL,In-Store
T504869,2025-12-14,P1014,5,55.09,275.45,WH-CENTRAL,In-Store
T504870,2025-12-15,P1014,4,55.09,220.36,WH-CENTRAL,Online
T504871,2025-12-16,P1014,7,55.09,385.63,WH-CENTRAL,Online
T504872,2025-12-17,P1014,7,55.09,385.63,WH-CENTRAL,Online
T504873,2025-12-18,P1014,5,55.09,275.45,WH-CENTRAL,Online
T504874,2025-12-19,P1014,11,55.09,605.99,WH-CENTRAL,Online
T504875,2025-12-20,P1014,6,55.09,330.54,WH-CENTRAL,Online
T504876,2025-12-21,P1014,9,55.09,495.81,WH-CENTRAL,Online
T504877,2025-12-22,P1014,6,55.09,330.54,WH-CENTRAL,Online
T504878,2025-12-23,P1014,8,55.09,440.72,WH-CENTRAL,In-Store
T504879,2025-12-24,P1014,9,55.09,495.81,WH-CENTRAL,Online
T504880,2025-12-25,P1014,4,55.09,220.36,WH-CENTRAL,In-Store
T504881,2025-12-26,P1014,11,55.09,605.99,WH-CENTRAL,In-Store
T504882,2025-12-27,P1014,9,55.09,495.81,WH-CENTRAL,Online
T504883,2025-12-28,P1014,4,55.09,220.36,WH-CENTRAL,Online
T504884,2025-12-29,P1014,11,55.09,605.99,WH-CENTRAL,Online
T504885,2025-12-30,P1014,6,55.09,330.54,WH-CENTRAL,Online
T504886,2025-12-31,P1014,9,55.09,495.81,WH-CENTRAL,In-Store
T504887,2026-01-01,P1014,5,55.09,275.45,WH-CENTRAL,Online
T504888,2026-01-02,P1014,5,55.09,275.45,WH-CENTRAL,Online
T504889,2026-01-03,P1014,8,55.09,440.72,WH-CENTRAL,Online
T504890,2026-01-04,P1014,6,55.09,330.54,WH-CENTRAL,Online
T504891,2026-01-05,P1014,10,55.09,550.9,WH-CENTRAL,In-Store
T504892,2026-01-06,P1014,3,55.09,165.27,WH-CENTRAL,In-Store
T504893,2026-01-07,P1014,9,55.09,495.81,WH-CENTRAL,Online
T504894,2026-01-08,P1014,6,55.09,330.54,WH-CENTRAL,Online
T504895,2026-01-09,P1014,9,55.09,495.81,WH-CENTRAL,Online
T504896,2026-01-10,P1014,10,55.09,550.9,WH-CENTRAL,In-Store
T504897,2026-01-11,P1014,16,55.09,881.44,WH-CENTRAL,In-Store
T504898,2026-01-12,P1014,10,55.09,550.9,WH-CENTRAL,Online
T504899,2026-01-13,P1014,4,55.09,220.36,WH-CENTRAL,Online
T504900,2026-01-14,P1014,5,55.09,275.45,WH-CENTRAL,Online
T504901,2026-01-15,P1014,5,55.09,275.45,WH-CENTRAL,In-Store
T504902,2026-01-16,P1014,5,55.09,275.45,WH-CENTRAL,Online
T504903,2026-01-17,P1014,7,55.09,385.63,WH-CENTRAL,In-Store
T504904,2026-01-18,P1014,6,55.09,330.54,WH-CENTRAL,Online
T504905,2026-01-19,P1014,10,55.09,550.9,WH-CENTRAL,Online
T504906,2026-01-20,P1014,6,55.09,330.54,WH-CENTRAL,In-Store
T504907,2026-01-21,P1014,8,55.09,440.72,WH-CENTRAL,In-Store
T504908,2026-01-22,P1014,6,55.09,330.54,WH-CENTRAL,Online
T504909,2026-01-23,P1014,5,55.09,275.45,WH-CENTRAL,Online
T504910,2026-01-24,P1014,8,55.09,440.72,WH-CENTRAL,Online
T504911,2026-01-25,P1014,12,55.09,661.08,WH-CENTRAL,In-Store
T504912,2026-01-26,P1014,4,55.09,220.36,WH-CENTRAL,In-Store
T504913,2026-01-27,P1014,7,55.09,385.63,WH-CENTRAL,Online
T504914,2026-01-28,P1014,6,55.09,330.54,WH-CENTRAL,Online
T504915,2026-01-29,P1014,3,55.09,165.27,WH-CENTRAL,Online
T504916,2026-01-30,P1014,7,55.09,385.63,WH-CENTRAL,Online
T504917,2026-01-31,P1014,11,55.09,605.99,WH-CENTRAL,Online
T504918,2026-02-01,P1014,3,55.09,165.27,WH-CENTRAL,Online
T504919,2026-02-02,P1014,3,55.09,165.27,WH-CENTRAL,In-Store
T504920,2026-02-03,P1014,1,55.09,55.09,WH-CENTRAL,Online
T504921,2026-02-04,P1014,8,55.09,440.72,WH-CENTRAL,Online
T504922,2026-02-05,P1014,8,55.09,440.72,WH-CENTRAL,Online
T504923,2026-02-06,P1014,9,55.09,495.81,WH-CENTRAL,In-Store
T504924,2026-02-07,P1014,10,55.09,550.9,WH-CENTRAL,Online
T504925,2026-02-08,P1014,6,55.09,330.54,WH-CENTRAL,Online
T504926,2026-02-09,P1014,10,55.09,550.9,WH-CENTRAL,Online
T504927,2026-02-10,P1014,6,55.09,330.54,WH-CENTRAL,Online
T504928,2026-02-11,P1014,9,55.09,495.81,WH-CENTRAL,Online
T504929,2026-02-12,P1014,6,55.09,330.54,WH-CENTRAL,In-Store
T504930,2026-02-13,P1014,4,55.09,220.36,WH-CENTRAL,Online
T504931,2026-02-14,P1014,3,55.09,165.27,WH-CENTRAL,Online
T504932,2026-02-15,P1014,5,55.09,275.45,WH-CENTRAL,In-Store
T504933,2026-02-16,P1014,6,55.09,330.54,WH-CENTRAL,Online
T504934,2026-02-17,P1014,6,55.09,330.54,WH-CENTRAL,Online
T504935,2026-02-18,P1014,7,55.09,385.63,WH-CENTRAL,Online
T504936,2026-02-19,P1014,6,55.09,330.54,WH-CENTRAL,Online
T504937,2026-02-20,P1014,2,55.09,110.18,WH-CENTRAL,Online
T504938,2026-02-21,P1014,7,55.09,385.63,WH-CENTRAL,In-Store
T504939,2026-02-22,P1014,6,55.09,330.54,WH-CENTRAL,Online
T504940,2026-02-23,P1014,3,55.09,165.27,WH-CENTRAL,Online
T504941,2026-02-24,P1014,5,55.09,275.45,WH-CENTRAL,In-Store
T504942,2026-02-25,P1014,10,55.09,550.9,WH-CENTRAL,Online
T504943,2026-02-26,P1014,6,55.09,330.54,WH-CENTRAL,Online
T504944,2026-02-27,P1014,5,55.09,275.45,WH-CENTRAL,Online
T504945,2026-02-28,P1014,3,55.09,165.27,WH-CENTRAL,Online
T504946,2026-03-01,P1014,6,55.09,330.54,WH-CENTRAL,Online
T504947,2026-03-02,P1014,6,55.09,330.54,WH-CENTRAL,In-Store
T504948,2026-03-03,P1014,4,55.09,220.36,WH-CENTRAL,In-Store
T504949,2026-03-04,P1014,6,55.09,330.54,WH-CENTRAL,In-Store
T504950,2026-03-05,P1014,4,55.09,220.36,WH-CENTRAL,Online
T504951,2026-03-06,P1014,4,55.09,220.36,WH-CENTRAL,Online
T504952,2026-03-07,P1014,3,55.09,165.27,WH-CENTRAL,Online
T504953,2026-03-08,P1014,6,55.09,330.54,WH-CENTRAL,In-Store
T504954,2026-03-09,P1014,6,55.09,330.54,WH-CENTRAL,Online
T504955,2026-03-10,P1014,11,55.09,605.99,WH-CENTRAL,In-Store
T504956,2026-03-11,P1014,7,55.09,385.63,WH-CENTRAL,In-Store
T504957,2026-03-12,P1014,10,55.09,550.9,WH-CENTRAL,Online
T504958,2026-03-13,P1014,8,55.09,440.72,WH-CENTRAL,Online
T504959,2026-03-14,P1014,5,55.09,275.45,WH-CENTRAL,Online
T504960,2026-03-15,P1014,7,55.09,385.63,WH-CENTRAL,Online
T504961,2026-03-16,P1014,6,55.09,330.54,WH-CENTRAL,Online
T504962,2026-03-17,P1014,3,55.09,165.27,WH-CENTRAL,Online
T504963,2026-03-18,P1014,4,55.09,220.36,WH-CENTRAL,In-Store
T504964,2026-03-19,P1014,6,55.09,330.54,WH-CENTRAL,In-Store
T504965,2026-03-20,P1014,4,55.09,220.36,WH-CENTRAL,In-Store
T504966,2026-03-21,P1014,13,55.09,716.17,WH-CENTRAL,In-Store
T504967,2026-03-22,P1014,4,55.09,220.36,WH-CENTRAL,In-Store
T504968,2026-03-23,P1014,8,55.09,440.72,WH-CENTRAL,In-Store
T504969,2026-03-24,P1014,5,55.09,275.45,WH-CENTRAL,Online
T504970,2026-03-25,P1014,1,55.09,55.09,WH-CENTRAL,Online
T504971,2026-03-26,P1014,3,55.09,165.27,WH-CENTRAL,Online
T504972,2026-03-27,P1014,8,55.09,440.72,WH-CENTRAL,In-Store
T504973,2026-03-28,P1014,10,55.09,550.9,WH-CENTRAL,In-Store
T504974,2026-03-29,P1014,6,55.09,330.54,WH-CENTRAL,In-Store
T504975,2026-03-30,P1014,6,55.09,330.54,WH-CENTRAL,Online
T504976,2026-03-31,P1014,8,55.09,440.72,WH-CENTRAL,Online
T504977,2026-04-01,P1014,3,55.09,165.27,WH-CENTRAL,In-Store
T504978,2026-04-02,P1014,7,55.09,385.63,WH-CENTRAL,Online
T504979,2026-04-03,P1014,6,55.09,330.54,WH-CENTRAL,In-Store
T504980,2026-04-04,P1014,7,55.09,385.63,WH-CENTRAL,Online
T504981,2026-04-05,P1014,8,55.09,440.72,WH-CENTRAL,Online
T504982,2026-04-06,P1014,3,55.09,165.27,WH-CENTRAL,In-Store
T504983,2026-04-07,P1014,4,55.09,220.36,WH-CENTRAL,Online
T504984,2026-04-08,P1014,3,55.09,165.27,WH-CENTRAL,Online
T504985,2026-04-10,P1014,7,55.09,385.63,WH-CENTRAL,Online
T504986,2026-04-11,P1014,7,55.09,385.63,WH-CENTRAL,Online
T504987,2026-04-12,P1014,3,55.09,165.27,WH-CENTRAL,In-Store
T504988,2026-04-13,P1014,3,55.09,165.27,WH-CENTRAL,In-Store
T504989,2026-04-14,P1014,3,55.09,165.27,WH-CENTRAL,Online
T504990,2026-04-15,P1014,4,55.09,220.36,WH-CENTRAL,Online
T504991,2026-04-16,P1014,7,55.09,385.63,WH-CENTRAL,Online
T504992,2026-04-17,P1014,5,55.09,275.45,WH-CENTRAL,Online
T504993,2026-04-18,P1014,8,55.09,440.72,WH-CENTRAL,Online
T504994,2026-04-19,P1014,6,55.09,330.54,WH-CENTRAL,In-Store
T504995,2026-04-20,P1014,5,55.09,275.45,WH-CENTRAL,Online
T504996,2026-04-21,P1014,3,55.09,165.27,WH-CENTRAL,In-Store
T504997,2026-04-22,P1014,5,55.09,275.45,WH-CENTRAL,Online
T504998,2026-04-23,P1014,3,55.09,165.27,WH-CENTRAL,Online
T504999,2026-04-24,P1014,3,55.09,165.27,WH-CENTRAL,Online
T505000,2026-04-25,P1014,6,55.09,330.54,WH-CENTRAL,Online
T505001,2026-04-26,P1014,5,55.09,275.45,WH-CENTRAL,Online
T505002,2026-04-27,P1014,2,55.09,110.18,WH-CENTRAL,Online
T505003,2026-04-28,P1014,3,55.09,165.27,WH-CENTRAL,Online
T505004,2026-04-29,P1014,3,55.09,165.27,WH-CENTRAL,Online
T505005,2026-04-30,P1014,4,55.09,220.36,WH-CENTRAL,In-Store
T505006,2026-05-01,P1014,4,55.09,220.36,WH-CENTRAL,Online
T505007,2026-05-02,P1014,9,55.09,495.81,WH-CENTRAL,Online
T505008,2026-05-03,P1014,5,55.09,275.45,WH-CENTRAL,Online
T505009,2026-05-04,P1014,3,55.09,165.27,WH-CENTRAL,Online
T505010,2026-05-05,P1014,2,55.09,110.18,WH-CENTRAL,Online
T505011,2026-05-06,P1014,2,55.09,110.18,WH-CENTRAL,Online
T505012,2026-05-07,P1014,1,55.09,55.09,WH-CENTRAL,In-Store
T505013,2026-05-08,P1014,8,55.09,440.72,WH-CENTRAL,Online
T505014,2026-05-09,P1014,7,55.09,385.63,WH-CENTRAL,Online
T505015,2026-05-10,P1014,5,55.09,275.45,WH-CENTRAL,Online
T505016,2026-05-11,P1014,4,55.09,220.36,WH-CENTRAL,Online
T505017,2026-05-12,P1014,5,55.09,275.45,WH-CENTRAL,Online
T505018,2026-05-13,P1014,4,55.09,220.36,WH-CENTRAL,Online
T505019,2026-05-14,P1014,5,55.09,275.45,WH-CENTRAL,Online
T505020,2026-05-15,P1014,2,55.09,110.18,WH-CENTRAL,Online
T505021,2026-05-16,P1014,5,55.09,275.45,WH-CENTRAL,Online
T505022,2026-05-17,P1014,2,55.09,110.18,WH-CENTRAL,In-Store
T505023,2026-05-18,P1014,4,55.09,220.36,WH-CENTRAL,In-Store
T505024,2026-05-19,P1014,3,55.09,165.27,WH-CENTRAL,Online
T505025,2026-05-20,P1014,1,55.09,55.09,WH-CENTRAL,Online
T505026,2026-05-21,P1014,4,55.09,220.36,WH-CENTRAL,Online
T505027,2026-05-22,P1014,4,55.09,220.36,WH-CENTRAL,Online
T505028,2026-05-23,P1014,6,55.09,330.54,WH-CENTRAL,In-Store
T505029,2026-05-24,P1014,5,55.09,275.45,WH-CENTRAL,Online
T505030,2026-05-25,P1014,6,55.09,330.54,WH-CENTRAL,Online
T505031,2026-05-26,P1014,2,55.09,110.18,WH-CENTRAL,Online
T505032,2026-05-27,P1014,6,55.09,330.54,WH-CENTRAL,In-Store
T505033,2026-05-28,P1014,2,55.09,110.18,WH-CENTRAL,Online
T505034,2026-05-29,P1014,5,55.09,275.45,WH-CENTRAL,In-Store
T505035,2026-05-30,P1014,7,55.09,385.63,WH-CENTRAL,In-Store
T505036,2026-05-31,P1014,6,55.09,330.54,WH-CENTRAL,Online
T505037,2026-06-01,P1014,4,55.09,220.36,WH-CENTRAL,Online
T505038,2026-06-02,P1014,3,55.09,165.27,WH-CENTRAL,Online
T505039,2026-06-03,P1014,3,55.09,165.27,WH-CENTRAL,In-Store
T505040,2026-06-04,P1014,5,55.09,275.45,WH-CENTRAL,Online
T505041,2026-06-05,P1014,8,55.09,440.72,WH-CENTRAL,Online
T505042,2026-06-06,P1014,7,55.09,385.63,WH-CENTRAL,Online
T505043,2026-06-07,P1014,8,55.09,440.72,WH-CENTRAL,In-Store
T505044,2026-06-08,P1014,3,55.09,165.27,WH-CENTRAL,In-Store
T505045,2026-06-09,P1014,4,55.09,220.36,WH-CENTRAL,Online
T505046,2026-06-10,P1014,6,55.09,330.54,WH-CENTRAL,Online
T505047,2026-06-11,P1014,3,55.09,165.27,WH-CENTRAL,Online
T505048,2026-06-12,P1014,3,55.09,165.27,WH-CENTRAL,In-Store
T505049,2026-06-13,P1014,10,55.09,550.9,WH-CENTRAL,Online
T505050,2026-06-14,P1014,9,55.09,495.81,WH-CENTRAL,Online
T505051,2026-06-15,P1014,2,55.09,110.18,WH-CENTRAL,Online
T505052,2026-06-16,P1014,2,55.09,110.18,WH-CENTRAL,Online
T505053,2026-06-17,P1014,10,55.09,550.9,WH-CENTRAL,Online
T505054,2026-06-18,P1014,4,55.09,220.36,WH-CENTRAL,In-Store
T505055,2026-06-19,P1014,6,55.09,330.54,WH-CENTRAL,Online
T505056,2026-06-20,P1014,8,55.09,440.72,WH-CENTRAL,Online
T505057,2026-06-21,P1014,3,55.09,165.27,WH-CENTRAL,In-Store
T505058,2026-06-22,P1014,6,55.09,330.54,WH-CENTRAL,In-Store
T505059,2026-06-23,P1014,9,55.09,495.81,WH-CENTRAL,Online
T505060,2026-06-24,P1014,3,55.09,165.27,WH-CENTRAL,In-Store
T505061,2026-06-25,P1014,5,55.09,275.45,WH-CENTRAL,Online
T505062,2026-06-26,P1014,3,55.09,165.27,WH-CENTRAL,In-Store
T505063,2026-06-27,P1014,4,55.09,220.36,WH-CENTRAL,Online
T505064,2026-06-28,P1014,6,55.09,330.54,WH-CENTRAL,Online
T505065,2026-06-29,P1014,4,55.09,220.36,WH-CENTRAL,Online
T505066,2026-06-30,P1014,2,55.09,110.18,WH-CENTRAL,Online
T505067,2026-07-01,P1014,4,55.09,220.36,WH-CENTRAL,Online
T505068,2026-07-02,P1014,2,55.09,110.18,WH-CENTRAL,Online
T505069,2026-07-03,P1014,4,55.09,220.36,WH-CENTRAL,Online
T505070,2026-07-04,P1014,6,55.09,330.54,WH-CENTRAL,Online
T505071,2026-07-05,P1014,7,55.09,385.63,WH-CENTRAL,In-Store
T505072,2026-07-06,P1014,4,55.09,220.36,WH-CENTRAL,In-Store
T505073,2026-07-07,P1014,5,55.09,275.45,WH-CENTRAL,Online
T505074,2026-07-08,P1014,7,55.09,385.63,WH-CENTRAL,Online
T505075,2026-07-09,P1014,5,55.09,275.45,WH-CENTRAL,In-Store
T505076,2026-07-10,P1014,8,55.09,440.72,WH-CENTRAL,Online
T505077,2026-07-11,P1014,2,55.09,110.18,WH-CENTRAL,Online
T505078,2026-07-12,P1014,4,55.09,220.36,WH-CENTRAL,Online
T505079,2026-07-13,P1014,4,55.09,220.36,WH-CENTRAL,In-Store
T505080,2026-07-14,P1014,3,55.09,165.27,WH-CENTRAL,Online
T505081,2026-07-15,P1014,4,55.09,220.36,WH-CENTRAL,Online
T505082,2026-07-16,P1014,4,55.09,220.36,WH-CENTRAL,Online
T505083,2026-07-17,P1014,4,55.09,220.36,WH-CENTRAL,Online
T505084,2026-07-18,P1014,8,55.09,440.72,WH-CENTRAL,Online
T505085,2026-07-19,P1014,8,55.09,440.72,WH-CENTRAL,Online
T505086,2026-07-20,P1014,10,55.09,550.9,WH-CENTRAL,Online
T505087,2026-07-21,P1014,8,55.09,440.72,WH-CENTRAL,Online
T505088,2026-07-22,P1014,7,55.09,385.63,WH-CENTRAL,Online
T505089,2026-07-23,P1014,5,55.09,275.45,WH-CENTRAL,In-Store
T505090,2026-07-24,P1014,5,55.09,275.45,WH-CENTRAL,Online
T505091,2026-07-25,P1014,8,55.09,440.72,WH-CENTRAL,Online
T505092,2026-07-26,P1014,10,55.09,550.9,WH-CENTRAL,Online
T505093,2026-07-27,P1014,5,55.09,275.45,WH-CENTRAL,Online
T505094,2026-07-28,P1014,10,55.09,550.9,WH-CENTRAL,Online
T505095,2026-07-29,P1014,6,55.09,330.54,WH-CENTRAL,In-Store
T505096,2026-07-30,P1014,6,55.09,330.54,WH-CENTRAL,Online
T505097,2026-07-31,P1014,10,55.09,550.9,WH-CENTRAL,In-Store
T505098,2026-08-01,P1014,10,55.09,550.9,WH-CENTRAL,In-Store
T505099,2026-08-02,P1014,7,55.09,385.63,WH-CENTRAL,Online
T505100,2026-08-03,P1014,10,55.09,550.9,WH-CENTRAL,In-Store
T505101,2026-08-04,P1014,10,55.09,550.9,WH-CENTRAL,Online
T505102,2026-08-05,P1014,4,55.09,220.36,WH-CENTRAL,Online
T505103,2026-08-06,P1014,5,55.09,275.45,WH-CENTRAL,Online
T505104,2026-08-07,P1014,6,55.09,330.54,WH-CENTRAL,Online
T505105,2026-08-08,P1014,8,55.09,440.72,WH-CENTRAL,In-Store
T505106,2026-08-09,P1014,6,55.09,330.54,WH-CENTRAL,Online
T505107,2026-08-10,P1014,5,55.09,275.45,WH-CENTRAL,Online
T505108,2026-08-11,P1014,7,55.09,385.63,WH-CENTRAL,Online
T505109,2026-08-12,P1014,7,55.09,385.63,WH-CENTRAL,Online
T505110,2026-08-13,P1014,2,55.09,110.18,WH-CENTRAL,Online
T505111,2025-08-15,P1015,5,21.02,105.1,WH-EAST,Online
T505112,2025-08-16,P1015,11,21.02,231.22,WH-EAST,In-Store
T505113,2025-08-17,P1015,5,21.02,105.1,WH-EAST,In-Store
T505114,2025-08-18,P1015,10,21.02,210.2,WH-EAST,In-Store
T505115,2025-08-19,P1015,8,21.02,168.16,WH-EAST,Online
T505116,2025-08-20,P1015,8,21.02,168.16,WH-EAST,Online
T505117,2025-08-21,P1015,6,21.02,126.12,WH-EAST,In-Store
T505118,2025-08-22,P1015,10,21.02,210.2,WH-EAST,Online
T505119,2025-08-23,P1015,7,21.02,147.14,WH-EAST,In-Store
T505120,2025-08-24,P1015,8,21.02,168.16,WH-EAST,In-Store
T505121,2025-08-25,P1015,15,21.02,315.3,WH-EAST,Online
T505122,2025-08-26,P1015,4,21.02,84.08,WH-EAST,Online
T505123,2025-08-27,P1015,11,21.02,231.22,WH-EAST,In-Store
T505124,2025-08-28,P1015,7,21.02,147.14,WH-EAST,Online
T505125,2025-08-29,P1015,8,21.02,168.16,WH-EAST,In-Store
T505126,2025-08-30,P1015,7,21.02,147.14,WH-EAST,In-Store
T505127,2025-08-31,P1015,16,21.02,336.32,WH-EAST,Online
T505128,2025-09-01,P1015,4,21.02,84.08,WH-EAST,In-Store
T505129,2025-09-02,P1015,11,21.02,231.22,WH-EAST,Online
T505130,2025-09-03,P1015,5,21.02,105.1,WH-EAST,Online
T505131,2025-09-04,P1015,11,21.02,231.22,WH-EAST,Online
T505132,2025-09-05,P1015,6,21.02,126.12,WH-EAST,Online
T505133,2025-09-06,P1015,9,21.02,189.18,WH-EAST,In-Store
T505134,2025-09-07,P1015,12,21.02,252.24,WH-EAST,In-Store
T505135,2025-09-08,P1015,6,21.02,126.12,WH-EAST,Online
T505136,2025-09-09,P1015,4,21.02,84.08,WH-EAST,Online
T505137,2025-09-10,P1015,8,21.02,168.16,WH-EAST,In-Store
T505138,2025-09-11,P1015,6,21.02,126.12,WH-EAST,Online
T505139,2025-09-12,P1015,5,21.02,105.1,WH-EAST,Online
T505140,2025-09-13,P1015,6,21.02,126.12,WH-EAST,In-Store
T505141,2025-09-14,P1015,12,21.02,252.24,WH-EAST,Online
T505142,2025-09-15,P1015,9,21.02,189.18,WH-EAST,Online
T505143,2025-09-16,P1015,8,21.02,168.16,WH-EAST,Online
T505144,2025-09-17,P1015,12,21.02,252.24,WH-EAST,In-Store
T505145,2025-09-18,P1015,8,21.02,168.16,WH-EAST,Online
T505146,2025-09-19,P1015,11,21.02,231.22,WH-EAST,In-Store
T505147,2025-09-20,P1015,12,21.02,252.24,WH-EAST,Online
T505148,2025-09-21,P1015,4,21.02,84.08,WH-EAST,In-Store
T505149,2025-09-22,P1015,15,21.02,315.3,WH-EAST,Online
T505150,2025-09-23,P1015,11,21.02,231.22,WH-EAST,Online
T505151,2025-09-24,P1015,12,21.02,252.24,WH-EAST,In-Store
T505152,2025-09-25,P1015,9,21.02,189.18,WH-EAST,In-Store
T505153,2025-09-26,P1015,8,21.02,168.16,WH-EAST,In-Store
T505154,2025-09-27,P1015,10,21.02,210.2,WH-EAST,Online
T505155,2025-09-28,P1015,12,21.02,252.24,WH-EAST,Online
T505156,2025-09-29,P1015,7,21.02,147.14,WH-EAST,Online
T505157,2025-09-30,P1015,17,21.02,357.34,WH-EAST,Online
T505158,2025-10-01,P1015,8,21.02,168.16,WH-EAST,Online
T505159,2025-10-02,P1015,11,21.02,231.22,WH-EAST,Online
T505160,2025-10-03,P1015,11,21.02,231.22,WH-EAST,In-Store
T505161,2025-10-04,P1015,11,21.02,231.22,WH-EAST,Online
T505162,2025-10-05,P1015,14,21.02,294.28,WH-EAST,Online
T505163,2025-10-06,P1015,9,21.02,189.18,WH-EAST,Online
T505164,2025-10-07,P1015,10,21.02,210.2,WH-EAST,Online
T505165,2025-10-08,P1015,18,21.02,378.36,WH-EAST,Online
T505166,2025-10-09,P1015,9,21.02,189.18,WH-EAST,Online
T505167,2025-10-10,P1015,8,21.02,168.16,WH-EAST,In-Store
T505168,2025-10-11,P1015,14,21.02,294.28,WH-EAST,Online
T505169,2025-10-12,P1015,14,21.02,294.28,WH-EAST,Online
T505170,2025-10-13,P1015,9,21.02,189.18,WH-EAST,Online
T505171,2025-10-14,P1015,8,21.02,168.16,WH-EAST,Online
T505172,2025-10-15,P1015,13,21.02,273.26,WH-EAST,In-Store
T505173,2025-10-16,P1015,9,21.02,189.18,WH-EAST,Online
T505174,2025-10-17,P1015,8,21.02,168.16,WH-EAST,In-Store
T505175,2025-10-18,P1015,9,21.02,189.18,WH-EAST,Online
T505176,2025-10-19,P1015,16,21.02,336.32,WH-EAST,Online
T505177,2025-10-20,P1015,16,21.02,336.32,WH-EAST,Online
T505178,2025-10-21,P1015,16,21.02,336.32,WH-EAST,Online
T505179,2025-10-22,P1015,10,21.02,210.2,WH-EAST,Online
T505180,2025-10-23,P1015,8,21.02,168.16,WH-EAST,In-Store
T505181,2025-10-24,P1015,7,21.02,147.14,WH-EAST,Online
T505182,2025-10-25,P1015,12,21.02,252.24,WH-EAST,In-Store
T505183,2025-10-26,P1015,14,21.02,294.28,WH-EAST,In-Store
T505184,2025-10-27,P1015,8,21.02,168.16,WH-EAST,Online
T505185,2025-10-28,P1015,5,21.02,105.1,WH-EAST,Online
T505186,2025-10-29,P1015,11,21.02,231.22,WH-EAST,In-Store
T505187,2025-10-30,P1015,11,21.02,231.22,WH-EAST,Online
T505188,2025-10-31,P1015,11,21.02,231.22,WH-EAST,Online
T505189,2025-11-01,P1015,16,21.02,336.32,WH-EAST,Online
T505190,2025-11-02,P1015,12,21.02,252.24,WH-EAST,Online
T505191,2025-11-03,P1015,9,21.02,189.18,WH-EAST,In-Store
T505192,2025-11-04,P1015,13,21.02,273.26,WH-EAST,Online
T505193,2025-11-05,P1015,8,21.02,168.16,WH-EAST,Online
T505194,2025-11-06,P1015,8,21.02,168.16,WH-EAST,Online
T505195,2025-11-07,P1015,15,21.02,315.3,WH-EAST,Online
T505196,2025-11-08,P1015,13,21.02,273.26,WH-EAST,Online
T505197,2025-11-09,P1015,12,21.02,252.24,WH-EAST,Online
T505198,2025-11-10,P1015,10,21.02,210.2,WH-EAST,Online
T505199,2025-11-11,P1015,13,21.02,273.26,WH-EAST,Online
T505200,2025-11-12,P1015,8,21.02,168.16,WH-EAST,Online
T505201,2025-11-13,P1015,9,21.02,189.18,WH-EAST,In-Store
T505202,2025-11-14,P1015,8,21.02,168.16,WH-EAST,Online
T505203,2025-11-15,P1015,8,21.02,168.16,WH-EAST,In-Store
T505204,2025-11-16,P1015,13,21.02,273.26,WH-EAST,In-Store
T505205,2025-11-17,P1015,9,21.02,189.18,WH-EAST,Online
T505206,2025-11-18,P1015,14,21.02,294.28,WH-EAST,Online
T505207,2025-11-19,P1015,10,21.02,210.2,WH-EAST,Online
T505208,2025-11-20,P1015,10,21.02,210.2,WH-EAST,Online
T505209,2025-11-21,P1015,12,21.02,252.24,WH-EAST,In-Store
T505210,2025-11-22,P1015,13,21.02,273.26,WH-EAST,In-Store
T505211,2025-11-23,P1015,10,21.02,210.2,WH-EAST,Online
T505212,2025-11-24,P1015,9,21.02,189.18,WH-EAST,Online
T505213,2025-11-25,P1015,10,21.02,210.2,WH-EAST,In-Store
T505214,2025-11-26,P1015,14,21.02,294.28,WH-EAST,Online
T505215,2025-11-27,P1015,10,21.02,210.2,WH-EAST,Online
T505216,2025-11-28,P1015,14,21.02,294.28,WH-EAST,In-Store
T505217,2025-11-29,P1015,16,21.02,336.32,WH-EAST,Online
T505218,2025-11-30,P1015,15,21.02,315.3,WH-EAST,In-Store
T505219,2025-12-01,P1015,9,21.02,189.18,WH-EAST,In-Store
T505220,2025-12-02,P1015,9,21.02,189.18,WH-EAST,Online
T505221,2025-12-03,P1015,14,21.02,294.28,WH-EAST,In-Store
T505222,2025-12-04,P1015,12,21.02,252.24,WH-EAST,Online
T505223,2025-12-05,P1015,11,21.02,231.22,WH-EAST,Online
T505224,2025-12-06,P1015,16,21.02,336.32,WH-EAST,Online
T505225,2025-12-07,P1015,15,21.02,315.3,WH-EAST,Online
T505226,2025-12-08,P1015,7,21.02,147.14,WH-EAST,Online
T505227,2025-12-09,P1015,16,21.02,336.32,WH-EAST,Online
T505228,2025-12-10,P1015,12,21.02,252.24,WH-EAST,Online
T505229,2025-12-11,P1015,8,21.02,168.16,WH-EAST,Online
T505230,2025-12-12,P1015,15,21.02,315.3,WH-EAST,In-Store
T505231,2025-12-13,P1015,11,21.02,231.22,WH-EAST,Online
T505232,2025-12-14,P1015,10,21.02,210.2,WH-EAST,Online
T505233,2025-12-15,P1015,6,21.02,126.12,WH-EAST,Online
T505234,2025-12-16,P1015,10,21.02,210.2,WH-EAST,Online
T505235,2025-12-17,P1015,13,21.02,273.26,WH-EAST,In-Store
T505236,2025-12-18,P1015,10,21.02,210.2,WH-EAST,Online
T505237,2025-12-19,P1015,14,21.02,294.28,WH-EAST,Online
T505238,2025-12-20,P1015,6,21.02,126.12,WH-EAST,Online
T505239,2025-12-21,P1015,12,21.02,252.24,WH-EAST,In-Store
T505240,2025-12-22,P1015,9,21.02,189.18,WH-EAST,In-Store
T505241,2025-12-23,P1015,18,21.02,378.36,WH-EAST,In-Store
T505242,2025-12-24,P1015,14,21.02,294.28,WH-EAST,Online
T505243,2025-12-25,P1015,8,21.02,168.16,WH-EAST,Online
T505244,2025-12-26,P1015,8,21.02,168.16,WH-EAST,Online
T505245,2025-12-27,P1015,23,21.02,483.46,WH-EAST,In-Store
T505246,2025-12-28,P1015,10,21.02,210.2,WH-EAST,Online
T505247,2025-12-29,P1015,9,21.02,189.18,WH-EAST,Online
T505248,2025-12-30,P1015,14,21.02,294.28,WH-EAST,In-Store
T505249,2025-12-31,P1015,11,21.02,231.22,WH-EAST,Online
T505250,2026-01-01,P1015,6,21.02,126.12,WH-EAST,Online
T505251,2026-01-02,P1015,8,21.02,168.16,WH-EAST,Online
T505252,2026-01-03,P1015,9,21.02,189.18,WH-EAST,Online
T505253,2026-01-04,P1015,17,21.02,357.34,WH-EAST,Online
T505254,2026-01-05,P1015,15,21.02,315.3,WH-EAST,Online
T505255,2026-01-06,P1015,12,21.02,252.24,WH-EAST,Online
T505256,2026-01-07,P1015,10,21.02,210.2,WH-EAST,Online
T505257,2026-01-08,P1015,12,21.02,252.24,WH-EAST,Online
T505258,2026-01-09,P1015,8,21.02,168.16,WH-EAST,Online
T505259,2026-01-10,P1015,16,21.02,336.32,WH-EAST,Online
T505260,2026-01-11,P1015,12,21.02,252.24,WH-EAST,In-Store
T505261,2026-01-12,P1015,13,21.02,273.26,WH-EAST,In-Store
T505262,2026-01-13,P1015,8,21.02,168.16,WH-EAST,Online
T505263,2026-01-14,P1015,13,21.02,273.26,WH-EAST,Online
T505264,2026-01-15,P1015,7,21.02,147.14,WH-EAST,Online
T505265,2026-01-16,P1015,7,21.02,147.14,WH-EAST,Online
T505266,2026-01-17,P1015,13,21.02,273.26,WH-EAST,Online
T505267,2026-01-18,P1015,8,21.02,168.16,WH-EAST,In-Store
T505268,2026-01-19,P1015,17,21.02,357.34,WH-EAST,In-Store
T505269,2026-01-20,P1015,9,21.02,189.18,WH-EAST,Online
T505270,2026-01-21,P1015,10,21.02,210.2,WH-EAST,Online
T505271,2026-01-22,P1015,17,21.02,357.34,WH-EAST,Online
T505272,2026-01-23,P1015,11,21.02,231.22,WH-EAST,Online
T505273,2026-01-24,P1015,14,21.02,294.28,WH-EAST,Online
T505274,2026-01-25,P1015,11,21.02,231.22,WH-EAST,In-Store
T505275,2026-01-26,P1015,9,21.02,189.18,WH-EAST,Online
T505276,2026-01-27,P1015,13,21.02,273.26,WH-EAST,Online
T505277,2026-01-28,P1015,14,21.02,294.28,WH-EAST,In-Store
T505278,2026-01-29,P1015,14,21.02,294.28,WH-EAST,Online
T505279,2026-01-30,P1015,10,21.02,210.2,WH-EAST,Online
T505280,2026-01-31,P1015,12,21.02,252.24,WH-EAST,Online
T505281,2026-02-01,P1015,8,21.02,168.16,WH-EAST,Online
T505282,2026-02-02,P1015,7,21.02,147.14,WH-EAST,Online
T505283,2026-02-03,P1015,6,21.02,126.12,WH-EAST,In-Store
T505284,2026-02-04,P1015,11,21.02,231.22,WH-EAST,In-Store
T505285,2026-02-05,P1015,7,21.02,147.14,WH-EAST,Online
T505286,2026-02-06,P1015,8,21.02,168.16,WH-EAST,In-Store
T505287,2026-02-07,P1015,16,21.02,336.32,WH-EAST,Online
T505288,2026-02-08,P1015,6,21.02,126.12,WH-EAST,Online
T505289,2026-02-09,P1015,8,21.02,168.16,WH-EAST,Online
T505290,2026-02-10,P1015,11,21.02,231.22,WH-EAST,Online
T505291,2026-02-11,P1015,15,21.02,315.3,WH-EAST,Online
T505292,2026-02-12,P1015,11,21.02,231.22,WH-EAST,Online
T505293,2026-02-13,P1015,2,21.02,42.04,WH-EAST,Online
T505294,2026-02-14,P1015,7,21.02,147.14,WH-EAST,Online
T505295,2026-02-15,P1015,18,21.02,378.36,WH-EAST,Online
T505296,2026-02-16,P1015,14,21.02,294.28,WH-EAST,Online
T505297,2026-02-17,P1015,12,21.02,252.24,WH-EAST,Online
T505298,2026-02-18,P1015,11,21.02,231.22,WH-EAST,Online
T505299,2026-02-19,P1015,9,21.02,189.18,WH-EAST,Online
T505300,2026-02-20,P1015,12,21.02,252.24,WH-EAST,Online
T505301,2026-02-21,P1015,14,21.02,294.28,WH-EAST,Online
T505302,2026-02-22,P1015,9,21.02,189.18,WH-EAST,Online
T505303,2026-02-23,P1015,19,21.02,399.38,WH-EAST,Online
T505304,2026-02-24,P1015,6,21.02,126.12,WH-EAST,Online
T505305,2026-02-25,P1015,9,21.02,189.18,WH-EAST,Online
T505306,2026-02-26,P1015,11,21.02,231.22,WH-EAST,Online
T505307,2026-02-27,P1015,10,21.02,210.2,WH-EAST,Online
T505308,2026-02-28,P1015,6,21.02,126.12,WH-EAST,Online
T505309,2026-03-01,P1015,9,21.02,189.18,WH-EAST,In-Store
T505310,2026-03-02,P1015,17,21.02,357.34,WH-EAST,In-Store
T505311,2026-03-03,P1015,14,21.02,294.28,WH-EAST,Online
T505312,2026-03-04,P1015,5,21.02,105.1,WH-EAST,In-Store
T505313,2026-03-05,P1015,8,21.02,168.16,WH-EAST,Online
T505314,2026-03-06,P1015,10,21.02,210.2,WH-EAST,Online
T505315,2026-03-07,P1015,9,21.02,189.18,WH-EAST,Online
T505316,2026-03-08,P1015,13,21.02,273.26,WH-EAST,Online
T505317,2026-03-09,P1015,7,21.02,147.14,WH-EAST,Online
T505318,2026-03-10,P1015,5,21.02,105.1,WH-EAST,Online
T505319,2026-03-11,P1015,10,21.02,210.2,WH-EAST,In-Store
T505320,2026-03-12,P1015,8,21.02,168.16,WH-EAST,Online
T505321,2026-03-13,P1015,12,21.02,252.24,WH-EAST,Online
T505322,2026-03-14,P1015,12,21.02,252.24,WH-EAST,Online
T505323,2026-03-15,P1015,5,21.02,105.1,WH-EAST,In-Store
T505324,2026-03-16,P1015,8,21.02,168.16,WH-EAST,Online
T505325,2026-03-17,P1015,7,21.02,147.14,WH-EAST,In-Store
T505326,2026-03-18,P1015,4,21.02,84.08,WH-EAST,In-Store
T505327,2026-03-19,P1015,8,21.02,168.16,WH-EAST,Online
T505328,2026-03-20,P1015,7,21.02,147.14,WH-EAST,Online
T505329,2026-03-21,P1015,11,21.02,231.22,WH-EAST,Online
T505330,2026-03-22,P1015,7,21.02,147.14,WH-EAST,Online
T505331,2026-03-23,P1015,13,21.02,273.26,WH-EAST,Online
T505332,2026-03-24,P1015,9,21.02,189.18,WH-EAST,Online
T505333,2026-03-25,P1015,7,21.02,147.14,WH-EAST,Online
T505334,2026-03-26,P1015,11,21.02,231.22,WH-EAST,Online
T505335,2026-03-27,P1015,6,21.02,126.12,WH-EAST,Online
T505336,2026-03-28,P1015,9,21.02,189.18,WH-EAST,Online
T505337,2026-03-29,P1015,5,21.02,105.1,WH-EAST,In-Store
T505338,2026-03-30,P1015,11,21.02,231.22,WH-EAST,Online
T505339,2026-03-31,P1015,7,21.02,147.14,WH-EAST,In-Store
T505340,2026-04-01,P1015,10,21.02,210.2,WH-EAST,In-Store
T505341,2026-04-02,P1015,9,21.02,189.18,WH-EAST,Online
T505342,2026-04-03,P1015,10,21.02,210.2,WH-EAST,Online
T505343,2026-04-04,P1015,8,21.02,168.16,WH-EAST,In-Store
T505344,2026-04-05,P1015,12,21.02,252.24,WH-EAST,Online
T505345,2026-04-06,P1015,10,21.02,210.2,WH-EAST,In-Store
T505346,2026-04-07,P1015,6,21.02,126.12,WH-EAST,Online
T505347,2026-04-08,P1015,5,21.02,105.1,WH-EAST,In-Store
T505348,2026-04-09,P1015,6,21.02,126.12,WH-EAST,In-Store
T505349,2026-04-10,P1015,7,21.02,147.14,WH-EAST,Online
T505350,2026-04-11,P1015,5,21.02,105.1,WH-EAST,In-Store
T505351,2026-04-12,P1015,7,21.02,147.14,WH-EAST,Online
T505352,2026-04-13,P1015,8,21.02,168.16,WH-EAST,Online
T505353,2026-04-14,P1015,6,21.02,126.12,WH-EAST,Online
T505354,2026-04-15,P1015,6,21.02,126.12,WH-EAST,Online
T505355,2026-04-16,P1015,10,21.02,210.2,WH-EAST,Online
T505356,2026-04-17,P1015,8,21.02,168.16,WH-EAST,In-Store
T505357,2026-04-18,P1015,7,21.02,147.14,WH-EAST,Online
T505358,2026-04-19,P1015,10,21.02,210.2,WH-EAST,Online
T505359,2026-04-20,P1015,5,21.02,105.1,WH-EAST,Online
T505360,2026-04-21,P1015,4,21.02,84.08,WH-EAST,In-Store
T505361,2026-04-22,P1015,10,21.02,210.2,WH-EAST,Online
T505362,2026-04-23,P1015,5,21.02,105.1,WH-EAST,In-Store
T505363,2026-04-24,P1015,6,21.02,126.12,WH-EAST,In-Store
T505364,2026-04-25,P1015,3,21.02,63.06,WH-EAST,Online
T505365,2026-04-26,P1015,9,21.02,189.18,WH-EAST,Online
T505366,2026-04-27,P1015,6,21.02,126.12,WH-EAST,In-Store
T505367,2026-04-28,P1015,4,21.02,84.08,WH-EAST,In-Store
T505368,2026-04-29,P1015,7,21.02,147.14,WH-EAST,In-Store
T505369,2026-04-30,P1015,9,21.02,189.18,WH-EAST,Online
T505370,2026-05-01,P1015,8,21.02,168.16,WH-EAST,Online
T505371,2026-05-02,P1015,7,21.02,147.14,WH-EAST,Online
T505372,2026-05-03,P1015,8,21.02,168.16,WH-EAST,Online
T505373,2026-05-04,P1015,5,21.02,105.1,WH-EAST,Online
T505374,2026-05-05,P1015,9,21.02,189.18,WH-EAST,Online
T505375,2026-05-06,P1015,9,21.02,189.18,WH-EAST,In-Store
T505376,2026-05-07,P1015,11,21.02,231.22,WH-EAST,Online
T505377,2026-05-08,P1015,6,21.02,126.12,WH-EAST,Online
T505378,2026-05-09,P1015,8,21.02,168.16,WH-EAST,In-Store
T505379,2026-05-10,P1015,8,21.02,168.16,WH-EAST,Online
T505380,2026-05-11,P1015,8,21.02,168.16,WH-EAST,Online
T505381,2026-05-12,P1015,11,21.02,231.22,WH-EAST,Online
T505382,2026-05-13,P1015,9,21.02,189.18,WH-EAST,Online
T505383,2026-05-14,P1015,9,21.02,189.18,WH-EAST,Online
T505384,2026-05-15,P1015,6,21.02,126.12,WH-EAST,Online
T505385,2026-05-16,P1015,7,21.02,147.14,WH-EAST,In-Store
T505386,2026-05-17,P1015,9,21.02,189.18,WH-EAST,In-Store
T505387,2026-05-18,P1015,9,21.02,189.18,WH-EAST,In-Store
T505388,2026-05-19,P1015,9,21.02,189.18,WH-EAST,In-Store
T505389,2026-05-20,P1015,9,21.02,189.18,WH-EAST,Online
T505390,2026-05-21,P1015,15,21.02,315.3,WH-EAST,Online
T505391,2026-05-22,P1015,3,21.02,63.06,WH-EAST,Online
T505392,2026-05-23,P1015,10,21.02,210.2,WH-EAST,Online
T505393,2026-05-24,P1015,3,21.02,63.06,WH-EAST,Online
T505394,2026-05-25,P1015,10,21.02,210.2,WH-EAST,Online
T505395,2026-05-26,P1015,3,21.02,63.06,WH-EAST,In-Store
T505396,2026-05-27,P1015,7,21.02,147.14,WH-EAST,Online
T505397,2026-05-28,P1015,8,21.02,168.16,WH-EAST,Online
T505398,2026-05-29,P1015,10,21.02,210.2,WH-EAST,Online
T505399,2026-05-30,P1015,14,21.02,294.28,WH-EAST,Online
T505400,2026-05-31,P1015,5,21.02,105.1,WH-EAST,Online
T505401,2026-06-01,P1015,8,21.02,168.16,WH-EAST,Online
T505402,2026-06-02,P1015,10,21.02,210.2,WH-EAST,In-Store
T505403,2026-06-03,P1015,4,21.02,84.08,WH-EAST,Online
T505404,2026-06-04,P1015,5,21.02,105.1,WH-EAST,Online
T505405,2026-06-05,P1015,7,21.02,147.14,WH-EAST,Online
T505406,2026-06-06,P1015,12,21.02,252.24,WH-EAST,Online
T505407,2026-06-07,P1015,13,21.02,273.26,WH-EAST,In-Store
T505408,2026-06-08,P1015,11,21.02,231.22,WH-EAST,Online
T505409,2026-06-09,P1015,15,21.02,315.3,WH-EAST,Online
T505410,2026-06-10,P1015,6,21.02,126.12,WH-EAST,Online
T505411,2026-06-11,P1015,10,21.02,210.2,WH-EAST,Online
T505412,2026-06-12,P1015,7,21.02,147.14,WH-EAST,Online
T505413,2026-06-13,P1015,12,21.02,252.24,WH-EAST,Online
T505414,2026-06-14,P1015,11,21.02,231.22,WH-EAST,In-Store
T505415,2026-06-15,P1015,14,21.02,294.28,WH-EAST,Online
T505416,2026-06-16,P1015,4,21.02,84.08,WH-EAST,In-Store
T505417,2026-06-17,P1015,16,21.02,336.32,WH-EAST,In-Store
T505418,2026-06-18,P1015,5,21.02,105.1,WH-EAST,In-Store
T505419,2026-06-19,P1015,11,21.02,231.22,WH-EAST,Online
T505420,2026-06-20,P1015,6,21.02,126.12,WH-EAST,In-Store
T505421,2026-06-21,P1015,7,21.02,147.14,WH-EAST,Online
T505422,2026-06-22,P1015,7,21.02,147.14,WH-EAST,Online
T505423,2026-06-23,P1015,12,21.02,252.24,WH-EAST,Online
T505424,2026-06-24,P1015,7,21.02,147.14,WH-EAST,Online
T505425,2026-06-25,P1015,8,21.02,168.16,WH-EAST,Online
T505426,2026-06-26,P1015,8,21.02,168.16,WH-EAST,Online
T505427,2026-06-27,P1015,15,21.02,315.3,WH-EAST,Online
T505428,2026-06-28,P1015,15,21.02,315.3,WH-EAST,In-Store
T505429,2026-06-29,P1015,11,21.02,231.22,WH-EAST,Online
T505430,2026-06-30,P1015,9,21.02,189.18,WH-EAST,In-Store
T505431,2026-07-01,P1015,9,21.02,189.18,WH-EAST,Online
T505432,2026-07-02,P1015,8,21.02,168.16,WH-EAST,Online
T505433,2026-07-03,P1015,6,21.02,126.12,WH-EAST,Online
T505434,2026-07-04,P1015,11,21.02,231.22,WH-EAST,Online
T505435,2026-07-05,P1015,11,21.02,231.22,WH-EAST,Online
T505436,2026-07-06,P1015,8,21.02,168.16,WH-EAST,In-Store
T505437,2026-07-07,P1015,8,21.02,168.16,WH-EAST,Online
T505438,2026-07-08,P1015,18,21.02,378.36,WH-EAST,In-Store
T505439,2026-07-09,P1015,13,21.02,273.26,WH-EAST,Online
T505440,2026-07-10,P1015,9,21.02,189.18,WH-EAST,Online
T505441,2026-07-11,P1015,9,21.02,189.18,WH-EAST,Online
T505442,2026-07-12,P1015,10,21.02,210.2,WH-EAST,Online
T505443,2026-07-13,P1015,12,21.02,252.24,WH-EAST,Online
T505444,2026-07-14,P1015,10,21.02,210.2,WH-EAST,Online
T505445,2026-07-15,P1015,11,21.02,231.22,WH-EAST,Online
T505446,2026-07-16,P1015,10,21.02,210.2,WH-EAST,In-Store
T505447,2026-07-17,P1015,8,21.02,168.16,WH-EAST,In-Store
T505448,2026-07-18,P1015,14,21.02,294.28,WH-EAST,In-Store
T505449,2026-07-19,P1015,6,21.02,126.12,WH-EAST,In-Store
T505450,2026-07-20,P1015,12,21.02,252.24,WH-EAST,Online
T505451,2026-07-21,P1015,17,21.02,357.34,WH-EAST,Online
T505452,2026-07-22,P1015,11,21.02,231.22,WH-EAST,In-Store
T505453,2026-07-23,P1015,16,21.02,336.32,WH-EAST,In-Store
T505454,2026-07-24,P1015,13,21.02,273.26,WH-EAST,Online
T505455,2026-07-25,P1015,11,21.02,231.22,WH-EAST,In-Store
T505456,2026-07-26,P1015,19,21.02,399.38,WH-EAST,In-Store
T505457,2026-07-27,P1015,13,21.02,273.26,WH-EAST,In-Store
T505458,2026-07-28,P1015,13,21.02,273.26,WH-EAST,Online
T505459,2026-07-29,P1015,15,21.02,315.3,WH-EAST,Online
T505460,2026-07-30,P1015,8,21.02,168.16,WH-EAST,Online
T505461,2026-07-31,P1015,10,21.02,210.2,WH-EAST,Online
T505462,2026-08-01,P1015,19,21.02,399.38,WH-EAST,In-Store
T505463,2026-08-02,P1015,15,21.02,315.3,WH-EAST,Online
T505464,2026-08-03,P1015,7,21.02,147.14,WH-EAST,Online
T505465,2026-08-04,P1015,6,21.02,126.12,WH-EAST,Online
T505466,2026-08-05,P1015,16,21.02,336.32,WH-EAST,In-Store
T505467,2026-08-06,P1015,11,21.02,231.22,WH-EAST,Online
T505468,2026-08-07,P1015,14,21.02,294.28,WH-EAST,Online
T505469,2026-08-08,P1015,12,21.02,252.24,WH-EAST,Online
T505470,2026-08-09,P1015,9,21.02,189.18,WH-EAST,Online
T505471,2026-08-10,P1015,11,21.02,231.22,WH-EAST,Online
T505472,2026-08-11,P1015,8,21.02,168.16,WH-EAST,Online
T505473,2026-08-12,P1015,22,21.02,462.44,WH-EAST,In-Store
T505474,2026-08-13,P1015,12,21.02,252.24,WH-EAST,Online
T505475,2025-08-15,P1016,4,34.01,136.04,WH-EAST,In-Store
T505476,2025-08-16,P1016,3,34.01,102.03,WH-EAST,Online
T505477,2025-08-17,P1016,9,34.01,306.09,WH-EAST,Online
T505478,2025-08-18,P1016,2,34.01,68.02,WH-EAST,Online
T505479,2025-08-19,P1016,3,34.01,102.03,WH-EAST,In-Store
T505480,2025-08-20,P1016,4,34.01,136.04,WH-EAST,In-Store
T505481,2025-08-21,P1016,4,34.01,136.04,WH-EAST,Online
T505482,2025-08-22,P1016,1,34.01,34.01,WH-EAST,Online
T505483,2025-08-23,P1016,5,34.01,170.05,WH-EAST,Online
T505484,2025-08-24,P1016,6,34.01,204.06,WH-EAST,Online
T505485,2025-08-25,P1016,3,34.01,102.03,WH-EAST,In-Store
T505486,2025-08-26,P1016,3,34.01,102.03,WH-EAST,Online
T505487,2025-08-27,P1016,5,34.01,170.05,WH-EAST,In-Store
T505488,2025-08-28,P1016,5,34.01,170.05,WH-EAST,Online
T505489,2025-08-29,P1016,3,34.01,102.03,WH-EAST,In-Store
T505490,2025-08-30,P1016,9,34.01,306.09,WH-EAST,Online
T505491,2025-08-31,P1016,6,34.01,204.06,WH-EAST,Online
T505492,2025-09-01,P1016,2,34.01,68.02,WH-EAST,Online
T505493,2025-09-02,P1016,2,34.01,68.02,WH-EAST,In-Store
T505494,2025-09-03,P1016,2,34.01,68.02,WH-EAST,Online
T505495,2025-09-04,P1016,2,34.01,68.02,WH-EAST,In-Store
T505496,2025-09-05,P1016,3,34.01,102.03,WH-EAST,Online
T505497,2025-09-06,P1016,5,34.01,170.05,WH-EAST,Online
T505498,2025-09-07,P1016,5,34.01,170.05,WH-EAST,Online
T505499,2025-09-08,P1016,3,34.01,102.03,WH-EAST,In-Store
T505500,2025-09-09,P1016,2,34.01,68.02,WH-EAST,In-Store
T505501,2025-09-10,P1016,7,34.01,238.07,WH-EAST,Online
T505502,2025-09-11,P1016,2,34.01,68.02,WH-EAST,Online
T505503,2025-09-12,P1016,4,34.01,136.04,WH-EAST,In-Store
T505504,2025-09-13,P1016,4,34.01,136.04,WH-EAST,Online
T505505,2025-09-14,P1016,3,34.01,102.03,WH-EAST,Online
T505506,2025-09-15,P1016,5,34.01,170.05,WH-EAST,Online
T505507,2025-09-16,P1016,5,34.01,170.05,WH-EAST,In-Store
T505508,2025-09-17,P1016,8,34.01,272.08,WH-EAST,Online
T505509,2025-09-18,P1016,1,34.01,34.01,WH-EAST,In-Store
T505510,2025-09-19,P1016,1,34.01,34.01,WH-EAST,Online
T505511,2025-09-20,P1016,4,34.01,136.04,WH-EAST,In-Store
T505512,2025-09-21,P1016,7,34.01,238.07,WH-EAST,Online
T505513,2025-09-22,P1016,6,34.01,204.06,WH-EAST,Online
T505514,2025-09-23,P1016,4,34.01,136.04,WH-EAST,Online
T505515,2025-09-24,P1016,2,34.01,68.02,WH-EAST,Online
T505516,2025-09-25,P1016,4,34.01,136.04,WH-EAST,Online
T505517,2025-09-26,P1016,4,34.01,136.04,WH-EAST,Online
T505518,2025-09-27,P1016,7,34.01,238.07,WH-EAST,Online
T505519,2025-09-28,P1016,10,34.01,340.1,WH-EAST,In-Store
T505520,2025-09-29,P1016,2,34.01,68.02,WH-EAST,In-Store
T505521,2025-09-30,P1016,4,34.01,136.04,WH-EAST,Online
T505522,2025-10-01,P1016,1,34.01,34.01,WH-EAST,In-Store
T505523,2025-10-02,P1016,4,34.01,136.04,WH-EAST,Online
T505524,2025-10-03,P1016,4,34.01,136.04,WH-EAST,Online
T505525,2025-10-04,P1016,15,34.01,510.15,WH-EAST,Online
T505526,2025-10-05,P1016,7,34.01,238.07,WH-EAST,In-Store
T505527,2025-10-06,P1016,3,34.01,102.03,WH-EAST,Online
T505528,2025-10-07,P1016,5,34.01,170.05,WH-EAST,Online
T505529,2025-10-08,P1016,3,34.01,102.03,WH-EAST,Online
T505530,2025-10-09,P1016,4,34.01,136.04,WH-EAST,In-Store
T505531,2025-10-10,P1016,6,34.01,204.06,WH-EAST,Online
T505532,2025-10-11,P1016,11,34.01,374.11,WH-EAST,In-Store
T505533,2025-10-12,P1016,2,34.01,68.02,WH-EAST,Online
T505534,2025-10-14,P1016,6,34.01,204.06,WH-EAST,In-Store
T505535,2025-10-15,P1016,5,34.01,170.05,WH-EAST,Online
T505536,2025-10-16,P1016,2,34.01,68.02,WH-EAST,Online
T505537,2025-10-17,P1016,5,34.01,170.05,WH-EAST,In-Store
T505538,2025-10-18,P1016,5,34.01,170.05,WH-EAST,In-Store
T505539,2025-10-19,P1016,8,34.01,272.08,WH-EAST,Online
T505540,2025-10-20,P1016,7,34.01,238.07,WH-EAST,In-Store
T505541,2025-10-21,P1016,7,34.01,238.07,WH-EAST,Online
T505542,2025-10-22,P1016,8,34.01,272.08,WH-EAST,Online
T505543,2025-10-23,P1016,4,34.01,136.04,WH-EAST,Online
T505544,2025-10-24,P1016,3,34.01,102.03,WH-EAST,Online
T505545,2025-10-25,P1016,5,34.01,170.05,WH-EAST,Online
T505546,2025-10-26,P1016,16,34.01,544.16,WH-EAST,In-Store
T505547,2025-10-27,P1016,3,34.01,102.03,WH-EAST,In-Store
T505548,2025-10-28,P1016,6,34.01,204.06,WH-EAST,Online
T505549,2025-10-29,P1016,4,34.01,136.04,WH-EAST,Online
T505550,2025-10-30,P1016,2,34.01,68.02,WH-EAST,In-Store
T505551,2025-10-31,P1016,5,34.01,170.05,WH-EAST,Online
T505552,2025-11-01,P1016,10,34.01,340.1,WH-EAST,Online
T505553,2025-11-02,P1016,9,34.01,306.09,WH-EAST,Online
T505554,2025-11-03,P1016,3,34.01,102.03,WH-EAST,Online
T505555,2025-11-04,P1016,7,34.01,238.07,WH-EAST,Online
T505556,2025-11-05,P1016,11,34.01,374.11,WH-EAST,In-Store
T505557,2025-11-06,P1016,6,34.01,204.06,WH-EAST,Online
T505558,2025-11-07,P1016,3,34.01,102.03,WH-EAST,Online
T505559,2025-11-08,P1016,4,34.01,136.04,WH-EAST,Online
T505560,2025-11-09,P1016,8,34.01,272.08,WH-EAST,Online
T505561,2025-11-10,P1016,3,34.01,102.03,WH-EAST,Online
T505562,2025-11-11,P1016,5,34.01,170.05,WH-EAST,Online
T505563,2025-11-12,P1016,3,34.01,102.03,WH-EAST,In-Store
T505564,2025-11-13,P1016,1,34.01,34.01,WH-EAST,Online
T505565,2025-11-14,P1016,1,34.01,34.01,WH-EAST,Online
T505566,2025-11-15,P1016,4,34.01,136.04,WH-EAST,In-Store
T505567,2025-11-16,P1016,6,34.01,204.06,WH-EAST,Online
T505568,2025-11-17,P1016,3,34.01,102.03,WH-EAST,Online
T505569,2025-11-18,P1016,1,34.01,34.01,WH-EAST,Online
T505570,2025-11-19,P1016,6,34.01,204.06,WH-EAST,Online
T505571,2025-11-20,P1016,2,34.01,68.02,WH-EAST,In-Store
T505572,2025-11-21,P1016,5,34.01,170.05,WH-EAST,In-Store
T505573,2025-11-22,P1016,7,34.01,238.07,WH-EAST,Online
T505574,2025-11-23,P1016,7,34.01,238.07,WH-EAST,Online
T505575,2025-11-24,P1016,7,34.01,238.07,WH-EAST,Online
T505576,2025-11-25,P1016,8,34.01,272.08,WH-EAST,Online
T505577,2025-11-26,P1016,5,34.01,170.05,WH-EAST,Online
T505578,2025-11-27,P1016,7,34.01,238.07,WH-EAST,In-Store
T505579,2025-11-28,P1016,8,34.01,272.08,WH-EAST,In-Store
T505580,2025-11-29,P1016,10,34.01,340.1,WH-EAST,Online
T505581,2025-11-30,P1016,7,34.01,238.07,WH-EAST,Online
T505582,2025-12-01,P1016,3,34.01,102.03,WH-EAST,Online
T505583,2025-12-02,P1016,6,34.01,204.06,WH-EAST,Online
T505584,2025-12-03,P1016,4,34.01,136.04,WH-EAST,Online
T505585,2025-12-04,P1016,3,34.01,102.03,WH-EAST,In-Store
T505586,2025-12-05,P1016,6,34.01,204.06,WH-EAST,Online
T505587,2025-12-06,P1016,4,34.01,136.04,WH-EAST,Online
T505588,2025-12-07,P1016,9,34.01,306.09,WH-EAST,Online
T505589,2025-12-08,P1016,3,34.01,102.03,WH-EAST,Online
T505590,2025-12-09,P1016,3,34.01,102.03,WH-EAST,Online
T505591,2025-12-10,P1016,5,34.01,170.05,WH-EAST,Online
T505592,2025-12-11,P1016,3,34.01,102.03,WH-EAST,Online
T505593,2025-12-12,P1016,2,34.01,68.02,WH-EAST,Online
T505594,2025-12-13,P1016,7,34.01,238.07,WH-EAST,In-Store
T505595,2025-12-14,P1016,7,34.01,238.07,WH-EAST,Online
T505596,2025-12-15,P1016,5,34.01,170.05,WH-EAST,In-Store
T505597,2025-12-16,P1016,2,34.01,68.02,WH-EAST,Online
T505598,2025-12-17,P1016,1,34.01,34.01,WH-EAST,In-Store
T505599,2025-12-18,P1016,4,34.01,136.04,WH-EAST,In-Store
T505600,2025-12-19,P1016,5,34.01,170.05,WH-EAST,Online
T505601,2025-12-20,P1016,9,34.01,306.09,WH-EAST,Online
T505602,2025-12-21,P1016,13,34.01,442.13,WH-EAST,Online
T505603,2025-12-22,P1016,6,34.01,204.06,WH-EAST,Online
T505604,2025-12-23,P1016,4,34.01,136.04,WH-EAST,In-Store
T505605,2025-12-24,P1016,7,34.01,238.07,WH-EAST,Online
T505606,2025-12-25,P1016,5,34.01,170.05,WH-EAST,Online
T505607,2025-12-26,P1016,4,34.01,136.04,WH-EAST,Online
T505608,2025-12-27,P1016,8,34.01,272.08,WH-EAST,Online
T505609,2025-12-28,P1016,7,34.01,238.07,WH-EAST,Online
T505610,2025-12-29,P1016,4,34.01,136.04,WH-EAST,In-Store
T505611,2025-12-30,P1016,1,34.01,34.01,WH-EAST,Online
T505612,2025-12-31,P1016,5,34.01,170.05,WH-EAST,In-Store
T505613,2026-01-01,P1016,5,34.01,170.05,WH-EAST,Online
T505614,2026-01-02,P1016,6,34.01,204.06,WH-EAST,Online
T505615,2026-01-03,P1016,10,34.01,340.1,WH-EAST,Online
T505616,2026-01-04,P1016,8,34.01,272.08,WH-EAST,In-Store
T505617,2026-01-05,P1016,4,34.01,136.04,WH-EAST,Online
T505618,2026-01-06,P1016,5,34.01,170.05,WH-EAST,Online
T505619,2026-01-07,P1016,5,34.01,170.05,WH-EAST,Online
T505620,2026-01-08,P1016,9,34.01,306.09,WH-EAST,In-Store
T505621,2026-01-09,P1016,4,34.01,136.04,WH-EAST,Online
T505622,2026-01-10,P1016,10,34.01,340.1,WH-EAST,Online
T505623,2026-01-11,P1016,2,34.01,68.02,WH-EAST,Online
T505624,2026-01-12,P1016,4,34.01,136.04,WH-EAST,Online
T505625,2026-01-13,P1016,5,34.01,170.05,WH-EAST,Online
T505626,2026-01-14,P1016,4,34.01,136.04,WH-EAST,Online
T505627,2026-01-15,P1016,2,34.01,68.02,WH-EAST,Online
T505628,2026-01-16,P1016,3,34.01,102.03,WH-EAST,In-Store
T505629,2026-01-17,P1016,4,34.01,136.04,WH-EAST,Online
T505630,2026-01-18,P1016,3,34.01,102.03,WH-EAST,In-Store
T505631,2026-01-19,P1016,6,34.01,204.06,WH-EAST,In-Store
T505632,2026-01-20,P1016,1,34.01,34.01,WH-EAST,Online
T505633,2026-01-21,P1016,2,34.01,68.02,WH-EAST,In-Store
T505634,2026-01-22,P1016,3,34.01,102.03,WH-EAST,Online
T505635,2026-01-23,P1016,6,34.01,204.06,WH-EAST,Online
T505636,2026-01-24,P1016,5,34.01,170.05,WH-EAST,Online
T505637,2026-01-25,P1016,9,34.01,306.09,WH-EAST,In-Store
T505638,2026-01-26,P1016,3,34.01,102.03,WH-EAST,In-Store
T505639,2026-01-27,P1016,3,34.01,102.03,WH-EAST,Online
T505640,2026-01-28,P1016,6,34.01,204.06,WH-EAST,Online
T505641,2026-01-29,P1016,3,34.01,102.03,WH-EAST,Online
T505642,2026-01-30,P1016,5,34.01,170.05,WH-EAST,In-Store
T505643,2026-01-31,P1016,5,34.01,170.05,WH-EAST,Online
T505644,2026-02-01,P1016,5,34.01,170.05,WH-EAST,In-Store
T505645,2026-02-02,P1016,6,34.01,204.06,WH-EAST,Online
T505646,2026-02-03,P1016,4,34.01,136.04,WH-EAST,Online
T505647,2026-02-04,P1016,6,34.01,204.06,WH-EAST,Online
T505648,2026-02-05,P1016,5,34.01,170.05,WH-EAST,Online
T505649,2026-02-06,P1016,2,34.01,68.02,WH-EAST,Online
T505650,2026-02-07,P1016,7,34.01,238.07,WH-EAST,In-Store
T505651,2026-02-08,P1016,6,34.01,204.06,WH-EAST,Online
T505652,2026-02-09,P1016,4,34.01,136.04,WH-EAST,Online
T505653,2026-02-10,P1016,3,34.01,102.03,WH-EAST,Online
T505654,2026-02-11,P1016,8,34.01,272.08,WH-EAST,Online
T505655,2026-02-12,P1016,4,34.01,136.04,WH-EAST,Online
T505656,2026-02-13,P1016,5,34.01,170.05,WH-EAST,In-Store
T505657,2026-02-14,P1016,8,34.01,272.08,WH-EAST,In-Store
T505658,2026-02-15,P1016,5,34.01,170.05,WH-EAST,In-Store
T505659,2026-02-16,P1016,4,34.01,136.04,WH-EAST,Online
T505660,2026-02-17,P1016,2,34.01,68.02,WH-EAST,In-Store
T505661,2026-02-18,P1016,3,34.01,102.03,WH-EAST,Online
T505662,2026-02-19,P1016,1,34.01,34.01,WH-EAST,Online
T505663,2026-02-20,P1016,1,34.01,34.01,WH-EAST,Online
T505664,2026-02-21,P1016,5,34.01,170.05,WH-EAST,Online
T505665,2026-02-22,P1016,7,34.01,238.07,WH-EAST,In-Store
T505666,2026-02-23,P1016,4,34.01,136.04,WH-EAST,In-Store
T505667,2026-02-24,P1016,4,34.01,136.04,WH-EAST,Online
T505668,2026-02-25,P1016,3,34.01,102.03,WH-EAST,In-Store
T505669,2026-02-26,P1016,3,34.01,102.03,WH-EAST,Online
T505670,2026-02-27,P1016,2,34.01,68.02,WH-EAST,In-Store
T505671,2026-02-28,P1016,3,34.01,102.03,WH-EAST,Online
T505672,2026-03-01,P1016,2,34.01,68.02,WH-EAST,In-Store
T505673,2026-03-02,P1016,4,34.01,136.04,WH-EAST,Online
T505674,2026-03-03,P1016,1,34.01,34.01,WH-EAST,In-Store
T505675,2026-03-04,P1016,1,34.01,34.01,WH-EAST,Online
T505676,2026-03-05,P1016,6,34.01,204.06,WH-EAST,Online
T505677,2026-03-06,P1016,2,34.01,68.02,WH-EAST,Online
T505678,2026-03-07,P1016,4,34.01,136.04,WH-EAST,Online
T505679,2026-03-08,P1016,3,34.01,102.03,WH-EAST,In-Store
T505680,2026-03-09,P1016,1,34.01,34.01,WH-EAST,Online
T505681,2026-03-10,P1016,3,34.01,102.03,WH-EAST,In-Store
T505682,2026-03-11,P1016,6,34.01,204.06,WH-EAST,Online
T505683,2026-03-12,P1016,2,34.01,68.02,WH-EAST,In-Store
T505684,2026-03-13,P1016,2,34.01,68.02,WH-EAST,Online
T505685,2026-03-14,P1016,8,34.01,272.08,WH-EAST,Online
T505686,2026-03-15,P1016,5,34.01,170.05,WH-EAST,Online
T505687,2026-03-16,P1016,2,34.01,68.02,WH-EAST,Online
T505688,2026-03-17,P1016,2,34.01,68.02,WH-EAST,Online
T505689,2026-03-18,P1016,2,34.01,68.02,WH-EAST,Online
T505690,2026-03-19,P1016,3,34.01,102.03,WH-EAST,Online
T505691,2026-03-20,P1016,4,34.01,136.04,WH-EAST,Online
T505692,2026-03-21,P1016,3,34.01,102.03,WH-EAST,In-Store
T505693,2026-03-22,P1016,5,34.01,170.05,WH-EAST,In-Store
T505694,2026-03-23,P1016,1,34.01,34.01,WH-EAST,In-Store
T505695,2026-03-24,P1016,3,34.01,102.03,WH-EAST,Online
T505696,2026-03-25,P1016,4,34.01,136.04,WH-EAST,Online
T505697,2026-03-26,P1016,2,34.01,68.02,WH-EAST,Online
T505698,2026-03-28,P1016,7,34.01,238.07,WH-EAST,Online
T505699,2026-03-29,P1016,2,34.01,68.02,WH-EAST,Online
T505700,2026-03-30,P1016,3,34.01,102.03,WH-EAST,Online
T505701,2026-03-31,P1016,4,34.01,136.04,WH-EAST,Online
T505702,2026-04-01,P1016,3,34.01,102.03,WH-EAST,Online
T505703,2026-04-02,P1016,4,34.01,136.04,WH-EAST,In-Store
T505704,2026-04-03,P1016,1,34.01,34.01,WH-EAST,Online
T505705,2026-04-04,P1016,6,34.01,204.06,WH-EAST,In-Store
T505706,2026-04-05,P1016,4,34.01,136.04,WH-EAST,Online
T505707,2026-04-06,P1016,2,34.01,68.02,WH-EAST,In-Store
T505708,2026-04-07,P1016,2,34.01,68.02,WH-EAST,Online
T505709,2026-04-08,P1016,2,34.01,68.02,WH-EAST,Online
T505710,2026-04-09,P1016,5,34.01,170.05,WH-EAST,In-Store
T505711,2026-04-10,P1016,4,34.01,136.04,WH-EAST,In-Store
T505712,2026-04-11,P1016,5,34.01,170.05,WH-EAST,Online
T505713,2026-04-12,P1016,3,34.01,102.03,WH-EAST,Online
T505714,2026-04-13,P1016,5,34.01,170.05,WH-EAST,In-Store
T505715,2026-04-14,P1016,3,34.01,102.03,WH-EAST,Online
T505716,2026-04-15,P1016,3,34.01,102.03,WH-EAST,Online
T505717,2026-04-16,P1016,7,34.01,238.07,WH-EAST,Online
T505718,2026-04-17,P1016,3,34.01,102.03,WH-EAST,Online
T505719,2026-04-18,P1016,6,34.01,204.06,WH-EAST,Online
T505720,2026-04-19,P1016,4,34.01,136.04,WH-EAST,Online
T505721,2026-04-20,P1016,3,34.01,102.03,WH-EAST,Online
T505722,2026-04-21,P1016,5,34.01,170.05,WH-EAST,In-Store
T505723,2026-04-22,P1016,1,34.01,34.01,WH-EAST,Online
T505724,2026-04-23,P1016,1,34.01,34.01,WH-EAST,Online
T505725,2026-04-25,P1016,5,34.01,170.05,WH-EAST,Online
T505726,2026-04-26,P1016,1,34.01,34.01,WH-EAST,Online
T505727,2026-04-28,P1016,3,34.01,102.03,WH-EAST,Online
T505728,2026-04-29,P1016,2,34.01,68.02,WH-EAST,Online
T505729,2026-05-01,P1016,2,34.01,68.02,WH-EAST,Online
T505730,2026-05-02,P1016,8,34.01,272.08,WH-EAST,In-Store
T505731,2026-05-03,P1016,4,34.01,136.04,WH-EAST,In-Store
T505732,2026-05-04,P1016,2,34.01,68.02,WH-EAST,Online
T505733,2026-05-05,P1016,1,34.01,34.01,WH-EAST,Online
T505734,2026-05-06,P1016,3,34.01,102.03,WH-EAST,Online
T505735,2026-05-07,P1016,4,34.01,136.04,WH-EAST,In-Store
T505736,2026-05-08,P1016,2,34.01,68.02,WH-EAST,Online
T505737,2026-05-09,P1016,2,34.01,68.02,WH-EAST,Online
T505738,2026-05-10,P1016,4,34.01,136.04,WH-EAST,Online
T505739,2026-05-11,P1016,2,34.01,68.02,WH-EAST,In-Store
T505740,2026-05-12,P1016,4,34.01,136.04,WH-EAST,In-Store
T505741,2026-05-13,P1016,2,34.01,68.02,WH-EAST,In-Store
T505742,2026-05-15,P1016,1,34.01,34.01,WH-EAST,Online
T505743,2026-05-16,P1016,6,34.01,204.06,WH-EAST,Online
T505744,2026-05-17,P1016,1,34.01,34.01,WH-EAST,In-Store
T505745,2026-05-18,P1016,2,34.01,68.02,WH-EAST,Online
T505746,2026-05-19,P1016,8,34.01,272.08,WH-EAST,In-Store
T505747,2026-05-20,P1016,1,34.01,34.01,WH-EAST,Online
T505748,2026-05-21,P1016,3,34.01,102.03,WH-EAST,Online
T505749,2026-05-22,P1016,3,34.01,102.03,WH-EAST,Online
T505750,2026-05-23,P1016,1,34.01,34.01,WH-EAST,In-Store
T505751,2026-05-24,P1016,4,34.01,136.04,WH-EAST,Online
T505752,2026-05-25,P1016,4,34.01,136.04,WH-EAST,In-Store
T505753,2026-05-26,P1016,2,34.01,68.02,WH-EAST,In-Store
T505754,2026-05-27,P1016,3,34.01,102.03,WH-EAST,Online
T505755,2026-05-28,P1016,3,34.01,102.03,WH-EAST,In-Store
T505756,2026-05-29,P1016,4,34.01,136.04,WH-EAST,In-Store
T505757,2026-05-30,P1016,3,34.01,102.03,WH-EAST,In-Store
T505758,2026-05-31,P1016,2,34.01,68.02,WH-EAST,Online
T505759,2026-06-01,P1016,7,34.01,238.07,WH-EAST,Online
T505760,2026-06-02,P1016,7,34.01,238.07,WH-EAST,Online
T505761,2026-06-03,P1016,2,34.01,68.02,WH-EAST,Online
T505762,2026-06-04,P1016,5,34.01,170.05,WH-EAST,Online
T505763,2026-06-05,P1016,3,34.01,102.03,WH-EAST,In-Store
T505764,2026-06-06,P1016,4,34.01,136.04,WH-EAST,In-Store
T505765,2026-06-07,P1016,4,34.01,136.04,WH-EAST,Online
T505766,2026-06-08,P1016,3,34.01,102.03,WH-EAST,Online
T505767,2026-06-09,P1016,3,34.01,102.03,WH-EAST,Online
T505768,2026-06-10,P1016,1,34.01,34.01,WH-EAST,Online
T505769,2026-06-11,P1016,3,34.01,102.03,WH-EAST,Online
T505770,2026-06-12,P1016,5,34.01,170.05,WH-EAST,Online
T505771,2026-06-13,P1016,2,34.01,68.02,WH-EAST,In-Store
T505772,2026-06-14,P1016,2,34.01,68.02,WH-EAST,In-Store
T505773,2026-06-15,P1016,6,34.01,204.06,WH-EAST,In-Store
T505774,2026-06-16,P1016,1,34.01,34.01,WH-EAST,Online
T505775,2026-06-17,P1016,2,34.01,68.02,WH-EAST,In-Store
T505776,2026-06-18,P1016,2,34.01,68.02,WH-EAST,Online
T505777,2026-06-19,P1016,4,34.01,136.04,WH-EAST,Online
T505778,2026-06-20,P1016,6,34.01,204.06,WH-EAST,Online
T505779,2026-06-21,P1016,2,34.01,68.02,WH-EAST,In-Store
T505780,2026-06-22,P1016,3,34.01,102.03,WH-EAST,In-Store
T505781,2026-06-23,P1016,1,34.01,34.01,WH-EAST,Online
T505782,2026-06-24,P1016,3,34.01,102.03,WH-EAST,Online
T505783,2026-06-25,P1016,4,34.01,136.04,WH-EAST,Online
T505784,2026-06-26,P1016,1,34.01,34.01,WH-EAST,In-Store
T505785,2026-06-27,P1016,2,34.01,68.02,WH-EAST,In-Store
T505786,2026-06-28,P1016,3,34.01,102.03,WH-EAST,Online
T505787,2026-06-29,P1016,4,34.01,136.04,WH-EAST,Online
T505788,2026-06-30,P1016,4,34.01,136.04,WH-EAST,Online
T505789,2026-07-01,P1016,2,34.01,68.02,WH-EAST,In-Store
T505790,2026-07-02,P1016,3,34.01,102.03,WH-EAST,Online
T505791,2026-07-03,P1016,2,34.01,68.02,WH-EAST,Online
T505792,2026-07-04,P1016,4,34.01,136.04,WH-EAST,Online
T505793,2026-07-05,P1016,3,34.01,102.03,WH-EAST,In-Store
T505794,2026-07-06,P1016,3,34.01,102.03,WH-EAST,In-Store
T505795,2026-07-07,P1016,2,34.01,68.02,WH-EAST,Online
T505796,2026-07-08,P1016,1,34.01,34.01,WH-EAST,Online
T505797,2026-07-09,P1016,3,34.01,102.03,WH-EAST,Online
T505798,2026-07-10,P1016,4,34.01,136.04,WH-EAST,Online
T505799,2026-07-11,P1016,2,34.01,68.02,WH-EAST,Online
T505800,2026-07-12,P1016,7,34.01,238.07,WH-EAST,In-Store
T505801,2026-07-13,P1016,2,34.01,68.02,WH-EAST,Online
T505802,2026-07-14,P1016,1,34.01,34.01,WH-EAST,Online
T505803,2026-07-15,P1016,8,34.01,272.08,WH-EAST,Online
T505804,2026-07-16,P1016,2,34.01,68.02,WH-EAST,Online
T505805,2026-07-18,P1016,2,34.01,68.02,WH-EAST,In-Store
T505806,2026-07-19,P1016,6,34.01,204.06,WH-EAST,In-Store
T505807,2026-07-20,P1016,1,34.01,34.01,WH-EAST,In-Store
T505808,2026-07-21,P1016,3,34.01,102.03,WH-EAST,Online
T505809,2026-07-22,P1016,4,34.01,136.04,WH-EAST,In-Store
T505810,2026-07-23,P1016,3,34.01,102.03,WH-EAST,In-Store
T505811,2026-07-24,P1016,4,34.01,136.04,WH-EAST,Online
T505812,2026-07-25,P1016,5,34.01,170.05,WH-EAST,Online
T505813,2026-07-26,P1016,3,34.01,102.03,WH-EAST,In-Store
T505814,2026-07-27,P1016,2,34.01,68.02,WH-EAST,In-Store
T505815,2026-07-28,P1016,4,34.01,136.04,WH-EAST,Online
T505816,2026-07-29,P1016,3,34.01,102.03,WH-EAST,Online
T505817,2026-07-30,P1016,2,34.01,68.02,WH-EAST,In-Store
T505818,2026-07-31,P1016,5,34.01,170.05,WH-EAST,In-Store
T505819,2026-08-01,P1016,8,34.01,272.08,WH-EAST,Online
T505820,2026-08-02,P1016,4,34.01,136.04,WH-EAST,Online
T505821,2026-08-03,P1016,6,34.01,204.06,WH-EAST,Online
T505822,2026-08-04,P1016,1,34.01,34.01,WH-EAST,In-Store
T505823,2026-08-05,P1016,3,34.01,102.03,WH-EAST,In-Store
T505824,2026-08-06,P1016,3,34.01,102.03,WH-EAST,In-Store
T505825,2026-08-07,P1016,1,34.01,34.01,WH-EAST,In-Store
T505826,2026-08-08,P1016,6,34.01,204.06,WH-EAST,In-Store
T505827,2026-08-09,P1016,8,34.01,272.08,WH-EAST,Online
T505828,2026-08-10,P1016,2,34.01,68.02,WH-EAST,Online
T505829,2026-08-11,P1016,3,34.01,102.03,WH-EAST,In-Store
T505830,2026-08-12,P1016,2,34.01,68.02,WH-EAST,In-Store
T505831,2026-08-13,P1016,1,34.01,34.01,WH-EAST,In-Store
T505832,2025-08-15,P1017,1,41.48,41.48,WH-EAST,Online
T505833,2025-08-16,P1017,2,41.48,82.96,WH-EAST,Online
T505834,2025-08-17,P1017,5,41.48,207.4,WH-EAST,Online
T505835,2025-08-18,P1017,5,41.48,207.4,WH-EAST,Online
T505836,2025-08-19,P1017,2,41.48,82.96,WH-EAST,Online
T505837,2025-08-20,P1017,1,41.48,41.48,WH-EAST,Online
T505838,2025-08-21,P1017,3,41.48,124.44,WH-EAST,In-Store
T505839,2025-08-22,P1017,4,41.48,165.92,WH-EAST,Online
T505840,2025-08-23,P1017,1,41.48,41.48,WH-EAST,In-Store
T505841,2025-08-24,P1017,5,41.48,207.4,WH-EAST,Online
T505842,2025-08-25,P1017,3,41.48,124.44,WH-EAST,In-Store
T505843,2025-08-26,P1017,2,41.48,82.96,WH-EAST,Online
T505844,2025-08-27,P1017,7,41.48,290.36,WH-EAST,Online
T505845,2025-08-28,P1017,5,41.48,207.4,WH-EAST,Online
T505846,2025-08-29,P1017,2,41.48,82.96,WH-EAST,Online
T505847,2025-08-30,P1017,4,41.48,165.92,WH-EAST,In-Store
T505848,2025-09-01,P1017,8,41.48,331.84,WH-EAST,In-Store
T505849,2025-09-02,P1017,7,41.48,290.36,WH-EAST,Online
T505850,2025-09-03,P1017,5,41.48,207.4,WH-EAST,Online
T505851,2025-09-04,P1017,3,41.48,124.44,WH-EAST,In-Store
T505852,2025-09-05,P1017,2,41.48,82.96,WH-EAST,Online
T505853,2025-09-06,P1017,9,41.48,373.32,WH-EAST,In-Store
T505854,2025-09-07,P1017,4,41.48,165.92,WH-EAST,Online
T505855,2025-09-08,P1017,3,41.48,124.44,WH-EAST,In-Store
T505856,2025-09-09,P1017,2,41.48,82.96,WH-EAST,In-Store
T505857,2025-09-10,P1017,2,41.48,82.96,WH-EAST,Online
T505858,2025-09-11,P1017,8,41.48,331.84,WH-EAST,In-Store
T505859,2025-09-12,P1017,2,41.48,82.96,WH-EAST,In-Store
T505860,2025-09-13,P1017,3,41.48,124.44,WH-EAST,In-Store
T505861,2025-09-14,P1017,4,41.48,165.92,WH-EAST,Online
T505862,2025-09-15,P1017,5,41.48,207.4,WH-EAST,Online
T505863,2025-09-16,P1017,6,41.48,248.88,WH-EAST,Online
T505864,2025-09-17,P1017,1,41.48,41.48,WH-EAST,Online
T505865,2025-09-18,P1017,4,41.48,165.92,WH-EAST,Online
T505866,2025-09-19,P1017,2,41.48,82.96,WH-EAST,Online
T505867,2025-09-20,P1017,2,41.48,82.96,WH-EAST,Online
T505868,2025-09-21,P1017,7,41.48,290.36,WH-EAST,In-Store
T505869,2025-09-22,P1017,4,41.48,165.92,WH-EAST,Online
T505870,2025-09-23,P1017,5,41.48,207.4,WH-EAST,Online
T505871,2025-09-24,P1017,7,41.48,290.36,WH-EAST,Online
T505872,2025-09-25,P1017,4,41.48,165.92,WH-EAST,In-Store
T505873,2025-09-26,P1017,3,41.48,124.44,WH-EAST,Online
T505874,2025-09-27,P1017,2,41.48,82.96,WH-EAST,Online
T505875,2025-09-28,P1017,1,41.48,41.48,WH-EAST,In-Store
T505876,2025-09-29,P1017,7,41.48,290.36,WH-EAST,Online
T505877,2025-09-30,P1017,7,41.48,290.36,WH-EAST,Online
T505878,2025-10-01,P1017,3,41.48,124.44,WH-EAST,Online
T505879,2025-10-02,P1017,6,41.48,248.88,WH-EAST,Online
T505880,2025-10-03,P1017,4,41.48,165.92,WH-EAST,Online
T505881,2025-10-04,P1017,8,41.48,331.84,WH-EAST,Online
T505882,2025-10-05,P1017,4,41.48,165.92,WH-EAST,In-Store
T505883,2025-10-06,P1017,7,41.48,290.36,WH-EAST,Online
T505884,2025-10-07,P1017,3,41.48,124.44,WH-EAST,Online
T505885,2025-10-08,P1017,6,41.48,248.88,WH-EAST,In-Store
T505886,2025-10-09,P1017,6,41.48,248.88,WH-EAST,Online
T505887,2025-10-10,P1017,4,41.48,165.92,WH-EAST,In-Store
T505888,2025-10-11,P1017,11,41.48,456.28,WH-EAST,Online
T505889,2025-10-12,P1017,3,41.48,124.44,WH-EAST,In-Store
T505890,2025-10-13,P1017,4,41.48,165.92,WH-EAST,In-Store
T505891,2025-10-14,P1017,2,41.48,82.96,WH-EAST,In-Store
T505892,2025-10-15,P1017,4,41.48,165.92,WH-EAST,In-Store
T505893,2025-10-16,P1017,4,41.48,165.92,WH-EAST,Online
T505894,2025-10-17,P1017,6,41.48,248.88,WH-EAST,Online
T505895,2025-10-18,P1017,5,41.48,207.4,WH-EAST,In-Store
T505896,2025-10-19,P1017,8,41.48,331.84,WH-EAST,Online
T505897,2025-10-20,P1017,3,41.48,124.44,WH-EAST,Online
T505898,2025-10-21,P1017,5,41.48,207.4,WH-EAST,Online
T505899,2025-10-22,P1017,4,41.48,165.92,WH-EAST,In-Store
T505900,2025-10-23,P1017,8,41.48,331.84,WH-EAST,In-Store
T505901,2025-10-24,P1017,5,41.48,207.4,WH-EAST,In-Store
T505902,2025-10-25,P1017,3,41.48,124.44,WH-EAST,Online
T505903,2025-10-26,P1017,5,41.48,207.4,WH-EAST,Online
T505904,2025-10-27,P1017,1,41.48,41.48,WH-EAST,Online
T505905,2025-10-28,P1017,7,41.48,290.36,WH-EAST,Online
T505906,2025-10-29,P1017,3,41.48,124.44,WH-EAST,In-Store
T505907,2025-10-30,P1017,1,41.48,41.48,WH-EAST,In-Store
T505908,2025-10-31,P1017,2,41.48,82.96,WH-EAST,Online
T505909,2025-11-01,P1017,8,41.48,331.84,WH-EAST,In-Store
T505910,2025-11-02,P1017,11,41.48,456.28,WH-EAST,Online
T505911,2025-11-03,P1017,4,41.48,165.92,WH-EAST,Online
T505912,2025-11-04,P1017,1,41.48,41.48,WH-EAST,Online
T505913,2025-11-05,P1017,2,41.48,82.96,WH-EAST,Online
T505914,2025-11-06,P1017,8,41.48,331.84,WH-EAST,In-Store
T505915,2025-11-07,P1017,4,41.48,165.92,WH-EAST,In-Store
T505916,2025-11-08,P1017,9,41.48,373.32,WH-EAST,Online
T505917,2025-11-09,P1017,4,41.48,165.92,WH-EAST,Online
T505918,2025-11-10,P1017,2,41.48,82.96,WH-EAST,Online
T505919,2025-11-11,P1017,3,41.48,124.44,WH-EAST,Online
T505920,2025-11-12,P1017,1,41.48,41.48,WH-EAST,Online
T505921,2025-11-13,P1017,5,41.48,207.4,WH-EAST,Online
T505922,2025-11-14,P1017,4,41.48,165.92,WH-EAST,Online
T505923,2025-11-15,P1017,4,41.48,165.92,WH-EAST,In-Store
T505924,2025-11-16,P1017,6,41.48,248.88,WH-EAST,Online
T505925,2025-11-17,P1017,2,41.48,82.96,WH-EAST,Online
T505926,2025-11-18,P1017,1,41.48,41.48,WH-EAST,Online
T505927,2025-11-19,P1017,2,41.48,82.96,WH-EAST,In-Store
T505928,2025-11-20,P1017,3,41.48,124.44,WH-EAST,Online
T505929,2025-11-21,P1017,2,41.48,82.96,WH-EAST,In-Store
T505930,2025-11-22,P1017,4,41.48,165.92,WH-EAST,Online
T505931,2025-11-23,P1017,4,41.48,165.92,WH-EAST,Online
T505932,2025-11-24,P1017,4,41.48,165.92,WH-EAST,Online
T505933,2025-11-25,P1017,3,41.48,124.44,WH-EAST,Online
T505934,2025-11-26,P1017,1,41.48,41.48,WH-EAST,Online
T505935,2025-11-27,P1017,3,41.48,124.44,WH-EAST,In-Store
T505936,2025-11-28,P1017,2,41.48,82.96,WH-EAST,Online
T505937,2025-11-29,P1017,4,41.48,165.92,WH-EAST,In-Store
T505938,2025-11-30,P1017,5,41.48,207.4,WH-EAST,Online
T505939,2025-12-01,P1017,3,41.48,124.44,WH-EAST,In-Store
T505940,2025-12-02,P1017,2,41.48,82.96,WH-EAST,In-Store
T505941,2025-12-03,P1017,4,41.48,165.92,WH-EAST,In-Store
T505942,2025-12-04,P1017,3,41.48,124.44,WH-EAST,Online
T505943,2025-12-05,P1017,4,41.48,165.92,WH-EAST,Online
T505944,2025-12-06,P1017,3,41.48,124.44,WH-EAST,In-Store
T505945,2025-12-07,P1017,5,41.48,207.4,WH-EAST,In-Store
T505946,2025-12-08,P1017,6,41.48,248.88,WH-EAST,In-Store
T505947,2025-12-09,P1017,2,41.48,82.96,WH-EAST,Online
T505948,2025-12-10,P1017,3,41.48,124.44,WH-EAST,In-Store
T505949,2025-12-11,P1017,1,41.48,41.48,WH-EAST,Online
T505950,2025-12-12,P1017,3,41.48,124.44,WH-EAST,In-Store
T505951,2025-12-13,P1017,8,41.48,331.84,WH-EAST,In-Store
T505952,2025-12-14,P1017,4,41.48,165.92,WH-EAST,Online
T505953,2025-12-15,P1017,2,41.48,82.96,WH-EAST,Online
T505954,2025-12-16,P1017,2,41.48,82.96,WH-EAST,Online
T505955,2025-12-17,P1017,5,41.48,207.4,WH-EAST,Online
T505956,2025-12-18,P1017,3,41.48,124.44,WH-EAST,Online
T505957,2025-12-19,P1017,3,41.48,124.44,WH-EAST,Online
T505958,2025-12-20,P1017,1,41.48,41.48,WH-EAST,Online
T505959,2025-12-21,P1017,1,41.48,41.48,WH-EAST,Online
T505960,2025-12-22,P1017,4,41.48,165.92,WH-EAST,Online
T505961,2025-12-23,P1017,6,41.48,248.88,WH-EAST,In-Store
T505962,2025-12-24,P1017,6,41.48,248.88,WH-EAST,Online
T505963,2025-12-25,P1017,4,41.48,165.92,WH-EAST,In-Store
T505964,2025-12-26,P1017,3,41.48,124.44,WH-EAST,In-Store
T505965,2025-12-27,P1017,4,41.48,165.92,WH-EAST,Online
T505966,2025-12-28,P1017,3,41.48,124.44,WH-EAST,Online
T505967,2025-12-29,P1017,3,41.48,124.44,WH-EAST,Online
T505968,2025-12-30,P1017,3,41.48,124.44,WH-EAST,Online
T505969,2025-12-31,P1017,2,41.48,82.96,WH-EAST,Online
T505970,2026-01-02,P1017,3,41.48,124.44,WH-EAST,In-Store
T505971,2026-01-03,P1017,4,41.48,165.92,WH-EAST,Online
T505972,2026-01-04,P1017,4,41.48,165.92,WH-EAST,Online
T505973,2026-01-05,P1017,4,41.48,165.92,WH-EAST,Online
T505974,2026-01-06,P1017,3,41.48,124.44,WH-EAST,Online
T505975,2026-01-07,P1017,4,41.48,165.92,WH-EAST,Online
T505976,2026-01-08,P1017,3,41.48,124.44,WH-EAST,In-Store
T505977,2026-01-09,P1017,2,41.48,82.96,WH-EAST,In-Store
T505978,2026-01-10,P1017,4,41.48,165.92,WH-EAST,Online
T505979,2026-01-11,P1017,5,41.48,207.4,WH-EAST,Online
T505980,2026-01-13,P1017,2,41.48,82.96,WH-EAST,Online
T505981,2026-01-14,P1017,4,41.48,165.92,WH-EAST,In-Store
T505982,2026-01-15,P1017,2,41.48,82.96,WH-EAST,In-Store
T505983,2026-01-16,P1017,2,41.48,82.96,WH-EAST,In-Store
T505984,2026-01-17,P1017,3,41.48,124.44,WH-EAST,Online
T505985,2026-01-18,P1017,5,41.48,207.4,WH-EAST,Online
T505986,2026-01-19,P1017,3,41.48,124.44,WH-EAST,In-Store
T505987,2026-01-20,P1017,5,41.48,207.4,WH-EAST,Online
T505988,2026-01-21,P1017,1,41.48,41.48,WH-EAST,Online
T505989,2026-01-22,P1017,3,41.48,124.44,WH-EAST,In-Store
T505990,2026-01-23,P1017,3,41.48,124.44,WH-EAST,In-Store
T505991,2026-01-24,P1017,4,41.48,165.92,WH-EAST,Online
T505992,2026-01-25,P1017,1,41.48,41.48,WH-EAST,Online
T505993,2026-01-26,P1017,4,41.48,165.92,WH-EAST,Online
T505994,2026-01-27,P1017,6,41.48,248.88,WH-EAST,In-Store
T505995,2026-01-28,P1017,2,41.48,82.96,WH-EAST,In-Store
T505996,2026-01-29,P1017,1,41.48,41.48,WH-EAST,In-Store
T505997,2026-01-30,P1017,1,41.48,41.48,WH-EAST,Online
T505998,2026-01-31,P1017,6,41.48,248.88,WH-EAST,Online
T505999,2026-02-01,P1017,2,41.48,82.96,WH-EAST,Online
T506000,2026-02-02,P1017,2,41.48,82.96,WH-EAST,Online
T506001,2026-02-03,P1017,4,41.48,165.92,WH-EAST,Online
T506002,2026-02-04,P1017,4,41.48,165.92,WH-EAST,In-Store
T506003,2026-02-05,P1017,1,41.48,41.48,WH-EAST,In-Store
T506004,2026-02-06,P1017,1,41.48,41.48,WH-EAST,Online
T506005,2026-02-07,P1017,3,41.48,124.44,WH-EAST,Online
T506006,2026-02-08,P1017,7,41.48,290.36,WH-EAST,Online
T506007,2026-02-09,P1017,2,41.48,82.96,WH-EAST,In-Store
T506008,2026-02-10,P1017,1,41.48,41.48,WH-EAST,In-Store
T506009,2026-02-11,P1017,7,41.48,290.36,WH-EAST,Online
T506010,2026-02-12,P1017,2,41.48,82.96,WH-EAST,In-Store
T506011,2026-02-13,P1017,2,41.48,82.96,WH-EAST,Online
T506012,2026-02-14,P1017,5,41.48,207.4,WH-EAST,Online
T506013,2026-02-15,P1017,3,41.48,124.44,WH-EAST,Online
T506014,2026-02-16,P1017,4,41.48,165.92,WH-EAST,In-Store
T506015,2026-02-17,P1017,4,41.48,165.92,WH-EAST,In-Store
T506016,2026-02-18,P1017,1,41.48,41.48,WH-EAST,Online
T506017,2026-02-19,P1017,3,41.48,124.44,WH-EAST,In-Store
T506018,2026-02-20,P1017,2,41.48,82.96,WH-EAST,In-Store
T506019,2026-02-21,P1017,3,41.48,124.44,WH-EAST,In-Store
T506020,2026-02-22,P1017,2,41.48,82.96,WH-EAST,Online
T506021,2026-02-23,P1017,2,41.48,82.96,WH-EAST,In-Store
T506022,2026-02-24,P1017,3,41.48,124.44,WH-EAST,Online
T506023,2026-02-25,P1017,1,41.48,41.48,WH-EAST,Online
T506024,2026-02-27,P1017,2,41.48,82.96,WH-EAST,Online
T506025,2026-02-28,P1017,1,41.48,41.48,WH-EAST,Online
T506026,2026-03-01,P1017,1,41.48,41.48,WH-EAST,Online
T506027,2026-03-02,P1017,3,41.48,124.44,WH-EAST,Online
T506028,2026-03-03,P1017,5,41.48,207.4,WH-EAST,In-Store
T506029,2026-03-04,P1017,2,41.48,82.96,WH-EAST,Online
T506030,2026-03-05,P1017,2,41.48,82.96,WH-EAST,Online
T506031,2026-03-06,P1017,1,41.48,41.48,WH-EAST,Online
T506032,2026-03-07,P1017,3,41.48,124.44,WH-EAST,Online
T506033,2026-03-08,P1017,4,41.48,165.92,WH-EAST,Online
T506034,2026-03-10,P1017,1,41.48,41.48,WH-EAST,Online
T506035,2026-03-11,P1017,1,41.48,41.48,WH-EAST,In-Store
T506036,2026-03-12,P1017,3,41.48,124.44,WH-EAST,In-Store
T506037,2026-03-14,P1017,3,41.48,124.44,WH-EAST,Online
T506038,2026-03-15,P1017,1,41.48,41.48,WH-EAST,Online
T506039,2026-03-16,P1017,1,41.48,41.48,WH-EAST,Online
T506040,2026-03-17,P1017,5,41.48,207.4,WH-EAST,In-Store
T506041,2026-03-18,P1017,2,41.48,82.96,WH-EAST,Online
T506042,2026-03-19,P1017,1,41.48,41.48,WH-EAST,In-Store
T506043,2026-03-20,P1017,1,41.48,41.48,WH-EAST,In-Store
T506044,2026-03-21,P1017,1,41.48,41.48,WH-EAST,In-Store
T506045,2026-03-22,P1017,3,41.48,124.44,WH-EAST,Online
T506046,2026-03-23,P1017,1,41.48,41.48,WH-EAST,Online
T506047,2026-03-24,P1017,4,41.48,165.92,WH-EAST,Online
T506048,2026-03-25,P1017,1,41.48,41.48,WH-EAST,In-Store
T506049,2026-03-27,P1017,1,41.48,41.48,WH-EAST,Online
T506050,2026-03-28,P1017,2,41.48,82.96,WH-EAST,Online
T506051,2026-03-29,P1017,4,41.48,165.92,WH-EAST,Online
T506052,2026-03-30,P1017,2,41.48,82.96,WH-EAST,Online
T506053,2026-03-31,P1017,1,41.48,41.48,WH-EAST,In-Store
T506054,2026-04-01,P1017,1,41.48,41.48,WH-EAST,In-Store
T506055,2026-04-02,P1017,3,41.48,124.44,WH-EAST,In-Store
T506056,2026-04-04,P1017,1,41.48,41.48,WH-EAST,Online
T506057,2026-04-05,P1017,1,41.48,41.48,WH-EAST,In-Store
T506058,2026-04-06,P1017,1,41.48,41.48,WH-EAST,Online
T506059,2026-04-07,P1017,3,41.48,124.44,WH-EAST,In-Store
T506060,2026-04-08,P1017,2,41.48,82.96,WH-EAST,Online
T506061,2026-04-10,P1017,3,41.48,124.44,WH-EAST,Online
T506062,2026-04-11,P1017,3,41.48,124.44,WH-EAST,In-Store
T506063,2026-04-12,P1017,3,41.48,124.44,WH-EAST,Online
T506064,2026-04-13,P1017,2,41.48,82.96,WH-EAST,In-Store
T506065,2026-04-14,P1017,3,41.48,124.44,WH-EAST,In-Store
T506066,2026-04-15,P1017,3,41.48,124.44,WH-EAST,In-Store
T506067,2026-04-16,P1017,1,41.48,41.48,WH-EAST,Online
T506068,2026-04-17,P1017,1,41.48,41.48,WH-EAST,In-Store
T506069,2026-04-18,P1017,1,41.48,41.48,WH-EAST,Online
T506070,2026-04-19,P1017,2,41.48,82.96,WH-EAST,In-Store
T506071,2026-04-20,P1017,6,41.48,248.88,WH-EAST,Online
T506072,2026-04-22,P1017,3,41.48,124.44,WH-EAST,In-Store
T506073,2026-04-23,P1017,3,41.48,124.44,WH-EAST,Online
T506074,2026-04-24,P1017,3,41.48,124.44,WH-EAST,Online
T506075,2026-04-25,P1017,1,41.48,41.48,WH-EAST,Online
T506076,2026-04-26,P1017,3,41.48,124.44,WH-EAST,In-Store
T506077,2026-04-27,P1017,2,41.48,82.96,WH-EAST,Online
T506078,2026-04-29,P1017,1,41.48,41.48,WH-EAST,In-Store
T506079,2026-04-30,P1017,4,41.48,165.92,WH-EAST,In-Store
T506080,2026-05-02,P1017,5,41.48,207.4,WH-EAST,Online
T506081,2026-05-03,P1017,2,41.48,82.96,WH-EAST,Online
T506082,2026-05-04,P1017,2,41.48,82.96,WH-EAST,In-Store
T506083,2026-05-06,P1017,1,41.48,41.48,WH-EAST,In-Store
T506084,2026-05-07,P1017,2,41.48,82.96,WH-EAST,Online
T506085,2026-05-08,P1017,6,41.48,248.88,WH-EAST,Online
T506086,2026-05-09,P1017,3,41.48,124.44,WH-EAST,Online
T506087,2026-05-10,P1017,2,41.48,82.96,WH-EAST,In-Store
T506088,2026-05-11,P1017,1,41.48,41.48,WH-EAST,Online
T506089,2026-05-12,P1017,1,41.48,41.48,WH-EAST,Online
T506090,2026-05-13,P1017,1,41.48,41.48,WH-EAST,Online
T506091,2026-05-14,P1017,2,41.48,82.96,WH-EAST,Online
T506092,2026-05-15,P1017,1,41.48,41.48,WH-EAST,Online
T506093,2026-05-16,P1017,1,41.48,41.48,WH-EAST,Online
T506094,2026-05-17,P1017,1,41.48,41.48,WH-EAST,Online
T506095,2026-05-18,P1017,2,41.48,82.96,WH-EAST,Online
T506096,2026-05-19,P1017,1,41.48,41.48,WH-EAST,Online
T506097,2026-05-20,P1017,1,41.48,41.48,WH-EAST,In-Store
T506098,2026-05-22,P1017,2,41.48,82.96,WH-EAST,Online
T506099,2026-05-23,P1017,2,41.48,82.96,WH-EAST,Online
T506100,2026-05-24,P1017,5,41.48,207.4,WH-EAST,In-Store
T506101,2026-05-27,P1017,2,41.48,82.96,WH-EAST,Online
T506102,2026-05-28,P1017,1,41.48,41.48,WH-EAST,Online
T506103,2026-05-30,P1017,2,41.48,82.96,WH-EAST,In-Store
T506104,2026-06-01,P1017,2,41.48,82.96,WH-EAST,Online
T506105,2026-06-02,P1017,2,41.48,82.96,WH-EAST,Online
T506106,2026-06-03,P1017,1,41.48,41.48,WH-EAST,In-Store
T506107,2026-06-05,P1017,1,41.48,41.48,WH-EAST,Online
T506108,2026-06-06,P1017,1,41.48,41.48,WH-EAST,Online
T506109,2026-06-07,P1017,1,41.48,41.48,WH-EAST,In-Store
T506110,2026-06-08,P1017,3,41.48,124.44,WH-EAST,Online
T506111,2026-06-09,P1017,4,41.48,165.92,WH-EAST,Online
T506112,2026-06-10,P1017,2,41.48,82.96,WH-EAST,In-Store
T506113,2026-06-11,P1017,1,41.48,41.48,WH-EAST,Online
T506114,2026-06-12,P1017,2,41.48,82.96,WH-EAST,In-Store
T506115,2026-06-13,P1017,2,41.48,82.96,WH-EAST,Online
T506116,2026-06-14,P1017,3,41.48,124.44,WH-EAST,In-Store
T506117,2026-06-15,P1017,2,41.48,82.96,WH-EAST,Online
T506118,2026-06-16,P1017,1,41.48,41.48,WH-EAST,In-Store
T506119,2026-06-18,P1017,3,41.48,124.44,WH-EAST,Online
T506120,2026-06-20,P1017,4,41.48,165.92,WH-EAST,Online
T506121,2026-06-21,P1017,2,41.48,82.96,WH-EAST,Online
T506122,2026-06-23,P1017,1,41.48,41.48,WH-EAST,Online
T506123,2026-06-24,P1017,2,41.48,82.96,WH-EAST,Online
T506124,2026-06-25,P1017,2,41.48,82.96,WH-EAST,In-Store
T506125,2026-06-26,P1017,1,41.48,41.48,WH-EAST,In-Store
T506126,2026-06-27,P1017,1,41.48,41.48,WH-EAST,Online
T506127,2026-06-28,P1017,4,41.48,165.92,WH-EAST,In-Store
T506128,2026-06-29,P1017,1,41.48,41.48,WH-EAST,Online
T506129,2026-06-30,P1017,2,41.48,82.96,WH-EAST,In-Store
T506130,2026-07-01,P1017,1,41.48,41.48,WH-EAST,Online
T506131,2026-07-02,P1017,2,41.48,82.96,WH-EAST,Online
T506132,2026-07-03,P1017,1,41.48,41.48,WH-EAST,In-Store
T506133,2026-07-04,P1017,2,41.48,82.96,WH-EAST,In-Store
T506134,2026-07-05,P1017,1,41.48,41.48,WH-EAST,In-Store
T506135,2026-07-06,P1017,1,41.48,41.48,WH-EAST,Online
T506136,2026-07-07,P1017,2,41.48,82.96,WH-EAST,Online
T506137,2026-07-08,P1017,3,41.48,124.44,WH-EAST,Online
T506138,2026-07-09,P1017,2,41.48,82.96,WH-EAST,In-Store
T506139,2026-07-10,P1017,5,41.48,207.4,WH-EAST,In-Store
T506140,2026-07-11,P1017,1,41.48,41.48,WH-EAST,Online
T506141,2026-07-12,P1017,2,41.48,82.96,WH-EAST,Online
T506142,2026-07-13,P1017,1,41.48,41.48,WH-EAST,Online
T506143,2026-07-14,P1017,2,41.48,82.96,WH-EAST,Online
T506144,2026-07-15,P1017,2,41.48,82.96,WH-EAST,Online
T506145,2026-07-17,P1017,1,41.48,41.48,WH-EAST,In-Store
T506146,2026-07-18,P1017,7,41.48,290.36,WH-EAST,Online
T506147,2026-07-19,P1017,5,41.48,207.4,WH-EAST,Online
T506148,2026-07-20,P1017,1,41.48,41.48,WH-EAST,Online
T506149,2026-07-22,P1017,1,41.48,41.48,WH-EAST,In-Store
T506150,2026-07-23,P1017,2,41.48,82.96,WH-EAST,In-Store
T506151,2026-07-25,P1017,1,41.48,41.48,WH-EAST,Online
T506152,2026-07-26,P1017,1,41.48,41.48,WH-EAST,Online
T506153,2026-07-27,P1017,1,41.48,41.48,WH-EAST,Online
T506154,2026-07-28,P1017,1,41.48,41.48,WH-EAST,In-Store
T506155,2026-07-29,P1017,1,41.48,41.48,WH-EAST,Online
T506156,2026-07-30,P1017,3,41.48,124.44,WH-EAST,Online
T506157,2026-07-31,P1017,3,41.48,124.44,WH-EAST,Online
T506158,2026-08-01,P1017,2,41.48,82.96,WH-EAST,Online
T506159,2026-08-02,P1017,3,41.48,124.44,WH-EAST,Online
T506160,2026-08-03,P1017,3,41.48,124.44,WH-EAST,In-Store
T506161,2026-08-04,P1017,2,41.48,82.96,WH-EAST,Online
T506162,2026-08-05,P1017,1,41.48,41.48,WH-EAST,In-Store
T506163,2026-08-06,P1017,2,41.48,82.96,WH-EAST,Online
T506164,2026-08-07,P1017,2,41.48,82.96,WH-EAST,Online
T506165,2026-08-08,P1017,3,41.48,124.44,WH-EAST,Online
T506166,2026-08-09,P1017,2,41.48,82.96,WH-EAST,Online
T506167,2026-08-10,P1017,3,41.48,124.44,WH-EAST,Online
T506168,2026-08-11,P1017,1,41.48,41.48,WH-EAST,In-Store
T506169,2026-08-12,P1017,3,41.48,124.44,WH-EAST,In-Store
T506170,2025-08-15,P1018,1,87.58,87.58,WH-CENTRAL,In-Store
T506171,2025-08-16,P1018,4,87.58,350.32,WH-CENTRAL,In-Store
T506172,2025-08-17,P1018,2,87.58,175.16,WH-CENTRAL,Online
T506173,2025-08-18,P1018,2,87.58,175.16,WH-CENTRAL,Online
T506174,2025-08-19,P1018,3,87.58,262.74,WH-CENTRAL,Online
T506175,2025-08-20,P1018,2,87.58,175.16,WH-CENTRAL,In-Store
T506176,2025-08-21,P1018,2,87.58,175.16,WH-CENTRAL,Online
T506177,2025-08-22,P1018,2,87.58,175.16,WH-CENTRAL,In-Store
T506178,2025-08-23,P1018,1,87.58,87.58,WH-CENTRAL,In-Store
T506179,2025-08-24,P1018,4,87.58,350.32,WH-CENTRAL,Online
T506180,2025-08-25,P1018,2,87.58,175.16,WH-CENTRAL,Online
T506181,2025-08-27,P1018,2,87.58,175.16,WH-CENTRAL,Online
T506182,2025-08-28,P1018,1,87.58,87.58,WH-CENTRAL,In-Store
T506183,2025-08-29,P1018,2,87.58,175.16,WH-CENTRAL,Online
T506184,2025-08-30,P1018,5,87.58,437.9,WH-CENTRAL,In-Store
T506185,2025-09-01,P1018,3,87.58,262.74,WH-CENTRAL,Online
T506186,2025-09-02,P1018,2,87.58,175.16,WH-CENTRAL,In-Store
T506187,2025-09-03,P1018,1,87.58,87.58,WH-CENTRAL,In-Store
T506188,2025-09-04,P1018,1,87.58,87.58,WH-CENTRAL,Online
T506189,2025-09-05,P1018,2,87.58,175.16,WH-CENTRAL,In-Store
T506190,2025-09-07,P1018,1,87.58,87.58,WH-CENTRAL,Online
T506191,2025-09-08,P1018,5,87.58,437.9,WH-CENTRAL,Online
T506192,2025-09-09,P1018,3,87.58,262.74,WH-CENTRAL,Online
T506193,2025-09-10,P1018,4,87.58,350.32,WH-CENTRAL,In-Store
T506194,2025-09-11,P1018,2,87.58,175.16,WH-CENTRAL,Online
T506195,2025-09-12,P1018,4,87.58,350.32,WH-CENTRAL,Online
T506196,2025-09-13,P1018,1,87.58,87.58,WH-CENTRAL,In-Store
T506197,2025-09-14,P1018,10,87.58,875.8,WH-CENTRAL,In-Store
T506198,2025-09-15,P1018,3,87.58,262.74,WH-CENTRAL,In-Store
T506199,2025-09-16,P1018,4,87.58,350.32,WH-CENTRAL,Online
T506200,2025-09-17,P1018,4,87.58,350.32,WH-CENTRAL,Online
T506201,2025-09-18,P1018,3,87.58,262.74,WH-CENTRAL,Online
T506202,2025-09-19,P1018,2,87.58,175.16,WH-CENTRAL,Online
T506203,2025-09-20,P1018,5,87.58,437.9,WH-CENTRAL,Online
T506204,2025-09-21,P1018,3,87.58,262.74,WH-CENTRAL,In-Store
T506205,2025-09-23,P1018,3,87.58,262.74,WH-CENTRAL,Online
T506206,2025-09-24,P1018,2,87.58,175.16,WH-CENTRAL,In-Store
T506207,2025-09-25,P1018,4,87.58,350.32,WH-CENTRAL,In-Store
T506208,2025-09-26,P1018,5,87.58,437.9,WH-CENTRAL,In-Store
T506209,2025-09-27,P1018,3,87.58,262.74,WH-CENTRAL,Online
T506210,2025-09-28,P1018,5,87.58,437.9,WH-CENTRAL,Online
T506211,2025-09-29,P1018,2,87.58,175.16,WH-CENTRAL,Online
T506212,2025-09-30,P1018,4,87.58,350.32,WH-CENTRAL,Online
T506213,2025-10-01,P1018,1,87.58,87.58,WH-CENTRAL,Online
T506214,2025-10-02,P1018,2,87.58,175.16,WH-CENTRAL,In-Store
T506215,2025-10-03,P1018,1,87.58,87.58,WH-CENTRAL,Online
T506216,2025-10-04,P1018,3,87.58,262.74,WH-CENTRAL,Online
T506217,2025-10-05,P1018,3,87.58,262.74,WH-CENTRAL,Online
T506218,2025-10-06,P1018,5,87.58,437.9,WH-CENTRAL,Online
T506219,2025-10-07,P1018,5,87.58,437.9,WH-CENTRAL,Online
T506220,2025-10-08,P1018,5,87.58,437.9,WH-CENTRAL,Online
T506221,2025-10-09,P1018,2,87.58,175.16,WH-CENTRAL,In-Store
T506222,2025-10-10,P1018,6,87.58,525.48,WH-CENTRAL,Online
T506223,2025-10-11,P1018,4,87.58,350.32,WH-CENTRAL,In-Store
T506224,2025-10-12,P1018,4,87.58,350.32,WH-CENTRAL,In-Store
T506225,2025-10-13,P1018,2,87.58,175.16,WH-CENTRAL,In-Store
T506226,2025-10-14,P1018,2,87.58,175.16,WH-CENTRAL,Online
T506227,2025-10-15,P1018,5,87.58,437.9,WH-CENTRAL,Online
T506228,2025-10-16,P1018,4,87.58,350.32,WH-CENTRAL,In-Store
T506229,2025-10-17,P1018,3,87.58,262.74,WH-CENTRAL,Online
T506230,2025-10-18,P1018,5,87.58,437.9,WH-CENTRAL,Online
T506231,2025-10-19,P1018,2,87.58,175.16,WH-CENTRAL,Online
T506232,2025-10-20,P1018,2,87.58,175.16,WH-CENTRAL,In-Store
T506233,2025-10-21,P1018,2,87.58,175.16,WH-CENTRAL,Online
T506234,2025-10-22,P1018,3,87.58,262.74,WH-CENTRAL,In-Store
T506235,2025-10-23,P1018,3,87.58,262.74,WH-CENTRAL,Online
T506236,2025-10-24,P1018,3,87.58,262.74,WH-CENTRAL,Online
T506237,2025-10-25,P1018,7,87.58,613.06,WH-CENTRAL,In-Store
T506238,2025-10-26,P1018,3,87.58,262.74,WH-CENTRAL,Online
T506239,2025-10-27,P1018,3,87.58,262.74,WH-CENTRAL,Online
T506240,2025-10-28,P1018,1,87.58,87.58,WH-CENTRAL,In-Store
T506241,2025-10-29,P1018,4,87.58,350.32,WH-CENTRAL,Online
T506242,2025-10-30,P1018,2,87.58,175.16,WH-CENTRAL,Online
T506243,2025-10-31,P1018,3,87.58,262.74,WH-CENTRAL,Online
T506244,2025-11-01,P1018,12,87.58,1050.96,WH-CENTRAL,In-Store
T506245,2025-11-02,P1018,7,87.58,613.06,WH-CENTRAL,Online
T506246,2025-11-04,P1018,3,87.58,262.74,WH-CENTRAL,Online
T506247,2025-11-05,P1018,3,87.58,262.74,WH-CENTRAL,In-Store
T506248,2025-11-06,P1018,2,87.58,175.16,WH-CENTRAL,In-Store
T506249,2025-11-07,P1018,2,87.58,175.16,WH-CENTRAL,Online
T506250,2025-11-08,P1018,1,87.58,87.58,WH-CENTRAL,In-Store
T506251,2025-11-09,P1018,3,87.58,262.74,WH-CENTRAL,Online
T506252,2025-11-10,P1018,2,87.58,175.16,WH-CENTRAL,In-Store
T506253,2025-11-11,P1018,2,87.58,175.16,WH-CENTRAL,In-Store
T506254,2025-11-12,P1018,5,87.58,437.9,WH-CENTRAL,Online
T506255,2025-11-13,P1018,2,87.58,175.16,WH-CENTRAL,In-Store
T506256,2025-11-14,P1018,1,87.58,87.58,WH-CENTRAL,Online
T506257,2025-11-15,P1018,8,87.58,700.64,WH-CENTRAL,In-Store
T506258,2025-11-16,P1018,1,87.58,87.58,WH-CENTRAL,In-Store
T506259,2025-11-17,P1018,4,87.58,350.32,WH-CENTRAL,In-Store
T506260,2025-11-18,P1018,1,87.58,87.58,WH-CENTRAL,Online
T506261,2025-11-19,P1018,1,87.58,87.58,WH-CENTRAL,In-Store
T506262,2025-11-20,P1018,5,87.58,437.9,WH-CENTRAL,Online
T506263,2025-11-21,P1018,2,87.58,175.16,WH-CENTRAL,Online
T506264,2025-11-22,P1018,8,87.58,700.64,WH-CENTRAL,In-Store
T506265,2025-11-23,P1018,5,87.58,437.9,WH-CENTRAL,Online
T506266,2025-11-24,P1018,3,87.58,262.74,WH-CENTRAL,Online
T506267,2025-11-25,P1018,4,87.58,350.32,WH-CENTRAL,Online
T506268,2025-11-26,P1018,3,87.58,262.74,WH-CENTRAL,Online
T506269,2025-11-27,P1018,3,87.58,262.74,WH-CENTRAL,Online
T506270,2025-11-28,P1018,3,87.58,262.74,WH-CENTRAL,Online
T506271,2025-11-29,P1018,5,87.58,437.9,WH-CENTRAL,In-Store
T506272,2025-11-30,P1018,5,87.58,437.9,WH-CENTRAL,Online
T506273,2025-12-01,P1018,3,87.58,262.74,WH-CENTRAL,In-Store
T506274,2025-12-02,P1018,4,87.58,350.32,WH-CENTRAL,In-Store
T506275,2025-12-03,P1018,5,87.58,437.9,WH-CENTRAL,In-Store
T506276,2025-12-04,P1018,3,87.58,262.74,WH-CENTRAL,In-Store
T506277,2025-12-05,P1018,2,87.58,175.16,WH-CENTRAL,Online
T506278,2025-12-06,P1018,6,87.58,525.48,WH-CENTRAL,In-Store
T506279,2025-12-07,P1018,2,87.58,175.16,WH-CENTRAL,Online
T506280,2025-12-08,P1018,5,87.58,437.9,WH-CENTRAL,Online
T506281,2025-12-09,P1018,5,87.58,437.9,WH-CENTRAL,In-Store
T506282,2025-12-10,P1018,4,87.58,350.32,WH-CENTRAL,Online
T506283,2025-12-11,P1018,3,87.58,262.74,WH-CENTRAL,In-Store
T506284,2025-12-12,P1018,2,87.58,175.16,WH-CENTRAL,In-Store
T506285,2025-12-13,P1018,4,87.58,350.32,WH-CENTRAL,Online
T506286,2025-12-14,P1018,5,87.58,437.9,WH-CENTRAL,Online
T506287,2025-12-15,P1018,5,87.58,437.9,WH-CENTRAL,In-Store
T506288,2025-12-16,P1018,1,87.58,87.58,WH-CENTRAL,In-Store
T506289,2025-12-17,P1018,1,87.58,87.58,WH-CENTRAL,Online
T506290,2025-12-18,P1018,5,87.58,437.9,WH-CENTRAL,Online
T506291,2025-12-19,P1018,2,87.58,175.16,WH-CENTRAL,Online
T506292,2025-12-20,P1018,3,87.58,262.74,WH-CENTRAL,Online
T506293,2025-12-21,P1018,5,87.58,437.9,WH-CENTRAL,In-Store
T506294,2025-12-22,P1018,1,87.58,87.58,WH-CENTRAL,Online
T506295,2025-12-23,P1018,4,87.58,350.32,WH-CENTRAL,Online
T506296,2025-12-24,P1018,3,87.58,262.74,WH-CENTRAL,In-Store
T506297,2025-12-25,P1018,2,87.58,175.16,WH-CENTRAL,Online
T506298,2025-12-26,P1018,1,87.58,87.58,WH-CENTRAL,Online
T506299,2025-12-27,P1018,4,87.58,350.32,WH-CENTRAL,Online
T506300,2025-12-28,P1018,7,87.58,613.06,WH-CENTRAL,Online
T506301,2025-12-29,P1018,3,87.58,262.74,WH-CENTRAL,Online
T506302,2025-12-30,P1018,4,87.58,350.32,WH-CENTRAL,Online
T506303,2025-12-31,P1018,3,87.58,262.74,WH-CENTRAL,In-Store
T506304,2026-01-01,P1018,3,87.58,262.74,WH-CENTRAL,Online
T506305,2026-01-02,P1018,2,87.58,175.16,WH-CENTRAL,Online
T506306,2026-01-03,P1018,7,87.58,613.06,WH-CENTRAL,Online
T506307,2026-01-04,P1018,2,87.58,175.16,WH-CENTRAL,Online
T506308,2026-01-06,P1018,1,87.58,87.58,WH-CENTRAL,Online
T506309,2026-01-07,P1018,3,87.58,262.74,WH-CENTRAL,In-Store
T506310,2026-01-08,P1018,1,87.58,87.58,WH-CENTRAL,Online
T506311,2026-01-09,P1018,1,87.58,87.58,WH-CENTRAL,In-Store
T506312,2026-01-10,P1018,1,87.58,87.58,WH-CENTRAL,Online
T506313,2026-01-11,P1018,7,87.58,613.06,WH-CENTRAL,Online
T506314,2026-01-12,P1018,5,87.58,437.9,WH-CENTRAL,Online
T506315,2026-01-14,P1018,3,87.58,262.74,WH-CENTRAL,Online
T506316,2026-01-15,P1018,1,87.58,87.58,WH-CENTRAL,Online
T506317,2026-01-16,P1018,7,87.58,613.06,WH-CENTRAL,In-Store
T506318,2026-01-17,P1018,3,87.58,262.74,WH-CENTRAL,Online
T506319,2026-01-18,P1018,3,87.58,262.74,WH-CENTRAL,Online
T506320,2026-01-19,P1018,1,87.58,87.58,WH-CENTRAL,Online
T506321,2026-01-20,P1018,3,87.58,262.74,WH-CENTRAL,Online
T506322,2026-01-21,P1018,2,87.58,175.16,WH-CENTRAL,Online
T506323,2026-01-22,P1018,1,87.58,87.58,WH-CENTRAL,In-Store
T506324,2026-01-23,P1018,3,87.58,262.74,WH-CENTRAL,In-Store
T506325,2026-01-24,P1018,5,87.58,437.9,WH-CENTRAL,Online
T506326,2026-01-25,P1018,4,87.58,350.32,WH-CENTRAL,In-Store
T506327,2026-01-26,P1018,4,87.58,350.32,WH-CENTRAL,In-Store
T506328,2026-01-27,P1018,1,87.58,87.58,WH-CENTRAL,Online
T506329,2026-01-28,P1018,5,87.58,437.9,WH-CENTRAL,Online
T506330,2026-01-29,P1018,2,87.58,175.16,WH-CENTRAL,In-Store
T506331,2026-01-30,P1018,3,87.58,262.74,WH-CENTRAL,In-Store
T506332,2026-01-31,P1018,3,87.58,262.74,WH-CENTRAL,Online
T506333,2026-02-01,P1018,2,87.58,175.16,WH-CENTRAL,In-Store
T506334,2026-02-02,P1018,5,87.58,437.9,WH-CENTRAL,In-Store
T506335,2026-02-03,P1018,3,87.58,262.74,WH-CENTRAL,In-Store
T506336,2026-02-04,P1018,7,87.58,613.06,WH-CENTRAL,In-Store
T506337,2026-02-05,P1018,2,87.58,175.16,WH-CENTRAL,Online
T506338,2026-02-06,P1018,4,87.58,350.32,WH-CENTRAL,In-Store
T506339,2026-02-07,P1018,6,87.58,525.48,WH-CENTRAL,Online
T506340,2026-02-08,P1018,3,87.58,262.74,WH-CENTRAL,Online
T506341,2026-02-09,P1018,6,87.58,525.48,WH-CENTRAL,Online
T506342,2026-02-10,P1018,4,87.58,350.32,WH-CENTRAL,Online
T506343,2026-02-11,P1018,2,87.58,175.16,WH-CENTRAL,Online
T506344,2026-02-12,P1018,3,87.58,262.74,WH-CENTRAL,Online
T506345,2026-02-13,P1018,3,87.58,262.74,WH-CENTRAL,Online
T506346,2026-02-14,P1018,4,87.58,350.32,WH-CENTRAL,Online
T506347,2026-02-15,P1018,8,87.58,700.64,WH-CENTRAL,In-Store
T506348,2026-02-17,P1018,2,87.58,175.16,WH-CENTRAL,Online
T506349,2026-02-18,P1018,1,87.58,87.58,WH-CENTRAL,In-Store
T506350,2026-02-19,P1018,1,87.58,87.58,WH-CENTRAL,Online
T506351,2026-02-20,P1018,3,87.58,262.74,WH-CENTRAL,In-Store
T506352,2026-02-21,P1018,2,87.58,175.16,WH-CENTRAL,In-Store
T506353,2026-02-22,P1018,3,87.58,262.74,WH-CENTRAL,Online
T506354,2026-02-23,P1018,1,87.58,87.58,WH-CENTRAL,Online
T506355,2026-02-24,P1018,3,87.58,262.74,WH-CENTRAL,Online
T506356,2026-02-26,P1018,1,87.58,87.58,WH-CENTRAL,Online
T506357,2026-02-27,P1018,1,87.58,87.58,WH-CENTRAL,Online
T506358,2026-02-28,P1018,1,87.58,87.58,WH-CENTRAL,In-Store
T506359,2026-03-01,P1018,1,87.58,87.58,WH-CENTRAL,Online
T506360,2026-03-02,P1018,2,87.58,175.16,WH-CENTRAL,Online
T506361,2026-03-03,P1018,4,87.58,350.32,WH-CENTRAL,Online
T506362,2026-03-04,P1018,3,87.58,262.74,WH-CENTRAL,Online
T506363,2026-03-05,P1018,3,87.58,262.74,WH-CENTRAL,Online
T506364,2026-03-06,P1018,5,87.58,437.9,WH-CENTRAL,Online
T506365,2026-03-08,P1018,2,87.58,175.16,WH-CENTRAL,Online
T506366,2026-03-11,P1018,3,87.58,262.74,WH-CENTRAL,In-Store
T506367,2026-03-12,P1018,2,87.58,175.16,WH-CENTRAL,Online
T506368,2026-03-13,P1018,1,87.58,87.58,WH-CENTRAL,Online
T506369,2026-03-14,P1018,1,87.58,87.58,WH-CENTRAL,Online
T506370,2026-03-15,P1018,5,87.58,437.9,WH-CENTRAL,In-Store
T506371,2026-03-16,P1018,2,87.58,175.16,WH-CENTRAL,Online
T506372,2026-03-17,P1018,1,87.58,87.58,WH-CENTRAL,Online
T506373,2026-03-18,P1018,1,87.58,87.58,WH-CENTRAL,In-Store
T506374,2026-03-19,P1018,2,87.58,175.16,WH-CENTRAL,In-Store
T506375,2026-03-20,P1018,2,87.58,175.16,WH-CENTRAL,Online
T506376,2026-03-21,P1018,5,87.58,437.9,WH-CENTRAL,In-Store
T506377,2026-03-22,P1018,1,87.58,87.58,WH-CENTRAL,Online
T506378,2026-03-23,P1018,3,87.58,262.74,WH-CENTRAL,Online
T506379,2026-03-24,P1018,4,87.58,350.32,WH-CENTRAL,Online
T506380,2026-03-25,P1018,5,87.58,437.9,WH-CENTRAL,Online
T506381,2026-03-26,P1018,1,87.58,87.58,WH-CENTRAL,Online
T506382,2026-03-27,P1018,3,87.58,262.74,WH-CENTRAL,Online
T506383,2026-03-28,P1018,2,87.58,175.16,WH-CENTRAL,Online
T506384,2026-03-29,P1018,4,87.58,350.32,WH-CENTRAL,Online
T506385,2026-03-30,P1018,4,87.58,350.32,WH-CENTRAL,Online
T506386,2026-03-31,P1018,1,87.58,87.58,WH-CENTRAL,Online
T506387,2026-04-01,P1018,3,87.58,262.74,WH-CENTRAL,Online
T506388,2026-04-02,P1018,3,87.58,262.74,WH-CENTRAL,In-Store
T506389,2026-04-03,P1018,1,87.58,87.58,WH-CENTRAL,In-Store
T506390,2026-04-04,P1018,6,87.58,525.48,WH-CENTRAL,Online
T506391,2026-04-05,P1018,1,87.58,87.58,WH-CENTRAL,Online
T506392,2026-04-06,P1018,1,87.58,87.58,WH-CENTRAL,In-Store
T506393,2026-04-07,P1018,2,87.58,175.16,WH-CENTRAL,Online
T506394,2026-04-08,P1018,1,87.58,87.58,WH-CENTRAL,In-Store
T506395,2026-04-09,P1018,4,87.58,350.32,WH-CENTRAL,In-Store
T506396,2026-04-10,P1018,3,87.58,262.74,WH-CENTRAL,In-Store
T506397,2026-04-11,P1018,2,87.58,175.16,WH-CENTRAL,Online
T506398,2026-04-12,P1018,1,87.58,87.58,WH-CENTRAL,In-Store
T506399,2026-04-13,P1018,2,87.58,175.16,WH-CENTRAL,Online
T506400,2026-04-14,P1018,3,87.58,262.74,WH-CENTRAL,Online
T506401,2026-04-15,P1018,1,87.58,87.58,WH-CENTRAL,In-Store
T506402,2026-04-16,P1018,2,87.58,175.16,WH-CENTRAL,Online
T506403,2026-04-17,P1018,1,87.58,87.58,WH-CENTRAL,Online
T506404,2026-04-18,P1018,3,87.58,262.74,WH-CENTRAL,Online
T506405,2026-04-19,P1018,1,87.58,87.58,WH-CENTRAL,Online
T506406,2026-04-21,P1018,4,87.58,350.32,WH-CENTRAL,Online
T506407,2026-04-22,P1018,2,87.58,175.16,WH-CENTRAL,Online
T506408,2026-04-24,P1018,1,87.58,87.58,WH-CENTRAL,Online
T506409,2026-04-25,P1018,1,87.58,87.58,WH-CENTRAL,Online
T506410,2026-04-26,P1018,3,87.58,262.74,WH-CENTRAL,In-Store
T506411,2026-04-27,P1018,1,87.58,87.58,WH-CENTRAL,Online
T506412,2026-04-29,P1018,1,87.58,87.58,WH-CENTRAL,Online
T506413,2026-04-30,P1018,2,87.58,175.16,WH-CENTRAL,Online
T506414,2026-05-01,P1018,4,87.58,350.32,WH-CENTRAL,In-Store
T506415,2026-05-02,P1018,2,87.58,175.16,WH-CENTRAL,Online
T506416,2026-05-03,P1018,4,87.58,350.32,WH-CENTRAL,Online
T506417,2026-05-05,P1018,4,87.58,350.32,WH-CENTRAL,Online
T506418,2026-05-06,P1018,1,87.58,87.58,WH-CENTRAL,Online
T506419,2026-05-07,P1018,2,87.58,175.16,WH-CENTRAL,Online
T506420,2026-05-09,P1018,2,87.58,175.16,WH-CENTRAL,In-Store
T506421,2026-05-10,P1018,1,87.58,87.58,WH-CENTRAL,In-Store
T506422,2026-05-11,P1018,2,87.58,175.16,WH-CENTRAL,Online
T506423,2026-05-12,P1018,1,87.58,87.58,WH-CENTRAL,In-Store
T506424,2026-05-13,P1018,1,87.58,87.58,WH-CENTRAL,Online
T506425,2026-05-14,P1018,3,87.58,262.74,WH-CENTRAL,Online
T506426,2026-05-15,P1018,1,87.58,87.58,WH-CENTRAL,Online
T506427,2026-05-16,P1018,1,87.58,87.58,WH-CENTRAL,Online
T506428,2026-05-17,P1018,1,87.58,87.58,WH-CENTRAL,In-Store
T506429,2026-05-18,P1018,3,87.58,262.74,WH-CENTRAL,In-Store
T506430,2026-05-19,P1018,2,87.58,175.16,WH-CENTRAL,Online
T506431,2026-05-20,P1018,4,87.58,350.32,WH-CENTRAL,Online
T506432,2026-05-24,P1018,1,87.58,87.58,WH-CENTRAL,Online
T506433,2026-05-26,P1018,1,87.58,87.58,WH-CENTRAL,In-Store
T506434,2026-05-27,P1018,3,87.58,262.74,WH-CENTRAL,In-Store
T506435,2026-05-28,P1018,1,87.58,87.58,WH-CENTRAL,Online
T506436,2026-05-30,P1018,3,87.58,262.74,WH-CENTRAL,Online
T506437,2026-05-31,P1018,1,87.58,87.58,WH-CENTRAL,Online
T506438,2026-06-01,P1018,2,87.58,175.16,WH-CENTRAL,Online
T506439,2026-06-02,P1018,1,87.58,87.58,WH-CENTRAL,Online
T506440,2026-06-04,P1018,4,87.58,350.32,WH-CENTRAL,Online
T506441,2026-06-05,P1018,1,87.58,87.58,WH-CENTRAL,Online
T506442,2026-06-06,P1018,1,87.58,87.58,WH-CENTRAL,Online
T506443,2026-06-07,P1018,1,87.58,87.58,WH-CENTRAL,In-Store
T506444,2026-06-08,P1018,1,87.58,87.58,WH-CENTRAL,In-Store
T506445,2026-06-09,P1018,2,87.58,175.16,WH-CENTRAL,Online
T506446,2026-06-10,P1018,1,87.58,87.58,WH-CENTRAL,Online
T506447,2026-06-11,P1018,1,87.58,87.58,WH-CENTRAL,In-Store
T506448,2026-06-12,P1018,1,87.58,87.58,WH-CENTRAL,In-Store
T506449,2026-06-13,P1018,4,87.58,350.32,WH-CENTRAL,Online
T506450,2026-06-14,P1018,2,87.58,175.16,WH-CENTRAL,In-Store
T506451,2026-06-16,P1018,1,87.58,87.58,WH-CENTRAL,In-Store
T506452,2026-06-17,P1018,2,87.58,175.16,WH-CENTRAL,Online
T506453,2026-06-18,P1018,3,87.58,262.74,WH-CENTRAL,Online
T506454,2026-06-19,P1018,5,87.58,437.9,WH-CENTRAL,In-Store
T506455,2026-06-21,P1018,4,87.58,350.32,WH-CENTRAL,Online
T506456,2026-06-22,P1018,1,87.58,87.58,WH-CENTRAL,Online
T506457,2026-06-23,P1018,2,87.58,175.16,WH-CENTRAL,In-Store
T506458,2026-06-24,P1018,2,87.58,175.16,WH-CENTRAL,In-Store
T506459,2026-06-25,P1018,1,87.58,87.58,WH-CENTRAL,In-Store
T506460,2026-06-26,P1018,2,87.58,175.16,WH-CENTRAL,In-Store
T506461,2026-06-27,P1018,2,87.58,175.16,WH-CENTRAL,Online
T506462,2026-06-28,P1018,2,87.58,175.16,WH-CENTRAL,Online
T506463,2026-06-29,P1018,3,87.58,262.74,WH-CENTRAL,In-Store
T506464,2026-06-30,P1018,5,87.58,437.9,WH-CENTRAL,Online
T506465,2026-07-01,P1018,2,87.58,175.16,WH-CENTRAL,Online
T506466,2026-07-02,P1018,3,87.58,262.74,WH-CENTRAL,Online
T506467,2026-07-03,P1018,6,87.58,525.48,WH-CENTRAL,Online
T506468,2026-07-04,P1018,1,87.58,87.58,WH-CENTRAL,In-Store
T506469,2026-07-05,P1018,3,87.58,262.74,WH-CENTRAL,Online
T506470,2026-07-07,P1018,4,87.58,350.32,WH-CENTRAL,Online
T506471,2026-07-08,P1018,1,87.58,87.58,WH-CENTRAL,In-Store
T506472,2026-07-09,P1018,2,87.58,175.16,WH-CENTRAL,In-Store
T506473,2026-07-10,P1018,3,87.58,262.74,WH-CENTRAL,In-Store
T506474,2026-07-11,P1018,2,87.58,175.16,WH-CENTRAL,Online
T506475,2026-07-12,P1018,4,87.58,350.32,WH-CENTRAL,In-Store
T506476,2026-07-13,P1018,2,87.58,175.16,WH-CENTRAL,Online
T506477,2026-07-14,P1018,3,87.58,262.74,WH-CENTRAL,Online
T506478,2026-07-15,P1018,1,87.58,87.58,WH-CENTRAL,In-Store
T506479,2026-07-17,P1018,2,87.58,175.16,WH-CENTRAL,In-Store
T506480,2026-07-18,P1018,1,87.58,87.58,WH-CENTRAL,In-Store
T506481,2026-07-19,P1018,5,87.58,437.9,WH-CENTRAL,Online
T506482,2026-07-20,P1018,2,87.58,175.16,WH-CENTRAL,Online
T506483,2026-07-21,P1018,2,87.58,175.16,WH-CENTRAL,Online
T506484,2026-07-22,P1018,3,87.58,262.74,WH-CENTRAL,In-Store
T506485,2026-07-23,P1018,2,87.58,175.16,WH-CENTRAL,In-Store
T506486,2026-07-24,P1018,1,87.58,87.58,WH-CENTRAL,In-Store
T506487,2026-07-25,P1018,2,87.58,175.16,WH-CENTRAL,Online
T506488,2026-07-26,P1018,3,87.58,262.74,WH-CENTRAL,Online
T506489,2026-07-27,P1018,2,87.58,175.16,WH-CENTRAL,Online
T506490,2026-07-28,P1018,3,87.58,262.74,WH-CENTRAL,Online
T506491,2026-07-29,P1018,1,87.58,87.58,WH-CENTRAL,In-Store
T506492,2026-07-30,P1018,4,87.58,350.32,WH-CENTRAL,In-Store
T506493,2026-07-31,P1018,1,87.58,87.58,WH-CENTRAL,In-Store
T506494,2026-08-01,P1018,2,87.58,175.16,WH-CENTRAL,In-Store
T506495,2026-08-02,P1018,3,87.58,262.74,WH-CENTRAL,Online
T506496,2026-08-03,P1018,5,87.58,437.9,WH-CENTRAL,Online
T506497,2026-08-05,P1018,2,87.58,175.16,WH-CENTRAL,Online
T506498,2026-08-07,P1018,4,87.58,350.32,WH-CENTRAL,In-Store
T506499,2026-08-08,P1018,2,87.58,175.16,WH-CENTRAL,In-Store
T506500,2026-08-09,P1018,1,87.58,87.58,WH-CENTRAL,Online
T506501,2026-08-10,P1018,6,87.58,525.48,WH-CENTRAL,Online
T506502,2026-08-11,P1018,4,87.58,350.32,WH-CENTRAL,In-Store
T506503,2026-08-12,P1018,1,87.58,87.58,WH-CENTRAL,Online
T506504,2026-08-13,P1018,1,87.58,87.58,WH-CENTRAL,Online
T506505,2025-08-15,P1019,6,122.45,734.7,WH-CENTRAL,Online
T506506,2025-08-16,P1019,7,122.45,857.15,WH-CENTRAL,In-Store
T506507,2025-08-17,P1019,6,122.45,734.7,WH-CENTRAL,Online
T506508,2025-08-18,P1019,3,122.45,367.35,WH-CENTRAL,Online
T506509,2025-08-20,P1019,3,122.45,367.35,WH-CENTRAL,Online
T506510,2025-08-21,P1019,5,122.45,612.25,WH-CENTRAL,In-Store
T506511,2025-08-22,P1019,5,122.45,612.25,WH-CENTRAL,Online
T506512,2025-08-23,P1019,6,122.45,734.7,WH-CENTRAL,In-Store
T506513,2025-08-24,P1019,6,122.45,734.7,WH-CENTRAL,Online
T506514,2025-08-25,P1019,7,122.45,857.15,WH-CENTRAL,Online
T506515,2025-08-26,P1019,13,122.45,1591.85,WH-CENTRAL,In-Store
T506516,2025-08-27,P1019,3,122.45,367.35,WH-CENTRAL,Online
T506517,2025-08-28,P1019,3,122.45,367.35,WH-CENTRAL,Online
T506518,2025-08-29,P1019,6,122.45,734.7,WH-CENTRAL,Online
T506519,2025-08-30,P1019,6,122.45,734.7,WH-CENTRAL,In-Store
T506520,2025-08-31,P1019,3,122.45,367.35,WH-CENTRAL,Online
T506521,2025-09-01,P1019,4,122.45,489.8,WH-CENTRAL,In-Store
T506522,2025-09-02,P1019,3,122.45,367.35,WH-CENTRAL,In-Store
T506523,2025-09-03,P1019,6,122.45,734.7,WH-CENTRAL,In-Store
T506524,2025-09-04,P1019,5,122.45,612.25,WH-CENTRAL,Online
T506525,2025-09-05,P1019,4,122.45,489.8,WH-CENTRAL,Online
T506526,2025-09-06,P1019,4,122.45,489.8,WH-CENTRAL,In-Store
T506527,2025-09-07,P1019,5,122.45,612.25,WH-CENTRAL,Online
T506528,2025-09-08,P1019,4,122.45,489.8,WH-CENTRAL,In-Store
T506529,2025-09-09,P1019,7,122.45,857.15,WH-CENTRAL,In-Store
T506530,2025-09-10,P1019,3,122.45,367.35,WH-CENTRAL,In-Store
T506531,2025-09-11,P1019,5,122.45,612.25,WH-CENTRAL,In-Store
T506532,2025-09-12,P1019,2,122.45,244.9,WH-CENTRAL,Online
T506533,2025-09-13,P1019,5,122.45,612.25,WH-CENTRAL,In-Store
T506534,2025-09-14,P1019,5,122.45,612.25,WH-CENTRAL,Online
T506535,2025-09-15,P1019,4,122.45,489.8,WH-CENTRAL,In-Store
T506536,2025-09-16,P1019,4,122.45,489.8,WH-CENTRAL,Online
T506537,2025-09-17,P1019,6,122.45,734.7,WH-CENTRAL,In-Store
T506538,2025-09-18,P1019,2,122.45,244.9,WH-CENTRAL,Online
T506539,2025-09-19,P1019,2,122.45,244.9,WH-CENTRAL,Online
T506540,2025-09-20,P1019,3,122.45,367.35,WH-CENTRAL,Online
T506541,2025-09-21,P1019,7,122.45,857.15,WH-CENTRAL,Online
T506542,2025-09-22,P1019,3,122.45,367.35,WH-CENTRAL,Online
T506543,2025-09-23,P1019,3,122.45,367.35,WH-CENTRAL,In-Store
T506544,2025-09-25,P1019,3,122.45,367.35,WH-CENTRAL,Online
T506545,2025-09-26,P1019,7,122.45,857.15,WH-CENTRAL,Online
T506546,2025-09-27,P1019,6,122.45,734.7,WH-CENTRAL,In-Store
T506547,2025-09-28,P1019,6,122.45,734.7,WH-CENTRAL,Online
T506548,2025-09-29,P1019,5,122.45,612.25,WH-CENTRAL,Online
T506549,2025-09-30,P1019,4,122.45,489.8,WH-CENTRAL,Online
T506550,2025-10-01,P1019,1,122.45,122.45,WH-CENTRAL,Online
T506551,2025-10-02,P1019,5,122.45,612.25,WH-CENTRAL,Online
T506552,2025-10-03,P1019,2,122.45,244.9,WH-CENTRAL,Online
T506553,2025-10-04,P1019,7,122.45,857.15,WH-CENTRAL,Online
T506554,2025-10-05,P1019,8,122.45,979.6,WH-CENTRAL,Online
T506555,2025-10-06,P1019,6,122.45,734.7,WH-CENTRAL,Online
T506556,2025-10-07,P1019,6,122.45,734.7,WH-CENTRAL,Online
T506557,2025-10-09,P1019,9,122.45,1102.05,WH-CENTRAL,In-Store
T506558,2025-10-10,P1019,3,122.45,367.35,WH-CENTRAL,Online
T506559,2025-10-11,P1019,6,122.45,734.7,WH-CENTRAL,In-Store
T506560,2025-10-12,P1019,5,122.45,612.25,WH-CENTRAL,Online
T506561,2025-10-13,P1019,1,122.45,122.45,WH-CENTRAL,Online
T506562,2025-10-14,P1019,5,122.45,612.25,WH-CENTRAL,In-Store
T506563,2025-10-15,P1019,6,122.45,734.7,WH-CENTRAL,Online
T506564,2025-10-16,P1019,6,122.45,734.7,WH-CENTRAL,In-Store
T506565,2025-10-17,P1019,4,122.45,489.8,WH-CENTRAL,Online
T506566,2025-10-18,P1019,6,122.45,734.7,WH-CENTRAL,Online
T506567,2025-10-19,P1019,10,122.45,1224.5,WH-CENTRAL,In-Store
T506568,2025-10-20,P1019,6,122.45,734.7,WH-CENTRAL,Online
T506569,2025-10-21,P1019,3,122.45,367.35,WH-CENTRAL,Online
T506570,2025-10-22,P1019,2,122.45,244.9,WH-CENTRAL,Online
T506571,2025-10-23,P1019,3,122.45,367.35,WH-CENTRAL,Online
T506572,2025-10-24,P1019,9,122.45,1102.05,WH-CENTRAL,Online
T506573,2025-10-25,P1019,3,122.45,367.35,WH-CENTRAL,In-Store
T506574,2025-10-26,P1019,3,122.45,367.35,WH-CENTRAL,Online
T506575,2025-10-28,P1019,5,122.45,612.25,WH-CENTRAL,In-Store
T506576,2025-10-29,P1019,6,122.45,734.7,WH-CENTRAL,In-Store
T506577,2025-10-30,P1019,2,122.45,244.9,WH-CENTRAL,Online
T506578,2025-10-31,P1019,5,122.45,612.25,WH-CENTRAL,Online
T506579,2025-11-01,P1019,6,122.45,734.7,WH-CENTRAL,Online
T506580,2025-11-02,P1019,5,122.45,612.25,WH-CENTRAL,Online
T506581,2025-11-03,P1019,1,122.45,122.45,WH-CENTRAL,Online
T506582,2025-11-04,P1019,5,122.45,612.25,WH-CENTRAL,Online
T506583,2025-11-05,P1019,7,122.45,857.15,WH-CENTRAL,In-Store
T506584,2025-11-06,P1019,6,122.45,734.7,WH-CENTRAL,Online
T506585,2025-11-07,P1019,2,122.45,244.9,WH-CENTRAL,Online
T506586,2025-11-08,P1019,6,122.45,734.7,WH-CENTRAL,Online
T506587,2025-11-09,P1019,5,122.45,612.25,WH-CENTRAL,Online
T506588,2025-11-10,P1019,7,122.45,857.15,WH-CENTRAL,In-Store
T506589,2025-11-11,P1019,3,122.45,367.35,WH-CENTRAL,Online
T506590,2025-11-12,P1019,4,122.45,489.8,WH-CENTRAL,Online
T506591,2025-11-13,P1019,3,122.45,367.35,WH-CENTRAL,In-Store
T506592,2025-11-14,P1019,8,122.45,979.6,WH-CENTRAL,In-Store
T506593,2025-11-15,P1019,11,122.45,1346.95,WH-CENTRAL,In-Store
T506594,2025-11-16,P1019,5,122.45,612.25,WH-CENTRAL,Online
T506595,2025-11-17,P1019,2,122.45,244.9,WH-CENTRAL,Online
T506596,2025-11-18,P1019,5,122.45,612.25,WH-CENTRAL,Online
T506597,2025-11-19,P1019,2,122.45,244.9,WH-CENTRAL,Online
T506598,2025-11-20,P1019,6,122.45,734.7,WH-CENTRAL,Online
T506599,2025-11-21,P1019,6,122.45,734.7,WH-CENTRAL,Online
T506600,2025-11-22,P1019,5,122.45,612.25,WH-CENTRAL,Online
T506601,2025-11-23,P1019,2,122.45,244.9,WH-CENTRAL,In-Store
T506602,2025-11-24,P1019,1,122.45,122.45,WH-CENTRAL,Online
T506603,2025-11-25,P1019,7,122.45,857.15,WH-CENTRAL,In-Store
T506604,2025-11-26,P1019,4,122.45,489.8,WH-CENTRAL,Online
T506605,2025-11-27,P1019,4,122.45,489.8,WH-CENTRAL,Online
T506606,2025-11-28,P1019,4,122.45,489.8,WH-CENTRAL,Online
T506607,2025-11-29,P1019,3,122.45,367.35,WH-CENTRAL,Online
T506608,2025-11-30,P1019,6,122.45,734.7,WH-CENTRAL,Online
T506609,2025-12-01,P1019,4,122.45,489.8,WH-CENTRAL,Online
T506610,2025-12-02,P1019,5,122.45,612.25,WH-CENTRAL,Online
T506611,2025-12-03,P1019,5,122.45,612.25,WH-CENTRAL,In-Store
T506612,2025-12-04,P1019,7,122.45,857.15,WH-CENTRAL,Online
T506613,2025-12-05,P1019,4,122.45,489.8,WH-CENTRAL,In-Store
T506614,2025-12-06,P1019,7,122.45,857.15,WH-CENTRAL,Online
T506615,2025-12-07,P1019,7,122.45,857.15,WH-CENTRAL,Online
T506616,2025-12-08,P1019,3,122.45,367.35,WH-CENTRAL,In-Store
T506617,2025-12-09,P1019,4,122.45,489.8,WH-CENTRAL,In-Store
T506618,2025-12-10,P1019,8,122.45,979.6,WH-CENTRAL,Online
T506619,2025-12-11,P1019,6,122.45,734.7,WH-CENTRAL,Online
T506620,2025-12-12,P1019,2,122.45,244.9,WH-CENTRAL,In-Store
T506621,2025-12-13,P1019,7,122.45,857.15,WH-CENTRAL,In-Store
T506622,2025-12-14,P1019,7,122.45,857.15,WH-CENTRAL,Online
T506623,2025-12-15,P1019,2,122.45,244.9,WH-CENTRAL,In-Store
T506624,2025-12-16,P1019,4,122.45,489.8,WH-CENTRAL,Online
T506625,2025-12-17,P1019,4,122.45,489.8,WH-CENTRAL,Online
T506626,2025-12-18,P1019,2,122.45,244.9,WH-CENTRAL,Online
T506627,2025-12-20,P1019,4,122.45,489.8,WH-CENTRAL,Online
T506628,2025-12-21,P1019,4,122.45,489.8,WH-CENTRAL,Online
T506629,2025-12-22,P1019,4,122.45,489.8,WH-CENTRAL,Online
T506630,2025-12-23,P1019,3,122.45,367.35,WH-CENTRAL,Online
T506631,2025-12-24,P1019,4,122.45,489.8,WH-CENTRAL,Online
T506632,2025-12-25,P1019,4,122.45,489.8,WH-CENTRAL,In-Store
T506633,2025-12-26,P1019,3,122.45,367.35,WH-CENTRAL,In-Store
T506634,2025-12-27,P1019,5,122.45,612.25,WH-CENTRAL,In-Store
T506635,2025-12-28,P1019,6,122.45,734.7,WH-CENTRAL,Online
T506636,2025-12-29,P1019,4,122.45,489.8,WH-CENTRAL,Online
T506637,2025-12-30,P1019,1,122.45,122.45,WH-CENTRAL,Online
T506638,2025-12-31,P1019,2,122.45,244.9,WH-CENTRAL,Online
T506639,2026-01-01,P1019,7,122.45,857.15,WH-CENTRAL,In-Store
T506640,2026-01-02,P1019,1,122.45,122.45,WH-CENTRAL,Online
T506641,2026-01-03,P1019,4,122.45,489.8,WH-CENTRAL,In-Store
T506642,2026-01-04,P1019,4,122.45,489.8,WH-CENTRAL,Online
T506643,2026-01-05,P1019,1,122.45,122.45,WH-CENTRAL,Online
T506644,2026-01-06,P1019,1,122.45,122.45,WH-CENTRAL,Online
T506645,2026-01-07,P1019,5,122.45,612.25,WH-CENTRAL,Online
T506646,2026-01-08,P1019,4,122.45,489.8,WH-CENTRAL,Online
T506647,2026-01-09,P1019,4,122.45,489.8,WH-CENTRAL,Online
T506648,2026-01-10,P1019,4,122.45,489.8,WH-CENTRAL,Online
T506649,2026-01-11,P1019,5,122.45,612.25,WH-CENTRAL,Online
T506650,2026-01-12,P1019,4,122.45,489.8,WH-CENTRAL,In-Store
T506651,2026-01-13,P1019,2,122.45,244.9,WH-CENTRAL,In-Store
T506652,2026-01-14,P1019,1,122.45,122.45,WH-CENTRAL,Online
T506653,2026-01-15,P1019,2,122.45,244.9,WH-CENTRAL,In-Store
T506654,2026-01-16,P1019,2,122.45,244.9,WH-CENTRAL,Online
T506655,2026-01-17,P1019,4,122.45,489.8,WH-CENTRAL,In-Store
T506656,2026-01-18,P1019,4,122.45,489.8,WH-CENTRAL,Online
T506657,2026-01-19,P1019,2,122.45,244.9,WH-CENTRAL,In-Store
T506658,2026-01-20,P1019,4,122.45,489.8,WH-CENTRAL,Online
T506659,2026-01-21,P1019,4,122.45,489.8,WH-CENTRAL,In-Store
T506660,2026-01-22,P1019,4,122.45,489.8,WH-CENTRAL,Online
T506661,2026-01-23,P1019,2,122.45,244.9,WH-CENTRAL,In-Store
T506662,2026-01-24,P1019,1,122.45,122.45,WH-CENTRAL,Online
T506663,2026-01-25,P1019,4,122.45,489.8,WH-CENTRAL,Online
T506664,2026-01-26,P1019,1,122.45,122.45,WH-CENTRAL,Online
T506665,2026-01-27,P1019,4,122.45,489.8,WH-CENTRAL,Online
T506666,2026-01-28,P1019,4,122.45,489.8,WH-CENTRAL,Online
T506667,2026-01-29,P1019,3,122.45,367.35,WH-CENTRAL,Online
T506668,2026-01-30,P1019,4,122.45,489.8,WH-CENTRAL,In-Store
T506669,2026-01-31,P1019,1,122.45,122.45,WH-CENTRAL,In-Store
T506670,2026-02-01,P1019,4,122.45,489.8,WH-CENTRAL,In-Store
T506671,2026-02-02,P1019,4,122.45,489.8,WH-CENTRAL,Online
T506672,2026-02-03,P1019,2,122.45,244.9,WH-CENTRAL,Online
T506673,2026-02-04,P1019,2,122.45,244.9,WH-CENTRAL,Online
T506674,2026-02-05,P1019,1,122.45,122.45,WH-CENTRAL,In-Store
T506675,2026-02-06,P1019,4,122.45,489.8,WH-CENTRAL,Online
T506676,2026-02-07,P1019,2,122.45,244.9,WH-CENTRAL,Online
T506677,2026-02-08,P1019,4,122.45,489.8,WH-CENTRAL,In-Store
T506678,2026-02-09,P1019,5,122.45,612.25,WH-CENTRAL,Online
T506679,2026-02-10,P1019,2,122.45,244.9,WH-CENTRAL,Online
T506680,2026-02-11,P1019,4,122.45,489.8,WH-CENTRAL,Online
T506681,2026-02-12,P1019,4,122.45,489.8,WH-CENTRAL,Online
T506682,2026-02-13,P1019,2,122.45,244.9,WH-CENTRAL,Online
T506683,2026-02-14,P1019,3,122.45,367.35,WH-CENTRAL,In-Store
T506684,2026-02-16,P1019,4,122.45,489.8,WH-CENTRAL,Online
T506685,2026-02-18,P1019,1,122.45,122.45,WH-CENTRAL,Online
T506686,2026-02-19,P1019,2,122.45,244.9,WH-CENTRAL,Online
T506687,2026-02-20,P1019,2,122.45,244.9,WH-CENTRAL,In-Store
T506688,2026-02-21,P1019,4,122.45,489.8,WH-CENTRAL,Online
T506689,2026-02-22,P1019,3,122.45,367.35,WH-CENTRAL,Online
T506690,2026-02-23,P1019,2,122.45,244.9,WH-CENTRAL,In-Store
T506691,2026-02-24,P1019,2,122.45,244.9,WH-CENTRAL,Online
T506692,2026-02-25,P1019,2,122.45,244.9,WH-CENTRAL,Online
T506693,2026-02-26,P1019,4,122.45,489.8,WH-CENTRAL,Online
T506694,2026-02-27,P1019,2,122.45,244.9,WH-CENTRAL,Online
T506695,2026-02-28,P1019,3,122.45,367.35,WH-CENTRAL,Online
T506696,2026-03-01,P1019,3,122.45,367.35,WH-CENTRAL,In-Store
T506697,2026-03-02,P1019,1,122.45,122.45,WH-CENTRAL,Online
T506698,2026-03-03,P1019,3,122.45,367.35,WH-CENTRAL,In-Store
T506699,2026-03-05,P1019,3,122.45,367.35,WH-CENTRAL,Online
T506700,2026-03-06,P1019,4,122.45,489.8,WH-CENTRAL,Online
T506701,2026-03-08,P1019,4,122.45,489.8,WH-CENTRAL,Online
T506702,2026-03-09,P1019,2,122.45,244.9,WH-CENTRAL,Online
T506703,2026-03-10,P1019,5,122.45,612.25,WH-CENTRAL,In-Store
T506704,2026-03-11,P1019,1,122.45,122.45,WH-CENTRAL,In-Store
T506705,2026-03-12,P1019,1,122.45,122.45,WH-CENTRAL,Online
T506706,2026-03-13,P1019,1,122.45,122.45,WH-CENTRAL,Online
T506707,2026-03-14,P1019,3,122.45,367.35,WH-CENTRAL,Online
T506708,2026-03-15,P1019,4,122.45,489.8,WH-CENTRAL,Online
T506709,2026-03-16,P1019,2,122.45,244.9,WH-CENTRAL,Online
T506710,2026-03-17,P1019,4,122.45,489.8,WH-CENTRAL,Online
T506711,2026-03-20,P1019,2,122.45,244.9,WH-CENTRAL,In-Store
T506712,2026-03-21,P1019,3,122.45,367.35,WH-CENTRAL,In-Store
T506713,2026-03-24,P1019,2,122.45,244.9,WH-CENTRAL,In-Store
T506714,2026-03-25,P1019,3,122.45,367.35,WH-CENTRAL,In-Store
T506715,2026-03-26,P1019,5,122.45,612.25,WH-CENTRAL,Online
T506716,2026-03-27,P1019,3,122.45,367.35,WH-CENTRAL,Online
T506717,2026-03-28,P1019,3,122.45,367.35,WH-CENTRAL,In-Store
T506718,2026-03-29,P1019,1,122.45,122.45,WH-CENTRAL,In-Store
T506719,2026-03-30,P1019,1,122.45,122.45,WH-CENTRAL,Online
T506720,2026-03-31,P1019,1,122.45,122.45,WH-CENTRAL,Online
T506721,2026-04-01,P1019,3,122.45,367.35,WH-CENTRAL,Online
T506722,2026-04-03,P1019,3,122.45,367.35,WH-CENTRAL,Online
T506723,2026-04-04,P1019,3,122.45,367.35,WH-CENTRAL,Online
T506724,2026-04-05,P1019,3,122.45,367.35,WH-CENTRAL,In-Store
T506725,2026-04-07,P1019,2,122.45,244.9,WH-CENTRAL,Online
T506726,2026-04-08,P1019,2,122.45,244.9,WH-CENTRAL,In-Store
T506727,2026-04-09,P1019,8,122.45,979.6,WH-CENTRAL,In-Store
T506728,2026-04-10,P1019,2,122.45,244.9,WH-CENTRAL,In-Store
T506729,2026-04-11,P1019,1,122.45,122.45,WH-CENTRAL,In-Store
T506730,2026-04-12,P1019,1,122.45,122.45,WH-CENTRAL,Online
T506731,2026-04-15,P1019,3,122.45,367.35,WH-CENTRAL,In-Store
T506732,2026-04-16,P1019,2,122.45,244.9,WH-CENTRAL,Online
T506733,2026-04-18,P1019,1,122.45,122.45,WH-CENTRAL,Online
T506734,2026-04-19,P1019,1,122.45,122.45,WH-CENTRAL,Online
T506735,2026-04-20,P1019,1,122.45,122.45,WH-CENTRAL,Online
T506736,2026-04-21,P1019,1,122.45,122.45,WH-CENTRAL,In-Store
T506737,2026-04-22,P1019,1,122.45,122.45,WH-CENTRAL,Online
T506738,2026-04-23,P1019,2,122.45,244.9,WH-CENTRAL,In-Store
T506739,2026-04-24,P1019,2,122.45,244.9,WH-CENTRAL,Online
T506740,2026-04-26,P1019,2,122.45,244.9,WH-CENTRAL,Online
T506741,2026-04-27,P1019,1,122.45,122.45,WH-CENTRAL,Online
T506742,2026-04-28,P1019,1,122.45,122.45,WH-CENTRAL,In-Store
T506743,2026-04-30,P1019,2,122.45,244.9,WH-CENTRAL,In-Store
T506744,2026-05-02,P1019,1,122.45,122.45,WH-CENTRAL,Online
T506745,2026-05-03,P1019,1,122.45,122.45,WH-CENTRAL,Online
T506746,2026-05-05,P1019,2,122.45,244.9,WH-CENTRAL,Online
T506747,2026-05-06,P1019,1,122.45,122.45,WH-CENTRAL,Online
T506748,2026-05-07,P1019,1,122.45,122.45,WH-CENTRAL,In-Store
T506749,2026-05-10,P1019,4,122.45,489.8,WH-CENTRAL,Online
T506750,2026-05-12,P1019,3,122.45,367.35,WH-CENTRAL,Online
T506751,2026-05-13,P1019,1,122.45,122.45,WH-CENTRAL,In-Store
T506752,2026-05-14,P1019,1,122.45,122.45,WH-CENTRAL,In-Store
T506753,2026-05-15,P1019,2,122.45,244.9,WH-CENTRAL,In-Store
T506754,2026-05-16,P1019,2,122.45,244.9,WH-CENTRAL,In-Store
T506755,2026-05-17,P1019,2,122.45,244.9,WH-CENTRAL,Online
T506756,2026-05-18,P1019,1,122.45,122.45,WH-CENTRAL,In-Store
T506757,2026-05-21,P1019,1,122.45,122.45,WH-CENTRAL,Online
T506758,2026-05-22,P1019,1,122.45,122.45,WH-CENTRAL,In-Store
T506759,2026-05-24,P1019,4,122.45,489.8,WH-CENTRAL,Online
T506760,2026-05-26,P1019,1,122.45,122.45,WH-CENTRAL,Online
T506761,2026-05-29,P1019,1,122.45,122.45,WH-CENTRAL,In-Store
T506762,2026-05-30,P1019,1,122.45,122.45,WH-CENTRAL,Online
T506763,2026-06-01,P1019,2,122.45,244.9,WH-CENTRAL,In-Store
T506764,2026-06-02,P1019,1,122.45,122.45,WH-CENTRAL,In-Store
T506765,2026-06-03,P1019,2,122.45,244.9,WH-CENTRAL,Online
T506766,2026-06-04,P1019,1,122.45,122.45,WH-CENTRAL,In-Store
T506767,2026-06-06,P1019,1,122.45,122.45,WH-CENTRAL,In-Store
T506768,2026-06-08,P1019,1,122.45,122.45,WH-CENTRAL,In-Store
T506769,2026-06-10,P1019,1,122.45,122.45,WH-CENTRAL,Online
T506770,2026-06-11,P1019,1,122.45,122.45,WH-CENTRAL,In-Store
T506771,2026-06-12,P1019,1,122.45,122.45,WH-CENTRAL,Online
T506772,2026-06-13,P1019,2,122.45,244.9,WH-CENTRAL,Online
T506773,2026-06-14,P1019,1,122.45,122.45,WH-CENTRAL,In-Store
T506774,2026-06-15,P1019,1,122.45,122.45,WH-CENTRAL,Online
T506775,2026-06-16,P1019,2,122.45,244.9,WH-CENTRAL,Online
T506776,2026-06-17,P1019,2,122.45,244.9,WH-CENTRAL,In-Store
T506777,2026-06-18,P1019,1,122.45,122.45,WH-CENTRAL,Online
T506778,2026-06-19,P1019,3,122.45,367.35,WH-CENTRAL,Online
T506779,2026-06-21,P1019,1,122.45,122.45,WH-CENTRAL,Online
T506780,2026-06-22,P1019,1,122.45,122.45,WH-CENTRAL,Online
T506781,2026-06-24,P1019,1,122.45,122.45,WH-CENTRAL,In-Store
T506782,2026-06-26,P1019,1,122.45,122.45,WH-CENTRAL,Online
T506783,2026-06-27,P1019,2,122.45,244.9,WH-CENTRAL,Online
T506784,2026-06-28,P1019,1,122.45,122.45,WH-CENTRAL,Online
T506785,2026-06-29,P1019,2,122.45,244.9,WH-CENTRAL,In-Store
T506786,2026-06-30,P1019,1,122.45,122.45,WH-CENTRAL,In-Store
T506787,2026-07-01,P1019,1,122.45,122.45,WH-CENTRAL,In-Store
T506788,2026-07-03,P1019,1,122.45,122.45,WH-CENTRAL,Online
T506789,2026-07-04,P1019,4,122.45,489.8,WH-CENTRAL,Online
T506790,2026-07-05,P1019,1,122.45,122.45,WH-CENTRAL,Online
T506791,2026-07-06,P1019,1,122.45,122.45,WH-CENTRAL,Online
T506792,2026-07-07,P1019,1,122.45,122.45,WH-CENTRAL,Online
T506793,2026-07-08,P1019,2,122.45,244.9,WH-CENTRAL,Online
T506794,2026-07-10,P1019,2,122.45,244.9,WH-CENTRAL,Online
T506795,2026-07-15,P1019,1,122.45,122.45,WH-CENTRAL,Online
T506796,2026-07-17,P1019,2,122.45,244.9,WH-CENTRAL,Online
T506797,2026-07-21,P1019,1,122.45,122.45,WH-CENTRAL,Online
T506798,2026-07-22,P1019,1,122.45,122.45,WH-CENTRAL,Online
T506799,2026-07-23,P1019,1,122.45,122.45,WH-CENTRAL,In-Store
T506800,2026-07-24,P1019,2,122.45,244.9,WH-CENTRAL,Online
T506801,2026-07-25,P1019,3,122.45,367.35,WH-CENTRAL,In-Store
T506802,2026-07-30,P1019,1,122.45,122.45,WH-CENTRAL,In-Store
T506803,2026-07-31,P1019,2,122.45,244.9,WH-CENTRAL,In-Store
T506804,2026-08-01,P1019,2,122.45,244.9,WH-CENTRAL,Online
T506805,2026-08-02,P1019,3,122.45,367.35,WH-CENTRAL,Online
T506806,2026-08-03,P1019,1,122.45,122.45,WH-CENTRAL,Online
T506807,2026-08-05,P1019,2,122.45,244.9,WH-CENTRAL,Online
T506808,2026-08-07,P1019,1,122.45,122.45,WH-CENTRAL,Online
T506809,2026-08-08,P1019,1,122.45,122.45,WH-CENTRAL,In-Store
T506810,2026-08-09,P1019,2,122.45,244.9,WH-CENTRAL,Online
T506811,2026-08-11,P1019,1,122.45,122.45,WH-CENTRAL,In-Store
T506812,2026-08-12,P1019,1,122.45,122.45,WH-CENTRAL,In-Store
T506813,2026-08-13,P1019,1,122.45,122.45,WH-CENTRAL,Online
T506814,2025-08-15,P1020,7,18.18,127.26,WH-EAST,Online
T506815,2025-08-16,P1020,10,18.18,181.8,WH-EAST,In-Store
T506816,2025-08-17,P1020,9,18.18,163.62,WH-EAST,Online
T506817,2025-08-18,P1020,7,18.18,127.26,WH-EAST,In-Store
T506818,2025-08-19,P1020,9,18.18,163.62,WH-EAST,Online
T506819,2025-08-20,P1020,11,18.18,199.98,WH-EAST,Online
T506820,2025-08-21,P1020,10,18.18,181.8,WH-EAST,Online
T506821,2025-08-22,P1020,8,18.18,145.44,WH-EAST,In-Store
T506822,2025-08-23,P1020,16,18.18,290.88,WH-EAST,Online
T506823,2025-08-24,P1020,8,18.18,145.44,WH-EAST,In-Store
T506824,2025-08-25,P1020,7,18.18,127.26,WH-EAST,Online
T506825,2025-08-26,P1020,7,18.18,127.26,WH-EAST,In-Store
T506826,2025-08-27,P1020,8,18.18,145.44,WH-EAST,Online
T506827,2025-08-28,P1020,8,18.18,145.44,WH-EAST,In-Store
T506828,2025-08-29,P1020,10,18.18,181.8,WH-EAST,In-Store
T506829,2025-08-30,P1020,13,18.18,236.34,WH-EAST,Online
T506830,2025-08-31,P1020,20,18.18,363.6,WH-EAST,Online
T506831,2025-09-01,P1020,11,18.18,199.98,WH-EAST,Online
T506832,2025-09-02,P1020,10,18.18,181.8,WH-EAST,In-Store
T506833,2025-09-03,P1020,11,18.18,199.98,WH-EAST,Online
T506834,2025-09-04,P1020,9,18.18,163.62,WH-EAST,In-Store
T506835,2025-09-05,P1020,7,18.18,127.26,WH-EAST,Online
T506836,2025-09-06,P1020,14,18.18,254.52,WH-EAST,In-Store
T506837,2025-09-07,P1020,13,18.18,236.34,WH-EAST,Online
T506838,2025-09-08,P1020,10,18.18,181.8,WH-EAST,Online
T506839,2025-09-09,P1020,17,18.18,309.06,WH-EAST,Online
T506840,2025-09-10,P1020,13,18.18,236.34,WH-EAST,Online
T506841,2025-09-11,P1020,11,18.18,199.98,WH-EAST,In-Store
T506842,2025-09-12,P1020,8,18.18,145.44,WH-EAST,In-Store
T506843,2025-09-13,P1020,17,18.18,309.06,WH-EAST,Online
T506844,2025-09-14,P1020,8,18.18,145.44,WH-EAST,In-Store
T506845,2025-09-15,P1020,11,18.18,199.98,WH-EAST,Online
T506846,2025-09-16,P1020,10,18.18,181.8,WH-EAST,In-Store
T506847,2025-09-17,P1020,7,18.18,127.26,WH-EAST,Online
T506848,2025-09-18,P1020,10,18.18,181.8,WH-EAST,Online
T506849,2025-09-19,P1020,9,18.18,163.62,WH-EAST,In-Store
T506850,2025-09-20,P1020,12,18.18,218.16,WH-EAST,Online
T506851,2025-09-21,P1020,11,18.18,199.98,WH-EAST,Online
T506852,2025-09-22,P1020,6,18.18,109.08,WH-EAST,Online
T506853,2025-09-23,P1020,8,18.18,145.44,WH-EAST,In-Store
T506854,2025-09-24,P1020,7,18.18,127.26,WH-EAST,In-Store
T506855,2025-09-25,P1020,7,18.18,127.26,WH-EAST,Online
T506856,2025-09-26,P1020,5,18.18,90.9,WH-EAST,Online
T506857,2025-09-27,P1020,14,18.18,254.52,WH-EAST,Online
T506858,2025-09-28,P1020,16,18.18,290.88,WH-EAST,Online
T506859,2025-09-29,P1020,10,18.18,181.8,WH-EAST,In-Store
T506860,2025-09-30,P1020,3,18.18,54.54,WH-EAST,In-Store
T506861,2025-10-01,P1020,9,18.18,163.62,WH-EAST,Online
T506862,2025-10-02,P1020,9,18.18,163.62,WH-EAST,In-Store
T506863,2025-10-03,P1020,11,18.18,199.98,WH-EAST,Online
T506864,2025-10-04,P1020,20,18.18,363.6,WH-EAST,Online
T506865,2025-10-05,P1020,16,18.18,290.88,WH-EAST,In-Store
T506866,2025-10-06,P1020,12,18.18,218.16,WH-EAST,Online
T506867,2025-10-07,P1020,7,18.18,127.26,WH-EAST,Online
T506868,2025-10-08,P1020,3,18.18,54.54,WH-EAST,Online
T506869,2025-10-09,P1020,6,18.18,109.08,WH-EAST,Online
T506870,2025-10-10,P1020,8,18.18,145.44,WH-EAST,Online
T506871,2025-10-11,P1020,25,18.18,454.5,WH-EAST,Online
T506872,2025-10-12,P1020,9,18.18,163.62,WH-EAST,Online
T506873,2025-10-13,P1020,10,18.18,181.8,WH-EAST,Online
T506874,2025-10-14,P1020,4,18.18,72.72,WH-EAST,In-Store
T506875,2025-10-15,P1020,12,18.18,218.16,WH-EAST,In-Store
T506876,2025-10-16,P1020,16,18.18,290.88,WH-EAST,Online
T506877,2025-10-17,P1020,7,18.18,127.26,WH-EAST,In-Store
T506878,2025-10-18,P1020,22,18.18,399.96,WH-EAST,In-Store
T506879,2025-10-19,P1020,19,18.18,345.42,WH-EAST,Online
T506880,2025-10-20,P1020,11,18.18,199.98,WH-EAST,Online
T506881,2025-10-21,P1020,7,18.18,127.26,WH-EAST,In-Store
T506882,2025-10-22,P1020,9,18.18,163.62,WH-EAST,Online
T506883,2025-10-23,P1020,18,18.18,327.24,WH-EAST,Online
T506884,2025-10-24,P1020,12,18.18,218.16,WH-EAST,In-Store
T506885,2025-10-25,P1020,21,18.18,381.78,WH-EAST,Online
T506886,2025-10-26,P1020,17,18.18,309.06,WH-EAST,Online
T506887,2025-10-27,P1020,10,18.18,181.8,WH-EAST,Online
T506888,2025-10-28,P1020,10,18.18,181.8,WH-EAST,Online
T506889,2025-10-29,P1020,12,18.18,218.16,WH-EAST,Online
T506890,2025-10-30,P1020,6,18.18,109.08,WH-EAST,Online
T506891,2025-10-31,P1020,14,18.18,254.52,WH-EAST,Online
T506892,2025-11-01,P1020,14,18.18,254.52,WH-EAST,In-Store
T506893,2025-11-02,P1020,13,18.18,236.34,WH-EAST,Online
T506894,2025-11-03,P1020,14,18.18,254.52,WH-EAST,In-Store
T506895,2025-11-04,P1020,9,18.18,163.62,WH-EAST,Online
T506896,2025-11-05,P1020,13,18.18,236.34,WH-EAST,Online
T506897,2025-11-06,P1020,9,18.18,163.62,WH-EAST,Online
T506898,2025-11-07,P1020,16,18.18,290.88,WH-EAST,Online
T506899,2025-11-08,P1020,14,18.18,254.52,WH-EAST,In-Store
T506900,2025-11-09,P1020,24,18.18,436.32,WH-EAST,In-Store
T506901,2025-11-10,P1020,8,18.18,145.44,WH-EAST,Online
T506902,2025-11-11,P1020,12,18.18,218.16,WH-EAST,In-Store
T506903,2025-11-12,P1020,7,18.18,127.26,WH-EAST,Online
T506904,2025-11-13,P1020,9,18.18,163.62,WH-EAST,Online
T506905,2025-11-14,P1020,4,18.18,72.72,WH-EAST,Online
T506906,2025-11-15,P1020,16,18.18,290.88,WH-EAST,Online
T506907,2025-11-16,P1020,19,18.18,345.42,WH-EAST,Online
T506908,2025-11-17,P1020,10,18.18,181.8,WH-EAST,Online
T506909,2025-11-18,P1020,9,18.18,163.62,WH-EAST,Online
T506910,2025-11-19,P1020,9,18.18,163.62,WH-EAST,Online
T506911,2025-11-20,P1020,7,18.18,127.26,WH-EAST,Online
T506912,2025-11-21,P1020,8,18.18,145.44,WH-EAST,In-Store
T506913,2025-11-22,P1020,14,18.18,254.52,WH-EAST,Online
T506914,2025-11-23,P1020,19,18.18,345.42,WH-EAST,In-Store
T506915,2025-11-24,P1020,7,18.18,127.26,WH-EAST,Online
T506916,2025-11-25,P1020,12,18.18,218.16,WH-EAST,Online
T506917,2025-11-26,P1020,12,18.18,218.16,WH-EAST,In-Store
T506918,2025-11-27,P1020,12,18.18,218.16,WH-EAST,Online
T506919,2025-11-28,P1020,4,18.18,72.72,WH-EAST,In-Store
T506920,2025-11-29,P1020,10,18.18,181.8,WH-EAST,In-Store
T506921,2025-11-30,P1020,18,18.18,327.24,WH-EAST,Online
T506922,2025-12-01,P1020,10,18.18,181.8,WH-EAST,Online
T506923,2025-12-02,P1020,13,18.18,236.34,WH-EAST,In-Store
T506924,2025-12-03,P1020,6,18.18,109.08,WH-EAST,In-Store
T506925,2025-12-04,P1020,13,18.18,236.34,WH-EAST,In-Store
T506926,2025-12-05,P1020,6,18.18,109.08,WH-EAST,Online
T506927,2025-12-06,P1020,11,18.18,199.98,WH-EAST,In-Store
T506928,2025-12-07,P1020,15,18.18,272.7,WH-EAST,Online
T506929,2025-12-08,P1020,6,18.18,109.08,WH-EAST,Online
T506930,2025-12-09,P1020,13,18.18,236.34,WH-EAST,Online
T506931,2025-12-10,P1020,8,18.18,145.44,WH-EAST,Online
T506932,2025-12-11,P1020,9,18.18,163.62,WH-EAST,Online
T506933,2025-12-12,P1020,8,18.18,145.44,WH-EAST,Online
T506934,2025-12-13,P1020,9,18.18,163.62,WH-EAST,Online
T506935,2025-12-14,P1020,21,18.18,381.78,WH-EAST,In-Store
T506936,2025-12-15,P1020,9,18.18,163.62,WH-EAST,Online
T506937,2025-12-16,P1020,11,18.18,199.98,WH-EAST,Online
T506938,2025-12-17,P1020,9,18.18,163.62,WH-EAST,In-Store
T506939,2025-12-18,P1020,16,18.18,290.88,WH-EAST,In-Store
T506940,2025-12-19,P1020,7,18.18,127.26,WH-EAST,Online
T506941,2025-12-20,P1020,14,18.18,254.52,WH-EAST,In-Store
T506942,2025-12-21,P1020,17,18.18,309.06,WH-EAST,Online
T506943,2025-12-22,P1020,7,18.18,127.26,WH-EAST,In-Store
T506944,2025-12-23,P1020,5,18.18,90.9,WH-EAST,Online
T506945,2025-12-24,P1020,14,18.18,254.52,WH-EAST,Online
T506946,2025-12-25,P1020,12,18.18,218.16,WH-EAST,Online
T506947,2025-12-26,P1020,7,18.18,127.26,WH-EAST,Online
T506948,2025-12-27,P1020,16,18.18,290.88,WH-EAST,Online
T506949,2025-12-28,P1020,11,18.18,199.98,WH-EAST,In-Store
T506950,2025-12-29,P1020,10,18.18,181.8,WH-EAST,In-Store
T506951,2025-12-30,P1020,7,18.18,127.26,WH-EAST,Online
T506952,2025-12-31,P1020,10,18.18,181.8,WH-EAST,In-Store
T506953,2026-01-01,P1020,7,18.18,127.26,WH-EAST,Online
T506954,2026-01-02,P1020,5,18.18,90.9,WH-EAST,Online
T506955,2026-01-03,P1020,9,18.18,163.62,WH-EAST,Online
T506956,2026-01-04,P1020,18,18.18,327.24,WH-EAST,Online
T506957,2026-01-05,P1020,9,18.18,163.62,WH-EAST,In-Store
T506958,2026-01-06,P1020,9,18.18,163.62,WH-EAST,In-Store
T506959,2026-01-07,P1020,13,18.18,236.34,WH-EAST,Online
T506960,2026-01-08,P1020,14,18.18,254.52,WH-EAST,In-Store
T506961,2026-01-09,P1020,10,18.18,181.8,WH-EAST,Online
T506962,2026-01-10,P1020,16,18.18,290.88,WH-EAST,In-Store
T506963,2026-01-11,P1020,17,18.18,309.06,WH-EAST,Online
T506964,2026-01-12,P1020,7,18.18,127.26,WH-EAST,Online
T506965,2026-01-13,P1020,10,18.18,181.8,WH-EAST,In-Store
T506966,2026-01-14,P1020,7,18.18,127.26,WH-EAST,Online
T506967,2026-01-15,P1020,9,18.18,163.62,WH-EAST,In-Store
T506968,2026-01-16,P1020,8,18.18,145.44,WH-EAST,Online
T506969,2026-01-17,P1020,14,18.18,254.52,WH-EAST,Online
T506970,2026-01-18,P1020,13,18.18,236.34,WH-EAST,Online
T506971,2026-01-19,P1020,11,18.18,199.98,WH-EAST,In-Store
T506972,2026-01-20,P1020,10,18.18,181.8,WH-EAST,Online
T506973,2026-01-21,P1020,10,18.18,181.8,WH-EAST,Online
T506974,2026-01-22,P1020,10,18.18,181.8,WH-EAST,Online
T506975,2026-01-23,P1020,6,18.18,109.08,WH-EAST,Online
T506976,2026-01-24,P1020,14,18.18,254.52,WH-EAST,In-Store
T506977,2026-01-25,P1020,16,18.18,290.88,WH-EAST,In-Store
T506978,2026-01-26,P1020,9,18.18,163.62,WH-EAST,Online
T506979,2026-01-27,P1020,7,18.18,127.26,WH-EAST,Online
T506980,2026-01-28,P1020,11,18.18,199.98,WH-EAST,Online
T506981,2026-01-29,P1020,7,18.18,127.26,WH-EAST,Online
T506982,2026-01-30,P1020,5,18.18,90.9,WH-EAST,Online
T506983,2026-01-31,P1020,15,18.18,272.7,WH-EAST,Online
T506984,2026-02-01,P1020,11,18.18,199.98,WH-EAST,Online
T506985,2026-02-02,P1020,12,18.18,218.16,WH-EAST,In-Store
T506986,2026-02-03,P1020,9,18.18,163.62,WH-EAST,In-Store
T506987,2026-02-04,P1020,11,18.18,199.98,WH-EAST,In-Store
T506988,2026-02-05,P1020,5,18.18,90.9,WH-EAST,Online
T506989,2026-02-06,P1020,8,18.18,145.44,WH-EAST,Online
T506990,2026-02-07,P1020,12,18.18,218.16,WH-EAST,In-Store
T506991,2026-02-08,P1020,11,18.18,199.98,WH-EAST,In-Store
T506992,2026-02-09,P1020,6,18.18,109.08,WH-EAST,Online
T506993,2026-02-10,P1020,6,18.18,109.08,WH-EAST,In-Store
T506994,2026-02-11,P1020,11,18.18,199.98,WH-EAST,Online
T506995,2026-02-12,P1020,5,18.18,90.9,WH-EAST,Online
T506996,2026-02-13,P1020,7,18.18,127.26,WH-EAST,Online
T506997,2026-02-14,P1020,8,18.18,145.44,WH-EAST,In-Store
T506998,2026-02-15,P1020,14,18.18,254.52,WH-EAST,In-Store
T506999,2026-02-16,P1020,10,18.18,181.8,WH-EAST,Online
T507000,2026-02-17,P1020,5,18.18,90.9,WH-EAST,Online
T507001,2026-02-18,P1020,9,18.18,163.62,WH-EAST,Online
T507002,2026-02-19,P1020,13,18.18,236.34,WH-EAST,Online
T507003,2026-02-20,P1020,4,18.18,72.72,WH-EAST,Online
T507004,2026-02-21,P1020,14,18.18,254.52,WH-EAST,In-Store
T507005,2026-02-22,P1020,16,18.18,290.88,WH-EAST,In-Store
T507006,2026-02-23,P1020,10,18.18,181.8,WH-EAST,Online
T507007,2026-02-24,P1020,5,18.18,90.9,WH-EAST,Online
T507008,2026-02-25,P1020,7,18.18,127.26,WH-EAST,In-Store
T507009,2026-02-26,P1020,5,18.18,90.9,WH-EAST,In-Store
T507010,2026-02-27,P1020,7,18.18,127.26,WH-EAST,Online
T507011,2026-02-28,P1020,14,18.18,254.52,WH-EAST,In-Store
T507012,2026-03-01,P1020,16,18.18,290.88,WH-EAST,In-Store
T507013,2026-03-02,P1020,6,18.18,109.08,WH-EAST,Online
T507014,2026-03-03,P1020,6,18.18,109.08,WH-EAST,Online
T507015,2026-03-04,P1020,10,18.18,181.8,WH-EAST,In-Store
T507016,2026-03-05,P1020,8,18.18,145.44,WH-EAST,Online
T507017,2026-03-06,P1020,6,18.18,109.08,WH-EAST,Online
T507018,2026-03-07,P1020,16,18.18,290.88,WH-EAST,In-Store
T507019,2026-03-08,P1020,12,18.18,218.16,WH-EAST,In-Store
T507020,2026-03-09,P1020,5,18.18,90.9,WH-EAST,Online
T507021,2026-03-10,P1020,7,18.18,127.26,WH-EAST,In-Store
T507022,2026-03-11,P1020,6,18.18,109.08,WH-EAST,In-Store
T507023,2026-03-12,P1020,7,18.18,127.26,WH-EAST,In-Store
T507024,2026-03-13,P1020,6,18.18,109.08,WH-EAST,Online
T507025,2026-03-14,P1020,9,18.18,163.62,WH-EAST,Online
T507026,2026-03-15,P1020,11,18.18,199.98,WH-EAST,Online
T507027,2026-03-16,P1020,9,18.18,163.62,WH-EAST,Online
T507028,2026-03-17,P1020,9,18.18,163.62,WH-EAST,In-Store
T507029,2026-03-18,P1020,7,18.18,127.26,WH-EAST,Online
T507030,2026-03-19,P1020,6,18.18,109.08,WH-EAST,Online
T507031,2026-03-20,P1020,7,18.18,127.26,WH-EAST,Online
T507032,2026-03-21,P1020,8,18.18,145.44,WH-EAST,Online
T507033,2026-03-22,P1020,11,18.18,199.98,WH-EAST,In-Store
T507034,2026-03-23,P1020,3,18.18,54.54,WH-EAST,Online
T507035,2026-03-24,P1020,9,18.18,163.62,WH-EAST,In-Store
T507036,2026-03-25,P1020,6,18.18,109.08,WH-EAST,In-Store
T507037,2026-03-26,P1020,8,18.18,145.44,WH-EAST,In-Store
T507038,2026-03-27,P1020,6,18.18,109.08,WH-EAST,Online
T507039,2026-03-28,P1020,8,18.18,145.44,WH-EAST,Online
T507040,2026-03-29,P1020,9,18.18,163.62,WH-EAST,Online
T507041,2026-03-30,P1020,6,18.18,109.08,WH-EAST,Online
T507042,2026-03-31,P1020,10,18.18,181.8,WH-EAST,In-Store
T507043,2026-04-01,P1020,5,18.18,90.9,WH-EAST,Online
T507044,2026-04-02,P1020,7,18.18,127.26,WH-EAST,Online
T507045,2026-04-03,P1020,3,18.18,54.54,WH-EAST,Online
T507046,2026-04-04,P1020,13,18.18,236.34,WH-EAST,Online
T507047,2026-04-05,P1020,9,18.18,163.62,WH-EAST,In-Store
T507048,2026-04-06,P1020,3,18.18,54.54,WH-EAST,In-Store
T507049,2026-04-07,P1020,1,18.18,18.18,WH-EAST,Online
T507050,2026-04-08,P1020,2,18.18,36.36,WH-EAST,Online
T507051,2026-04-09,P1020,6,18.18,109.08,WH-EAST,Online
T507052,2026-04-10,P1020,5,18.18,90.9,WH-EAST,In-Store
T507053,2026-04-11,P1020,6,18.18,109.08,WH-EAST,In-Store
T507054,2026-04-12,P1020,8,18.18,145.44,WH-EAST,Online
T507055,2026-04-13,P1020,7,18.18,127.26,WH-EAST,In-Store
T507056,2026-04-14,P1020,3,18.18,54.54,WH-EAST,Online
T507057,2026-04-15,P1020,9,18.18,163.62,WH-EAST,Online
T507058,2026-04-16,P1020,4,18.18,72.72,WH-EAST,Online
T507059,2026-04-17,P1020,7,18.18,127.26,WH-EAST,In-Store
T507060,2026-04-18,P1020,11,18.18,199.98,WH-EAST,Online
T507061,2026-04-19,P1020,5,18.18,90.9,WH-EAST,Online
T507062,2026-04-20,P1020,8,18.18,145.44,WH-EAST,In-Store
T507063,2026-04-21,P1020,7,18.18,127.26,WH-EAST,Online
T507064,2026-04-22,P1020,2,18.18,36.36,WH-EAST,In-Store
T507065,2026-04-23,P1020,2,18.18,36.36,WH-EAST,Online
T507066,2026-04-24,P1020,5,18.18,90.9,WH-EAST,In-Store
T507067,2026-04-25,P1020,4,18.18,72.72,WH-EAST,In-Store
T507068,2026-04-26,P1020,12,18.18,218.16,WH-EAST,Online
T507069,2026-04-27,P1020,5,18.18,90.9,WH-EAST,Online
T507070,2026-04-28,P1020,10,18.18,181.8,WH-EAST,Online
T507071,2026-04-29,P1020,5,18.18,90.9,WH-EAST,Online
T507072,2026-04-30,P1020,6,18.18,109.08,WH-EAST,Online
T507073,2026-05-01,P1020,7,18.18,127.26,WH-EAST,In-Store
T507074,2026-05-02,P1020,8,18.18,145.44,WH-EAST,In-Store
T507075,2026-05-03,P1020,7,18.18,127.26,WH-EAST,Online
T507076,2026-05-04,P1020,10,18.18,181.8,WH-EAST,In-Store
T507077,2026-05-05,P1020,5,18.18,90.9,WH-EAST,In-Store
T507078,2026-05-06,P1020,3,18.18,54.54,WH-EAST,In-Store
T507079,2026-05-07,P1020,5,18.18,90.9,WH-EAST,Online
T507080,2026-05-08,P1020,6,18.18,109.08,WH-EAST,In-Store
T507081,2026-05-09,P1020,8,18.18,145.44,WH-EAST,Online
T507082,2026-05-10,P1020,6,18.18,109.08,WH-EAST,Online
T507083,2026-05-11,P1020,4,18.18,72.72,WH-EAST,In-Store
T507084,2026-05-12,P1020,6,18.18,109.08,WH-EAST,In-Store
T507085,2026-05-13,P1020,4,18.18,72.72,WH-EAST,Online
T507086,2026-05-14,P1020,7,18.18,127.26,WH-EAST,Online
T507087,2026-05-15,P1020,6,18.18,109.08,WH-EAST,Online
T507088,2026-05-16,P1020,13,18.18,236.34,WH-EAST,Online
T507089,2026-05-17,P1020,9,18.18,163.62,WH-EAST,Online
T507090,2026-05-18,P1020,3,18.18,54.54,WH-EAST,Online
T507091,2026-05-19,P1020,6,18.18,109.08,WH-EAST,Online
T507092,2026-05-20,P1020,3,18.18,54.54,WH-EAST,In-Store
T507093,2026-05-21,P1020,4,18.18,72.72,WH-EAST,Online
T507094,2026-05-22,P1020,5,18.18,90.9,WH-EAST,Online
T507095,2026-05-23,P1020,6,18.18,109.08,WH-EAST,Online
T507096,2026-05-24,P1020,6,18.18,109.08,WH-EAST,Online
T507097,2026-05-25,P1020,1,18.18,18.18,WH-EAST,Online
T507098,2026-05-26,P1020,3,18.18,54.54,WH-EAST,In-Store
T507099,2026-05-27,P1020,2,18.18,36.36,WH-EAST,Online
T507100,2026-05-28,P1020,8,18.18,145.44,WH-EAST,Online
T507101,2026-05-29,P1020,12,18.18,218.16,WH-EAST,In-Store
T507102,2026-05-30,P1020,9,18.18,163.62,WH-EAST,Online
T507103,2026-05-31,P1020,10,18.18,181.8,WH-EAST,In-Store
T507104,2026-06-01,P1020,5,18.18,90.9,WH-EAST,Online
T507105,2026-06-02,P1020,7,18.18,127.26,WH-EAST,In-Store
T507106,2026-06-03,P1020,7,18.18,127.26,WH-EAST,In-Store
T507107,2026-06-04,P1020,3,18.18,54.54,WH-EAST,Online
T507108,2026-06-05,P1020,3,18.18,54.54,WH-EAST,In-Store
T507109,2026-06-06,P1020,5,18.18,90.9,WH-EAST,Online
T507110,2026-06-07,P1020,13,18.18,236.34,WH-EAST,In-Store
T507111,2026-06-08,P1020,8,18.18,145.44,WH-EAST,Online
T507112,2026-06-09,P1020,7,18.18,127.26,WH-EAST,Online
T507113,2026-06-10,P1020,4,18.18,72.72,WH-EAST,Online
T507114,2026-06-11,P1020,7,18.18,127.26,WH-EAST,Online
T507115,2026-06-12,P1020,5,18.18,90.9,WH-EAST,Online
T507116,2026-06-13,P1020,7,18.18,127.26,WH-EAST,Online
T507117,2026-06-14,P1020,10,18.18,181.8,WH-EAST,Online
T507118,2026-06-15,P1020,3,18.18,54.54,WH-EAST,Online
T507119,2026-06-16,P1020,6,18.18,109.08,WH-EAST,In-Store
T507120,2026-06-17,P1020,4,18.18,72.72,WH-EAST,In-Store
T507121,2026-06-18,P1020,6,18.18,109.08,WH-EAST,In-Store
T507122,2026-06-19,P1020,9,18.18,163.62,WH-EAST,In-Store
T507123,2026-06-20,P1020,9,18.18,163.62,WH-EAST,Online
T507124,2026-06-21,P1020,16,18.18,290.88,WH-EAST,Online
T507125,2026-06-22,P1020,8,18.18,145.44,WH-EAST,Online
T507126,2026-06-23,P1020,10,18.18,181.8,WH-EAST,Online
T507127,2026-06-24,P1020,6,18.18,109.08,WH-EAST,Online
T507128,2026-06-25,P1020,9,18.18,163.62,WH-EAST,In-Store
T507129,2026-06-26,P1020,13,18.18,236.34,WH-EAST,Online
T507130,2026-06-27,P1020,9,18.18,163.62,WH-EAST,Online
T507131,2026-06-28,P1020,7,18.18,127.26,WH-EAST,In-Store
T507132,2026-06-29,P1020,5,18.18,90.9,WH-EAST,Online
T507133,2026-06-30,P1020,12,18.18,218.16,WH-EAST,In-Store
T507134,2026-07-01,P1020,6,18.18,109.08,WH-EAST,Online
T507135,2026-07-02,P1020,7,18.18,127.26,WH-EAST,In-Store
T507136,2026-07-03,P1020,5,18.18,90.9,WH-EAST,In-Store
T507137,2026-07-04,P1020,6,18.18,109.08,WH-EAST,Online
T507138,2026-07-05,P1020,7,18.18,127.26,WH-EAST,Online
T507139,2026-07-06,P1020,8,18.18,145.44,WH-EAST,Online
T507140,2026-07-07,P1020,8,18.18,145.44,WH-EAST,Online
T507141,2026-07-08,P1020,10,18.18,181.8,WH-EAST,Online
T507142,2026-07-09,P1020,5,18.18,90.9,WH-EAST,Online
T507143,2026-07-10,P1020,4,18.18,72.72,WH-EAST,In-Store
T507144,2026-07-11,P1020,8,18.18,145.44,WH-EAST,In-Store
T507145,2026-07-12,P1020,6,18.18,109.08,WH-EAST,Online
T507146,2026-07-13,P1020,4,18.18,72.72,WH-EAST,Online
T507147,2026-07-14,P1020,6,18.18,109.08,WH-EAST,Online
T507148,2026-07-15,P1020,13,18.18,236.34,WH-EAST,In-Store
T507149,2026-07-16,P1020,4,18.18,72.72,WH-EAST,Online
T507150,2026-07-17,P1020,6,18.18,109.08,WH-EAST,In-Store
T507151,2026-07-18,P1020,16,18.18,290.88,WH-EAST,Online
T507152,2026-07-19,P1020,8,18.18,145.44,WH-EAST,Online
T507153,2026-07-20,P1020,8,18.18,145.44,WH-EAST,Online
T507154,2026-07-21,P1020,4,18.18,72.72,WH-EAST,Online
T507155,2026-07-22,P1020,9,18.18,163.62,WH-EAST,In-Store
T507156,2026-07-23,P1020,5,18.18,90.9,WH-EAST,Online
T507157,2026-07-24,P1020,5,18.18,90.9,WH-EAST,In-Store
T507158,2026-07-25,P1020,11,18.18,199.98,WH-EAST,Online
T507159,2026-07-26,P1020,16,18.18,290.88,WH-EAST,Online
T507160,2026-07-27,P1020,10,18.18,181.8,WH-EAST,In-Store
T507161,2026-07-28,P1020,9,18.18,163.62,WH-EAST,Online
T507162,2026-07-29,P1020,5,18.18,90.9,WH-EAST,In-Store
T507163,2026-07-30,P1020,8,18.18,145.44,WH-EAST,Online
T507164,2026-07-31,P1020,6,18.18,109.08,WH-EAST,Online
T507165,2026-08-01,P1020,11,18.18,199.98,WH-EAST,In-Store
T507166,2026-08-02,P1020,9,18.18,163.62,WH-EAST,Online
T507167,2026-08-03,P1020,10,18.18,181.8,WH-EAST,Online
T507168,2026-08-04,P1020,10,18.18,181.8,WH-EAST,In-Store
T507169,2026-08-05,P1020,5,18.18,90.9,WH-EAST,Online
T507170,2026-08-06,P1020,6,18.18,109.08,WH-EAST,Online
T507171,2026-08-07,P1020,3,18.18,54.54,WH-EAST,Online
T507172,2026-08-08,P1020,8,18.18,145.44,WH-EAST,Online
T507173,2026-08-09,P1020,8,18.18,145.44,WH-EAST,Online
T507174,2026-08-10,P1020,4,18.18,72.72,WH-EAST,Online
T507175,2026-08-11,P1020,8,18.18,145.44,WH-EAST,Online
T507176,2026-08-12,P1020,4,18.18,72.72,WH-EAST,In-Store
T507177,2026-08-13,P1020,3,18.18,54.54,WH-EAST,In-Store
T507178,2025-08-15,P1021,1,78.12,78.12,WH-CENTRAL,Online
T507179,2025-08-18,P1021,1,78.12,78.12,WH-CENTRAL,In-Store
T507180,2025-08-21,P1021,2,78.12,156.24,WH-CENTRAL,Online
T507181,2025-08-24,P1021,1,78.12,78.12,WH-CENTRAL,In-Store
T507182,2025-08-25,P1021,2,78.12,156.24,WH-CENTRAL,In-Store
T507183,2025-08-27,P1021,1,78.12,78.12,WH-CENTRAL,Online
T507184,2025-08-28,P1021,1,78.12,78.12,WH-CENTRAL,In-Store
T507185,2025-08-29,P1021,1,78.12,78.12,WH-CENTRAL,In-Store
T507186,2025-08-31,P1021,2,78.12,156.24,WH-CENTRAL,Online
T507187,2025-09-01,P1021,1,78.12,78.12,WH-CENTRAL,In-Store
T507188,2025-09-03,P1021,1,78.12,78.12,WH-CENTRAL,In-Store
T507189,2025-09-06,P1021,4,78.12,312.48,WH-CENTRAL,Online
T507190,2025-09-10,P1021,1,78.12,78.12,WH-CENTRAL,Online
T507191,2025-09-11,P1021,1,78.12,78.12,WH-CENTRAL,Online
T507192,2025-09-13,P1021,1,78.12,78.12,WH-CENTRAL,In-Store
T507193,2025-09-14,P1021,1,78.12,78.12,WH-CENTRAL,Online
T507194,2025-09-15,P1021,2,78.12,156.24,WH-CENTRAL,Online
T507195,2025-09-18,P1021,1,78.12,78.12,WH-CENTRAL,Online
T507196,2025-09-19,P1021,1,78.12,78.12,WH-CENTRAL,In-Store
T507197,2025-09-20,P1021,1,78.12,78.12,WH-CENTRAL,Online
T507198,2025-09-22,P1021,2,78.12,156.24,WH-CENTRAL,Online
T507199,2025-09-23,P1021,1,78.12,78.12,WH-CENTRAL,Online
T507200,2025-09-24,P1021,1,78.12,78.12,WH-CENTRAL,In-Store
T507201,2025-09-25,P1021,1,78.12,78.12,WH-CENTRAL,In-Store
T507202,2025-09-27,P1021,1,78.12,78.12,WH-CENTRAL,In-Store
T507203,2025-09-28,P1021,1,78.12,78.12,WH-CENTRAL,Online
T507204,2025-09-29,P1021,1,78.12,78.12,WH-CENTRAL,Online
T507205,2025-09-30,P1021,2,78.12,156.24,WH-CENTRAL,Online
T507206,2025-10-01,P1021,1,78.12,78.12,WH-CENTRAL,Online
T507207,2025-10-04,P1021,2,78.12,156.24,WH-CENTRAL,Online
T507208,2025-10-07,P1021,1,78.12,78.12,WH-CENTRAL,Online
T507209,2025-10-09,P1021,1,78.12,78.12,WH-CENTRAL,Online
T507210,2025-10-11,P1021,1,78.12,78.12,WH-CENTRAL,Online
T507211,2025-10-12,P1021,1,78.12,78.12,WH-CENTRAL,Online
T507212,2025-10-13,P1021,1,78.12,78.12,WH-CENTRAL,Online
T507213,2025-10-14,P1021,1,78.12,78.12,WH-CENTRAL,Online
T507214,2025-10-16,P1021,1,78.12,78.12,WH-CENTRAL,In-Store
T507215,2025-10-17,P1021,1,78.12,78.12,WH-CENTRAL,In-Store
T507216,2025-10-22,P1021,1,78.12,78.12,WH-CENTRAL,In-Store
T507217,2025-10-23,P1021,1,78.12,78.12,WH-CENTRAL,Online
T507218,2025-10-24,P1021,2,78.12,156.24,WH-CENTRAL,Online
T507219,2025-10-25,P1021,1,78.12,78.12,WH-CENTRAL,Online
T507220,2025-10-26,P1021,1,78.12,78.12,WH-CENTRAL,Online
T507221,2025-10-27,P1021,2,78.12,156.24,WH-CENTRAL,Online
T507222,2025-10-28,P1021,2,78.12,156.24,WH-CENTRAL,Online
T507223,2025-10-29,P1021,1,78.12,78.12,WH-CENTRAL,Online
T507224,2025-11-01,P1021,1,78.12,78.12,WH-CENTRAL,Online
T507225,2025-11-02,P1021,1,78.12,78.12,WH-CENTRAL,Online
T507226,2025-11-05,P1021,1,78.12,78.12,WH-CENTRAL,Online
T507227,2025-11-06,P1021,1,78.12,78.12,WH-CENTRAL,In-Store
T507228,2025-11-09,P1021,1,78.12,78.12,WH-CENTRAL,Online
T507229,2025-11-12,P1021,1,78.12,78.12,WH-CENTRAL,Online
T507230,2025-11-14,P1021,1,78.12,78.12,WH-CENTRAL,In-Store
T507231,2025-11-15,P1021,1,78.12,78.12,WH-CENTRAL,Online
T507232,2025-11-16,P1021,1,78.12,78.12,WH-CENTRAL,Online
T507233,2025-11-17,P1021,1,78.12,78.12,WH-CENTRAL,In-Store
T507234,2025-11-19,P1021,1,78.12,78.12,WH-CENTRAL,Online
T507235,2025-11-20,P1021,3,78.12,234.36,WH-CENTRAL,Online
T507236,2025-11-22,P1021,1,78.12,78.12,WH-CENTRAL,In-Store
T507237,2025-11-24,P1021,1,78.12,78.12,WH-CENTRAL,In-Store
T507238,2025-11-25,P1021,1,78.12,78.12,WH-CENTRAL,Online
T507239,2025-11-26,P1021,3,78.12,234.36,WH-CENTRAL,Online
T507240,2025-11-29,P1021,1,78.12,78.12,WH-CENTRAL,Online
T507241,2025-12-05,P1021,1,78.12,78.12,WH-CENTRAL,In-Store
T507242,2025-12-06,P1021,1,78.12,78.12,WH-CENTRAL,Online
T507243,2025-12-08,P1021,2,78.12,156.24,WH-CENTRAL,In-Store
T507244,2025-12-09,P1021,5,78.12,390.6,WH-CENTRAL,In-Store
T507245,2025-12-10,P1021,1,78.12,78.12,WH-CENTRAL,Online
T507246,2025-12-11,P1021,1,78.12,78.12,WH-CENTRAL,In-Store
T507247,2025-12-13,P1021,1,78.12,78.12,WH-CENTRAL,Online
T507248,2025-12-14,P1021,1,78.12,78.12,WH-CENTRAL,In-Store
T507249,2025-12-16,P1021,1,78.12,78.12,WH-CENTRAL,Online
T507250,2025-12-17,P1021,1,78.12,78.12,WH-CENTRAL,In-Store
T507251,2025-12-18,P1021,1,78.12,78.12,WH-CENTRAL,Online
T507252,2025-12-22,P1021,2,78.12,156.24,WH-CENTRAL,Online
T507253,2025-12-23,P1021,1,78.12,78.12,WH-CENTRAL,In-Store
T507254,2025-12-25,P1021,2,78.12,156.24,WH-CENTRAL,In-Store
T507255,2025-12-26,P1021,2,78.12,156.24,WH-CENTRAL,Online
T507256,2025-12-27,P1021,1,78.12,78.12,WH-CENTRAL,Online
T507257,2025-12-28,P1021,1,78.12,78.12,WH-CENTRAL,Online
T507258,2026-01-01,P1021,2,78.12,156.24,WH-CENTRAL,Online
T507259,2026-01-02,P1021,1,78.12,78.12,WH-CENTRAL,Online
T507260,2026-01-04,P1021,1,78.12,78.12,WH-CENTRAL,In-Store
T507261,2026-01-05,P1021,1,78.12,78.12,WH-CENTRAL,Online
T507262,2026-01-07,P1021,1,78.12,78.12,WH-CENTRAL,Online
T507263,2026-01-09,P1021,1,78.12,78.12,WH-CENTRAL,Online
T507264,2026-01-10,P1021,2,78.12,156.24,WH-CENTRAL,In-Store
T507265,2026-01-11,P1021,1,78.12,78.12,WH-CENTRAL,Online
T507266,2026-01-12,P1021,1,78.12,78.12,WH-CENTRAL,In-Store
T507267,2026-01-14,P1021,1,78.12,78.12,WH-CENTRAL,In-Store
T507268,2026-01-19,P1021,1,78.12,78.12,WH-CENTRAL,Online
T507269,2026-01-20,P1021,1,78.12,78.12,WH-CENTRAL,Online
T507270,2026-01-22,P1021,2,78.12,156.24,WH-CENTRAL,In-Store
T507271,2026-01-23,P1021,2,78.12,156.24,WH-CENTRAL,Online
T507272,2026-01-26,P1021,1,78.12,78.12,WH-CENTRAL,In-Store
T507273,2026-01-31,P1021,2,78.12,156.24,WH-CENTRAL,Online
T507274,2026-02-03,P1021,1,78.12,78.12,WH-CENTRAL,Online
T507275,2026-02-04,P1021,1,78.12,78.12,WH-CENTRAL,Online
T507276,2026-02-05,P1021,1,78.12,78.12,WH-CENTRAL,Online
T507277,2026-02-06,P1021,1,78.12,78.12,WH-CENTRAL,Online
T507278,2026-02-08,P1021,1,78.12,78.12,WH-CENTRAL,Online
T507279,2026-02-14,P1021,2,78.12,156.24,WH-CENTRAL,In-Store
T507280,2026-02-16,P1021,1,78.12,78.12,WH-CENTRAL,Online
T507281,2026-02-19,P1021,1,78.12,78.12,WH-CENTRAL,Online
T507282,2026-02-20,P1021,2,78.12,156.24,WH-CENTRAL,Online
T507283,2026-02-21,P1021,1,78.12,78.12,WH-CENTRAL,Online
T507284,2026-02-22,P1021,1,78.12,78.12,WH-CENTRAL,In-Store
T507285,2026-02-24,P1021,1,78.12,78.12,WH-CENTRAL,Online
T507286,2026-02-25,P1021,2,78.12,156.24,WH-CENTRAL,Online
T507287,2026-02-26,P1021,3,78.12,234.36,WH-CENTRAL,Online
T507288,2026-02-28,P1021,2,78.12,156.24,WH-CENTRAL,Online
T507289,2026-03-02,P1021,1,78.12,78.12,WH-CENTRAL,Online
T507290,2026-03-04,P1021,2,78.12,156.24,WH-CENTRAL,In-Store
T507291,2026-03-06,P1021,3,78.12,234.36,WH-CENTRAL,Online
T507292,2026-03-07,P1021,2,78.12,156.24,WH-CENTRAL,Online
T507293,2026-03-09,P1021,1,78.12,78.12,WH-CENTRAL,Online
T507294,2026-03-14,P1021,2,78.12,156.24,WH-CENTRAL,Online
T507295,2026-03-17,P1021,1,78.12,78.12,WH-CENTRAL,Online
T507296,2026-03-18,P1021,1,78.12,78.12,WH-CENTRAL,Online
T507297,2026-03-22,P1021,3,78.12,234.36,WH-CENTRAL,In-Store
T507298,2026-03-27,P1021,1,78.12,78.12,WH-CENTRAL,Online
T507299,2026-03-30,P1021,2,78.12,156.24,WH-CENTRAL,In-Store
T507300,2026-04-02,P1021,1,78.12,78.12,WH-CENTRAL,Online
T507301,2026-04-03,P1021,1,78.12,78.12,WH-CENTRAL,Online
T507302,2026-04-04,P1021,1,78.12,78.12,WH-CENTRAL,Online
T507303,2026-04-06,P1021,1,78.12,78.12,WH-CENTRAL,In-Store
T507304,2026-04-13,P1021,2,78.12,156.24,WH-CENTRAL,Online
T507305,2026-04-18,P1021,2,78.12,156.24,WH-CENTRAL,In-Store
T507306,2026-04-21,P1021,1,78.12,78.12,WH-CENTRAL,Online
T507307,2026-04-22,P1021,1,78.12,78.12,WH-CENTRAL,In-Store
T507308,2026-04-24,P1021,2,78.12,156.24,WH-CENTRAL,Online
T507309,2026-04-28,P1021,2,78.12,156.24,WH-CENTRAL,In-Store
T507310,2026-04-29,P1021,1,78.12,78.12,WH-CENTRAL,Online
T507311,2026-05-04,P1021,1,78.12,78.12,WH-CENTRAL,Online
T507312,2026-05-05,P1021,2,78.12,156.24,WH-CENTRAL,Online
T507313,2026-05-11,P1021,1,78.12,78.12,WH-CENTRAL,Online
T507314,2026-05-15,P1021,1,78.12,78.12,WH-CENTRAL,Online
T507315,2026-05-16,P1021,1,78.12,78.12,WH-CENTRAL,In-Store
T507316,2026-05-20,P1021,1,78.12,78.12,WH-CENTRAL,In-Store
T507317,2026-05-21,P1021,1,78.12,78.12,WH-CENTRAL,Online
T507318,2026-05-24,P1021,1,78.12,78.12,WH-CENTRAL,Online
T507319,2026-05-31,P1021,2,78.12,156.24,WH-CENTRAL,Online
T507320,2026-06-01,P1021,1,78.12,78.12,WH-CENTRAL,Online
T507321,2026-06-04,P1021,1,78.12,78.12,WH-CENTRAL,Online
T507322,2026-06-06,P1021,1,78.12,78.12,WH-CENTRAL,Online
T507323,2026-06-07,P1021,1,78.12,78.12,WH-CENTRAL,In-Store
T507324,2026-06-08,P1021,1,78.12,78.12,WH-CENTRAL,In-Store
T507325,2026-06-09,P1021,1,78.12,78.12,WH-CENTRAL,Online
T507326,2026-06-10,P1021,1,78.12,78.12,WH-CENTRAL,Online
T507327,2026-06-11,P1021,1,78.12,78.12,WH-CENTRAL,In-Store
T507328,2026-06-13,P1021,1,78.12,78.12,WH-CENTRAL,Online
T507329,2026-06-18,P1021,1,78.12,78.12,WH-CENTRAL,Online
T507330,2026-06-20,P1021,2,78.12,156.24,WH-CENTRAL,Online
T507331,2026-06-23,P1021,1,78.12,78.12,WH-CENTRAL,In-Store
T507332,2026-07-10,P1021,1,78.12,78.12,WH-CENTRAL,Online
T507333,2026-07-16,P1021,1,78.12,78.12,WH-CENTRAL,In-Store
T507334,2026-07-18,P1021,1,78.12,78.12,WH-CENTRAL,Online
T507335,2026-07-20,P1021,1,78.12,78.12,WH-CENTRAL,In-Store
T507336,2026-07-26,P1021,1,78.12,78.12,WH-CENTRAL,Online
T507337,2026-08-01,P1021,2,78.12,156.24,WH-CENTRAL,Online
T507338,2026-08-04,P1021,1,78.12,78.12,WH-CENTRAL,Online
T507339,2026-08-07,P1021,1,78.12,78.12,WH-CENTRAL,Online
T507340,2026-08-08,P1021,1,78.12,78.12,WH-CENTRAL,In-Store
T507341,2026-08-09,P1021,1,78.12,78.12,WH-CENTRAL,Online
T507342,2026-08-12,P1021,1,78.12,78.12,WH-CENTRAL,Online
T507343,2026-08-13,P1021,1,78.12,78.12,WH-CENTRAL,In-Store
T507344,2025-08-15,P1022,5,51.04,255.2,WH-WEST,Online
T507345,2025-08-16,P1022,3,51.04,153.12,WH-WEST,Online
T507346,2025-08-17,P1022,7,51.04,357.28,WH-WEST,Online
T507347,2025-08-18,P1022,9,51.04,459.36,WH-WEST,Online
T507348,2025-08-19,P1022,2,51.04,102.08,WH-WEST,Online
T507349,2025-08-20,P1022,7,51.04,357.28,WH-WEST,In-Store
T507350,2025-08-21,P1022,7,51.04,357.28,WH-WEST,In-Store
T507351,2025-08-22,P1022,6,51.04,306.24,WH-WEST,Online
T507352,2025-08-23,P1022,6,51.04,306.24,WH-WEST,Online
T507353,2025-08-24,P1022,6,51.04,306.24,WH-WEST,Online
T507354,2025-08-25,P1022,8,51.04,408.32,WH-WEST,In-Store
T507355,2025-08-26,P1022,6,51.04,306.24,WH-WEST,In-Store
T507356,2025-08-27,P1022,7,51.04,357.28,WH-WEST,Online
T507357,2025-08-28,P1022,9,51.04,459.36,WH-WEST,Online
T507358,2025-08-29,P1022,7,51.04,357.28,WH-WEST,Online
T507359,2025-08-30,P1022,5,51.04,255.2,WH-WEST,Online
T507360,2025-08-31,P1022,11,51.04,561.44,WH-WEST,In-Store
T507361,2025-09-01,P1022,3,51.04,153.12,WH-WEST,Online
T507362,2025-09-02,P1022,4,51.04,204.16,WH-WEST,In-Store
T507363,2025-09-03,P1022,6,51.04,306.24,WH-WEST,In-Store
T507364,2025-09-04,P1022,7,51.04,357.28,WH-WEST,Online
T507365,2025-09-05,P1022,4,51.04,204.16,WH-WEST,In-Store
T507366,2025-09-06,P1022,16,51.04,816.64,WH-WEST,In-Store
T507367,2025-09-07,P1022,4,51.04,204.16,WH-WEST,Online
T507368,2025-09-08,P1022,3,51.04,153.12,WH-WEST,Online
T507369,2025-09-09,P1022,1,51.04,51.04,WH-WEST,Online
T507370,2025-09-10,P1022,8,51.04,408.32,WH-WEST,Online
T507371,2025-09-11,P1022,13,51.04,663.52,WH-WEST,In-Store
T507372,2025-09-12,P1022,2,51.04,102.08,WH-WEST,Online
T507373,2025-09-13,P1022,7,51.04,357.28,WH-WEST,Online
T507374,2025-09-14,P1022,8,51.04,408.32,WH-WEST,Online
T507375,2025-09-15,P1022,6,51.04,306.24,WH-WEST,Online
T507376,2025-09-16,P1022,7,51.04,357.28,WH-WEST,Online
T507377,2025-09-17,P1022,8,51.04,408.32,WH-WEST,Online
T507378,2025-09-18,P1022,4,51.04,204.16,WH-WEST,In-Store
T507379,2025-09-19,P1022,9,51.04,459.36,WH-WEST,In-Store
T507380,2025-09-20,P1022,10,51.04,510.4,WH-WEST,Online
T507381,2025-09-21,P1022,11,51.04,561.44,WH-WEST,In-Store
T507382,2025-09-22,P1022,4,51.04,204.16,WH-WEST,In-Store
T507383,2025-09-23,P1022,7,51.04,357.28,WH-WEST,Online
T507384,2025-09-24,P1022,8,51.04,408.32,WH-WEST,In-Store
T507385,2025-09-25,P1022,5,51.04,255.2,WH-WEST,Online
T507386,2025-09-26,P1022,3,51.04,153.12,WH-WEST,In-Store
T507387,2025-09-27,P1022,6,51.04,306.24,WH-WEST,In-Store
T507388,2025-09-28,P1022,7,51.04,357.28,WH-WEST,In-Store
T507389,2025-09-29,P1022,5,51.04,255.2,WH-WEST,Online
T507390,2025-09-30,P1022,9,51.04,459.36,WH-WEST,In-Store
T507391,2025-10-01,P1022,7,51.04,357.28,WH-WEST,In-Store
T507392,2025-10-02,P1022,5,51.04,255.2,WH-WEST,Online
T507393,2025-10-03,P1022,5,51.04,255.2,WH-WEST,In-Store
T507394,2025-10-04,P1022,7,51.04,357.28,WH-WEST,Online
T507395,2025-10-05,P1022,5,51.04,255.2,WH-WEST,Online
T507396,2025-10-06,P1022,7,51.04,357.28,WH-WEST,In-Store
T507397,2025-10-07,P1022,8,51.04,408.32,WH-WEST,Online
T507398,2025-10-08,P1022,6,51.04,306.24,WH-WEST,Online
T507399,2025-10-09,P1022,10,51.04,510.4,WH-WEST,In-Store
T507400,2025-10-10,P1022,5,51.04,255.2,WH-WEST,Online
T507401,2025-10-11,P1022,4,51.04,204.16,WH-WEST,Online
T507402,2025-10-12,P1022,6,51.04,306.24,WH-WEST,Online
T507403,2025-10-13,P1022,8,51.04,408.32,WH-WEST,Online
T507404,2025-10-14,P1022,8,51.04,408.32,WH-WEST,Online
T507405,2025-10-15,P1022,5,51.04,255.2,WH-WEST,Online
T507406,2025-10-16,P1022,6,51.04,306.24,WH-WEST,In-Store
T507407,2025-10-17,P1022,5,51.04,255.2,WH-WEST,In-Store
T507408,2025-10-18,P1022,7,51.04,357.28,WH-WEST,Online
T507409,2025-10-19,P1022,9,51.04,459.36,WH-WEST,Online
T507410,2025-10-20,P1022,11,51.04,561.44,WH-WEST,In-Store
T507411,2025-10-21,P1022,10,51.04,510.4,WH-WEST,In-Store
T507412,2025-10-22,P1022,9,51.04,459.36,WH-WEST,Online
T507413,2025-10-23,P1022,5,51.04,255.2,WH-WEST,In-Store
T507414,2025-10-24,P1022,6,51.04,306.24,WH-WEST,Online
T507415,2025-10-25,P1022,4,51.04,204.16,WH-WEST,In-Store
T507416,2025-10-26,P1022,6,51.04,306.24,WH-WEST,Online
T507417,2025-10-27,P1022,6,51.04,306.24,WH-WEST,Online
T507418,2025-10-28,P1022,4,51.04,204.16,WH-WEST,In-Store
T507419,2025-10-29,P1022,7,51.04,357.28,WH-WEST,In-Store
T507420,2025-10-30,P1022,6,51.04,306.24,WH-WEST,Online
T507421,2025-10-31,P1022,3,51.04,153.12,WH-WEST,In-Store
T507422,2025-11-01,P1022,10,51.04,510.4,WH-WEST,In-Store
T507423,2025-11-02,P1022,7,51.04,357.28,WH-WEST,Online
T507424,2025-11-03,P1022,5,51.04,255.2,WH-WEST,In-Store
T507425,2025-11-04,P1022,7,51.04,357.28,WH-WEST,Online
T507426,2025-11-05,P1022,6,51.04,306.24,WH-WEST,Online
T507427,2025-11-06,P1022,6,51.04,306.24,WH-WEST,In-Store
T507428,2025-11-07,P1022,5,51.04,255.2,WH-WEST,In-Store
T507429,2025-11-08,P1022,6,51.04,306.24,WH-WEST,Online
T507430,2025-11-09,P1022,9,51.04,459.36,WH-WEST,In-Store
T507431,2025-11-10,P1022,3,51.04,153.12,WH-WEST,In-Store
T507432,2025-11-11,P1022,7,51.04,357.28,WH-WEST,Online
T507433,2025-11-12,P1022,4,51.04,204.16,WH-WEST,Online
T507434,2025-11-13,P1022,5,51.04,255.2,WH-WEST,In-Store
T507435,2025-11-14,P1022,2,51.04,102.08,WH-WEST,Online
T507436,2025-11-15,P1022,9,51.04,459.36,WH-WEST,In-Store
T507437,2025-11-16,P1022,4,51.04,204.16,WH-WEST,Online
T507438,2025-11-17,P1022,5,51.04,255.2,WH-WEST,Online
T507439,2025-11-18,P1022,8,51.04,408.32,WH-WEST,Online
T507440,2025-11-19,P1022,5,51.04,255.2,WH-WEST,In-Store
T507441,2025-11-21,P1022,3,51.04,153.12,WH-WEST,Online
T507442,2025-11-22,P1022,4,51.04,204.16,WH-WEST,Online
T507443,2025-11-23,P1022,7,51.04,357.28,WH-WEST,Online
T507444,2025-11-24,P1022,12,51.04,612.48,WH-WEST,In-Store
T507445,2025-11-25,P1022,5,51.04,255.2,WH-WEST,Online
T507446,2025-11-26,P1022,7,51.04,357.28,WH-WEST,In-Store
T507447,2025-11-27,P1022,7,51.04,357.28,WH-WEST,Online
T507448,2025-11-28,P1022,6,51.04,306.24,WH-WEST,Online
T507449,2025-11-29,P1022,9,51.04,459.36,WH-WEST,Online
T507450,2025-11-30,P1022,5,51.04,255.2,WH-WEST,Online
T507451,2025-12-01,P1022,3,51.04,153.12,WH-WEST,In-Store
T507452,2025-12-02,P1022,4,51.04,204.16,WH-WEST,Online
T507453,2025-12-03,P1022,7,51.04,357.28,WH-WEST,Online
T507454,2025-12-04,P1022,5,51.04,255.2,WH-WEST,In-Store
T507455,2025-12-05,P1022,5,51.04,255.2,WH-WEST,Online
T507456,2025-12-06,P1022,6,51.04,306.24,WH-WEST,Online
T507457,2025-12-07,P1022,9,51.04,459.36,WH-WEST,Online
T507458,2025-12-08,P1022,3,51.04,153.12,WH-WEST,In-Store
T507459,2025-12-09,P1022,3,51.04,153.12,WH-WEST,Online
T507460,2025-12-10,P1022,1,51.04,51.04,WH-WEST,Online
T507461,2025-12-11,P1022,3,51.04,153.12,WH-WEST,Online
T507462,2025-12-12,P1022,4,51.04,204.16,WH-WEST,Online
T507463,2025-12-13,P1022,6,51.04,306.24,WH-WEST,In-Store
T507464,2025-12-14,P1022,2,51.04,102.08,WH-WEST,Online
T507465,2025-12-15,P1022,8,51.04,408.32,WH-WEST,In-Store
T507466,2025-12-16,P1022,2,51.04,102.08,WH-WEST,In-Store
T507467,2025-12-17,P1022,2,51.04,102.08,WH-WEST,Online
T507468,2025-12-18,P1022,3,51.04,153.12,WH-WEST,Online
T507469,2025-12-19,P1022,9,51.04,459.36,WH-WEST,In-Store
T507470,2025-12-20,P1022,2,51.04,102.08,WH-WEST,Online
T507471,2025-12-21,P1022,6,51.04,306.24,WH-WEST,Online
T507472,2025-12-22,P1022,4,51.04,204.16,WH-WEST,Online
T507473,2025-12-23,P1022,6,51.04,306.24,WH-WEST,Online
T507474,2025-12-24,P1022,3,51.04,153.12,WH-WEST,Online
T507475,2025-12-25,P1022,6,51.04,306.24,WH-WEST,Online
T507476,2025-12-26,P1022,5,51.04,255.2,WH-WEST,In-Store
T507477,2025-12-27,P1022,6,51.04,306.24,WH-WEST,In-Store
T507478,2025-12-28,P1022,8,51.04,408.32,WH-WEST,Online
T507479,2025-12-29,P1022,6,51.04,306.24,WH-WEST,In-Store
T507480,2025-12-30,P1022,6,51.04,306.24,WH-WEST,In-Store
T507481,2025-12-31,P1022,4,51.04,204.16,WH-WEST,Online
T507482,2026-01-01,P1022,6,51.04,306.24,WH-WEST,Online
T507483,2026-01-02,P1022,4,51.04,204.16,WH-WEST,In-Store
T507484,2026-01-03,P1022,7,51.04,357.28,WH-WEST,Online
T507485,2026-01-04,P1022,7,51.04,357.28,WH-WEST,Online
T507486,2026-01-05,P1022,3,51.04,153.12,WH-WEST,In-Store
T507487,2026-01-06,P1022,6,51.04,306.24,WH-WEST,Online
T507488,2026-01-07,P1022,2,51.04,102.08,WH-WEST,In-Store
T507489,2026-01-08,P1022,6,51.04,306.24,WH-WEST,In-Store
T507490,2026-01-09,P1022,9,51.04,459.36,WH-WEST,In-Store
T507491,2026-01-10,P1022,3,51.04,153.12,WH-WEST,In-Store
T507492,2026-01-11,P1022,3,51.04,153.12,WH-WEST,Online
T507493,2026-01-12,P1022,3,51.04,153.12,WH-WEST,Online
T507494,2026-01-13,P1022,5,51.04,255.2,WH-WEST,Online
T507495,2026-01-14,P1022,3,51.04,153.12,WH-WEST,Online
T507496,2026-01-15,P1022,6,51.04,306.24,WH-WEST,In-Store
T507497,2026-01-16,P1022,2,51.04,102.08,WH-WEST,Online
T507498,2026-01-17,P1022,6,51.04,306.24,WH-WEST,Online
T507499,2026-01-18,P1022,4,51.04,204.16,WH-WEST,Online
T507500,2026-01-19,P1022,3,51.04,153.12,WH-WEST,Online
T507501,2026-01-20,P1022,3,51.04,153.12,WH-WEST,In-Store
T507502,2026-01-21,P1022,2,51.04,102.08,WH-WEST,In-Store
T507503,2026-01-22,P1022,6,51.04,306.24,WH-WEST,Online
T507504,2026-01-23,P1022,3,51.04,153.12,WH-WEST,Online
T507505,2026-01-24,P1022,5,51.04,255.2,WH-WEST,Online
T507506,2026-01-25,P1022,5,51.04,255.2,WH-WEST,In-Store
T507507,2026-01-26,P1022,3,51.04,153.12,WH-WEST,Online
T507508,2026-01-27,P1022,3,51.04,153.12,WH-WEST,Online
T507509,2026-01-28,P1022,1,51.04,51.04,WH-WEST,Online
T507510,2026-01-29,P1022,2,51.04,102.08,WH-WEST,In-Store
T507511,2026-01-30,P1022,3,51.04,153.12,WH-WEST,In-Store
T507512,2026-01-31,P1022,2,51.04,102.08,WH-WEST,In-Store
T507513,2026-02-01,P1022,5,51.04,255.2,WH-WEST,In-Store
T507514,2026-02-02,P1022,1,51.04,51.04,WH-WEST,In-Store
T507515,2026-02-03,P1022,3,51.04,153.12,WH-WEST,Online
T507516,2026-02-04,P1022,3,51.04,153.12,WH-WEST,Online
T507517,2026-02-05,P1022,1,51.04,51.04,WH-WEST,Online
T507518,2026-02-06,P1022,8,51.04,408.32,WH-WEST,In-Store
T507519,2026-02-07,P1022,6,51.04,306.24,WH-WEST,In-Store
T507520,2026-02-08,P1022,2,51.04,102.08,WH-WEST,Online
T507521,2026-02-09,P1022,3,51.04,153.12,WH-WEST,Online
T507522,2026-02-10,P1022,4,51.04,204.16,WH-WEST,Online
T507523,2026-02-11,P1022,5,51.04,255.2,WH-WEST,Online
T507524,2026-02-12,P1022,5,51.04,255.2,WH-WEST,Online
T507525,2026-02-13,P1022,5,51.04,255.2,WH-WEST,In-Store
T507526,2026-02-14,P1022,5,51.04,255.2,WH-WEST,In-Store
T507527,2026-02-15,P1022,2,51.04,102.08,WH-WEST,Online
T507528,2026-02-16,P1022,3,51.04,153.12,WH-WEST,Online
T507529,2026-02-17,P1022,3,51.04,153.12,WH-WEST,In-Store
T507530,2026-02-18,P1022,1,51.04,51.04,WH-WEST,Online
T507531,2026-02-19,P1022,1,51.04,51.04,WH-WEST,In-Store
T507532,2026-02-20,P1022,1,51.04,51.04,WH-WEST,In-Store
T507533,2026-02-21,P1022,2,51.04,102.08,WH-WEST,Online
T507534,2026-02-22,P1022,5,51.04,255.2,WH-WEST,Online
T507535,2026-02-23,P1022,2,51.04,102.08,WH-WEST,In-Store
T507536,2026-02-24,P1022,3,51.04,153.12,WH-WEST,In-Store
T507537,2026-02-26,P1022,1,51.04,51.04,WH-WEST,Online
T507538,2026-02-27,P1022,2,51.04,102.08,WH-WEST,Online
T507539,2026-02-28,P1022,5,51.04,255.2,WH-WEST,Online
T507540,2026-03-01,P1022,4,51.04,204.16,WH-WEST,Online
T507541,2026-03-02,P1022,2,51.04,102.08,WH-WEST,Online
T507542,2026-03-03,P1022,3,51.04,153.12,WH-WEST,In-Store
T507543,2026-03-04,P1022,1,51.04,51.04,WH-WEST,In-Store
T507544,2026-03-05,P1022,1,51.04,51.04,WH-WEST,Online
T507545,2026-03-06,P1022,2,51.04,102.08,WH-WEST,Online
T507546,2026-03-08,P1022,2,51.04,102.08,WH-WEST,Online
T507547,2026-03-09,P1022,2,51.04,102.08,WH-WEST,Online
T507548,2026-03-10,P1022,2,51.04,102.08,WH-WEST,Online
T507549,2026-03-11,P1022,1,51.04,51.04,WH-WEST,In-Store
T507550,2026-03-12,P1022,3,51.04,153.12,WH-WEST,In-Store
T507551,2026-03-13,P1022,2,51.04,102.08,WH-WEST,Online
T507552,2026-03-14,P1022,2,51.04,102.08,WH-WEST,Online
T507553,2026-03-15,P1022,2,51.04,102.08,WH-WEST,Online
T507554,2026-03-16,P1022,1,51.04,51.04,WH-WEST,Online
T507555,2026-03-17,P1022,4,51.04,204.16,WH-WEST,Online
T507556,2026-03-18,P1022,2,51.04,102.08,WH-WEST,Online
T507557,2026-03-19,P1022,2,51.04,102.08,WH-WEST,Online
T507558,2026-03-20,P1022,1,51.04,51.04,WH-WEST,Online
T507559,2026-03-21,P1022,4,51.04,204.16,WH-WEST,Online
T507560,2026-03-22,P1022,1,51.04,51.04,WH-WEST,Online
T507561,2026-03-23,P1022,1,51.04,51.04,WH-WEST,Online
T507562,2026-03-24,P1022,2,51.04,102.08,WH-WEST,Online
T507563,2026-03-25,P1022,1,51.04,51.04,WH-WEST,In-Store
T507564,2026-03-27,P1022,3,51.04,153.12,WH-WEST,Online
T507565,2026-03-28,P1022,4,51.04,204.16,WH-WEST,In-Store
T507566,2026-03-29,P1022,3,51.04,153.12,WH-WEST,Online
T507567,2026-03-30,P1022,3,51.04,153.12,WH-WEST,Online
T507568,2026-04-02,P1022,4,51.04,204.16,WH-WEST,In-Store
T507569,2026-04-03,P1022,1,51.04,51.04,WH-WEST,In-Store
T507570,2026-04-04,P1022,1,51.04,51.04,WH-WEST,Online
T507571,2026-04-05,P1022,2,51.04,102.08,WH-WEST,Online
T507572,2026-04-08,P1022,8,51.04,408.32,WH-WEST,Online
T507573,2026-04-09,P1022,2,51.04,102.08,WH-WEST,In-Store
T507574,2026-04-10,P1022,1,51.04,51.04,WH-WEST,Online
T507575,2026-04-11,P1022,2,51.04,102.08,WH-WEST,In-Store
T507576,2026-04-12,P1022,1,51.04,51.04,WH-WEST,Online
T507577,2026-04-13,P1022,4,51.04,204.16,WH-WEST,In-Store
T507578,2026-04-14,P1022,3,51.04,153.12,WH-WEST,Online
T507579,2026-04-16,P1022,1,51.04,51.04,WH-WEST,Online
T507580,2026-04-18,P1022,1,51.04,51.04,WH-WEST,In-Store
T507581,2026-04-19,P1022,5,51.04,255.2,WH-WEST,Online
T507582,2026-04-20,P1022,1,51.04,51.04,WH-WEST,Online
T507583,2026-04-21,P1022,2,51.04,102.08,WH-WEST,Online
T507584,2026-04-22,P1022,1,51.04,51.04,WH-WEST,In-Store
T507585,2026-04-23,P1022,3,51.04,153.12,WH-WEST,Online
T507586,2026-04-24,P1022,5,51.04,255.2,WH-WEST,Online
T507587,2026-04-25,P1022,2,51.04,102.08,WH-WEST,Online
T507588,2026-04-28,P1022,2,51.04,102.08,WH-WEST,Online
T507589,2026-04-29,P1022,1,51.04,51.04,WH-WEST,Online
T507590,2026-05-01,P1022,1,51.04,51.04,WH-WEST,In-Store
T507591,2026-05-02,P1022,2,51.04,102.08,WH-WEST,In-Store
T507592,2026-05-03,P1022,1,51.04,51.04,WH-WEST,In-Store
T507593,2026-05-05,P1022,2,51.04,102.08,WH-WEST,In-Store
T507594,2026-05-06,P1022,3,51.04,153.12,WH-WEST,Online
T507595,2026-05-09,P1022,2,51.04,102.08,WH-WEST,Online
T507596,2026-05-10,P1022,1,51.04,51.04,WH-WEST,In-Store
T507597,2026-05-12,P1022,1,51.04,51.04,WH-WEST,In-Store
T507598,2026-05-14,P1022,2,51.04,102.08,WH-WEST,Online
T507599,2026-05-15,P1022,1,51.04,51.04,WH-WEST,Online
T507600,2026-05-18,P1022,2,51.04,102.08,WH-WEST,In-Store
T507601,2026-05-21,P1022,1,51.04,51.04,WH-WEST,Online
T507602,2026-05-22,P1022,2,51.04,102.08,WH-WEST,Online
T507603,2026-05-24,P1022,3,51.04,153.12,WH-WEST,In-Store
T507604,2026-05-25,P1022,1,51.04,51.04,WH-WEST,In-Store
T507605,2026-05-26,P1022,1,51.04,51.04,WH-WEST,Online
T507606,2026-05-28,P1022,1,51.04,51.04,WH-WEST,In-Store
T507607,2026-05-30,P1022,1,51.04,51.04,WH-WEST,In-Store
T507608,2026-06-03,P1022,1,51.04,51.04,WH-WEST,In-Store
T507609,2026-06-06,P1022,2,51.04,102.08,WH-WEST,Online
T507610,2026-06-07,P1022,1,51.04,51.04,WH-WEST,In-Store
T507611,2026-06-08,P1022,1,51.04,51.04,WH-WEST,Online
T507612,2026-06-09,P1022,1,51.04,51.04,WH-WEST,Online
T507613,2026-06-10,P1022,1,51.04,51.04,WH-WEST,In-Store
T507614,2026-06-11,P1022,2,51.04,102.08,WH-WEST,Online
T507615,2026-06-12,P1022,1,51.04,51.04,WH-WEST,Online
T507616,2026-06-14,P1022,1,51.04,51.04,WH-WEST,Online
T507617,2026-06-15,P1022,1,51.04,51.04,WH-WEST,Online
T507618,2026-06-17,P1022,1,51.04,51.04,WH-WEST,In-Store
T507619,2026-06-19,P1022,1,51.04,51.04,WH-WEST,Online
T507620,2026-06-20,P1022,2,51.04,102.08,WH-WEST,Online
T507621,2026-06-25,P1022,1,51.04,51.04,WH-WEST,Online
T507622,2026-06-27,P1022,1,51.04,51.04,WH-WEST,In-Store
T507623,2026-06-28,P1022,2,51.04,102.08,WH-WEST,In-Store
T507624,2026-07-04,P1022,1,51.04,51.04,WH-WEST,In-Store
T507625,2026-07-05,P1022,4,51.04,204.16,WH-WEST,Online
T507626,2026-07-06,P1022,3,51.04,153.12,WH-WEST,Online
T507627,2026-07-07,P1022,2,51.04,102.08,WH-WEST,Online
T507628,2026-07-08,P1022,1,51.04,51.04,WH-WEST,In-Store
T507629,2026-07-12,P1022,1,51.04,51.04,WH-WEST,Online
T507630,2026-07-13,P1022,1,51.04,51.04,WH-WEST,Online
T507631,2026-07-14,P1022,1,51.04,51.04,WH-WEST,In-Store
T507632,2026-07-16,P1022,1,51.04,51.04,WH-WEST,In-Store
T507633,2026-07-19,P1022,3,51.04,153.12,WH-WEST,Online
T507634,2026-07-23,P1022,1,51.04,51.04,WH-WEST,Online
T507635,2026-07-25,P1022,1,51.04,51.04,WH-WEST,Online
T507636,2026-07-26,P1022,1,51.04,51.04,WH-WEST,Online
T507637,2026-08-07,P1022,2,51.04,102.08,WH-WEST,In-Store
T507638,2026-08-08,P1022,1,51.04,51.04,WH-WEST,Online
T507639,2026-08-09,P1022,2,51.04,102.08,WH-WEST,Online
T507640,2026-08-11,P1022,1,51.04,51.04,WH-WEST,In-Store
T507641,2025-08-15,P1023,6,145.17,871.02,WH-CENTRAL,Online
T507642,2025-08-16,P1023,1,145.17,145.17,WH-CENTRAL,Online
T507643,2025-08-17,P1023,1,145.17,145.17,WH-CENTRAL,Online
T507644,2025-08-18,P1023,5,145.17,725.85,WH-CENTRAL,In-Store
T507645,2025-08-19,P1023,8,145.17,1161.36,WH-CENTRAL,Online
T507646,2025-08-20,P1023,3,145.17,435.51,WH-CENTRAL,In-Store
T507647,2025-08-21,P1023,6,145.17,871.02,WH-CENTRAL,Online
T507648,2025-08-22,P1023,3,145.17,435.51,WH-CENTRAL,Online
T507649,2025-08-23,P1023,3,145.17,435.51,WH-CENTRAL,Online
T507650,2025-08-24,P1023,3,145.17,435.51,WH-CENTRAL,Online
T507651,2025-08-25,P1023,5,145.17,725.85,WH-CENTRAL,In-Store
T507652,2025-08-26,P1023,4,145.17,580.68,WH-CENTRAL,Online
T507653,2025-08-27,P1023,6,145.17,871.02,WH-CENTRAL,In-Store
T507654,2025-08-28,P1023,3,145.17,435.51,WH-CENTRAL,Online
T507655,2025-08-29,P1023,2,145.17,290.34,WH-CENTRAL,Online
T507656,2025-08-30,P1023,9,145.17,1306.53,WH-CENTRAL,Online
T507657,2025-08-31,P1023,5,145.17,725.85,WH-CENTRAL,Online
T507658,2025-09-01,P1023,6,145.17,871.02,WH-CENTRAL,Online
T507659,2025-09-02,P1023,5,145.17,725.85,WH-CENTRAL,Online
T507660,2025-09-03,P1023,2,145.17,290.34,WH-CENTRAL,Online
T507661,2025-09-04,P1023,2,145.17,290.34,WH-CENTRAL,Online
T507662,2025-09-05,P1023,5,145.17,725.85,WH-CENTRAL,Online
T507663,2025-09-06,P1023,6,145.17,871.02,WH-CENTRAL,Online
T507664,2025-09-07,P1023,5,145.17,725.85,WH-CENTRAL,In-Store
T507665,2025-09-08,P1023,4,145.17,580.68,WH-CENTRAL,In-Store
T507666,2025-09-09,P1023,6,145.17,871.02,WH-CENTRAL,Online
T507667,2025-09-10,P1023,3,145.17,435.51,WH-CENTRAL,In-Store
T507668,2025-09-11,P1023,6,145.17,871.02,WH-CENTRAL,Online
T507669,2025-09-12,P1023,1,145.17,145.17,WH-CENTRAL,Online
T507670,2025-09-13,P1023,7,145.17,1016.19,WH-CENTRAL,In-Store
T507671,2025-09-14,P1023,7,145.17,1016.19,WH-CENTRAL,Online
T507672,2025-09-15,P1023,7,145.17,1016.19,WH-CENTRAL,Online
T507673,2025-09-16,P1023,7,145.17,1016.19,WH-CENTRAL,Online
T507674,2025-09-17,P1023,3,145.17,435.51,WH-CENTRAL,In-Store
T507675,2025-09-18,P1023,1,145.17,145.17,WH-CENTRAL,In-Store
T507676,2025-09-19,P1023,8,145.17,1161.36,WH-CENTRAL,In-Store
T507677,2025-09-20,P1023,5,145.17,725.85,WH-CENTRAL,Online
T507678,2025-09-21,P1023,5,145.17,725.85,WH-CENTRAL,Online
T507679,2025-09-22,P1023,4,145.17,580.68,WH-CENTRAL,In-Store
T507680,2025-09-23,P1023,6,145.17,871.02,WH-CENTRAL,In-Store
T507681,2025-09-24,P1023,6,145.17,871.02,WH-CENTRAL,Online
T507682,2025-09-25,P1023,3,145.17,435.51,WH-CENTRAL,In-Store
T507683,2025-09-26,P1023,5,145.17,725.85,WH-CENTRAL,Online
T507684,2025-09-27,P1023,2,145.17,290.34,WH-CENTRAL,Online
T507685,2025-09-28,P1023,5,145.17,725.85,WH-CENTRAL,Online
T507686,2025-09-29,P1023,5,145.17,725.85,WH-CENTRAL,In-Store
T507687,2025-09-30,P1023,6,145.17,871.02,WH-CENTRAL,Online
T507688,2025-10-01,P1023,5,145.17,725.85,WH-CENTRAL,In-Store
T507689,2025-10-02,P1023,7,145.17,1016.19,WH-CENTRAL,Online
T507690,2025-10-03,P1023,1,145.17,145.17,WH-CENTRAL,In-Store
T507691,2025-10-04,P1023,8,145.17,1161.36,WH-CENTRAL,In-Store
T507692,2025-10-05,P1023,8,145.17,1161.36,WH-CENTRAL,Online
T507693,2025-10-06,P1023,3,145.17,435.51,WH-CENTRAL,In-Store
T507694,2025-10-07,P1023,4,145.17,580.68,WH-CENTRAL,Online
T507695,2025-10-08,P1023,4,145.17,580.68,WH-CENTRAL,Online
T507696,2025-10-09,P1023,7,145.17,1016.19,WH-CENTRAL,In-Store
T507697,2025-10-10,P1023,3,145.17,435.51,WH-CENTRAL,Online
T507698,2025-10-11,P1023,6,145.17,871.02,WH-CENTRAL,Online
T507699,2025-10-12,P1023,7,145.17,1016.19,WH-CENTRAL,Online
T507700,2025-10-13,P1023,3,145.17,435.51,WH-CENTRAL,In-Store
T507701,2025-10-14,P1023,3,145.17,435.51,WH-CENTRAL,Online
T507702,2025-10-15,P1023,4,145.17,580.68,WH-CENTRAL,In-Store
T507703,2025-10-16,P1023,5,145.17,725.85,WH-CENTRAL,Online
T507704,2025-10-17,P1023,3,145.17,435.51,WH-CENTRAL,In-Store
T507705,2025-10-18,P1023,9,145.17,1306.53,WH-CENTRAL,Online
T507706,2025-10-19,P1023,3,145.17,435.51,WH-CENTRAL,Online
T507707,2025-10-20,P1023,4,145.17,580.68,WH-CENTRAL,Online
T507708,2025-10-21,P1023,7,145.17,1016.19,WH-CENTRAL,In-Store
T507709,2025-10-22,P1023,11,145.17,1596.87,WH-CENTRAL,Online
T507710,2025-10-23,P1023,1,145.17,145.17,WH-CENTRAL,Online
T507711,2025-10-24,P1023,5,145.17,725.85,WH-CENTRAL,In-Store
T507712,2025-10-25,P1023,8,145.17,1161.36,WH-CENTRAL,Online
T507713,2025-10-26,P1023,3,145.17,435.51,WH-CENTRAL,In-Store
T507714,2025-10-27,P1023,5,145.17,725.85,WH-CENTRAL,Online
T507715,2025-10-28,P1023,5,145.17,725.85,WH-CENTRAL,Online
T507716,2025-10-29,P1023,5,145.17,725.85,WH-CENTRAL,Online
T507717,2025-10-30,P1023,4,145.17,580.68,WH-CENTRAL,In-Store
T507718,2025-10-31,P1023,6,145.17,871.02,WH-CENTRAL,In-Store
T507719,2025-11-01,P1023,8,145.17,1161.36,WH-CENTRAL,Online
T507720,2025-11-02,P1023,5,145.17,725.85,WH-CENTRAL,Online
T507721,2025-11-03,P1023,5,145.17,725.85,WH-CENTRAL,In-Store
T507722,2025-11-04,P1023,5,145.17,725.85,WH-CENTRAL,In-Store
T507723,2025-11-05,P1023,4,145.17,580.68,WH-CENTRAL,Online
T507724,2025-11-06,P1023,7,145.17,1016.19,WH-CENTRAL,Online
T507725,2025-11-07,P1023,9,145.17,1306.53,WH-CENTRAL,In-Store
T507726,2025-11-08,P1023,7,145.17,1016.19,WH-CENTRAL,Online
T507727,2025-11-09,P1023,10,145.17,1451.7,WH-CENTRAL,In-Store
T507728,2025-11-10,P1023,5,145.17,725.85,WH-CENTRAL,In-Store
T507729,2025-11-11,P1023,3,145.17,435.51,WH-CENTRAL,Online
T507730,2025-11-12,P1023,5,145.17,725.85,WH-CENTRAL,In-Store
T507731,2025-11-13,P1023,9,145.17,1306.53,WH-CENTRAL,Online
T507732,2025-11-14,P1023,8,145.17,1161.36,WH-CENTRAL,Online
T507733,2025-11-15,P1023,3,145.17,435.51,WH-CENTRAL,In-Store
T507734,2025-11-16,P1023,3,145.17,435.51,WH-CENTRAL,Online
T507735,2025-11-17,P1023,11,145.17,1596.87,WH-CENTRAL,In-Store
T507736,2025-11-18,P1023,4,145.17,580.68,WH-CENTRAL,In-Store
T507737,2025-11-19,P1023,6,145.17,871.02,WH-CENTRAL,In-Store
T507738,2025-11-20,P1023,4,145.17,580.68,WH-CENTRAL,Online
T507739,2025-11-21,P1023,7,145.17,1016.19,WH-CENTRAL,In-Store
T507740,2025-11-22,P1023,6,145.17,871.02,WH-CENTRAL,Online
T507741,2025-11-23,P1023,7,145.17,1016.19,WH-CENTRAL,In-Store
T507742,2025-11-24,P1023,3,145.17,435.51,WH-CENTRAL,Online
T507743,2025-11-25,P1023,4,145.17,580.68,WH-CENTRAL,In-Store
T507744,2025-11-26,P1023,5,145.17,725.85,WH-CENTRAL,Online
T507745,2025-11-27,P1023,9,145.17,1306.53,WH-CENTRAL,Online
T507746,2025-11-28,P1023,9,145.17,1306.53,WH-CENTRAL,Online
T507747,2025-11-29,P1023,9,145.17,1306.53,WH-CENTRAL,Online
T507748,2025-11-30,P1023,9,145.17,1306.53,WH-CENTRAL,Online
T507749,2025-12-01,P1023,5,145.17,725.85,WH-CENTRAL,In-Store
T507750,2025-12-02,P1023,2,145.17,290.34,WH-CENTRAL,Online
T507751,2025-12-03,P1023,7,145.17,1016.19,WH-CENTRAL,Online
T507752,2025-12-04,P1023,2,145.17,290.34,WH-CENTRAL,In-Store
T507753,2025-12-05,P1023,5,145.17,725.85,WH-CENTRAL,In-Store
T507754,2025-12-06,P1023,4,145.17,580.68,WH-CENTRAL,Online
T507755,2025-12-07,P1023,4,145.17,580.68,WH-CENTRAL,Online
T507756,2025-12-08,P1023,9,145.17,1306.53,WH-CENTRAL,In-Store
T507757,2025-12-09,P1023,6,145.17,871.02,WH-CENTRAL,Online
T507758,2025-12-10,P1023,2,145.17,290.34,WH-CENTRAL,Online
T507759,2025-12-11,P1023,7,145.17,1016.19,WH-CENTRAL,Online
T507760,2025-12-12,P1023,6,145.17,871.02,WH-CENTRAL,Online
T507761,2025-12-13,P1023,11,145.17,1596.87,WH-CENTRAL,Online
T507762,2025-12-14,P1023,7,145.17,1016.19,WH-CENTRAL,In-Store
T507763,2025-12-15,P1023,6,145.17,871.02,WH-CENTRAL,In-Store
T507764,2025-12-16,P1023,6,145.17,871.02,WH-CENTRAL,In-Store
T507765,2025-12-17,P1023,1,145.17,145.17,WH-CENTRAL,Online
T507766,2025-12-18,P1023,3,145.17,435.51,WH-CENTRAL,Online
T507767,2025-12-19,P1023,3,145.17,435.51,WH-CENTRAL,Online
T507768,2025-12-20,P1023,1,145.17,145.17,WH-CENTRAL,Online
T507769,2025-12-21,P1023,4,145.17,580.68,WH-CENTRAL,In-Store
T507770,2025-12-22,P1023,6,145.17,871.02,WH-CENTRAL,In-Store
T507771,2025-12-23,P1023,8,145.17,1161.36,WH-CENTRAL,In-Store
T507772,2025-12-24,P1023,7,145.17,1016.19,WH-CENTRAL,Online
T507773,2025-12-25,P1023,3,145.17,435.51,WH-CENTRAL,Online
T507774,2025-12-26,P1023,5,145.17,725.85,WH-CENTRAL,Online
T507775,2025-12-27,P1023,7,145.17,1016.19,WH-CENTRAL,Online
T507776,2025-12-28,P1023,5,145.17,725.85,WH-CENTRAL,Online
T507777,2025-12-29,P1023,2,145.17,290.34,WH-CENTRAL,In-Store
T507778,2025-12-30,P1023,1,145.17,145.17,WH-CENTRAL,Online
T507779,2025-12-31,P1023,5,145.17,725.85,WH-CENTRAL,Online
T507780,2026-01-01,P1023,7,145.17,1016.19,WH-CENTRAL,Online
T507781,2026-01-02,P1023,6,145.17,871.02,WH-CENTRAL,Online
T507782,2026-01-03,P1023,10,145.17,1451.7,WH-CENTRAL,Online
T507783,2026-01-04,P1023,7,145.17,1016.19,WH-CENTRAL,Online
T507784,2026-01-05,P1023,1,145.17,145.17,WH-CENTRAL,Online
T507785,2026-01-06,P1023,4,145.17,580.68,WH-CENTRAL,Online
T507786,2026-01-07,P1023,2,145.17,290.34,WH-CENTRAL,Online
T507787,2026-01-08,P1023,3,145.17,435.51,WH-CENTRAL,In-Store
T507788,2026-01-09,P1023,4,145.17,580.68,WH-CENTRAL,Online
T507789,2026-01-10,P1023,6,145.17,871.02,WH-CENTRAL,Online
T507790,2026-01-11,P1023,4,145.17,580.68,WH-CENTRAL,In-Store
T507791,2026-01-12,P1023,3,145.17,435.51,WH-CENTRAL,Online
T507792,2026-01-13,P1023,6,145.17,871.02,WH-CENTRAL,In-Store
T507793,2026-01-14,P1023,3,145.17,435.51,WH-CENTRAL,Online
T507794,2026-01-15,P1023,4,145.17,580.68,WH-CENTRAL,Online
T507795,2026-01-16,P1023,4,145.17,580.68,WH-CENTRAL,In-Store
T507796,2026-01-17,P1023,9,145.17,1306.53,WH-CENTRAL,Online
T507797,2026-01-18,P1023,12,145.17,1742.04,WH-CENTRAL,In-Store
T507798,2026-01-19,P1023,1,145.17,145.17,WH-CENTRAL,Online
T507799,2026-01-20,P1023,9,145.17,1306.53,WH-CENTRAL,Online
T507800,2026-01-21,P1023,1,145.17,145.17,WH-CENTRAL,Online
T507801,2026-01-22,P1023,4,145.17,580.68,WH-CENTRAL,Online
T507802,2026-01-24,P1023,6,145.17,871.02,WH-CENTRAL,Online
T507803,2026-01-25,P1023,5,145.17,725.85,WH-CENTRAL,Online
T507804,2026-01-26,P1023,2,145.17,290.34,WH-CENTRAL,Online
T507805,2026-01-27,P1023,6,145.17,871.02,WH-CENTRAL,Online
T507806,2026-01-28,P1023,4,145.17,580.68,WH-CENTRAL,In-Store
T507807,2026-01-29,P1023,4,145.17,580.68,WH-CENTRAL,Online
T507808,2026-01-30,P1023,3,145.17,435.51,WH-CENTRAL,Online
T507809,2026-01-31,P1023,1,145.17,145.17,WH-CENTRAL,Online
T507810,2026-02-01,P1023,5,145.17,725.85,WH-CENTRAL,Online
T507811,2026-02-02,P1023,9,145.17,1306.53,WH-CENTRAL,In-Store
T507812,2026-02-03,P1023,3,145.17,435.51,WH-CENTRAL,Online
T507813,2026-02-04,P1023,2,145.17,290.34,WH-CENTRAL,In-Store
T507814,2026-02-05,P1023,6,145.17,871.02,WH-CENTRAL,Online
T507815,2026-02-06,P1023,3,145.17,435.51,WH-CENTRAL,In-Store
T507816,2026-02-07,P1023,10,145.17,1451.7,WH-CENTRAL,Online
T507817,2026-02-08,P1023,6,145.17,871.02,WH-CENTRAL,In-Store
T507818,2026-02-09,P1023,10,145.17,1451.7,WH-CENTRAL,Online
T507819,2026-02-10,P1023,5,145.17,725.85,WH-CENTRAL,In-Store
T507820,2026-02-12,P1023,7,145.17,1016.19,WH-CENTRAL,Online
T507821,2026-02-13,P1023,3,145.17,435.51,WH-CENTRAL,Online
T507822,2026-02-14,P1023,3,145.17,435.51,WH-CENTRAL,In-Store
T507823,2026-02-15,P1023,1,145.17,145.17,WH-CENTRAL,Online
T507824,2026-02-16,P1023,4,145.17,580.68,WH-CENTRAL,Online
T507825,2026-02-17,P1023,6,145.17,871.02,WH-CENTRAL,In-Store
T507826,2026-02-18,P1023,4,145.17,580.68,WH-CENTRAL,Online
T507827,2026-02-19,P1023,5,145.17,725.85,WH-CENTRAL,Online
T507828,2026-02-21,P1023,3,145.17,435.51,WH-CENTRAL,Online
T507829,2026-02-22,P1023,3,145.17,435.51,WH-CENTRAL,In-Store
T507830,2026-02-23,P1023,2,145.17,290.34,WH-CENTRAL,Online
T507831,2026-02-24,P1023,4,145.17,580.68,WH-CENTRAL,In-Store
T507832,2026-02-25,P1023,1,145.17,145.17,WH-CENTRAL,Online
T507833,2026-02-26,P1023,3,145.17,435.51,WH-CENTRAL,Online
T507834,2026-02-27,P1023,1,145.17,145.17,WH-CENTRAL,In-Store
T507835,2026-02-28,P1023,6,145.17,871.02,WH-CENTRAL,In-Store
T507836,2026-03-01,P1023,3,145.17,435.51,WH-CENTRAL,Online
T507837,2026-03-02,P1023,3,145.17,435.51,WH-CENTRAL,Online
T507838,2026-03-03,P1023,5,145.17,725.85,WH-CENTRAL,Online
T507839,2026-03-04,P1023,7,145.17,1016.19,WH-CENTRAL,Online
T507840,2026-03-05,P1023,3,145.17,435.51,WH-CENTRAL,Online
T507841,2026-03-06,P1023,2,145.17,290.34,WH-CENTRAL,In-Store
T507842,2026-03-07,P1023,6,145.17,871.02,WH-CENTRAL,In-Store
T507843,2026-03-08,P1023,5,145.17,725.85,WH-CENTRAL,Online
T507844,2026-03-09,P1023,3,145.17,435.51,WH-CENTRAL,Online
T507845,2026-03-10,P1023,2,145.17,290.34,WH-CENTRAL,Online
T507846,2026-03-11,P1023,2,145.17,290.34,WH-CENTRAL,Online
T507847,2026-03-12,P1023,1,145.17,145.17,WH-CENTRAL,Online
T507848,2026-03-13,P1023,3,145.17,435.51,WH-CENTRAL,Online
T507849,2026-03-14,P1023,2,145.17,290.34,WH-CENTRAL,Online
T507850,2026-03-15,P1023,4,145.17,580.68,WH-CENTRAL,Online
T507851,2026-03-16,P1023,5,145.17,725.85,WH-CENTRAL,In-Store
T507852,2026-03-17,P1023,4,145.17,580.68,WH-CENTRAL,Online
T507853,2026-03-18,P1023,6,145.17,871.02,WH-CENTRAL,In-Store
T507854,2026-03-19,P1023,3,145.17,435.51,WH-CENTRAL,Online
T507855,2026-03-20,P1023,2,145.17,290.34,WH-CENTRAL,In-Store
T507856,2026-03-21,P1023,4,145.17,580.68,WH-CENTRAL,Online
T507857,2026-03-22,P1023,1,145.17,145.17,WH-CENTRAL,Online
T507858,2026-03-23,P1023,5,145.17,725.85,WH-CENTRAL,In-Store
T507859,2026-03-24,P1023,1,145.17,145.17,WH-CENTRAL,Online
T507860,2026-03-25,P1023,3,145.17,435.51,WH-CENTRAL,In-Store
T507861,2026-03-26,P1023,3,145.17,435.51,WH-CENTRAL,In-Store
T507862,2026-03-27,P1023,5,145.17,725.85,WH-CENTRAL,Online
T507863,2026-03-28,P1023,1,145.17,145.17,WH-CENTRAL,In-Store
T507864,2026-03-29,P1023,5,145.17,725.85,WH-CENTRAL,Online
T507865,2026-03-30,P1023,6,145.17,871.02,WH-CENTRAL,In-Store
T507866,2026-04-01,P1023,4,145.17,580.68,WH-CENTRAL,Online
T507867,2026-04-02,P1023,4,145.17,580.68,WH-CENTRAL,In-Store
T507868,2026-04-03,P1023,7,145.17,1016.19,WH-CENTRAL,Online
T507869,2026-04-04,P1023,2,145.17,290.34,WH-CENTRAL,In-Store
T507870,2026-04-05,P1023,4,145.17,580.68,WH-CENTRAL,Online
T507871,2026-04-06,P1023,1,145.17,145.17,WH-CENTRAL,In-Store
T507872,2026-04-07,P1023,1,145.17,145.17,WH-CENTRAL,Online
T507873,2026-04-08,P1023,4,145.17,580.68,WH-CENTRAL,Online
T507874,2026-04-09,P1023,2,145.17,290.34,WH-CENTRAL,Online
T507875,2026-04-10,P1023,1,145.17,145.17,WH-CENTRAL,In-Store
T507876,2026-04-11,P1023,7,145.17,1016.19,WH-CENTRAL,Online
T507877,2026-04-12,P1023,6,145.17,871.02,WH-CENTRAL,In-Store
T507878,2026-04-13,P1023,1,145.17,145.17,WH-CENTRAL,In-Store
T507879,2026-04-14,P1023,2,145.17,290.34,WH-CENTRAL,In-Store
T507880,2026-04-15,P1023,3,145.17,435.51,WH-CENTRAL,In-Store
T507881,2026-04-16,P1023,1,145.17,145.17,WH-CENTRAL,In-Store
T507882,2026-04-17,P1023,2,145.17,290.34,WH-CENTRAL,In-Store
T507883,2026-04-18,P1023,2,145.17,290.34,WH-CENTRAL,Online
T507884,2026-04-19,P1023,4,145.17,580.68,WH-CENTRAL,Online
T507885,2026-04-20,P1023,4,145.17,580.68,WH-CENTRAL,In-Store
T507886,2026-04-21,P1023,4,145.17,580.68,WH-CENTRAL,Online
T507887,2026-04-22,P1023,3,145.17,435.51,WH-CENTRAL,Online
T507888,2026-04-23,P1023,3,145.17,435.51,WH-CENTRAL,Online
T507889,2026-04-24,P1023,4,145.17,580.68,WH-CENTRAL,Online
T507890,2026-04-25,P1023,3,145.17,435.51,WH-CENTRAL,Online
T507891,2026-04-26,P1023,3,145.17,435.51,WH-CENTRAL,In-Store
T507892,2026-04-27,P1023,1,145.17,145.17,WH-CENTRAL,Online
T507893,2026-04-28,P1023,2,145.17,290.34,WH-CENTRAL,Online
T507894,2026-04-29,P1023,5,145.17,725.85,WH-CENTRAL,Online
T507895,2026-04-30,P1023,2,145.17,290.34,WH-CENTRAL,Online
T507896,2026-05-01,P1023,4,145.17,580.68,WH-CENTRAL,Online
T507897,2026-05-02,P1023,2,145.17,290.34,WH-CENTRAL,Online
T507898,2026-05-03,P1023,2,145.17,290.34,WH-CENTRAL,Online
T507899,2026-05-05,P1023,2,145.17,290.34,WH-CENTRAL,Online
T507900,2026-05-06,P1023,1,145.17,145.17,WH-CENTRAL,Online
T507901,2026-05-07,P1023,5,145.17,725.85,WH-CENTRAL,In-Store
T507902,2026-05-08,P1023,1,145.17,145.17,WH-CENTRAL,In-Store
T507903,2026-05-09,P1023,4,145.17,580.68,WH-CENTRAL,Online
T507904,2026-05-10,P1023,6,145.17,871.02,WH-CENTRAL,Online
T507905,2026-05-11,P1023,5,145.17,725.85,WH-CENTRAL,Online
T507906,2026-05-12,P1023,3,145.17,435.51,WH-CENTRAL,Online
T507907,2026-05-13,P1023,1,145.17,145.17,WH-CENTRAL,Online
T507908,2026-05-15,P1023,4,145.17,580.68,WH-CENTRAL,Online
T507909,2026-05-17,P1023,3,145.17,435.51,WH-CENTRAL,In-Store
T507910,2026-05-18,P1023,2,145.17,290.34,WH-CENTRAL,Online
T507911,2026-05-19,P1023,2,145.17,290.34,WH-CENTRAL,Online
T507912,2026-05-20,P1023,2,145.17,290.34,WH-CENTRAL,In-Store
T507913,2026-05-21,P1023,7,145.17,1016.19,WH-CENTRAL,In-Store
T507914,2026-05-22,P1023,2,145.17,290.34,WH-CENTRAL,Online
T507915,2026-05-23,P1023,5,145.17,725.85,WH-CENTRAL,Online
T507916,2026-05-24,P1023,1,145.17,145.17,WH-CENTRAL,Online
T507917,2026-05-25,P1023,1,145.17,145.17,WH-CENTRAL,Online
T507918,2026-05-26,P1023,1,145.17,145.17,WH-CENTRAL,In-Store
T507919,2026-05-27,P1023,3,145.17,435.51,WH-CENTRAL,Online
T507920,2026-05-28,P1023,3,145.17,435.51,WH-CENTRAL,Online
T507921,2026-05-29,P1023,5,145.17,725.85,WH-CENTRAL,Online
T507922,2026-05-30,P1023,6,145.17,871.02,WH-CENTRAL,In-Store
T507923,2026-05-31,P1023,1,145.17,145.17,WH-CENTRAL,Online
T507924,2026-06-01,P1023,1,145.17,145.17,WH-CENTRAL,Online
T507925,2026-06-02,P1023,3,145.17,435.51,WH-CENTRAL,Online
T507926,2026-06-03,P1023,1,145.17,145.17,WH-CENTRAL,Online
T507927,2026-06-04,P1023,3,145.17,435.51,WH-CENTRAL,Online
T507928,2026-06-05,P1023,1,145.17,145.17,WH-CENTRAL,Online
T507929,2026-06-06,P1023,5,145.17,725.85,WH-CENTRAL,In-Store
T507930,2026-06-07,P1023,2,145.17,290.34,WH-CENTRAL,In-Store
T507931,2026-06-08,P1023,9,145.17,1306.53,WH-CENTRAL,Online
T507932,2026-06-10,P1023,3,145.17,435.51,WH-CENTRAL,Online
T507933,2026-06-11,P1023,4,145.17,580.68,WH-CENTRAL,Online
T507934,2026-06-12,P1023,3,145.17,435.51,WH-CENTRAL,Online
T507935,2026-06-13,P1023,5,145.17,725.85,WH-CENTRAL,Online
T507936,2026-06-15,P1023,4,145.17,580.68,WH-CENTRAL,Online
T507937,2026-06-16,P1023,3,145.17,435.51,WH-CENTRAL,Online
T507938,2026-06-17,P1023,6,145.17,871.02,WH-CENTRAL,Online
T507939,2026-06-18,P1023,3,145.17,435.51,WH-CENTRAL,Online
T507940,2026-06-20,P1023,5,145.17,725.85,WH-CENTRAL,In-Store
T507941,2026-06-21,P1023,4,145.17,580.68,WH-CENTRAL,In-Store
T507942,2026-06-22,P1023,3,145.17,435.51,WH-CENTRAL,In-Store
T507943,2026-06-23,P1023,4,145.17,580.68,WH-CENTRAL,Online
T507944,2026-06-24,P1023,1,145.17,145.17,WH-CENTRAL,In-Store
T507945,2026-06-25,P1023,4,145.17,580.68,WH-CENTRAL,Online
T507946,2026-06-26,P1023,3,145.17,435.51,WH-CENTRAL,Online
T507947,2026-06-27,P1023,4,145.17,580.68,WH-CENTRAL,Online
T507948,2026-06-28,P1023,2,145.17,290.34,WH-CENTRAL,In-Store
T507949,2026-06-29,P1023,3,145.17,435.51,WH-CENTRAL,In-Store
T507950,2026-06-30,P1023,2,145.17,290.34,WH-CENTRAL,Online
T507951,2026-07-01,P1023,1,145.17,145.17,WH-CENTRAL,Online
T507952,2026-07-02,P1023,3,145.17,435.51,WH-CENTRAL,In-Store
T507953,2026-07-03,P1023,2,145.17,290.34,WH-CENTRAL,In-Store
T507954,2026-07-04,P1023,7,145.17,1016.19,WH-CENTRAL,Online
T507955,2026-07-05,P1023,2,145.17,290.34,WH-CENTRAL,In-Store
T507956,2026-07-06,P1023,3,145.17,435.51,WH-CENTRAL,Online
T507957,2026-07-07,P1023,4,145.17,580.68,WH-CENTRAL,Online
T507958,2026-07-08,P1023,6,145.17,871.02,WH-CENTRAL,Online
T507959,2026-07-09,P1023,3,145.17,435.51,WH-CENTRAL,Online
T507960,2026-07-10,P1023,3,145.17,435.51,WH-CENTRAL,Online
T507961,2026-07-11,P1023,2,145.17,290.34,WH-CENTRAL,In-Store
T507962,2026-07-12,P1023,4,145.17,580.68,WH-CENTRAL,Online
T507963,2026-07-13,P1023,2,145.17,290.34,WH-CENTRAL,Online
T507964,2026-07-14,P1023,7,145.17,1016.19,WH-CENTRAL,Online
T507965,2026-07-15,P1023,4,145.17,580.68,WH-CENTRAL,Online
T507966,2026-07-16,P1023,2,145.17,290.34,WH-CENTRAL,Online
T507967,2026-07-17,P1023,2,145.17,290.34,WH-CENTRAL,Online
T507968,2026-07-18,P1023,4,145.17,580.68,WH-CENTRAL,Online
T507969,2026-07-19,P1023,8,145.17,1161.36,WH-CENTRAL,In-Store
T507970,2026-07-20,P1023,1,145.17,145.17,WH-CENTRAL,Online
T507971,2026-07-21,P1023,4,145.17,580.68,WH-CENTRAL,Online
T507972,2026-07-22,P1023,1,145.17,145.17,WH-CENTRAL,Online
T507973,2026-07-23,P1023,2,145.17,290.34,WH-CENTRAL,Online
T507974,2026-07-24,P1023,3,145.17,435.51,WH-CENTRAL,Online
T507975,2026-07-25,P1023,3,145.17,435.51,WH-CENTRAL,In-Store
T507976,2026-07-26,P1023,6,145.17,871.02,WH-CENTRAL,In-Store
T507977,2026-07-27,P1023,3,145.17,435.51,WH-CENTRAL,Online
T507978,2026-07-28,P1023,2,145.17,290.34,WH-CENTRAL,In-Store
T507979,2026-07-29,P1023,2,145.17,290.34,WH-CENTRAL,Online
T507980,2026-07-31,P1023,4,145.17,580.68,WH-CENTRAL,Online
T507981,2026-08-01,P1023,3,145.17,435.51,WH-CENTRAL,Online
T507982,2026-08-02,P1023,6,145.17,871.02,WH-CENTRAL,In-Store
T507983,2026-08-03,P1023,1,145.17,145.17,WH-CENTRAL,Online
T507984,2026-08-04,P1023,6,145.17,871.02,WH-CENTRAL,Online
T507985,2026-08-05,P1023,6,145.17,871.02,WH-CENTRAL,Online
T507986,2026-08-06,P1023,2,145.17,290.34,WH-CENTRAL,Online
T507987,2026-08-08,P1023,4,145.17,580.68,WH-CENTRAL,In-Store
T507988,2026-08-09,P1023,4,145.17,580.68,WH-CENTRAL,Online
T507989,2026-08-10,P1023,6,145.17,871.02,WH-CENTRAL,Online
T507990,2026-08-12,P1023,2,145.17,290.34,WH-CENTRAL,Online
T507991,2026-08-13,P1023,3,145.17,435.51,WH-CENTRAL,Online
T507992,2025-08-15,P1024,8,104.24,833.92,WH-CENTRAL,Online
T507993,2025-08-16,P1024,10,104.24,1042.4,WH-CENTRAL,In-Store
T507994,2025-08-17,P1024,6,104.24,625.44,WH-CENTRAL,Online
T507995,2025-08-18,P1024,6,104.24,625.44,WH-CENTRAL,Online
T507996,2025-08-19,P1024,3,104.24,312.72,WH-CENTRAL,Online
T507997,2025-08-20,P1024,4,104.24,416.96,WH-CENTRAL,Online
T507998,2025-08-21,P1024,6,104.24,625.44,WH-CENTRAL,Online
T507999,2025-08-22,P1024,6,104.24,625.44,WH-CENTRAL,In-Store
T508000,2025-08-23,P1024,6,104.24,625.44,WH-CENTRAL,Online
T508001,2025-08-24,P1024,5,104.24,521.2,WH-CENTRAL,In-Store
T508002,2025-08-25,P1024,9,104.24,938.16,WH-CENTRAL,Online
T508003,2025-08-26,P1024,6,104.24,625.44,WH-CENTRAL,Online
T508004,2025-08-27,P1024,7,104.24,729.68,WH-CENTRAL,Online
T508005,2025-08-28,P1024,5,104.24,521.2,WH-CENTRAL,Online
T508006,2025-08-29,P1024,5,104.24,521.2,WH-CENTRAL,Online
T508007,2025-08-30,P1024,5,104.24,521.2,WH-CENTRAL,Online
T508008,2025-08-31,P1024,7,104.24,729.68,WH-CENTRAL,In-Store
T508009,2025-09-01,P1024,10,104.24,1042.4,WH-CENTRAL,Online
T508010,2025-09-02,P1024,8,104.24,833.92,WH-CENTRAL,Online
T508011,2025-09-03,P1024,4,104.24,416.96,WH-CENTRAL,Online
T508012,2025-09-04,P1024,8,104.24,833.92,WH-CENTRAL,Online
T508013,2025-09-05,P1024,5,104.24,521.2,WH-CENTRAL,Online
T508014,2025-09-06,P1024,10,104.24,1042.4,WH-CENTRAL,In-Store
T508015,2025-09-07,P1024,3,104.24,312.72,WH-CENTRAL,Online
T508016,2025-09-08,P1024,7,104.24,729.68,WH-CENTRAL,In-Store
T508017,2025-09-09,P1024,6,104.24,625.44,WH-CENTRAL,Online
T508018,2025-09-10,P1024,2,104.24,208.48,WH-CENTRAL,In-Store
T508019,2025-09-11,P1024,3,104.24,312.72,WH-CENTRAL,Online
T508020,2025-09-12,P1024,4,104.24,416.96,WH-CENTRAL,In-Store
T508021,2025-09-13,P1024,8,104.24,833.92,WH-CENTRAL,Online
T508022,2025-09-14,P1024,6,104.24,625.44,WH-CENTRAL,In-Store
T508023,2025-09-15,P1024,7,104.24,729.68,WH-CENTRAL,In-Store
T508024,2025-09-16,P1024,4,104.24,416.96,WH-CENTRAL,Online
T508025,2025-09-17,P1024,5,104.24,521.2,WH-CENTRAL,In-Store
T508026,2025-09-18,P1024,3,104.24,312.72,WH-CENTRAL,In-Store
T508027,2025-09-19,P1024,8,104.24,833.92,WH-CENTRAL,Online
T508028,2025-09-20,P1024,7,104.24,729.68,WH-CENTRAL,Online
T508029,2025-09-21,P1024,8,104.24,833.92,WH-CENTRAL,Online
T508030,2025-09-22,P1024,6,104.24,625.44,WH-CENTRAL,Online
T508031,2025-09-23,P1024,6,104.24,625.44,WH-CENTRAL,Online
T508032,2025-09-24,P1024,7,104.24,729.68,WH-CENTRAL,Online
T508033,2025-09-25,P1024,3,104.24,312.72,WH-CENTRAL,Online
T508034,2025-09-26,P1024,4,104.24,416.96,WH-CENTRAL,Online
T508035,2025-09-27,P1024,8,104.24,833.92,WH-CENTRAL,Online
T508036,2025-09-28,P1024,1,104.24,104.24,WH-CENTRAL,In-Store
T508037,2025-09-29,P1024,3,104.24,312.72,WH-CENTRAL,In-Store
T508038,2025-09-30,P1024,5,104.24,521.2,WH-CENTRAL,Online
T508039,2025-10-01,P1024,8,104.24,833.92,WH-CENTRAL,Online
T508040,2025-10-02,P1024,7,104.24,729.68,WH-CENTRAL,In-Store
T508041,2025-10-03,P1024,5,104.24,521.2,WH-CENTRAL,Online
T508042,2025-10-04,P1024,8,104.24,833.92,WH-CENTRAL,In-Store
T508043,2025-10-05,P1024,5,104.24,521.2,WH-CENTRAL,Online
T508044,2025-10-06,P1024,11,104.24,1146.64,WH-CENTRAL,Online
T508045,2025-10-07,P1024,4,104.24,416.96,WH-CENTRAL,In-Store
T508046,2025-10-08,P1024,5,104.24,521.2,WH-CENTRAL,Online
T508047,2025-10-09,P1024,9,104.24,938.16,WH-CENTRAL,Online
T508048,2025-10-10,P1024,8,104.24,833.92,WH-CENTRAL,Online
T508049,2025-10-11,P1024,6,104.24,625.44,WH-CENTRAL,Online
T508050,2025-10-12,P1024,11,104.24,1146.64,WH-CENTRAL,In-Store
T508051,2025-10-13,P1024,10,104.24,1042.4,WH-CENTRAL,Online
T508052,2025-10-14,P1024,5,104.24,521.2,WH-CENTRAL,In-Store
T508053,2025-10-15,P1024,6,104.24,625.44,WH-CENTRAL,Online
T508054,2025-10-16,P1024,5,104.24,521.2,WH-CENTRAL,Online
T508055,2025-10-17,P1024,5,104.24,521.2,WH-CENTRAL,Online
T508056,2025-10-18,P1024,9,104.24,938.16,WH-CENTRAL,Online
T508057,2025-10-19,P1024,6,104.24,625.44,WH-CENTRAL,Online
T508058,2025-10-20,P1024,5,104.24,521.2,WH-CENTRAL,Online
T508059,2025-10-21,P1024,6,104.24,625.44,WH-CENTRAL,Online
T508060,2025-10-22,P1024,9,104.24,938.16,WH-CENTRAL,Online
T508061,2025-10-23,P1024,2,104.24,208.48,WH-CENTRAL,Online
T508062,2025-10-24,P1024,2,104.24,208.48,WH-CENTRAL,Online
T508063,2025-10-25,P1024,10,104.24,1042.4,WH-CENTRAL,Online
T508064,2025-10-26,P1024,5,104.24,521.2,WH-CENTRAL,Online
T508065,2025-10-27,P1024,5,104.24,521.2,WH-CENTRAL,Online
T508066,2025-10-28,P1024,5,104.24,521.2,WH-CENTRAL,In-Store
T508067,2025-10-29,P1024,3,104.24,312.72,WH-CENTRAL,In-Store
T508068,2025-10-30,P1024,9,104.24,938.16,WH-CENTRAL,Online
T508069,2025-10-31,P1024,8,104.24,833.92,WH-CENTRAL,Online
T508070,2025-11-01,P1024,9,104.24,938.16,WH-CENTRAL,Online
T508071,2025-11-02,P1024,7,104.24,729.68,WH-CENTRAL,In-Store
T508072,2025-11-03,P1024,2,104.24,208.48,WH-CENTRAL,Online
T508073,2025-11-04,P1024,8,104.24,833.92,WH-CENTRAL,Online
T508074,2025-11-05,P1024,3,104.24,312.72,WH-CENTRAL,In-Store
T508075,2025-11-06,P1024,3,104.24,312.72,WH-CENTRAL,In-Store
T508076,2025-11-07,P1024,5,104.24,521.2,WH-CENTRAL,In-Store
T508077,2025-11-08,P1024,7,104.24,729.68,WH-CENTRAL,Online
T508078,2025-11-09,P1024,7,104.24,729.68,WH-CENTRAL,In-Store
T508079,2025-11-10,P1024,8,104.24,833.92,WH-CENTRAL,In-Store
T508080,2025-11-11,P1024,10,104.24,1042.4,WH-CENTRAL,Online
T508081,2025-11-12,P1024,6,104.24,625.44,WH-CENTRAL,Online
T508082,2025-11-13,P1024,7,104.24,729.68,WH-CENTRAL,In-Store
T508083,2025-11-14,P1024,4,104.24,416.96,WH-CENTRAL,Online
T508084,2025-11-15,P1024,12,104.24,1250.88,WH-CENTRAL,In-Store
T508085,2025-11-16,P1024,8,104.24,833.92,WH-CENTRAL,In-Store
T508086,2025-11-17,P1024,5,104.24,521.2,WH-CENTRAL,Online
T508087,2025-11-18,P1024,5,104.24,521.2,WH-CENTRAL,In-Store
T508088,2025-11-19,P1024,7,104.24,729.68,WH-CENTRAL,Online
T508089,2025-11-20,P1024,7,104.24,729.68,WH-CENTRAL,In-Store
T508090,2025-11-21,P1024,6,104.24,625.44,WH-CENTRAL,Online
T508091,2025-11-22,P1024,4,104.24,416.96,WH-CENTRAL,In-Store
T508092,2025-11-23,P1024,4,104.24,416.96,WH-CENTRAL,Online
T508093,2025-11-24,P1024,5,104.24,521.2,WH-CENTRAL,Online
T508094,2025-11-25,P1024,13,104.24,1355.12,WH-CENTRAL,In-Store
T508095,2025-11-26,P1024,6,104.24,625.44,WH-CENTRAL,In-Store
T508096,2025-11-27,P1024,7,104.24,729.68,WH-CENTRAL,Online
T508097,2025-11-28,P1024,5,104.24,521.2,WH-CENTRAL,Online
T508098,2025-11-29,P1024,9,104.24,938.16,WH-CENTRAL,Online
T508099,2025-11-30,P1024,9,104.24,938.16,WH-CENTRAL,In-Store
T508100,2025-12-01,P1024,7,104.24,729.68,WH-CENTRAL,In-Store
T508101,2025-12-02,P1024,5,104.24,521.2,WH-CENTRAL,Online
T508102,2025-12-03,P1024,5,104.24,521.2,WH-CENTRAL,Online
T508103,2025-12-04,P1024,6,104.24,625.44,WH-CENTRAL,Online
T508104,2025-12-05,P1024,5,104.24,521.2,WH-CENTRAL,Online
T508105,2025-12-06,P1024,8,104.24,833.92,WH-CENTRAL,Online
T508106,2025-12-07,P1024,8,104.24,833.92,WH-CENTRAL,In-Store
T508107,2025-12-08,P1024,10,104.24,1042.4,WH-CENTRAL,In-Store
T508108,2025-12-09,P1024,8,104.24,833.92,WH-CENTRAL,Online
T508109,2025-12-10,P1024,2,104.24,208.48,WH-CENTRAL,Online
T508110,2025-12-11,P1024,5,104.24,521.2,WH-CENTRAL,In-Store
T508111,2025-12-12,P1024,7,104.24,729.68,WH-CENTRAL,In-Store
T508112,2025-12-13,P1024,6,104.24,625.44,WH-CENTRAL,In-Store
T508113,2025-12-14,P1024,10,104.24,1042.4,WH-CENTRAL,Online
T508114,2025-12-15,P1024,8,104.24,833.92,WH-CENTRAL,In-Store
T508115,2025-12-16,P1024,9,104.24,938.16,WH-CENTRAL,In-Store
T508116,2025-12-17,P1024,9,104.24,938.16,WH-CENTRAL,Online
T508117,2025-12-18,P1024,2,104.24,208.48,WH-CENTRAL,In-Store
T508118,2025-12-19,P1024,9,104.24,938.16,WH-CENTRAL,Online
T508119,2025-12-20,P1024,9,104.24,938.16,WH-CENTRAL,Online
T508120,2025-12-21,P1024,17,104.24,1772.08,WH-CENTRAL,In-Store
T508121,2025-12-22,P1024,10,104.24,1042.4,WH-CENTRAL,Online
T508122,2025-12-23,P1024,9,104.24,938.16,WH-CENTRAL,Online
T508123,2025-12-24,P1024,6,104.24,625.44,WH-CENTRAL,Online
T508124,2025-12-25,P1024,9,104.24,938.16,WH-CENTRAL,In-Store
T508125,2025-12-26,P1024,8,104.24,833.92,WH-CENTRAL,Online
T508126,2025-12-27,P1024,9,104.24,938.16,WH-CENTRAL,Online
T508127,2025-12-28,P1024,5,104.24,521.2,WH-CENTRAL,Online
T508128,2025-12-29,P1024,5,104.24,521.2,WH-CENTRAL,Online
T508129,2025-12-30,P1024,3,104.24,312.72,WH-CENTRAL,In-Store
T508130,2025-12-31,P1024,3,104.24,312.72,WH-CENTRAL,Online
T508131,2026-01-01,P1024,2,104.24,208.48,WH-CENTRAL,In-Store
T508132,2026-01-02,P1024,8,104.24,833.92,WH-CENTRAL,In-Store
T508133,2026-01-03,P1024,6,104.24,625.44,WH-CENTRAL,In-Store
T508134,2026-01-04,P1024,8,104.24,833.92,WH-CENTRAL,Online
T508135,2026-01-05,P1024,6,104.24,625.44,WH-CENTRAL,Online
T508136,2026-01-06,P1024,11,104.24,1146.64,WH-CENTRAL,Online
T508137,2026-01-07,P1024,5,104.24,521.2,WH-CENTRAL,Online
T508138,2026-01-08,P1024,8,104.24,833.92,WH-CENTRAL,Online
T508139,2026-01-10,P1024,14,104.24,1459.36,WH-CENTRAL,Online
T508140,2026-01-11,P1024,4,104.24,416.96,WH-CENTRAL,Online
T508141,2026-01-12,P1024,9,104.24,938.16,WH-CENTRAL,Online
T508142,2026-01-13,P1024,1,104.24,104.24,WH-CENTRAL,Online
T508143,2026-01-14,P1024,5,104.24,521.2,WH-CENTRAL,In-Store
T508144,2026-01-15,P1024,3,104.24,312.72,WH-CENTRAL,In-Store
T508145,2026-01-16,P1024,4,104.24,416.96,WH-CENTRAL,Online
T508146,2026-01-17,P1024,5,104.24,521.2,WH-CENTRAL,Online
T508147,2026-01-18,P1024,3,104.24,312.72,WH-CENTRAL,Online
T508148,2026-01-19,P1024,10,104.24,1042.4,WH-CENTRAL,Online
T508149,2026-01-20,P1024,4,104.24,416.96,WH-CENTRAL,In-Store
T508150,2026-01-21,P1024,6,104.24,625.44,WH-CENTRAL,In-Store
T508151,2026-01-22,P1024,7,104.24,729.68,WH-CENTRAL,In-Store
T508152,2026-01-23,P1024,9,104.24,938.16,WH-CENTRAL,In-Store
T508153,2026-01-24,P1024,2,104.24,208.48,WH-CENTRAL,In-Store
T508154,2026-01-25,P1024,12,104.24,1250.88,WH-CENTRAL,Online
T508155,2026-01-26,P1024,7,104.24,729.68,WH-CENTRAL,In-Store
T508156,2026-01-27,P1024,7,104.24,729.68,WH-CENTRAL,Online
T508157,2026-01-28,P1024,4,104.24,416.96,WH-CENTRAL,In-Store
T508158,2026-01-29,P1024,9,104.24,938.16,WH-CENTRAL,Online
T508159,2026-01-30,P1024,8,104.24,833.92,WH-CENTRAL,Online
T508160,2026-01-31,P1024,9,104.24,938.16,WH-CENTRAL,In-Store
T508161,2026-02-01,P1024,8,104.24,833.92,WH-CENTRAL,In-Store
T508162,2026-02-02,P1024,4,104.24,416.96,WH-CENTRAL,Online
T508163,2026-02-03,P1024,5,104.24,521.2,WH-CENTRAL,In-Store
T508164,2026-02-04,P1024,7,104.24,729.68,WH-CENTRAL,Online
T508165,2026-02-05,P1024,8,104.24,833.92,WH-CENTRAL,Online
T508166,2026-02-06,P1024,6,104.24,625.44,WH-CENTRAL,In-Store
T508167,2026-02-07,P1024,6,104.24,625.44,WH-CENTRAL,In-Store
T508168,2026-02-08,P1024,4,104.24,416.96,WH-CENTRAL,Online
T508169,2026-02-09,P1024,4,104.24,416.96,WH-CENTRAL,In-Store
T508170,2026-02-10,P1024,6,104.24,625.44,WH-CENTRAL,In-Store
T508171,2026-02-11,P1024,5,104.24,521.2,WH-CENTRAL,Online
T508172,2026-02-12,P1024,2,104.24,208.48,WH-CENTRAL,In-Store
T508173,2026-02-13,P1024,11,104.24,1146.64,WH-CENTRAL,Online
T508174,2026-02-14,P1024,7,104.24,729.68,WH-CENTRAL,Online
T508175,2026-02-15,P1024,6,104.24,625.44,WH-CENTRAL,Online
T508176,2026-02-16,P1024,5,104.24,521.2,WH-CENTRAL,Online
T508177,2026-02-17,P1024,5,104.24,521.2,WH-CENTRAL,Online
T508178,2026-02-18,P1024,3,104.24,312.72,WH-CENTRAL,Online
T508179,2026-02-19,P1024,5,104.24,521.2,WH-CENTRAL,In-Store
T508180,2026-02-20,P1024,4,104.24,416.96,WH-CENTRAL,Online
T508181,2026-02-21,P1024,9,104.24,938.16,WH-CENTRAL,In-Store
T508182,2026-02-22,P1024,7,104.24,729.68,WH-CENTRAL,Online
T508183,2026-02-23,P1024,6,104.24,625.44,WH-CENTRAL,Online
T508184,2026-02-24,P1024,1,104.24,104.24,WH-CENTRAL,In-Store
T508185,2026-02-25,P1024,2,104.24,208.48,WH-CENTRAL,In-Store
T508186,2026-02-26,P1024,6,104.24,625.44,WH-CENTRAL,In-Store
T508187,2026-02-27,P1024,5,104.24,521.2,WH-CENTRAL,Online
T508188,2026-02-28,P1024,7,104.24,729.68,WH-CENTRAL,Online
T508189,2026-03-01,P1024,9,104.24,938.16,WH-CENTRAL,In-Store
T508190,2026-03-02,P1024,4,104.24,416.96,WH-CENTRAL,Online
T508191,2026-03-03,P1024,6,104.24,625.44,WH-CENTRAL,In-Store
T508192,2026-03-04,P1024,4,104.24,416.96,WH-CENTRAL,In-Store
T508193,2026-03-05,P1024,4,104.24,416.96,WH-CENTRAL,Online
T508194,2026-03-06,P1024,4,104.24,416.96,WH-CENTRAL,Online
T508195,2026-03-07,P1024,4,104.24,416.96,WH-CENTRAL,In-Store
T508196,2026-03-08,P1024,5,104.24,521.2,WH-CENTRAL,Online
T508197,2026-03-09,P1024,6,104.24,625.44,WH-CENTRAL,Online
T508198,2026-03-10,P1024,3,104.24,312.72,WH-CENTRAL,Online
T508199,2026-03-11,P1024,3,104.24,312.72,WH-CENTRAL,Online
T508200,2026-03-12,P1024,1,104.24,104.24,WH-CENTRAL,Online
T508201,2026-03-13,P1024,4,104.24,416.96,WH-CENTRAL,In-Store
T508202,2026-03-14,P1024,6,104.24,625.44,WH-CENTRAL,In-Store
T508203,2026-03-15,P1024,3,104.24,312.72,WH-CENTRAL,Online
T508204,2026-03-16,P1024,4,104.24,416.96,WH-CENTRAL,In-Store
T508205,2026-03-17,P1024,4,104.24,416.96,WH-CENTRAL,In-Store
T508206,2026-03-18,P1024,5,104.24,521.2,WH-CENTRAL,In-Store
T508207,2026-03-19,P1024,4,104.24,416.96,WH-CENTRAL,Online
T508208,2026-03-20,P1024,4,104.24,416.96,WH-CENTRAL,In-Store
T508209,2026-03-21,P1024,1,104.24,104.24,WH-CENTRAL,In-Store
T508210,2026-03-22,P1024,8,104.24,833.92,WH-CENTRAL,Online
T508211,2026-03-23,P1024,9,104.24,938.16,WH-CENTRAL,Online
T508212,2026-03-24,P1024,5,104.24,521.2,WH-CENTRAL,In-Store
T508213,2026-03-25,P1024,5,104.24,521.2,WH-CENTRAL,Online
T508214,2026-03-26,P1024,4,104.24,416.96,WH-CENTRAL,Online
T508215,2026-03-27,P1024,7,104.24,729.68,WH-CENTRAL,Online
T508216,2026-03-28,P1024,6,104.24,625.44,WH-CENTRAL,In-Store
T508217,2026-03-29,P1024,2,104.24,208.48,WH-CENTRAL,Online
T508218,2026-03-30,P1024,5,104.24,521.2,WH-CENTRAL,Online
T508219,2026-03-31,P1024,2,104.24,208.48,WH-CENTRAL,Online
T508220,2026-04-01,P1024,3,104.24,312.72,WH-CENTRAL,In-Store
T508221,2026-04-02,P1024,3,104.24,312.72,WH-CENTRAL,Online
T508222,2026-04-03,P1024,8,104.24,833.92,WH-CENTRAL,Online
T508223,2026-04-04,P1024,6,104.24,625.44,WH-CENTRAL,Online
T508224,2026-04-05,P1024,6,104.24,625.44,WH-CENTRAL,Online
T508225,2026-04-06,P1024,6,104.24,625.44,WH-CENTRAL,In-Store
T508226,2026-04-07,P1024,4,104.24,416.96,WH-CENTRAL,In-Store
T508227,2026-04-08,P1024,3,104.24,312.72,WH-CENTRAL,Online
T508228,2026-04-09,P1024,5,104.24,521.2,WH-CENTRAL,Online
T508229,2026-04-10,P1024,4,104.24,416.96,WH-CENTRAL,Online
T508230,2026-04-11,P1024,9,104.24,938.16,WH-CENTRAL,In-Store
T508231,2026-04-12,P1024,5,104.24,521.2,WH-CENTRAL,In-Store
T508232,2026-04-13,P1024,8,104.24,833.92,WH-CENTRAL,Online
T508233,2026-04-14,P1024,2,104.24,208.48,WH-CENTRAL,In-Store
T508234,2026-04-15,P1024,6,104.24,625.44,WH-CENTRAL,Online
T508235,2026-04-16,P1024,1,104.24,104.24,WH-CENTRAL,Online
T508236,2026-04-17,P1024,4,104.24,416.96,WH-CENTRAL,In-Store
T508237,2026-04-18,P1024,1,104.24,104.24,WH-CENTRAL,Online
T508238,2026-04-19,P1024,4,104.24,416.96,WH-CENTRAL,Online
T508239,2026-04-20,P1024,7,104.24,729.68,WH-CENTRAL,In-Store
T508240,2026-04-21,P1024,1,104.24,104.24,WH-CENTRAL,In-Store
T508241,2026-04-22,P1024,6,104.24,625.44,WH-CENTRAL,In-Store
T508242,2026-04-23,P1024,8,104.24,833.92,WH-CENTRAL,Online
T508243,2026-04-24,P1024,3,104.24,312.72,WH-CENTRAL,Online
T508244,2026-04-25,P1024,8,104.24,833.92,WH-CENTRAL,In-Store
T508245,2026-04-26,P1024,2,104.24,208.48,WH-CENTRAL,Online
T508246,2026-04-27,P1024,4,104.24,416.96,WH-CENTRAL,In-Store
T508247,2026-04-28,P1024,2,104.24,208.48,WH-CENTRAL,Online
T508248,2026-04-29,P1024,5,104.24,521.2,WH-CENTRAL,In-Store
T508249,2026-04-30,P1024,3,104.24,312.72,WH-CENTRAL,In-Store
T508250,2026-05-01,P1024,1,104.24,104.24,WH-CENTRAL,In-Store
T508251,2026-05-02,P1024,7,104.24,729.68,WH-CENTRAL,Online
T508252,2026-05-03,P1024,4,104.24,416.96,WH-CENTRAL,Online
T508253,2026-05-04,P1024,4,104.24,416.96,WH-CENTRAL,Online
T508254,2026-05-05,P1024,6,104.24,625.44,WH-CENTRAL,Online
T508255,2026-05-06,P1024,6,104.24,625.44,WH-CENTRAL,In-Store
T508256,2026-05-07,P1024,5,104.24,521.2,WH-CENTRAL,Online
T508257,2026-05-08,P1024,4,104.24,416.96,WH-CENTRAL,In-Store
T508258,2026-05-09,P1024,4,104.24,416.96,WH-CENTRAL,Online
T508259,2026-05-10,P1024,3,104.24,312.72,WH-CENTRAL,In-Store
T508260,2026-05-11,P1024,1,104.24,104.24,WH-CENTRAL,Online
T508261,2026-05-12,P1024,4,104.24,416.96,WH-CENTRAL,Online
T508262,2026-05-13,P1024,1,104.24,104.24,WH-CENTRAL,In-Store
T508263,2026-05-14,P1024,4,104.24,416.96,WH-CENTRAL,Online
T508264,2026-05-15,P1024,6,104.24,625.44,WH-CENTRAL,Online
T508265,2026-05-16,P1024,8,104.24,833.92,WH-CENTRAL,Online
T508266,2026-05-17,P1024,1,104.24,104.24,WH-CENTRAL,Online
T508267,2026-05-18,P1024,7,104.24,729.68,WH-CENTRAL,In-Store
T508268,2026-05-19,P1024,4,104.24,416.96,WH-CENTRAL,In-Store
T508269,2026-05-20,P1024,3,104.24,312.72,WH-CENTRAL,In-Store
T508270,2026-05-21,P1024,6,104.24,625.44,WH-CENTRAL,Online
T508271,2026-05-23,P1024,3,104.24,312.72,WH-CENTRAL,Online
T508272,2026-05-24,P1024,4,104.24,416.96,WH-CENTRAL,In-Store
T508273,2026-05-25,P1024,3,104.24,312.72,WH-CENTRAL,Online
T508274,2026-05-26,P1024,6,104.24,625.44,WH-CENTRAL,Online
T508275,2026-05-27,P1024,2,104.24,208.48,WH-CENTRAL,Online
T508276,2026-05-28,P1024,5,104.24,521.2,WH-CENTRAL,Online
T508277,2026-05-29,P1024,1,104.24,104.24,WH-CENTRAL,Online
T508278,2026-05-30,P1024,9,104.24,938.16,WH-CENTRAL,In-Store
T508279,2026-05-31,P1024,4,104.24,416.96,WH-CENTRAL,Online
T508280,2026-06-01,P1024,5,104.24,521.2,WH-CENTRAL,In-Store
T508281,2026-06-02,P1024,7,104.24,729.68,WH-CENTRAL,Online
T508282,2026-06-03,P1024,3,104.24,312.72,WH-CENTRAL,In-Store
T508283,2026-06-04,P1024,3,104.24,312.72,WH-CENTRAL,In-Store
T508284,2026-06-05,P1024,4,104.24,416.96,WH-CENTRAL,Online
T508285,2026-06-06,P1024,5,104.24,521.2,WH-CENTRAL,Online
T508286,2026-06-07,P1024,4,104.24,416.96,WH-CENTRAL,In-Store
T508287,2026-06-08,P1024,7,104.24,729.68,WH-CENTRAL,Online
T508288,2026-06-09,P1024,3,104.24,312.72,WH-CENTRAL,Online
T508289,2026-06-10,P1024,6,104.24,625.44,WH-CENTRAL,In-Store
T508290,2026-06-11,P1024,2,104.24,208.48,WH-CENTRAL,In-Store
T508291,2026-06-12,P1024,3,104.24,312.72,WH-CENTRAL,Online
T508292,2026-06-13,P1024,6,104.24,625.44,WH-CENTRAL,Online
T508293,2026-06-14,P1024,4,104.24,416.96,WH-CENTRAL,Online
T508294,2026-06-15,P1024,2,104.24,208.48,WH-CENTRAL,In-Store
T508295,2026-06-16,P1024,3,104.24,312.72,WH-CENTRAL,In-Store
T508296,2026-06-17,P1024,5,104.24,521.2,WH-CENTRAL,Online
T508297,2026-06-18,P1024,2,104.24,208.48,WH-CENTRAL,In-Store
T508298,2026-06-19,P1024,3,104.24,312.72,WH-CENTRAL,Online
T508299,2026-06-20,P1024,6,104.24,625.44,WH-CENTRAL,Online
T508300,2026-06-21,P1024,8,104.24,833.92,WH-CENTRAL,In-Store
T508301,2026-06-22,P1024,5,104.24,521.2,WH-CENTRAL,In-Store
T508302,2026-06-23,P1024,5,104.24,521.2,WH-CENTRAL,In-Store
T508303,2026-06-24,P1024,4,104.24,416.96,WH-CENTRAL,Online
T508304,2026-06-25,P1024,6,104.24,625.44,WH-CENTRAL,Online
T508305,2026-06-26,P1024,1,104.24,104.24,WH-CENTRAL,Online
T508306,2026-06-27,P1024,5,104.24,521.2,WH-CENTRAL,In-Store
T508307,2026-06-28,P1024,9,104.24,938.16,WH-CENTRAL,Online
T508308,2026-06-29,P1024,4,104.24,416.96,WH-CENTRAL,Online
T508309,2026-06-30,P1024,6,104.24,625.44,WH-CENTRAL,Online
T508310,2026-07-01,P1024,1,104.24,104.24,WH-CENTRAL,Online
T508311,2026-07-02,P1024,4,104.24,416.96,WH-CENTRAL,Online
T508312,2026-07-03,P1024,8,104.24,833.92,WH-CENTRAL,Online
T508313,2026-07-04,P1024,4,104.24,416.96,WH-CENTRAL,Online
T508314,2026-07-05,P1024,5,104.24,521.2,WH-CENTRAL,Online
T508315,2026-07-06,P1024,5,104.24,521.2,WH-CENTRAL,Online
T508316,2026-07-07,P1024,2,104.24,208.48,WH-CENTRAL,In-Store
T508317,2026-07-08,P1024,5,104.24,521.2,WH-CENTRAL,In-Store
T508318,2026-07-10,P1024,3,104.24,312.72,WH-CENTRAL,In-Store
T508319,2026-07-11,P1024,5,104.24,521.2,WH-CENTRAL,Online
T508320,2026-07-12,P1024,7,104.24,729.68,WH-CENTRAL,In-Store
T508321,2026-07-13,P1024,6,104.24,625.44,WH-CENTRAL,Online
T508322,2026-07-14,P1024,4,104.24,416.96,WH-CENTRAL,Online
T508323,2026-07-15,P1024,4,104.24,416.96,WH-CENTRAL,Online
T508324,2026-07-16,P1024,3,104.24,312.72,WH-CENTRAL,In-Store
T508325,2026-07-17,P1024,2,104.24,208.48,WH-CENTRAL,Online
T508326,2026-07-18,P1024,4,104.24,416.96,WH-CENTRAL,In-Store
T508327,2026-07-19,P1024,9,104.24,938.16,WH-CENTRAL,Online
T508328,2026-07-20,P1024,3,104.24,312.72,WH-CENTRAL,In-Store
T508329,2026-07-21,P1024,5,104.24,521.2,WH-CENTRAL,In-Store
T508330,2026-07-22,P1024,11,104.24,1146.64,WH-CENTRAL,Online
T508331,2026-07-23,P1024,2,104.24,208.48,WH-CENTRAL,Online
T508332,2026-07-24,P1024,5,104.24,521.2,WH-CENTRAL,Online
T508333,2026-07-25,P1024,8,104.24,833.92,WH-CENTRAL,Online
T508334,2026-07-26,P1024,5,104.24,521.2,WH-CENTRAL,Online
T508335,2026-07-27,P1024,6,104.24,625.44,WH-CENTRAL,Online
T508336,2026-07-28,P1024,3,104.24,312.72,WH-CENTRAL,Online
T508337,2026-07-29,P1024,8,104.24,833.92,WH-CENTRAL,Online
T508338,2026-07-30,P1024,3,104.24,312.72,WH-CENTRAL,Online
T508339,2026-07-31,P1024,5,104.24,521.2,WH-CENTRAL,Online
T508340,2026-08-01,P1024,5,104.24,521.2,WH-CENTRAL,Online
T508341,2026-08-02,P1024,7,104.24,729.68,WH-CENTRAL,In-Store
T508342,2026-08-03,P1024,1,104.24,104.24,WH-CENTRAL,Online
T508343,2026-08-04,P1024,6,104.24,625.44,WH-CENTRAL,Online
T508344,2026-08-05,P1024,1,104.24,104.24,WH-CENTRAL,In-Store
T508345,2026-08-06,P1024,3,104.24,312.72,WH-CENTRAL,Online
T508346,2026-08-07,P1024,8,104.24,833.92,WH-CENTRAL,Online
T508347,2026-08-08,P1024,3,104.24,312.72,WH-CENTRAL,Online
T508348,2026-08-09,P1024,4,104.24,416.96,WH-CENTRAL,Online
T508349,2026-08-10,P1024,4,104.24,416.96,WH-CENTRAL,Online
T508350,2026-08-11,P1024,7,104.24,729.68,WH-CENTRAL,In-Store
T508351,2026-08-12,P1024,6,104.24,625.44,WH-CENTRAL,Online
T508352,2026-08-13,P1024,2,104.24,208.48,WH-CENTRAL,In-Store
T508353,2025-08-15,P1025,3,10.86,32.58,WH-CENTRAL,In-Store
T508354,2025-08-16,P1025,6,10.86,65.16,WH-CENTRAL,Online
T508355,2025-08-17,P1025,4,10.86,43.44,WH-CENTRAL,Online
T508356,2025-08-18,P1025,2,10.86,21.72,WH-CENTRAL,In-Store
T508357,2025-08-19,P1025,3,10.86,32.58,WH-CENTRAL,Online
T508358,2025-08-20,P1025,1,10.86,10.86,WH-CENTRAL,In-Store
T508359,2025-08-21,P1025,1,10.86,10.86,WH-CENTRAL,Online
T508360,2025-08-22,P1025,7,10.86,76.02,WH-CENTRAL,Online
T508361,2025-08-23,P1025,2,10.86,21.72,WH-CENTRAL,Online
T508362,2025-08-24,P1025,2,10.86,21.72,WH-CENTRAL,In-Store
T508363,2025-08-25,P1025,4,10.86,43.44,WH-CENTRAL,In-Store
T508364,2025-08-26,P1025,5,10.86,54.3,WH-CENTRAL,Online
T508365,2025-08-27,P1025,1,10.86,10.86,WH-CENTRAL,Online
T508366,2025-08-28,P1025,4,10.86,43.44,WH-CENTRAL,Online
T508367,2025-08-29,P1025,1,10.86,10.86,WH-CENTRAL,Online
T508368,2025-08-30,P1025,2,10.86,21.72,WH-CENTRAL,Online
T508369,2025-08-31,P1025,5,10.86,54.3,WH-CENTRAL,Online
T508370,2025-09-02,P1025,2,10.86,21.72,WH-CENTRAL,Online
T508371,2025-09-03,P1025,4,10.86,43.44,WH-CENTRAL,Online
T508372,2025-09-04,P1025,3,10.86,32.58,WH-CENTRAL,Online
T508373,2025-09-05,P1025,2,10.86,21.72,WH-CENTRAL,In-Store
T508374,2025-09-06,P1025,4,10.86,43.44,WH-CENTRAL,In-Store
T508375,2025-09-07,P1025,1,10.86,10.86,WH-CENTRAL,Online
T508376,2025-09-08,P1025,2,10.86,21.72,WH-CENTRAL,Online
T508377,2025-09-09,P1025,4,10.86,43.44,WH-CENTRAL,Online
T508378,2025-09-10,P1025,3,10.86,32.58,WH-CENTRAL,In-Store
T508379,2025-09-11,P1025,4,10.86,43.44,WH-CENTRAL,Online
T508380,2025-09-12,P1025,3,10.86,32.58,WH-CENTRAL,Online
T508381,2025-09-13,P1025,6,10.86,65.16,WH-CENTRAL,Online
T508382,2025-09-14,P1025,6,10.86,65.16,WH-CENTRAL,In-Store
T508383,2025-09-15,P1025,6,10.86,65.16,WH-CENTRAL,In-Store
T508384,2025-09-16,P1025,2,10.86,21.72,WH-CENTRAL,Online
T508385,2025-09-17,P1025,1,10.86,10.86,WH-CENTRAL,In-Store
T508386,2025-09-18,P1025,4,10.86,43.44,WH-CENTRAL,Online
T508387,2025-09-19,P1025,8,10.86,86.88,WH-CENTRAL,Online
T508388,2025-09-20,P1025,5,10.86,54.3,WH-CENTRAL,Online
T508389,2025-09-21,P1025,1,10.86,10.86,WH-CENTRAL,Online
T508390,2025-09-23,P1025,2,10.86,21.72,WH-CENTRAL,Online
T508391,2025-09-24,P1025,5,10.86,54.3,WH-CENTRAL,Online
T508392,2025-09-25,P1025,1,10.86,10.86,WH-CENTRAL,In-Store
T508393,2025-09-26,P1025,3,10.86,32.58,WH-CENTRAL,In-Store
T508394,2025-09-27,P1025,1,10.86,10.86,WH-CENTRAL,Online
T508395,2025-09-28,P1025,4,10.86,43.44,WH-CENTRAL,Online
T508396,2025-09-29,P1025,3,10.86,32.58,WH-CENTRAL,Online
T508397,2025-09-30,P1025,5,10.86,54.3,WH-CENTRAL,Online
T508398,2025-10-01,P1025,4,10.86,43.44,WH-CENTRAL,Online
T508399,2025-10-02,P1025,5,10.86,54.3,WH-CENTRAL,Online
T508400,2025-10-03,P1025,3,10.86,32.58,WH-CENTRAL,In-Store
T508401,2025-10-04,P1025,9,10.86,97.74,WH-CENTRAL,In-Store
T508402,2025-10-05,P1025,3,10.86,32.58,WH-CENTRAL,In-Store
T508403,2025-10-06,P1025,2,10.86,21.72,WH-CENTRAL,Online
T508404,2025-10-07,P1025,6,10.86,65.16,WH-CENTRAL,In-Store
T508405,2025-10-08,P1025,4,10.86,43.44,WH-CENTRAL,In-Store
T508406,2025-10-09,P1025,6,10.86,65.16,WH-CENTRAL,Online
T508407,2025-10-10,P1025,6,10.86,65.16,WH-CENTRAL,In-Store
T508408,2025-10-11,P1025,4,10.86,43.44,WH-CENTRAL,In-Store
T508409,2025-10-12,P1025,4,10.86,43.44,WH-CENTRAL,In-Store
T508410,2025-10-13,P1025,3,10.86,32.58,WH-CENTRAL,In-Store
T508411,2025-10-14,P1025,2,10.86,21.72,WH-CENTRAL,Online
T508412,2025-10-15,P1025,4,10.86,43.44,WH-CENTRAL,In-Store
T508413,2025-10-16,P1025,2,10.86,21.72,WH-CENTRAL,Online
T508414,2025-10-17,P1025,3,10.86,32.58,WH-CENTRAL,In-Store
T508415,2025-10-18,P1025,4,10.86,43.44,WH-CENTRAL,Online
T508416,2025-10-19,P1025,6,10.86,65.16,WH-CENTRAL,In-Store
T508417,2025-10-20,P1025,2,10.86,21.72,WH-CENTRAL,In-Store
T508418,2025-10-21,P1025,2,10.86,21.72,WH-CENTRAL,Online
T508419,2025-10-22,P1025,1,10.86,10.86,WH-CENTRAL,In-Store
T508420,2025-10-23,P1025,4,10.86,43.44,WH-CENTRAL,Online
T508421,2025-10-24,P1025,4,10.86,43.44,WH-CENTRAL,In-Store
T508422,2025-10-25,P1025,2,10.86,21.72,WH-CENTRAL,In-Store
T508423,2025-10-26,P1025,6,10.86,65.16,WH-CENTRAL,In-Store
T508424,2025-10-27,P1025,2,10.86,21.72,WH-CENTRAL,Online
T508425,2025-10-28,P1025,4,10.86,43.44,WH-CENTRAL,In-Store
T508426,2025-10-29,P1025,2,10.86,21.72,WH-CENTRAL,Online
T508427,2025-10-30,P1025,4,10.86,43.44,WH-CENTRAL,Online
T508428,2025-10-31,P1025,2,10.86,21.72,WH-CENTRAL,Online
T508429,2025-11-02,P1025,2,10.86,21.72,WH-CENTRAL,In-Store
T508430,2025-11-03,P1025,2,10.86,21.72,WH-CENTRAL,In-Store
T508431,2025-11-04,P1025,2,10.86,21.72,WH-CENTRAL,Online
T508432,2025-11-05,P1025,5,10.86,54.3,WH-CENTRAL,In-Store
T508433,2025-11-06,P1025,1,10.86,10.86,WH-CENTRAL,Online
T508434,2025-11-07,P1025,4,10.86,43.44,WH-CENTRAL,Online
T508435,2025-11-08,P1025,2,10.86,21.72,WH-CENTRAL,In-Store
T508436,2025-11-09,P1025,5,10.86,54.3,WH-CENTRAL,Online
T508437,2025-11-10,P1025,2,10.86,21.72,WH-CENTRAL,Online
T508438,2025-11-11,P1025,3,10.86,32.58,WH-CENTRAL,In-Store
T508439,2025-11-12,P1025,1,10.86,10.86,WH-CENTRAL,In-Store
T508440,2025-11-13,P1025,2,10.86,21.72,WH-CENTRAL,Online
T508441,2025-11-14,P1025,5,10.86,54.3,WH-CENTRAL,In-Store
T508442,2025-11-15,P1025,3,10.86,32.58,WH-CENTRAL,Online
T508443,2025-11-16,P1025,1,10.86,10.86,WH-CENTRAL,Online
T508444,2025-11-17,P1025,2,10.86,21.72,WH-CENTRAL,Online
T508445,2025-11-18,P1025,5,10.86,54.3,WH-CENTRAL,Online
T508446,2025-11-19,P1025,5,10.86,54.3,WH-CENTRAL,In-Store
T508447,2025-11-20,P1025,2,10.86,21.72,WH-CENTRAL,Online
T508448,2025-11-21,P1025,3,10.86,32.58,WH-CENTRAL,Online
T508449,2025-11-22,P1025,4,10.86,43.44,WH-CENTRAL,Online
T508450,2025-11-23,P1025,1,10.86,10.86,WH-CENTRAL,Online
T508451,2025-11-24,P1025,1,10.86,10.86,WH-CENTRAL,Online
T508452,2025-11-25,P1025,4,10.86,43.44,WH-CENTRAL,In-Store
T508453,2025-11-26,P1025,1,10.86,10.86,WH-CENTRAL,Online
T508454,2025-11-27,P1025,3,10.86,32.58,WH-CENTRAL,Online
T508455,2025-11-28,P1025,3,10.86,32.58,WH-CENTRAL,Online
T508456,2025-11-29,P1025,8,10.86,86.88,WH-CENTRAL,Online
T508457,2025-11-30,P1025,6,10.86,65.16,WH-CENTRAL,In-Store
T508458,2025-12-02,P1025,2,10.86,21.72,WH-CENTRAL,In-Store
T508459,2025-12-04,P1025,1,10.86,10.86,WH-CENTRAL,Online
T508460,2025-12-06,P1025,7,10.86,76.02,WH-CENTRAL,In-Store
T508461,2025-12-07,P1025,3,10.86,32.58,WH-CENTRAL,Online
T508462,2025-12-08,P1025,1,10.86,10.86,WH-CENTRAL,Online
T508463,2025-12-09,P1025,5,10.86,54.3,WH-CENTRAL,Online
T508464,2025-12-10,P1025,3,10.86,32.58,WH-CENTRAL,In-Store
T508465,2025-12-11,P1025,2,10.86,21.72,WH-CENTRAL,Online
T508466,2025-12-12,P1025,1,10.86,10.86,WH-CENTRAL,In-Store
T508467,2025-12-13,P1025,4,10.86,43.44,WH-CENTRAL,Online
T508468,2025-12-14,P1025,6,10.86,65.16,WH-CENTRAL,Online
T508469,2025-12-15,P1025,2,10.86,21.72,WH-CENTRAL,Online
T508470,2025-12-16,P1025,2,10.86,21.72,WH-CENTRAL,In-Store
T508471,2025-12-17,P1025,3,10.86,32.58,WH-CENTRAL,In-Store
T508472,2025-12-18,P1025,3,10.86,32.58,WH-CENTRAL,In-Store
T508473,2025-12-19,P1025,1,10.86,10.86,WH-CENTRAL,Online
T508474,2025-12-20,P1025,1,10.86,10.86,WH-CENTRAL,Online
T508475,2025-12-21,P1025,1,10.86,10.86,WH-CENTRAL,Online
T508476,2025-12-22,P1025,4,10.86,43.44,WH-CENTRAL,In-Store
T508477,2025-12-23,P1025,3,10.86,32.58,WH-CENTRAL,Online
T508478,2025-12-24,P1025,5,10.86,54.3,WH-CENTRAL,Online
T508479,2025-12-25,P1025,2,10.86,21.72,WH-CENTRAL,In-Store
T508480,2025-12-26,P1025,3,10.86,32.58,WH-CENTRAL,In-Store
T508481,2025-12-27,P1025,1,10.86,10.86,WH-CENTRAL,In-Store
T508482,2025-12-28,P1025,2,10.86,21.72,WH-CENTRAL,Online
T508483,2025-12-29,P1025,2,10.86,21.72,WH-CENTRAL,In-Store
T508484,2025-12-30,P1025,2,10.86,21.72,WH-CENTRAL,In-Store
T508485,2025-12-31,P1025,2,10.86,21.72,WH-CENTRAL,In-Store
T508486,2026-01-01,P1025,5,10.86,54.3,WH-CENTRAL,Online
T508487,2026-01-02,P1025,2,10.86,21.72,WH-CENTRAL,In-Store
T508488,2026-01-04,P1025,4,10.86,43.44,WH-CENTRAL,In-Store
T508489,2026-01-05,P1025,3,10.86,32.58,WH-CENTRAL,In-Store
T508490,2026-01-06,P1025,4,10.86,43.44,WH-CENTRAL,Online
T508491,2026-01-07,P1025,3,10.86,32.58,WH-CENTRAL,In-Store
T508492,2026-01-08,P1025,1,10.86,10.86,WH-CENTRAL,Online
T508493,2026-01-09,P1025,3,10.86,32.58,WH-CENTRAL,In-Store
T508494,2026-01-10,P1025,2,10.86,21.72,WH-CENTRAL,In-Store
T508495,2026-01-12,P1025,3,10.86,32.58,WH-CENTRAL,Online
T508496,2026-01-13,P1025,6,10.86,65.16,WH-CENTRAL,Online
T508497,2026-01-14,P1025,1,10.86,10.86,WH-CENTRAL,In-Store
T508498,2026-01-15,P1025,1,10.86,10.86,WH-CENTRAL,Online
T508499,2026-01-16,P1025,3,10.86,32.58,WH-CENTRAL,In-Store
T508500,2026-01-17,P1025,3,10.86,32.58,WH-CENTRAL,Online
T508501,2026-01-18,P1025,2,10.86,21.72,WH-CENTRAL,Online
T508502,2026-01-19,P1025,1,10.86,10.86,WH-CENTRAL,Online
T508503,2026-01-20,P1025,2,10.86,21.72,WH-CENTRAL,Online
T508504,2026-01-22,P1025,4,10.86,43.44,WH-CENTRAL,Online
T508505,2026-01-23,P1025,1,10.86,10.86,WH-CENTRAL,In-Store
T508506,2026-01-24,P1025,2,10.86,21.72,WH-CENTRAL,In-Store
T508507,2026-01-25,P1025,1,10.86,10.86,WH-CENTRAL,In-Store
T508508,2026-01-26,P1025,1,10.86,10.86,WH-CENTRAL,Online
T508509,2026-01-27,P1025,3,10.86,32.58,WH-CENTRAL,In-Store
T508510,2026-01-28,P1025,2,10.86,21.72,WH-CENTRAL,In-Store
T508511,2026-01-29,P1025,3,10.86,32.58,WH-CENTRAL,In-Store
T508512,2026-01-31,P1025,1,10.86,10.86,WH-CENTRAL,In-Store
T508513,2026-02-01,P1025,1,10.86,10.86,WH-CENTRAL,In-Store
T508514,2026-02-03,P1025,1,10.86,10.86,WH-CENTRAL,In-Store
T508515,2026-02-04,P1025,2,10.86,21.72,WH-CENTRAL,In-Store
T508516,2026-02-06,P1025,1,10.86,10.86,WH-CENTRAL,In-Store
T508517,2026-02-07,P1025,2,10.86,21.72,WH-CENTRAL,In-Store
T508518,2026-02-08,P1025,2,10.86,21.72,WH-CENTRAL,In-Store
T508519,2026-02-09,P1025,1,10.86,10.86,WH-CENTRAL,In-Store
T508520,2026-02-10,P1025,3,10.86,32.58,WH-CENTRAL,Online
T508521,2026-02-11,P1025,1,10.86,10.86,WH-CENTRAL,Online
T508522,2026-02-13,P1025,1,10.86,10.86,WH-CENTRAL,Online
T508523,2026-02-15,P1025,3,10.86,32.58,WH-CENTRAL,In-Store
T508524,2026-02-16,P1025,2,10.86,21.72,WH-CENTRAL,In-Store
T508525,2026-02-20,P1025,1,10.86,10.86,WH-CENTRAL,Online
T508526,2026-02-21,P1025,1,10.86,10.86,WH-CENTRAL,In-Store
T508527,2026-02-24,P1025,3,10.86,32.58,WH-CENTRAL,In-Store
T508528,2026-02-25,P1025,3,10.86,32.58,WH-CENTRAL,Online
T508529,2026-02-26,P1025,2,10.86,21.72,WH-CENTRAL,Online
T508530,2026-03-01,P1025,1,10.86,10.86,WH-CENTRAL,Online
T508531,2026-03-02,P1025,2,10.86,21.72,WH-CENTRAL,In-Store
T508532,2026-03-03,P1025,1,10.86,10.86,WH-CENTRAL,In-Store
T508533,2026-03-05,P1025,1,10.86,10.86,WH-CENTRAL,Online
T508534,2026-03-08,P1025,1,10.86,10.86,WH-CENTRAL,In-Store
T508535,2026-03-09,P1025,4,10.86,43.44,WH-CENTRAL,Online
T508536,2026-03-11,P1025,1,10.86,10.86,WH-CENTRAL,In-Store
T508537,2026-03-12,P1025,1,10.86,10.86,WH-CENTRAL,In-Store
T508538,2026-03-13,P1025,4,10.86,43.44,WH-CENTRAL,Online
T508539,2026-03-15,P1025,1,10.86,10.86,WH-CENTRAL,Online
T508540,2026-03-18,P1025,1,10.86,10.86,WH-CENTRAL,Online
T508541,2026-03-19,P1025,1,10.86,10.86,WH-CENTRAL,In-Store
T508542,2026-03-20,P1025,1,10.86,10.86,WH-CENTRAL,Online
T508543,2026-03-21,P1025,1,10.86,10.86,WH-CENTRAL,In-Store
T508544,2026-03-22,P1025,1,10.86,10.86,WH-CENTRAL,Online
T508545,2026-03-23,P1025,1,10.86,10.86,WH-CENTRAL,Online
T508546,2026-03-24,P1025,1,10.86,10.86,WH-CENTRAL,In-Store
T508547,2026-03-25,P1025,1,10.86,10.86,WH-CENTRAL,Online
T508548,2026-03-28,P1025,1,10.86,10.86,WH-CENTRAL,Online
T508549,2026-03-29,P1025,1,10.86,10.86,WH-CENTRAL,In-Store
T508550,2026-03-30,P1025,1,10.86,10.86,WH-CENTRAL,Online
T508551,2026-03-31,P1025,1,10.86,10.86,WH-CENTRAL,Online
T508552,2026-04-01,P1025,1,10.86,10.86,WH-CENTRAL,Online
T508553,2026-04-02,P1025,4,10.86,43.44,WH-CENTRAL,Online
T508554,2026-04-03,P1025,1,10.86,10.86,WH-CENTRAL,In-Store
T508555,2026-04-05,P1025,1,10.86,10.86,WH-CENTRAL,Online
T508556,2026-04-07,P1025,2,10.86,21.72,WH-CENTRAL,In-Store
T508557,2026-04-11,P1025,1,10.86,10.86,WH-CENTRAL,In-Store
T508558,2026-04-13,P1025,1,10.86,10.86,WH-CENTRAL,Online
T508559,2026-04-14,P1025,2,10.86,21.72,WH-CENTRAL,Online
T508560,2026-04-15,P1025,1,10.86,10.86,WH-CENTRAL,Online
T508561,2026-04-16,P1025,2,10.86,21.72,WH-CENTRAL,In-Store
T508562,2026-04-17,P1025,3,10.86,32.58,WH-CENTRAL,Online
T508563,2026-04-20,P1025,1,10.86,10.86,WH-CENTRAL,Online
T508564,2026-04-21,P1025,3,10.86,32.58,WH-CENTRAL,Online
T508565,2026-04-23,P1025,1,10.86,10.86,WH-CENTRAL,Online
T508566,2026-04-24,P1025,1,10.86,10.86,WH-CENTRAL,Online
T508567,2026-04-25,P1025,1,10.86,10.86,WH-CENTRAL,In-Store
T508568,2026-04-30,P1025,3,10.86,32.58,WH-CENTRAL,Online
T508569,2026-05-07,P1025,2,10.86,21.72,WH-CENTRAL,Online
T508570,2026-05-09,P1025,1,10.86,10.86,WH-CENTRAL,In-Store
T508571,2026-05-10,P1025,2,10.86,21.72,WH-CENTRAL,Online
T508572,2026-05-12,P1025,2,10.86,21.72,WH-CENTRAL,In-Store
T508573,2026-05-15,P1025,1,10.86,10.86,WH-CENTRAL,Online
T508574,2026-05-18,P1025,2,10.86,21.72,WH-CENTRAL,Online
T508575,2026-05-19,P1025,1,10.86,10.86,WH-CENTRAL,Online
T508576,2026-05-30,P1025,1,10.86,10.86,WH-CENTRAL,In-Store
T508577,2026-06-03,P1025,1,10.86,10.86,WH-CENTRAL,Online
T508578,2026-06-04,P1025,3,10.86,32.58,WH-CENTRAL,In-Store
T508579,2026-06-05,P1025,1,10.86,10.86,WH-CENTRAL,In-Store
T508580,2026-06-06,P1025,1,10.86,10.86,WH-CENTRAL,Online
T508581,2026-06-08,P1025,1,10.86,10.86,WH-CENTRAL,Online
T508582,2026-06-10,P1025,1,10.86,10.86,WH-CENTRAL,Online
T508583,2026-06-15,P1025,1,10.86,10.86,WH-CENTRAL,In-Store
T508584,2026-06-16,P1025,1,10.86,10.86,WH-CENTRAL,Online
T508585,2026-06-18,P1025,1,10.86,10.86,WH-CENTRAL,In-Store
T508586,2026-06-20,P1025,1,10.86,10.86,WH-CENTRAL,Online
T508587,2026-06-24,P1025,1,10.86,10.86,WH-CENTRAL,Online
T508588,2026-06-25,P1025,2,10.86,21.72,WH-CENTRAL,In-Store
T508589,2026-07-05,P1025,2,10.86,21.72,WH-CENTRAL,Online
T508590,2026-07-06,P1025,1,10.86,10.86,WH-CENTRAL,In-Store
T508591,2026-07-12,P1025,2,10.86,21.72,WH-CENTRAL,In-Store
T508592,2026-07-13,P1025,1,10.86,10.86,WH-CENTRAL,Online
T508593,2026-07-23,P1025,1,10.86,10.86,WH-CENTRAL,In-Store
T508594,2026-07-24,P1025,2,10.86,21.72,WH-CENTRAL,In-Store
T508595,2026-08-01,P1025,1,10.86,10.86,WH-CENTRAL,In-Store
T508596,2026-08-05,P1025,2,10.86,21.72,WH-CENTRAL,In-Store
T508597,2026-08-06,P1025,1,10.86,10.86,WH-CENTRAL,Online
T508598,2026-08-07,P1025,1,10.86,10.86,WH-CENTRAL,Online
T508599,2026-08-12,P1025,1,10.86,10.86,WH-CENTRAL,Online
T508600,2025-08-18,P1026,2,8.23,16.46,WH-WEST,In-Store
T508601,2025-08-23,P1026,3,8.23,24.69,WH-WEST,In-Store
T508602,2025-08-24,P1026,1,8.23,8.23,WH-WEST,In-Store
T508603,2025-08-25,P1026,1,8.23,8.23,WH-WEST,Online
T508604,2025-08-31,P1026,1,8.23,8.23,WH-WEST,In-Store
T508605,2025-09-05,P1026,1,8.23,8.23,WH-WEST,Online
T508606,2025-09-07,P1026,1,8.23,8.23,WH-WEST,In-Store
T508607,2025-09-08,P1026,1,8.23,8.23,WH-WEST,In-Store
T508608,2025-09-10,P1026,2,8.23,16.46,WH-WEST,In-Store
T508609,2025-09-12,P1026,1,8.23,8.23,WH-WEST,Online
T508610,2025-09-13,P1026,1,8.23,8.23,WH-WEST,Online
T508611,2025-09-16,P1026,2,8.23,16.46,WH-WEST,Online
T508612,2025-09-17,P1026,1,8.23,8.23,WH-WEST,In-Store
T508613,2025-09-19,P1026,1,8.23,8.23,WH-WEST,In-Store
T508614,2025-09-22,P1026,1,8.23,8.23,WH-WEST,In-Store
T508615,2025-09-23,P1026,1,8.23,8.23,WH-WEST,Online
T508616,2025-09-25,P1026,3,8.23,24.69,WH-WEST,Online
T508617,2025-09-26,P1026,1,8.23,8.23,WH-WEST,In-Store
T508618,2025-09-27,P1026,1,8.23,8.23,WH-WEST,In-Store
T508619,2025-09-28,P1026,1,8.23,8.23,WH-WEST,Online
T508620,2025-10-08,P1026,2,8.23,16.46,WH-WEST,Online
T508621,2025-10-10,P1026,1,8.23,8.23,WH-WEST,Online
T508622,2025-10-11,P1026,1,8.23,8.23,WH-WEST,In-Store
T508623,2025-10-12,P1026,3,8.23,24.69,WH-WEST,In-Store
T508624,2025-10-14,P1026,1,8.23,8.23,WH-WEST,Online
T508625,2025-10-15,P1026,1,8.23,8.23,WH-WEST,Online
T508626,2025-10-16,P1026,1,8.23,8.23,WH-WEST,Online
T508627,2025-10-17,P1026,1,8.23,8.23,WH-WEST,In-Store
T508628,2025-10-18,P1026,2,8.23,16.46,WH-WEST,Online
T508629,2025-10-19,P1026,1,8.23,8.23,WH-WEST,In-Store
T508630,2025-10-21,P1026,2,8.23,16.46,WH-WEST,In-Store
T508631,2025-10-22,P1026,2,8.23,16.46,WH-WEST,Online
T508632,2025-10-23,P1026,1,8.23,8.23,WH-WEST,Online
T508633,2025-10-25,P1026,1,8.23,8.23,WH-WEST,In-Store
T508634,2025-10-26,P1026,1,8.23,8.23,WH-WEST,In-Store
T508635,2025-10-27,P1026,1,8.23,8.23,WH-WEST,Online
T508636,2025-10-29,P1026,1,8.23,8.23,WH-WEST,Online
T508637,2025-10-31,P1026,3,8.23,24.69,WH-WEST,Online
T508638,2025-11-02,P1026,1,8.23,8.23,WH-WEST,In-Store
T508639,2025-11-03,P1026,2,8.23,16.46,WH-WEST,Online
T508640,2025-11-05,P1026,2,8.23,16.46,WH-WEST,In-Store
T508641,2025-11-06,P1026,1,8.23,8.23,WH-WEST,Online
T508642,2025-11-07,P1026,3,8.23,24.69,WH-WEST,Online
T508643,2025-11-08,P1026,1,8.23,8.23,WH-WEST,In-Store
T508644,2025-11-09,P1026,2,8.23,16.46,WH-WEST,Online
T508645,2025-11-12,P1026,1,8.23,8.23,WH-WEST,Online
T508646,2025-11-13,P1026,1,8.23,8.23,WH-WEST,Online
T508647,2025-11-14,P1026,2,8.23,16.46,WH-WEST,In-Store
T508648,2025-11-15,P1026,1,8.23,8.23,WH-WEST,Online
T508649,2025-11-16,P1026,3,8.23,24.69,WH-WEST,Online
T508650,2025-11-20,P1026,1,8.23,8.23,WH-WEST,Online
T508651,2025-11-21,P1026,2,8.23,16.46,WH-WEST,In-Store
T508652,2025-11-22,P1026,1,8.23,8.23,WH-WEST,In-Store
T508653,2025-11-23,P1026,1,8.23,8.23,WH-WEST,Online
T508654,2025-11-24,P1026,1,8.23,8.23,WH-WEST,In-Store
T508655,2025-11-25,P1026,2,8.23,16.46,WH-WEST,In-Store
T508656,2025-11-27,P1026,1,8.23,8.23,WH-WEST,Online
T508657,2025-11-29,P1026,1,8.23,8.23,WH-WEST,Online
T508658,2025-11-30,P1026,1,8.23,8.23,WH-WEST,Online
T508659,2025-12-01,P1026,1,8.23,8.23,WH-WEST,In-Store
T508660,2025-12-02,P1026,2,8.23,16.46,WH-WEST,Online
T508661,2025-12-04,P1026,1,8.23,8.23,WH-WEST,In-Store
T508662,2025-12-06,P1026,1,8.23,8.23,WH-WEST,Online
T508663,2025-12-08,P1026,2,8.23,16.46,WH-WEST,Online
T508664,2025-12-10,P1026,1,8.23,8.23,WH-WEST,Online
T508665,2025-12-12,P1026,2,8.23,16.46,WH-WEST,In-Store
T508666,2025-12-13,P1026,1,8.23,8.23,WH-WEST,In-Store
T508667,2025-12-14,P1026,1,8.23,8.23,WH-WEST,In-Store
T508668,2025-12-16,P1026,1,8.23,8.23,WH-WEST,Online
T508669,2025-12-17,P1026,1,8.23,8.23,WH-WEST,In-Store
T508670,2025-12-18,P1026,3,8.23,24.69,WH-WEST,Online
T508671,2025-12-19,P1026,2,8.23,16.46,WH-WEST,In-Store
T508672,2025-12-22,P1026,1,8.23,8.23,WH-WEST,In-Store
T508673,2025-12-23,P1026,2,8.23,16.46,WH-WEST,Online
T508674,2025-12-24,P1026,1,8.23,8.23,WH-WEST,In-Store
T508675,2025-12-27,P1026,2,8.23,16.46,WH-WEST,Online
T508676,2025-12-28,P1026,3,8.23,24.69,WH-WEST,Online
T508677,2026-01-02,P1026,2,8.23,16.46,WH-WEST,In-Store
T508678,2026-01-06,P1026,2,8.23,16.46,WH-WEST,In-Store
T508679,2026-01-09,P1026,2,8.23,16.46,WH-WEST,Online
T508680,2026-01-10,P1026,1,8.23,8.23,WH-WEST,In-Store
T508681,2026-01-11,P1026,2,8.23,16.46,WH-WEST,In-Store
T508682,2026-01-13,P1026,1,8.23,8.23,WH-WEST,In-Store
T508683,2026-01-14,P1026,1,8.23,8.23,WH-WEST,In-Store
T508684,2026-01-15,P1026,1,8.23,8.23,WH-WEST,Online
T508685,2026-01-17,P1026,1,8.23,8.23,WH-WEST,In-Store
T508686,2026-01-18,P1026,3,8.23,24.69,WH-WEST,In-Store
T508687,2026-01-19,P1026,1,8.23,8.23,WH-WEST,Online
T508688,2026-01-20,P1026,1,8.23,8.23,WH-WEST,In-Store
T508689,2026-01-23,P1026,1,8.23,8.23,WH-WEST,In-Store
T508690,2026-01-24,P1026,2,8.23,16.46,WH-WEST,Online
T508691,2026-01-25,P1026,1,8.23,8.23,WH-WEST,Online
T508692,2026-01-26,P1026,1,8.23,8.23,WH-WEST,In-Store
T508693,2026-01-31,P1026,1,8.23,8.23,WH-WEST,In-Store
T508694,2026-02-01,P1026,3,8.23,24.69,WH-WEST,In-Store
T508695,2026-02-03,P1026,1,8.23,8.23,WH-WEST,Online
T508696,2026-02-04,P1026,1,8.23,8.23,WH-WEST,Online
T508697,2026-02-06,P1026,2,8.23,16.46,WH-WEST,In-Store
T508698,2026-02-07,P1026,2,8.23,16.46,WH-WEST,Online
T508699,2026-02-08,P1026,3,8.23,24.69,WH-WEST,In-Store
T508700,2026-02-09,P1026,1,8.23,8.23,WH-WEST,Online
T508701,2026-02-10,P1026,1,8.23,8.23,WH-WEST,Online
T508702,2026-02-11,P1026,1,8.23,8.23,WH-WEST,Online
T508703,2026-02-12,P1026,1,8.23,8.23,WH-WEST,In-Store
T508704,2026-02-14,P1026,1,8.23,8.23,WH-WEST,In-Store
T508705,2026-02-15,P1026,2,8.23,16.46,WH-WEST,Online
T508706,2026-02-18,P1026,1,8.23,8.23,WH-WEST,Online
T508707,2026-02-19,P1026,3,8.23,24.69,WH-WEST,Online
T508708,2026-02-20,P1026,1,8.23,8.23,WH-WEST,Online
T508709,2026-02-21,P1026,1,8.23,8.23,WH-WEST,Online
T508710,2026-02-23,P1026,5,8.23,41.15,WH-WEST,Online
T508711,2026-02-25,P1026,2,8.23,16.46,WH-WEST,Online
T508712,2026-02-26,P1026,1,8.23,8.23,WH-WEST,In-Store
T508713,2026-02-27,P1026,1,8.23,8.23,WH-WEST,In-Store
T508714,2026-03-01,P1026,4,8.23,32.92,WH-WEST,In-Store
T508715,2026-03-02,P1026,1,8.23,8.23,WH-WEST,Online
T508716,2026-03-03,P1026,1,8.23,8.23,WH-WEST,Online
T508717,2026-03-04,P1026,3,8.23,24.69,WH-WEST,In-Store
T508718,2026-03-05,P1026,1,8.23,8.23,WH-WEST,In-Store
T508719,2026-03-07,P1026,1,8.23,8.23,WH-WEST,Online
T508720,2026-03-08,P1026,2,8.23,16.46,WH-WEST,In-Store
T508721,2026-03-10,P1026,1,8.23,8.23,WH-WEST,Online
T508722,2026-03-12,P1026,1,8.23,8.23,WH-WEST,In-Store
T508723,2026-03-15,P1026,1,8.23,8.23,WH-WEST,Online
T508724,2026-03-16,P1026,1,8.23,8.23,WH-WEST,Online
T508725,2026-03-19,P1026,1,8.23,8.23,WH-WEST,Online
T508726,2026-03-21,P1026,2,8.23,16.46,WH-WEST,Online
T508727,2026-03-22,P1026,1,8.23,8.23,WH-WEST,Online
T508728,2026-03-23,P1026,1,8.23,8.23,WH-WEST,In-Store
T508729,2026-03-24,P1026,1,8.23,8.23,WH-WEST,In-Store
T508730,2026-03-26,P1026,2,8.23,16.46,WH-WEST,Online
T508731,2026-03-27,P1026,1,8.23,8.23,WH-WEST,Online
T508732,2026-03-28,P1026,2,8.23,16.46,WH-WEST,Online
T508733,2026-03-30,P1026,1,8.23,8.23,WH-WEST,Online
T508734,2026-03-31,P1026,1,8.23,8.23,WH-WEST,In-Store
T508735,2026-04-03,P1026,1,8.23,8.23,WH-WEST,In-Store
T508736,2026-04-04,P1026,1,8.23,8.23,WH-WEST,Online
T508737,2026-04-07,P1026,1,8.23,8.23,WH-WEST,Online
T508738,2026-04-08,P1026,2,8.23,16.46,WH-WEST,Online
T508739,2026-04-09,P1026,2,8.23,16.46,WH-WEST,Online
T508740,2026-04-10,P1026,2,8.23,16.46,WH-WEST,In-Store
T508741,2026-04-11,P1026,1,8.23,8.23,WH-WEST,Online
T508742,2026-04-12,P1026,1,8.23,8.23,WH-WEST,Online
T508743,2026-04-13,P1026,1,8.23,8.23,WH-WEST,Online
T508744,2026-04-15,P1026,1,8.23,8.23,WH-WEST,Online
T508745,2026-04-19,P1026,1,8.23,8.23,WH-WEST,Online
T508746,2026-04-20,P1026,1,8.23,8.23,WH-WEST,Online
T508747,2026-04-21,P1026,1,8.23,8.23,WH-WEST,Online
T508748,2026-04-25,P1026,1,8.23,8.23,WH-WEST,Online
T508749,2026-04-26,P1026,1,8.23,8.23,WH-WEST,Online
T508750,2026-04-28,P1026,1,8.23,8.23,WH-WEST,Online
T508751,2026-04-30,P1026,2,8.23,16.46,WH-WEST,Online
T508752,2026-05-01,P1026,1,8.23,8.23,WH-WEST,Online
T508753,2026-05-02,P1026,2,8.23,16.46,WH-WEST,In-Store
T508754,2026-05-03,P1026,1,8.23,8.23,WH-WEST,Online
T508755,2026-05-05,P1026,2,8.23,16.46,WH-WEST,In-Store
T508756,2026-05-06,P1026,1,8.23,8.23,WH-WEST,Online
T508757,2026-05-07,P1026,3,8.23,24.69,WH-WEST,Online
T508758,2026-05-08,P1026,1,8.23,8.23,WH-WEST,In-Store
T508759,2026-05-14,P1026,1,8.23,8.23,WH-WEST,Online
T508760,2026-05-15,P1026,1,8.23,8.23,WH-WEST,Online
T508761,2026-05-17,P1026,1,8.23,8.23,WH-WEST,In-Store
T508762,2026-05-18,P1026,1,8.23,8.23,WH-WEST,Online
T508763,2026-05-19,P1026,2,8.23,16.46,WH-WEST,In-Store
T508764,2026-05-20,P1026,1,8.23,8.23,WH-WEST,Online
T508765,2026-05-23,P1026,1,8.23,8.23,WH-WEST,Online
T508766,2026-05-25,P1026,2,8.23,16.46,WH-WEST,In-Store
T508767,2026-05-26,P1026,2,8.23,16.46,WH-WEST,In-Store
T508768,2026-05-27,P1026,1,8.23,8.23,WH-WEST,Online
T508769,2026-05-28,P1026,2,8.23,16.46,WH-WEST,In-Store
T508770,2026-05-31,P1026,1,8.23,8.23,WH-WEST,Online
T508771,2026-06-01,P1026,2,8.23,16.46,WH-WEST,Online
T508772,2026-06-03,P1026,2,8.23,16.46,WH-WEST,In-Store
T508773,2026-06-08,P1026,1,8.23,8.23,WH-WEST,Online
T508774,2026-06-09,P1026,1,8.23,8.23,WH-WEST,In-Store
T508775,2026-06-11,P1026,1,8.23,8.23,WH-WEST,Online
T508776,2026-06-12,P1026,1,8.23,8.23,WH-WEST,Online
T508777,2026-06-15,P1026,2,8.23,16.46,WH-WEST,Online
T508778,2026-06-16,P1026,1,8.23,8.23,WH-WEST,In-Store
T508779,2026-06-17,P1026,3,8.23,24.69,WH-WEST,Online
T508780,2026-06-19,P1026,1,8.23,8.23,WH-WEST,Online
T508781,2026-06-21,P1026,1,8.23,8.23,WH-WEST,Online
T508782,2026-06-25,P1026,1,8.23,8.23,WH-WEST,Online
T508783,2026-06-26,P1026,2,8.23,16.46,WH-WEST,Online
T508784,2026-06-28,P1026,1,8.23,8.23,WH-WEST,In-Store
T508785,2026-06-29,P1026,1,8.23,8.23,WH-WEST,Online
T508786,2026-07-01,P1026,1,8.23,8.23,WH-WEST,Online
T508787,2026-07-03,P1026,2,8.23,16.46,WH-WEST,Online
T508788,2026-07-04,P1026,2,8.23,16.46,WH-WEST,In-Store
T508789,2026-07-07,P1026,1,8.23,8.23,WH-WEST,In-Store
T508790,2026-07-09,P1026,2,8.23,16.46,WH-WEST,Online
T508791,2026-07-12,P1026,5,8.23,41.15,WH-WEST,In-Store
T508792,2026-07-14,P1026,2,8.23,16.46,WH-WEST,In-Store
T508793,2026-07-16,P1026,1,8.23,8.23,WH-WEST,Online
T508794,2026-07-18,P1026,3,8.23,24.69,WH-WEST,Online
T508795,2026-07-19,P1026,2,8.23,16.46,WH-WEST,In-Store
T508796,2026-07-22,P1026,2,8.23,16.46,WH-WEST,Online
T508797,2026-07-23,P1026,1,8.23,8.23,WH-WEST,Online
T508798,2026-07-24,P1026,4,8.23,32.92,WH-WEST,Online
T508799,2026-07-25,P1026,1,8.23,8.23,WH-WEST,In-Store
T508800,2026-07-26,P1026,2,8.23,16.46,WH-WEST,Online
T508801,2026-07-27,P1026,1,8.23,8.23,WH-WEST,In-Store
T508802,2026-07-28,P1026,2,8.23,16.46,WH-WEST,Online
T508803,2026-07-29,P1026,2,8.23,16.46,WH-WEST,In-Store
T508804,2026-07-30,P1026,1,8.23,8.23,WH-WEST,Online
T508805,2026-07-31,P1026,1,8.23,8.23,WH-WEST,Online
T508806,2026-08-01,P1026,1,8.23,8.23,WH-WEST,In-Store
T508807,2026-08-02,P1026,2,8.23,16.46,WH-WEST,In-Store
T508808,2026-08-03,P1026,2,8.23,16.46,WH-WEST,Online
T508809,2026-08-05,P1026,1,8.23,8.23,WH-WEST,Online
T508810,2026-08-06,P1026,1,8.23,8.23,WH-WEST,In-Store
T508811,2026-08-08,P1026,1,8.23,8.23,WH-WEST,Online
T508812,2026-08-09,P1026,1,8.23,8.23,WH-WEST,Online
T508813,2026-08-10,P1026,1,8.23,8.23,WH-WEST,Online
T508814,2026-08-11,P1026,1,8.23,8.23,WH-WEST,Online
T508815,2026-08-12,P1026,1,8.23,8.23,WH-WEST,Online
T508816,2025-08-15,P1027,5,19.0,95.0,WH-EAST,Online
T508817,2025-08-16,P1027,8,19.0,152.0,WH-EAST,In-Store
T508818,2025-08-17,P1027,12,19.0,228.0,WH-EAST,In-Store
T508819,2025-08-18,P1027,6,19.0,114.0,WH-EAST,In-Store
T508820,2025-08-19,P1027,7,19.0,133.0,WH-EAST,In-Store
T508821,2025-08-20,P1027,9,19.0,171.0,WH-EAST,Online
T508822,2025-08-21,P1027,7,19.0,133.0,WH-EAST,Online
T508823,2025-08-22,P1027,9,19.0,171.0,WH-EAST,In-Store
T508824,2025-08-23,P1027,14,19.0,266.0,WH-EAST,Online
T508825,2025-08-24,P1027,10,19.0,190.0,WH-EAST,In-Store
T508826,2025-08-25,P1027,4,19.0,76.0,WH-EAST,Online
T508827,2025-08-26,P1027,13,19.0,247.0,WH-EAST,In-Store
T508828,2025-08-27,P1027,9,19.0,171.0,WH-EAST,In-Store
T508829,2025-08-28,P1027,4,19.0,76.0,WH-EAST,Online
T508830,2025-08-29,P1027,6,19.0,114.0,WH-EAST,Online
T508831,2025-08-30,P1027,16,19.0,304.0,WH-EAST,In-Store
T508832,2025-08-31,P1027,16,19.0,304.0,WH-EAST,In-Store
T508833,2025-09-01,P1027,9,19.0,171.0,WH-EAST,In-Store
T508834,2025-09-02,P1027,4,19.0,76.0,WH-EAST,Online
T508835,2025-09-03,P1027,14,19.0,266.0,WH-EAST,Online
T508836,2025-09-04,P1027,7,19.0,133.0,WH-EAST,Online
T508837,2025-09-05,P1027,6,19.0,114.0,WH-EAST,Online
T508838,2025-09-06,P1027,9,19.0,171.0,WH-EAST,Online
T508839,2025-09-07,P1027,10,19.0,190.0,WH-EAST,Online
T508840,2025-09-08,P1027,9,19.0,171.0,WH-EAST,Online
T508841,2025-09-09,P1027,9,19.0,171.0,WH-EAST,In-Store
T508842,2025-09-10,P1027,11,19.0,209.0,WH-EAST,Online
T508843,2025-09-11,P1027,11,19.0,209.0,WH-EAST,Online
T508844,2025-09-12,P1027,7,19.0,133.0,WH-EAST,Online
T508845,2025-09-13,P1027,12,19.0,228.0,WH-EAST,Online
T508846,2025-09-14,P1027,12,19.0,228.0,WH-EAST,Online
T508847,2025-09-15,P1027,10,19.0,190.0,WH-EAST,In-Store
T508848,2025-09-16,P1027,8,19.0,152.0,WH-EAST,Online
T508849,2025-09-17,P1027,3,19.0,57.0,WH-EAST,In-Store
T508850,2025-09-18,P1027,9,19.0,171.0,WH-EAST,Online
T508851,2025-09-19,P1027,5,19.0,95.0,WH-EAST,Online
T508852,2025-09-20,P1027,7,19.0,133.0,WH-EAST,Online
T508853,2025-09-21,P1027,14,19.0,266.0,WH-EAST,Online
T508854,2025-09-22,P1027,5,19.0,95.0,WH-EAST,In-Store
T508855,2025-09-23,P1027,8,19.0,152.0,WH-EAST,Online
T508856,2025-09-24,P1027,12,19.0,228.0,WH-EAST,In-Store
T508857,2025-09-25,P1027,7,19.0,133.0,WH-EAST,In-Store
T508858,2025-09-26,P1027,9,19.0,171.0,WH-EAST,Online
T508859,2025-09-27,P1027,15,19.0,285.0,WH-EAST,In-Store
T508860,2025-09-28,P1027,18,19.0,342.0,WH-EAST,Online
T508861,2025-09-29,P1027,6,19.0,114.0,WH-EAST,Online
T508862,2025-09-30,P1027,7,19.0,133.0,WH-EAST,Online
T508863,2025-10-01,P1027,6,19.0,114.0,WH-EAST,Online
T508864,2025-10-02,P1027,13,19.0,247.0,WH-EAST,Online
T508865,2025-10-03,P1027,14,19.0,266.0,WH-EAST,In-Store
T508866,2025-10-04,P1027,10,19.0,190.0,WH-EAST,In-Store
T508867,2025-10-05,P1027,10,19.0,190.0,WH-EAST,Online
T508868,2025-10-06,P1027,9,19.0,171.0,WH-EAST,Online
T508869,2025-10-07,P1027,12,19.0,228.0,WH-EAST,Online
T508870,2025-10-08,P1027,10,19.0,190.0,WH-EAST,Online
T508871,2025-10-09,P1027,10,19.0,190.0,WH-EAST,In-Store
T508872,2025-10-10,P1027,13,19.0,247.0,WH-EAST,Online
T508873,2025-10-11,P1027,18,19.0,342.0,WH-EAST,In-Store
T508874,2025-10-12,P1027,16,19.0,304.0,WH-EAST,Online
T508875,2025-10-13,P1027,12,19.0,228.0,WH-EAST,In-Store
T508876,2025-10-14,P1027,14,19.0,266.0,WH-EAST,Online
T508877,2025-10-15,P1027,7,19.0,133.0,WH-EAST,Online
T508878,2025-10-16,P1027,14,19.0,266.0,WH-EAST,Online
T508879,2025-10-17,P1027,2,19.0,38.0,WH-EAST,Online
T508880,2025-10-18,P1027,4,19.0,76.0,WH-EAST,In-Store
T508881,2025-10-19,P1027,9,19.0,171.0,WH-EAST,In-Store
T508882,2025-10-20,P1027,4,19.0,76.0,WH-EAST,Online
T508883,2025-10-21,P1027,8,19.0,152.0,WH-EAST,Online
T508884,2025-10-22,P1027,4,19.0,76.0,WH-EAST,In-Store
T508885,2025-10-23,P1027,9,19.0,171.0,WH-EAST,In-Store
T508886,2025-10-24,P1027,1,19.0,19.0,WH-EAST,Online
T508887,2025-10-25,P1027,14,19.0,266.0,WH-EAST,In-Store
T508888,2025-10-26,P1027,16,19.0,304.0,WH-EAST,Online
T508889,2025-10-27,P1027,8,19.0,152.0,WH-EAST,Online
T508890,2025-10-28,P1027,4,19.0,76.0,WH-EAST,In-Store
T508891,2025-10-29,P1027,4,19.0,76.0,WH-EAST,Online
T508892,2025-10-30,P1027,8,19.0,152.0,WH-EAST,In-Store
T508893,2025-10-31,P1027,8,19.0,152.0,WH-EAST,Online
T508894,2025-11-01,P1027,17,19.0,323.0,WH-EAST,In-Store
T508895,2025-11-02,P1027,14,19.0,266.0,WH-EAST,Online
T508896,2025-11-03,P1027,11,19.0,209.0,WH-EAST,Online
T508897,2025-11-04,P1027,10,19.0,190.0,WH-EAST,In-Store
T508898,2025-11-05,P1027,8,19.0,152.0,WH-EAST,Online
T508899,2025-11-06,P1027,11,19.0,209.0,WH-EAST,Online
T508900,2025-11-07,P1027,11,19.0,209.0,WH-EAST,In-Store
T508901,2025-11-08,P1027,11,19.0,209.0,WH-EAST,In-Store
T508902,2025-11-09,P1027,15,19.0,285.0,WH-EAST,In-Store
T508903,2025-11-10,P1027,11,19.0,209.0,WH-EAST,Online
T508904,2025-11-11,P1027,8,19.0,152.0,WH-EAST,Online
T508905,2025-11-12,P1027,9,19.0,171.0,WH-EAST,Online
T508906,2025-11-13,P1027,7,19.0,133.0,WH-EAST,Online
T508907,2025-11-14,P1027,14,19.0,266.0,WH-EAST,Online
T508908,2025-11-15,P1027,15,19.0,285.0,WH-EAST,Online
T508909,2025-11-16,P1027,21,19.0,399.0,WH-EAST,In-Store
T508910,2025-11-17,P1027,13,19.0,247.0,WH-EAST,Online
T508911,2025-11-18,P1027,8,19.0,152.0,WH-EAST,In-Store
T508912,2025-11-19,P1027,11,19.0,209.0,WH-EAST,Online
T508913,2025-11-20,P1027,11,19.0,209.0,WH-EAST,Online
T508914,2025-11-21,P1027,10,19.0,190.0,WH-EAST,Online
T508915,2025-11-22,P1027,15,19.0,285.0,WH-EAST,Online
T508916,2025-11-23,P1027,15,19.0,285.0,WH-EAST,Online
T508917,2025-11-24,P1027,5,19.0,95.0,WH-EAST,Online
T508918,2025-11-25,P1027,13,19.0,247.0,WH-EAST,Online
T508919,2025-11-26,P1027,11,19.0,209.0,WH-EAST,Online
T508920,2025-11-27,P1027,9,19.0,171.0,WH-EAST,Online
T508921,2025-11-28,P1027,13,19.0,247.0,WH-EAST,Online
T508922,2025-11-29,P1027,18,19.0,342.0,WH-EAST,In-Store
T508923,2025-11-30,P1027,20,19.0,380.0,WH-EAST,Online
T508924,2025-12-01,P1027,10,19.0,190.0,WH-EAST,Online
T508925,2025-12-02,P1027,11,19.0,209.0,WH-EAST,Online
T508926,2025-12-03,P1027,17,19.0,323.0,WH-EAST,In-Store
T508927,2025-12-04,P1027,7,19.0,133.0,WH-EAST,Online
T508928,2025-12-05,P1027,4,19.0,76.0,WH-EAST,In-Store
T508929,2025-12-06,P1027,22,19.0,418.0,WH-EAST,Online
T508930,2025-12-07,P1027,17,19.0,323.0,WH-EAST,Online
T508931,2025-12-08,P1027,8,19.0,152.0,WH-EAST,Online
T508932,2025-12-09,P1027,6,19.0,114.0,WH-EAST,Online
T508933,2025-12-10,P1027,4,19.0,76.0,WH-EAST,Online
T508934,2025-12-11,P1027,7,19.0,133.0,WH-EAST,Online
T508935,2025-12-12,P1027,9,19.0,171.0,WH-EAST,Online
T508936,2025-12-13,P1027,9,19.0,171.0,WH-EAST,In-Store
T508937,2025-12-14,P1027,14,19.0,266.0,WH-EAST,Online
T508938,2025-12-15,P1027,7,19.0,133.0,WH-EAST,In-Store
T508939,2025-12-16,P1027,12,19.0,228.0,WH-EAST,Online
T508940,2025-12-17,P1027,9,19.0,171.0,WH-EAST,Online
T508941,2025-12-18,P1027,7,19.0,133.0,WH-EAST,In-Store
T508942,2025-12-19,P1027,8,19.0,152.0,WH-EAST,In-Store
T508943,2025-12-20,P1027,8,19.0,152.0,WH-EAST,Online
T508944,2025-12-21,P1027,8,19.0,152.0,WH-EAST,Online
T508945,2025-12-22,P1027,8,19.0,152.0,WH-EAST,Online
T508946,2025-12-23,P1027,11,19.0,209.0,WH-EAST,In-Store
T508947,2025-12-24,P1027,11,19.0,209.0,WH-EAST,Online
T508948,2025-12-25,P1027,11,19.0,209.0,WH-EAST,Online
T508949,2025-12-26,P1027,4,19.0,76.0,WH-EAST,In-Store
T508950,2025-12-27,P1027,15,19.0,285.0,WH-EAST,In-Store
T508951,2025-12-28,P1027,20,19.0,380.0,WH-EAST,Online
T508952,2025-12-29,P1027,7,19.0,133.0,WH-EAST,In-Store
T508953,2025-12-30,P1027,8,19.0,152.0,WH-EAST,Online
T508954,2025-12-31,P1027,7,19.0,133.0,WH-EAST,Online
T508955,2026-01-01,P1027,7,19.0,133.0,WH-EAST,In-Store
T508956,2026-01-02,P1027,16,19.0,304.0,WH-EAST,Online
T508957,2026-01-03,P1027,16,19.0,304.0,WH-EAST,In-Store
T508958,2026-01-04,P1027,21,19.0,399.0,WH-EAST,Online
T508959,2026-01-05,P1027,7,19.0,133.0,WH-EAST,In-Store
T508960,2026-01-06,P1027,11,19.0,209.0,WH-EAST,In-Store
T508961,2026-01-07,P1027,7,19.0,133.0,WH-EAST,In-Store
T508962,2026-01-08,P1027,12,19.0,228.0,WH-EAST,Online
T508963,2026-01-09,P1027,9,19.0,171.0,WH-EAST,Online
T508964,2026-01-10,P1027,12,19.0,228.0,WH-EAST,Online
T508965,2026-01-11,P1027,11,19.0,209.0,WH-EAST,In-Store
T508966,2026-01-12,P1027,10,19.0,190.0,WH-EAST,In-Store
T508967,2026-01-13,P1027,10,19.0,190.0,WH-EAST,In-Store
T508968,2026-01-14,P1027,7,19.0,133.0,WH-EAST,In-Store
T508969,2026-01-15,P1027,13,19.0,247.0,WH-EAST,Online
T508970,2026-01-16,P1027,9,19.0,171.0,WH-EAST,In-Store
T508971,2026-01-17,P1027,9,19.0,171.0,WH-EAST,Online
T508972,2026-01-18,P1027,13,19.0,247.0,WH-EAST,Online
T508973,2026-01-19,P1027,11,19.0,209.0,WH-EAST,Online
T508974,2026-01-20,P1027,13,19.0,247.0,WH-EAST,In-Store
T508975,2026-01-21,P1027,10,19.0,190.0,WH-EAST,Online
T508976,2026-01-22,P1027,7,19.0,133.0,WH-EAST,In-Store
T508977,2026-01-23,P1027,6,19.0,114.0,WH-EAST,Online
T508978,2026-01-24,P1027,19,19.0,361.0,WH-EAST,Online
T508979,2026-01-25,P1027,12,19.0,228.0,WH-EAST,In-Store
T508980,2026-01-26,P1027,7,19.0,133.0,WH-EAST,Online
T508981,2026-01-27,P1027,11,19.0,209.0,WH-EAST,Online
T508982,2026-01-28,P1027,4,19.0,76.0,WH-EAST,In-Store
T508983,2026-01-29,P1027,7,19.0,133.0,WH-EAST,Online
T508984,2026-01-30,P1027,5,19.0,95.0,WH-EAST,Online
T508985,2026-01-31,P1027,9,19.0,171.0,WH-EAST,Online
T508986,2026-02-01,P1027,17,19.0,323.0,WH-EAST,Online
T508987,2026-02-02,P1027,7,19.0,133.0,WH-EAST,In-Store
T508988,2026-02-03,P1027,9,19.0,171.0,WH-EAST,Online
T508989,2026-02-04,P1027,8,19.0,152.0,WH-EAST,Online
T508990,2026-02-05,P1027,12,19.0,228.0,WH-EAST,In-Store
T508991,2026-02-06,P1027,7,19.0,133.0,WH-EAST,Online
T508992,2026-02-07,P1027,13,19.0,247.0,WH-EAST,In-Store
T508993,2026-02-08,P1027,8,19.0,152.0,WH-EAST,In-Store
T508994,2026-02-09,P1027,8,19.0,152.0,WH-EAST,In-Store
T508995,2026-02-10,P1027,9,19.0,171.0,WH-EAST,Online
T508996,2026-02-11,P1027,9,19.0,171.0,WH-EAST,Online
T508997,2026-02-12,P1027,4,19.0,76.0,WH-EAST,In-Store
T508998,2026-02-13,P1027,6,19.0,114.0,WH-EAST,Online
T508999,2026-02-14,P1027,5,19.0,95.0,WH-EAST,Online
T509000,2026-02-15,P1027,17,19.0,323.0,WH-EAST,Online
T509001,2026-02-16,P1027,9,19.0,171.0,WH-EAST,Online
T509002,2026-02-17,P1027,5,19.0,95.0,WH-EAST,Online
T509003,2026-02-18,P1027,8,19.0,152.0,WH-EAST,In-Store
T509004,2026-02-19,P1027,7,19.0,133.0,WH-EAST,Online
T509005,2026-02-20,P1027,6,19.0,114.0,WH-EAST,Online
T509006,2026-02-21,P1027,12,19.0,228.0,WH-EAST,In-Store
T509007,2026-02-22,P1027,4,19.0,76.0,WH-EAST,Online
T509008,2026-02-23,P1027,3,19.0,57.0,WH-EAST,In-Store
T509009,2026-02-24,P1027,2,19.0,38.0,WH-EAST,Online
T509010,2026-02-25,P1027,13,19.0,247.0,WH-EAST,In-Store
T509011,2026-02-26,P1027,7,19.0,133.0,WH-EAST,In-Store
T509012,2026-02-27,P1027,4,19.0,76.0,WH-EAST,Online
T509013,2026-02-28,P1027,13,19.0,247.0,WH-EAST,Online
T509014,2026-03-01,P1027,8,19.0,152.0,WH-EAST,In-Store
T509015,2026-03-02,P1027,8,19.0,152.0,WH-EAST,In-Store
T509016,2026-03-03,P1027,5,19.0,95.0,WH-EAST,In-Store
T509017,2026-03-04,P1027,5,19.0,95.0,WH-EAST,In-Store
T509018,2026-03-05,P1027,7,19.0,133.0,WH-EAST,In-Store
T509019,2026-03-06,P1027,8,19.0,152.0,WH-EAST,Online
T509020,2026-03-07,P1027,8,19.0,152.0,WH-EAST,Online
T509021,2026-03-08,P1027,11,19.0,209.0,WH-EAST,Online
T509022,2026-03-09,P1027,5,19.0,95.0,WH-EAST,In-Store
T509023,2026-03-10,P1027,12,19.0,228.0,WH-EAST,In-Store
T509024,2026-03-11,P1027,5,19.0,95.0,WH-EAST,Online
T509025,2026-03-12,P1027,9,19.0,171.0,WH-EAST,Online
T509026,2026-03-13,P1027,6,19.0,114.0,WH-EAST,In-Store
T509027,2026-03-14,P1027,6,19.0,114.0,WH-EAST,Online
T509028,2026-03-15,P1027,10,19.0,190.0,WH-EAST,In-Store
T509029,2026-03-16,P1027,6,19.0,114.0,WH-EAST,Online
T509030,2026-03-17,P1027,1,19.0,19.0,WH-EAST,Online
T509031,2026-03-18,P1027,6,19.0,114.0,WH-EAST,In-Store
T509032,2026-03-19,P1027,9,19.0,171.0,WH-EAST,Online
T509033,2026-03-20,P1027,3,19.0,57.0,WH-EAST,Online
T509034,2026-03-21,P1027,9,19.0,171.0,WH-EAST,Online
T509035,2026-03-22,P1027,7,19.0,133.0,WH-EAST,In-Store
T509036,2026-03-23,P1027,10,19.0,190.0,WH-EAST,Online
T509037,2026-03-24,P1027,5,19.0,95.0,WH-EAST,In-Store
T509038,2026-03-25,P1027,8,19.0,152.0,WH-EAST,Online
T509039,2026-03-26,P1027,5,19.0,95.0,WH-EAST,Online
T509040,2026-03-27,P1027,1,19.0,19.0,WH-EAST,Online
T509041,2026-03-28,P1027,5,19.0,95.0,WH-EAST,Online
T509042,2026-03-29,P1027,5,19.0,95.0,WH-EAST,Online
T509043,2026-03-30,P1027,5,19.0,95.0,WH-EAST,In-Store
T509044,2026-03-31,P1027,3,19.0,57.0,WH-EAST,In-Store
T509045,2026-04-01,P1027,5,19.0,95.0,WH-EAST,Online
T509046,2026-04-02,P1027,5,19.0,95.0,WH-EAST,In-Store
T509047,2026-04-03,P1027,5,19.0,95.0,WH-EAST,In-Store
T509048,2026-04-04,P1027,4,19.0,76.0,WH-EAST,Online
T509049,2026-04-05,P1027,10,19.0,190.0,WH-EAST,In-Store
T509050,2026-04-06,P1027,6,19.0,114.0,WH-EAST,In-Store
T509051,2026-04-07,P1027,7,19.0,133.0,WH-EAST,In-Store
T509052,2026-04-08,P1027,8,19.0,152.0,WH-EAST,Online
T509053,2026-04-09,P1027,5,19.0,95.0,WH-EAST,In-Store
T509054,2026-04-10,P1027,5,19.0,95.0,WH-EAST,Online
T509055,2026-04-11,P1027,7,19.0,133.0,WH-EAST,In-Store
T509056,2026-04-12,P1027,8,19.0,152.0,WH-EAST,Online
T509057,2026-04-13,P1027,3,19.0,57.0,WH-EAST,Online
T509058,2026-04-14,P1027,5,19.0,95.0,WH-EAST,Online
T509059,2026-04-15,P1027,4,19.0,76.0,WH-EAST,In-Store
T509060,2026-04-16,P1027,4,19.0,76.0,WH-EAST,Online
T509061,2026-04-17,P1027,5,19.0,95.0,WH-EAST,In-Store
T509062,2026-04-18,P1027,6,19.0,114.0,WH-EAST,Online
T509063,2026-04-19,P1027,9,19.0,171.0,WH-EAST,In-Store
T509064,2026-04-20,P1027,4,19.0,76.0,WH-EAST,Online
T509065,2026-04-21,P1027,9,19.0,171.0,WH-EAST,Online
T509066,2026-04-22,P1027,7,19.0,133.0,WH-EAST,Online
T509067,2026-04-23,P1027,4,19.0,76.0,WH-EAST,Online
T509068,2026-04-24,P1027,3,19.0,57.0,WH-EAST,Online
T509069,2026-04-25,P1027,7,19.0,133.0,WH-EAST,Online
T509070,2026-04-26,P1027,10,19.0,190.0,WH-EAST,Online
T509071,2026-04-27,P1027,6,19.0,114.0,WH-EAST,Online
T509072,2026-04-28,P1027,7,19.0,133.0,WH-EAST,Online
T509073,2026-04-29,P1027,5,19.0,95.0,WH-EAST,Online
T509074,2026-04-30,P1027,3,19.0,57.0,WH-EAST,Online
T509075,2026-05-01,P1027,6,19.0,114.0,WH-EAST,Online
T509076,2026-05-02,P1027,4,19.0,76.0,WH-EAST,Online
T509077,2026-05-03,P1027,7,19.0,133.0,WH-EAST,In-Store
T509078,2026-05-04,P1027,5,19.0,95.0,WH-EAST,Online
T509079,2026-05-05,P1027,3,19.0,57.0,WH-EAST,In-Store
T509080,2026-05-06,P1027,6,19.0,114.0,WH-EAST,Online
T509081,2026-05-07,P1027,5,19.0,95.0,WH-EAST,Online
T509082,2026-05-08,P1027,3,19.0,57.0,WH-EAST,Online
T509083,2026-05-09,P1027,9,19.0,171.0,WH-EAST,Online
T509084,2026-05-10,P1027,4,19.0,76.0,WH-EAST,Online
T509085,2026-05-11,P1027,7,19.0,133.0,WH-EAST,In-Store
T509086,2026-05-12,P1027,6,19.0,114.0,WH-EAST,Online
T509087,2026-05-13,P1027,4,19.0,76.0,WH-EAST,Online
T509088,2026-05-14,P1027,12,19.0,228.0,WH-EAST,Online
T509089,2026-05-15,P1027,4,19.0,76.0,WH-EAST,Online
T509090,2026-05-16,P1027,11,19.0,209.0,WH-EAST,In-Store
T509091,2026-05-17,P1027,5,19.0,95.0,WH-EAST,In-Store
T509092,2026-05-18,P1027,4,19.0,76.0,WH-EAST,In-Store
T509093,2026-05-19,P1027,5,19.0,95.0,WH-EAST,Online
T509094,2026-05-20,P1027,4,19.0,76.0,WH-EAST,Online
T509095,2026-05-21,P1027,5,19.0,95.0,WH-EAST,In-Store
T509096,2026-05-22,P1027,4,19.0,76.0,WH-EAST,In-Store
T509097,2026-05-23,P1027,8,19.0,152.0,WH-EAST,In-Store
T509098,2026-05-24,P1027,6,19.0,114.0,WH-EAST,Online
T509099,2026-05-25,P1027,6,19.0,114.0,WH-EAST,In-Store
T509100,2026-05-26,P1027,1,19.0,19.0,WH-EAST,Online
T509101,2026-05-27,P1027,4,19.0,76.0,WH-EAST,Online
T509102,2026-05-28,P1027,6,19.0,114.0,WH-EAST,Online
T509103,2026-05-29,P1027,5,19.0,95.0,WH-EAST,Online
T509104,2026-05-30,P1027,6,19.0,114.0,WH-EAST,In-Store
T509105,2026-05-31,P1027,9,19.0,171.0,WH-EAST,Online
T509106,2026-06-01,P1027,9,19.0,171.0,WH-EAST,Online
T509107,2026-06-02,P1027,1,19.0,19.0,WH-EAST,Online
T509108,2026-06-03,P1027,6,19.0,114.0,WH-EAST,Online
T509109,2026-06-04,P1027,4,19.0,76.0,WH-EAST,In-Store
T509110,2026-06-05,P1027,7,19.0,133.0,WH-EAST,In-Store
T509111,2026-06-06,P1027,9,19.0,171.0,WH-EAST,In-Store
T509112,2026-06-07,P1027,8,19.0,152.0,WH-EAST,Online
T509113,2026-06-08,P1027,2,19.0,38.0,WH-EAST,Online
T509114,2026-06-09,P1027,8,19.0,152.0,WH-EAST,Online
T509115,2026-06-10,P1027,5,19.0,95.0,WH-EAST,Online
T509116,2026-06-11,P1027,5,19.0,95.0,WH-EAST,In-Store
T509117,2026-06-12,P1027,1,19.0,19.0,WH-EAST,Online
T509118,2026-06-13,P1027,10,19.0,190.0,WH-EAST,Online
T509119,2026-06-14,P1027,9,19.0,171.0,WH-EAST,Online
T509120,2026-06-15,P1027,3,19.0,57.0,WH-EAST,In-Store
T509121,2026-06-16,P1027,6,19.0,114.0,WH-EAST,Online
T509122,2026-06-17,P1027,6,19.0,114.0,WH-EAST,Online
T509123,2026-06-18,P1027,2,19.0,38.0,WH-EAST,Online
T509124,2026-06-19,P1027,6,19.0,114.0,WH-EAST,Online
T509125,2026-06-20,P1027,7,19.0,133.0,WH-EAST,Online
T509126,2026-06-21,P1027,4,19.0,76.0,WH-EAST,Online
T509127,2026-06-22,P1027,2,19.0,38.0,WH-EAST,Online
T509128,2026-06-23,P1027,6,19.0,114.0,WH-EAST,Online
T509129,2026-06-24,P1027,10,19.0,190.0,WH-EAST,Online
T509130,2026-06-25,P1027,6,19.0,114.0,WH-EAST,In-Store
T509131,2026-06-26,P1027,5,19.0,95.0,WH-EAST,Online
T509132,2026-06-27,P1027,10,19.0,190.0,WH-EAST,Online
T509133,2026-06-28,P1027,20,19.0,380.0,WH-EAST,In-Store
T509134,2026-06-29,P1027,5,19.0,95.0,WH-EAST,Online
T509135,2026-06-30,P1027,7,19.0,133.0,WH-EAST,Online
T509136,2026-07-01,P1027,5,19.0,95.0,WH-EAST,Online
T509137,2026-07-02,P1027,5,19.0,95.0,WH-EAST,Online
T509138,2026-07-03,P1027,8,19.0,152.0,WH-EAST,Online
T509139,2026-07-04,P1027,7,19.0,133.0,WH-EAST,Online
T509140,2026-07-05,P1027,7,19.0,133.0,WH-EAST,Online
T509141,2026-07-06,P1027,6,19.0,114.0,WH-EAST,Online
T509142,2026-07-07,P1027,7,19.0,133.0,WH-EAST,Online
T509143,2026-07-08,P1027,5,19.0,95.0,WH-EAST,In-Store
T509144,2026-07-09,P1027,8,19.0,152.0,WH-EAST,In-Store
T509145,2026-07-10,P1027,4,19.0,76.0,WH-EAST,In-Store
T509146,2026-07-11,P1027,8,19.0,152.0,WH-EAST,Online
T509147,2026-07-12,P1027,7,19.0,133.0,WH-EAST,In-Store
T509148,2026-07-13,P1027,9,19.0,171.0,WH-EAST,Online
T509149,2026-07-14,P1027,5,19.0,95.0,WH-EAST,Online
T509150,2026-07-15,P1027,7,19.0,133.0,WH-EAST,In-Store
T509151,2026-07-16,P1027,4,19.0,76.0,WH-EAST,In-Store
T509152,2026-07-17,P1027,7,19.0,133.0,WH-EAST,Online
T509153,2026-07-18,P1027,8,19.0,152.0,WH-EAST,Online
T509154,2026-07-19,P1027,9,19.0,171.0,WH-EAST,Online
T509155,2026-07-20,P1027,7,19.0,133.0,WH-EAST,Online
T509156,2026-07-21,P1027,5,19.0,95.0,WH-EAST,In-Store
T509157,2026-07-22,P1027,8,19.0,152.0,WH-EAST,Online
T509158,2026-07-23,P1027,9,19.0,171.0,WH-EAST,Online
T509159,2026-07-24,P1027,5,19.0,95.0,WH-EAST,In-Store
T509160,2026-07-25,P1027,11,19.0,209.0,WH-EAST,Online
T509161,2026-07-26,P1027,9,19.0,171.0,WH-EAST,Online
T509162,2026-07-27,P1027,8,19.0,152.0,WH-EAST,Online
T509163,2026-07-28,P1027,9,19.0,171.0,WH-EAST,In-Store
T509164,2026-07-29,P1027,6,19.0,114.0,WH-EAST,In-Store
T509165,2026-07-30,P1027,11,19.0,209.0,WH-EAST,In-Store
T509166,2026-07-31,P1027,15,19.0,285.0,WH-EAST,In-Store
T509167,2026-08-01,P1027,8,19.0,152.0,WH-EAST,Online
T509168,2026-08-02,P1027,10,19.0,190.0,WH-EAST,In-Store
T509169,2026-08-03,P1027,8,19.0,152.0,WH-EAST,Online
T509170,2026-08-04,P1027,9,19.0,171.0,WH-EAST,Online
T509171,2026-08-05,P1027,2,19.0,38.0,WH-EAST,Online
T509172,2026-08-06,P1027,9,19.0,171.0,WH-EAST,Online
T509173,2026-08-07,P1027,7,19.0,133.0,WH-EAST,Online
T509174,2026-08-08,P1027,7,19.0,133.0,WH-EAST,Online
T509175,2026-08-09,P1027,6,19.0,114.0,WH-EAST,Online
T509176,2026-08-10,P1027,4,19.0,76.0,WH-EAST,In-Store
T509177,2026-08-11,P1027,6,19.0,114.0,WH-EAST,Online
T509178,2026-08-12,P1027,5,19.0,95.0,WH-EAST,Online
T509179,2026-08-13,P1027,6,19.0,114.0,WH-EAST,Online
T509180,2025-08-15,P1028,4,43.46,173.84,WH-WEST,Online
T509181,2025-08-16,P1028,4,43.46,173.84,WH-WEST,Online
T509182,2025-08-17,P1028,1,43.46,43.46,WH-WEST,Online
T509183,2025-08-18,P1028,2,43.46,86.92,WH-WEST,Online
T509184,2025-08-19,P1028,2,43.46,86.92,WH-WEST,In-Store
T509185,2025-08-20,P1028,1,43.46,43.46,WH-WEST,In-Store
T509186,2025-08-21,P1028,3,43.46,130.38,WH-WEST,In-Store
T509187,2025-08-22,P1028,2,43.46,86.92,WH-WEST,In-Store
T509188,2025-08-23,P1028,3,43.46,130.38,WH-WEST,In-Store
T509189,2025-08-24,P1028,5,43.46,217.3,WH-WEST,Online
T509190,2025-08-25,P1028,4,43.46,173.84,WH-WEST,Online
T509191,2025-08-26,P1028,2,43.46,86.92,WH-WEST,Online
T509192,2025-08-27,P1028,3,43.46,130.38,WH-WEST,In-Store
T509193,2025-08-28,P1028,1,43.46,43.46,WH-WEST,In-Store
T509194,2025-08-29,P1028,6,43.46,260.76,WH-WEST,Online
T509195,2025-08-30,P1028,7,43.46,304.22,WH-WEST,In-Store
T509196,2025-08-31,P1028,3,43.46,130.38,WH-WEST,Online
T509197,2025-09-01,P1028,3,43.46,130.38,WH-WEST,Online
T509198,2025-09-02,P1028,2,43.46,86.92,WH-WEST,Online
T509199,2025-09-03,P1028,5,43.46,217.3,WH-WEST,Online
T509200,2025-09-04,P1028,2,43.46,86.92,WH-WEST,Online
T509201,2025-09-05,P1028,2,43.46,86.92,WH-WEST,Online
T509202,2025-09-06,P1028,2,43.46,86.92,WH-WEST,In-Store
T509203,2025-09-07,P1028,3,43.46,130.38,WH-WEST,Online
T509204,2025-09-08,P1028,2,43.46,86.92,WH-WEST,In-Store
T509205,2025-09-09,P1028,5,43.46,217.3,WH-WEST,Online
T509206,2025-09-10,P1028,3,43.46,130.38,WH-WEST,In-Store
T509207,2025-09-11,P1028,9,43.46,391.14,WH-WEST,In-Store
T509208,2025-09-12,P1028,4,43.46,173.84,WH-WEST,Online
T509209,2025-09-13,P1028,6,43.46,260.76,WH-WEST,In-Store
T509210,2025-09-14,P1028,4,43.46,173.84,WH-WEST,Online
T509211,2025-09-15,P1028,4,43.46,173.84,WH-WEST,Online
T509212,2025-09-16,P1028,4,43.46,173.84,WH-WEST,Online
T509213,2025-09-17,P1028,4,43.46,173.84,WH-WEST,Online
T509214,2025-09-18,P1028,6,43.46,260.76,WH-WEST,In-Store
T509215,2025-09-19,P1028,6,43.46,260.76,WH-WEST,In-Store
T509216,2025-09-20,P1028,5,43.46,217.3,WH-WEST,Online
T509217,2025-09-21,P1028,5,43.46,217.3,WH-WEST,Online
T509218,2025-09-22,P1028,6,43.46,260.76,WH-WEST,In-Store
T509219,2025-09-23,P1028,4,43.46,173.84,WH-WEST,In-Store
T509220,2025-09-24,P1028,4,43.46,173.84,WH-WEST,Online
T509221,2025-09-25,P1028,2,43.46,86.92,WH-WEST,Online
T509222,2025-09-26,P1028,2,43.46,86.92,WH-WEST,Online
T509223,2025-09-27,P1028,3,43.46,130.38,WH-WEST,Online
T509224,2025-09-28,P1028,4,43.46,173.84,WH-WEST,In-Store
T509225,2025-09-29,P1028,3,43.46,130.38,WH-WEST,Online
T509226,2025-09-30,P1028,1,43.46,43.46,WH-WEST,In-Store
T509227,2025-10-01,P1028,7,43.46,304.22,WH-WEST,Online
T509228,2025-10-02,P1028,2,43.46,86.92,WH-WEST,In-Store
T509229,2025-10-03,P1028,5,43.46,217.3,WH-WEST,In-Store
T509230,2025-10-04,P1028,4,43.46,173.84,WH-WEST,Online
T509231,2025-10-05,P1028,6,43.46,260.76,WH-WEST,Online
T509232,2025-10-06,P1028,4,43.46,173.84,WH-WEST,Online
T509233,2025-10-07,P1028,5,43.46,217.3,WH-WEST,Online
T509234,2025-10-08,P1028,4,43.46,173.84,WH-WEST,Online
T509235,2025-10-09,P1028,2,43.46,86.92,WH-WEST,Online
T509236,2025-10-10,P1028,3,43.46,130.38,WH-WEST,In-Store
T509237,2025-10-11,P1028,2,43.46,86.92,WH-WEST,In-Store
T509238,2025-10-12,P1028,5,43.46,217.3,WH-WEST,Online
T509239,2025-10-13,P1028,4,43.46,173.84,WH-WEST,Online
T509240,2025-10-14,P1028,4,43.46,173.84,WH-WEST,In-Store
T509241,2025-10-15,P1028,4,43.46,173.84,WH-WEST,Online
T509242,2025-10-16,P1028,6,43.46,260.76,WH-WEST,Online
T509243,2025-10-17,P1028,3,43.46,130.38,WH-WEST,Online
T509244,2025-10-18,P1028,5,43.46,217.3,WH-WEST,Online
T509245,2025-10-19,P1028,3,43.46,130.38,WH-WEST,Online
T509246,2025-10-20,P1028,2,43.46,86.92,WH-WEST,Online
T509247,2025-10-21,P1028,4,43.46,173.84,WH-WEST,Online
T509248,2025-10-22,P1028,2,43.46,86.92,WH-WEST,Online
T509249,2025-10-23,P1028,4,43.46,173.84,WH-WEST,Online
T509250,2025-10-24,P1028,2,43.46,86.92,WH-WEST,In-Store
T509251,2025-10-25,P1028,2,43.46,86.92,WH-WEST,Online
T509252,2025-10-26,P1028,4,43.46,173.84,WH-WEST,Online
T509253,2025-10-27,P1028,5,43.46,217.3,WH-WEST,In-Store
T509254,2025-10-28,P1028,2,43.46,86.92,WH-WEST,Online
T509255,2025-10-29,P1028,4,43.46,173.84,WH-WEST,Online
T509256,2025-10-30,P1028,7,43.46,304.22,WH-WEST,In-Store
T509257,2025-10-31,P1028,3,43.46,130.38,WH-WEST,Online
T509258,2025-11-01,P1028,3,43.46,130.38,WH-WEST,Online
T509259,2025-11-02,P1028,7,43.46,304.22,WH-WEST,Online
T509260,2025-11-03,P1028,2,43.46,86.92,WH-WEST,Online
T509261,2025-11-04,P1028,2,43.46,86.92,WH-WEST,Online
T509262,2025-11-05,P1028,1,43.46,43.46,WH-WEST,Online
T509263,2025-11-06,P1028,4,43.46,173.84,WH-WEST,Online
T509264,2025-11-07,P1028,5,43.46,217.3,WH-WEST,Online
T509265,2025-11-08,P1028,6,43.46,260.76,WH-WEST,Online
T509266,2025-11-09,P1028,3,43.46,130.38,WH-WEST,In-Store
T509267,2025-11-10,P1028,4,43.46,173.84,WH-WEST,Online
T509268,2025-11-11,P1028,3,43.46,130.38,WH-WEST,Online
T509269,2025-11-12,P1028,4,43.46,173.84,WH-WEST,Online
T509270,2025-11-13,P1028,1,43.46,43.46,WH-WEST,In-Store
T509271,2025-11-14,P1028,2,43.46,86.92,WH-WEST,Online
T509272,2025-11-15,P1028,4,43.46,173.84,WH-WEST,Online
T509273,2025-11-16,P1028,5,43.46,217.3,WH-WEST,Online
T509274,2025-11-17,P1028,6,43.46,260.76,WH-WEST,Online
T509275,2025-11-18,P1028,4,43.46,173.84,WH-WEST,In-Store
T509276,2025-11-19,P1028,4,43.46,173.84,WH-WEST,Online
T509277,2025-11-20,P1028,3,43.46,130.38,WH-WEST,Online
T509278,2025-11-21,P1028,4,43.46,173.84,WH-WEST,Online
T509279,2025-11-22,P1028,2,43.46,86.92,WH-WEST,In-Store
T509280,2025-11-23,P1028,1,43.46,43.46,WH-WEST,Online
T509281,2025-11-24,P1028,4,43.46,173.84,WH-WEST,Online
T509282,2025-11-25,P1028,6,43.46,260.76,WH-WEST,In-Store
T509283,2025-11-26,P1028,4,43.46,173.84,WH-WEST,In-Store
T509284,2025-11-27,P1028,4,43.46,173.84,WH-WEST,Online
T509285,2025-11-28,P1028,4,43.46,173.84,WH-WEST,Online
T509286,2025-11-29,P1028,5,43.46,217.3,WH-WEST,In-Store
T509287,2025-11-30,P1028,4,43.46,173.84,WH-WEST,Online
T509288,2025-12-01,P1028,3,43.46,130.38,WH-WEST,In-Store
T509289,2025-12-02,P1028,3,43.46,130.38,WH-WEST,Online
T509290,2025-12-03,P1028,6,43.46,260.76,WH-WEST,In-Store
T509291,2025-12-04,P1028,6,43.46,260.76,WH-WEST,Online
T509292,2025-12-05,P1028,4,43.46,173.84,WH-WEST,Online
T509293,2025-12-06,P1028,5,43.46,217.3,WH-WEST,In-Store
T509294,2025-12-07,P1028,3,43.46,130.38,WH-WEST,Online
T509295,2025-12-08,P1028,4,43.46,173.84,WH-WEST,In-Store
T509296,2025-12-09,P1028,3,43.46,130.38,WH-WEST,Online
T509297,2025-12-10,P1028,5,43.46,217.3,WH-WEST,In-Store
T509298,2025-12-11,P1028,3,43.46,130.38,WH-WEST,In-Store
T509299,2025-12-12,P1028,4,43.46,173.84,WH-WEST,Online
T509300,2025-12-13,P1028,4,43.46,173.84,WH-WEST,Online
T509301,2025-12-14,P1028,7,43.46,304.22,WH-WEST,Online
T509302,2025-12-15,P1028,4,43.46,173.84,WH-WEST,Online
T509303,2025-12-16,P1028,7,43.46,304.22,WH-WEST,Online
T509304,2025-12-17,P1028,6,43.46,260.76,WH-WEST,Online
T509305,2025-12-18,P1028,5,43.46,217.3,WH-WEST,In-Store
T509306,2025-12-19,P1028,4,43.46,173.84,WH-WEST,In-Store
T509307,2025-12-20,P1028,10,43.46,434.6,WH-WEST,Online
T509308,2025-12-21,P1028,5,43.46,217.3,WH-WEST,Online
T509309,2025-12-22,P1028,2,43.46,86.92,WH-WEST,Online
T509310,2025-12-23,P1028,3,43.46,130.38,WH-WEST,Online
T509311,2025-12-24,P1028,6,43.46,260.76,WH-WEST,In-Store
T509312,2025-12-25,P1028,4,43.46,173.84,WH-WEST,In-Store
T509313,2025-12-26,P1028,1,43.46,43.46,WH-WEST,Online
T509314,2025-12-27,P1028,4,43.46,173.84,WH-WEST,Online
T509315,2025-12-28,P1028,4,43.46,173.84,WH-WEST,In-Store
T509316,2025-12-29,P1028,6,43.46,260.76,WH-WEST,Online
T509317,2025-12-30,P1028,3,43.46,130.38,WH-WEST,Online
T509318,2025-12-31,P1028,4,43.46,173.84,WH-WEST,In-Store
T509319,2026-01-01,P1028,9,43.46,391.14,WH-WEST,Online
T509320,2026-01-02,P1028,3,43.46,130.38,WH-WEST,In-Store
T509321,2026-01-03,P1028,5,43.46,217.3,WH-WEST,Online
T509322,2026-01-04,P1028,5,43.46,217.3,WH-WEST,Online
T509323,2026-01-05,P1028,3,43.46,130.38,WH-WEST,In-Store
T509324,2026-01-06,P1028,5,43.46,217.3,WH-WEST,Online
T509325,2026-01-07,P1028,2,43.46,86.92,WH-WEST,In-Store
T509326,2026-01-08,P1028,6,43.46,260.76,WH-WEST,Online
T509327,2026-01-09,P1028,8,43.46,347.68,WH-WEST,Online
T509328,2026-01-10,P1028,5,43.46,217.3,WH-WEST,Online
T509329,2026-01-11,P1028,1,43.46,43.46,WH-WEST,Online
T509330,2026-01-12,P1028,4,43.46,173.84,WH-WEST,Online
T509331,2026-01-13,P1028,3,43.46,130.38,WH-WEST,Online
T509332,2026-01-14,P1028,4,43.46,173.84,WH-WEST,Online
T509333,2026-01-15,P1028,2,43.46,86.92,WH-WEST,Online
T509334,2026-01-16,P1028,2,43.46,86.92,WH-WEST,Online
T509335,2026-01-17,P1028,4,43.46,173.84,WH-WEST,Online
T509336,2026-01-18,P1028,6,43.46,260.76,WH-WEST,In-Store
T509337,2026-01-19,P1028,4,43.46,173.84,WH-WEST,Online
T509338,2026-01-20,P1028,1,43.46,43.46,WH-WEST,Online
T509339,2026-01-21,P1028,1,43.46,43.46,WH-WEST,Online
T509340,2026-01-22,P1028,2,43.46,86.92,WH-WEST,Online
T509341,2026-01-23,P1028,5,43.46,217.3,WH-WEST,In-Store
T509342,2026-01-24,P1028,5,43.46,217.3,WH-WEST,Online
T509343,2026-01-25,P1028,3,43.46,130.38,WH-WEST,Online
T509344,2026-01-26,P1028,3,43.46,130.38,WH-WEST,In-Store
T509345,2026-01-27,P1028,4,43.46,173.84,WH-WEST,In-Store
T509346,2026-01-28,P1028,4,43.46,173.84,WH-WEST,In-Store
T509347,2026-01-30,P1028,5,43.46,217.3,WH-WEST,Online
T509348,2026-01-31,P1028,6,43.46,260.76,WH-WEST,Online
T509349,2026-02-01,P1028,7,43.46,304.22,WH-WEST,Online
T509350,2026-02-02,P1028,2,43.46,86.92,WH-WEST,In-Store
T509351,2026-02-03,P1028,6,43.46,260.76,WH-WEST,Online
T509352,2026-02-04,P1028,4,43.46,173.84,WH-WEST,Online
T509353,2026-02-05,P1028,4,43.46,173.84,WH-WEST,Online
T509354,2026-02-06,P1028,3,43.46,130.38,WH-WEST,Online
T509355,2026-02-07,P1028,4,43.46,173.84,WH-WEST,Online
T509356,2026-02-08,P1028,4,43.46,173.84,WH-WEST,Online
T509357,2026-02-09,P1028,7,43.46,304.22,WH-WEST,Online
T509358,2026-02-10,P1028,5,43.46,217.3,WH-WEST,Online
T509359,2026-02-11,P1028,2,43.46,86.92,WH-WEST,Online
T509360,2026-02-12,P1028,4,43.46,173.84,WH-WEST,Online
T509361,2026-02-13,P1028,3,43.46,130.38,WH-WEST,In-Store
T509362,2026-02-14,P1028,4,43.46,173.84,WH-WEST,In-Store
T509363,2026-02-15,P1028,4,43.46,173.84,WH-WEST,Online
T509364,2026-02-16,P1028,2,43.46,86.92,WH-WEST,Online
T509365,2026-02-17,P1028,4,43.46,173.84,WH-WEST,Online
T509366,2026-02-18,P1028,2,43.46,86.92,WH-WEST,Online
T509367,2026-02-19,P1028,3,43.46,130.38,WH-WEST,In-Store
T509368,2026-02-20,P1028,4,43.46,173.84,WH-WEST,In-Store
T509369,2026-02-21,P1028,4,43.46,173.84,WH-WEST,In-Store
T509370,2026-02-22,P1028,6,43.46,260.76,WH-WEST,In-Store
T509371,2026-02-23,P1028,4,43.46,173.84,WH-WEST,Online
T509372,2026-02-25,P1028,2,43.46,86.92,WH-WEST,Online
T509373,2026-02-26,P1028,5,43.46,217.3,WH-WEST,Online
T509374,2026-02-27,P1028,1,43.46,43.46,WH-WEST,Online
T509375,2026-02-28,P1028,4,43.46,173.84,WH-WEST,In-Store
T509376,2026-03-01,P1028,4,43.46,173.84,WH-WEST,In-Store
T509377,2026-03-02,P1028,3,43.46,130.38,WH-WEST,Online
T509378,2026-03-03,P1028,3,43.46,130.38,WH-WEST,Online
T509379,2026-03-04,P1028,6,43.46,260.76,WH-WEST,Online
T509380,2026-03-05,P1028,4,43.46,173.84,WH-WEST,Online
T509381,2026-03-06,P1028,5,43.46,217.3,WH-WEST,Online
T509382,2026-03-07,P1028,2,43.46,86.92,WH-WEST,Online
T509383,2026-03-08,P1028,5,43.46,217.3,WH-WEST,In-Store
T509384,2026-03-09,P1028,2,43.46,86.92,WH-WEST,Online
T509385,2026-03-10,P1028,2,43.46,86.92,WH-WEST,In-Store
T509386,2026-03-11,P1028,3,43.46,130.38,WH-WEST,In-Store
T509387,2026-03-12,P1028,3,43.46,130.38,WH-WEST,In-Store
T509388,2026-03-13,P1028,5,43.46,217.3,WH-WEST,Online
T509389,2026-03-14,P1028,2,43.46,86.92,WH-WEST,In-Store
T509390,2026-03-15,P1028,3,43.46,130.38,WH-WEST,Online
T509391,2026-03-16,P1028,3,43.46,130.38,WH-WEST,In-Store
T509392,2026-03-17,P1028,3,43.46,130.38,WH-WEST,Online
T509393,2026-03-18,P1028,1,43.46,43.46,WH-WEST,Online
T509394,2026-03-19,P1028,2,43.46,86.92,WH-WEST,In-Store
T509395,2026-03-20,P1028,2,43.46,86.92,WH-WEST,In-Store
T509396,2026-03-21,P1028,5,43.46,217.3,WH-WEST,Online
T509397,2026-03-22,P1028,2,43.46,86.92,WH-WEST,Online
T509398,2026-03-23,P1028,1,43.46,43.46,WH-WEST,Online
T509399,2026-03-24,P1028,1,43.46,43.46,WH-WEST,Online
T509400,2026-03-25,P1028,5,43.46,217.3,WH-WEST,Online
T509401,2026-03-26,P1028,3,43.46,130.38,WH-WEST,Online
T509402,2026-03-27,P1028,4,43.46,173.84,WH-WEST,Online
T509403,2026-03-28,P1028,3,43.46,130.38,WH-WEST,In-Store
T509404,2026-03-29,P1028,3,43.46,130.38,WH-WEST,Online
T509405,2026-03-30,P1028,5,43.46,217.3,WH-WEST,In-Store
T509406,2026-03-31,P1028,4,43.46,173.84,WH-WEST,Online
T509407,2026-04-01,P1028,1,43.46,43.46,WH-WEST,Online
T509408,2026-04-02,P1028,2,43.46,86.92,WH-WEST,In-Store
T509409,2026-04-03,P1028,3,43.46,130.38,WH-WEST,Online
T509410,2026-04-04,P1028,4,43.46,173.84,WH-WEST,In-Store
T509411,2026-04-07,P1028,3,43.46,130.38,WH-WEST,Online
T509412,2026-04-08,P1028,5,43.46,217.3,WH-WEST,Online
T509413,2026-04-09,P1028,4,43.46,173.84,WH-WEST,Online
T509414,2026-04-10,P1028,3,43.46,130.38,WH-WEST,Online
T509415,2026-04-11,P1028,2,43.46,86.92,WH-WEST,Online
T509416,2026-04-12,P1028,2,43.46,86.92,WH-WEST,In-Store
T509417,2026-04-13,P1028,2,43.46,86.92,WH-WEST,In-Store
T509418,2026-04-14,P1028,1,43.46,43.46,WH-WEST,In-Store
T509419,2026-04-15,P1028,2,43.46,86.92,WH-WEST,Online
T509420,2026-04-16,P1028,4,43.46,173.84,WH-WEST,In-Store
T509421,2026-04-17,P1028,3,43.46,130.38,WH-WEST,Online
T509422,2026-04-18,P1028,5,43.46,217.3,WH-WEST,In-Store
T509423,2026-04-19,P1028,6,43.46,260.76,WH-WEST,In-Store
T509424,2026-04-20,P1028,1,43.46,43.46,WH-WEST,Online
T509425,2026-04-21,P1028,4,43.46,173.84,WH-WEST,In-Store
T509426,2026-04-22,P1028,2,43.46,86.92,WH-WEST,In-Store
T509427,2026-04-23,P1028,3,43.46,130.38,WH-WEST,Online
T509428,2026-04-24,P1028,4,43.46,173.84,WH-WEST,Online
T509429,2026-04-26,P1028,6,43.46,260.76,WH-WEST,Online
T509430,2026-04-27,P1028,3,43.46,130.38,WH-WEST,Online
T509431,2026-04-28,P1028,1,43.46,43.46,WH-WEST,Online
T509432,2026-04-29,P1028,2,43.46,86.92,WH-WEST,Online
T509433,2026-04-30,P1028,4,43.46,173.84,WH-WEST,Online
T509434,2026-05-01,P1028,3,43.46,130.38,WH-WEST,In-Store
T509435,2026-05-02,P1028,2,43.46,86.92,WH-WEST,In-Store
T509436,2026-05-03,P1028,2,43.46,86.92,WH-WEST,Online
T509437,2026-05-04,P1028,2,43.46,86.92,WH-WEST,In-Store
T509438,2026-05-05,P1028,7,43.46,304.22,WH-WEST,In-Store
T509439,2026-05-07,P1028,4,43.46,173.84,WH-WEST,In-Store
T509440,2026-05-09,P1028,3,43.46,130.38,WH-WEST,Online
T509441,2026-05-10,P1028,3,43.46,130.38,WH-WEST,Online
T509442,2026-05-11,P1028,2,43.46,86.92,WH-WEST,Online
T509443,2026-05-12,P1028,2,43.46,86.92,WH-WEST,In-Store
T509444,2026-05-14,P1028,1,43.46,43.46,WH-WEST,In-Store
T509445,2026-05-15,P1028,3,43.46,130.38,WH-WEST,Online
T509446,2026-05-16,P1028,2,43.46,86.92,WH-WEST,In-Store
T509447,2026-05-17,P1028,1,43.46,43.46,WH-WEST,In-Store
T509448,2026-05-18,P1028,4,43.46,173.84,WH-WEST,In-Store
T509449,2026-05-19,P1028,4,43.46,173.84,WH-WEST,Online
T509450,2026-05-20,P1028,1,43.46,43.46,WH-WEST,Online
T509451,2026-05-21,P1028,2,43.46,86.92,WH-WEST,In-Store
T509452,2026-05-23,P1028,2,43.46,86.92,WH-WEST,In-Store
T509453,2026-05-24,P1028,10,43.46,434.6,WH-WEST,In-Store
T509454,2026-05-25,P1028,1,43.46,43.46,WH-WEST,In-Store
T509455,2026-05-26,P1028,4,43.46,173.84,WH-WEST,Online
T509456,2026-05-27,P1028,4,43.46,173.84,WH-WEST,Online
T509457,2026-05-28,P1028,3,43.46,130.38,WH-WEST,Online
T509458,2026-05-29,P1028,4,43.46,173.84,WH-WEST,In-Store
T509459,2026-05-30,P1028,3,43.46,130.38,WH-WEST,In-Store
T509460,2026-05-31,P1028,5,43.46,217.3,WH-WEST,In-Store
T509461,2026-06-01,P1028,2,43.46,86.92,WH-WEST,Online
T509462,2026-06-02,P1028,6,43.46,260.76,WH-WEST,In-Store
T509463,2026-06-03,P1028,4,43.46,173.84,WH-WEST,In-Store
T509464,2026-06-04,P1028,1,43.46,43.46,WH-WEST,In-Store
T509465,2026-06-05,P1028,2,43.46,86.92,WH-WEST,Online
T509466,2026-06-06,P1028,3,43.46,130.38,WH-WEST,Online
T509467,2026-06-07,P1028,1,43.46,43.46,WH-WEST,In-Store
T509468,2026-06-08,P1028,9,43.46,391.14,WH-WEST,In-Store
T509469,2026-06-10,P1028,1,43.46,43.46,WH-WEST,In-Store
T509470,2026-06-11,P1028,4,43.46,173.84,WH-WEST,Online
T509471,2026-06-12,P1028,3,43.46,130.38,WH-WEST,Online
T509472,2026-06-13,P1028,2,43.46,86.92,WH-WEST,Online
T509473,2026-06-14,P1028,3,43.46,130.38,WH-WEST,Online
T509474,2026-06-15,P1028,4,43.46,173.84,WH-WEST,Online
T509475,2026-06-16,P1028,2,43.46,86.92,WH-WEST,In-Store
T509476,2026-06-17,P1028,6,43.46,260.76,WH-WEST,In-Store
T509477,2026-06-18,P1028,5,43.46,217.3,WH-WEST,Online
T509478,2026-06-19,P1028,2,43.46,86.92,WH-WEST,Online
T509479,2026-06-20,P1028,4,43.46,173.84,WH-WEST,Online
T509480,2026-06-21,P1028,3,43.46,130.38,WH-WEST,In-Store
T509481,2026-06-22,P1028,3,43.46,130.38,WH-WEST,Online
T509482,2026-06-23,P1028,2,43.46,86.92,WH-WEST,In-Store
T509483,2026-06-24,P1028,2,43.46,86.92,WH-WEST,In-Store
T509484,2026-06-25,P1028,2,43.46,86.92,WH-WEST,In-Store
T509485,2026-06-26,P1028,2,43.46,86.92,WH-WEST,In-Store
T509486,2026-06-27,P1028,4,43.46,173.84,WH-WEST,In-Store
T509487,2026-06-28,P1028,3,43.46,130.38,WH-WEST,In-Store
T509488,2026-06-29,P1028,3,43.46,130.38,WH-WEST,In-Store
T509489,2026-06-30,P1028,4,43.46,173.84,WH-WEST,Online
T509490,2026-07-02,P1028,2,43.46,86.92,WH-WEST,Online
T509491,2026-07-03,P1028,1,43.46,43.46,WH-WEST,Online
T509492,2026-07-04,P1028,1,43.46,43.46,WH-WEST,In-Store
T509493,2026-07-05,P1028,6,43.46,260.76,WH-WEST,Online
T509494,2026-07-06,P1028,4,43.46,173.84,WH-WEST,Online
T509495,2026-07-07,P1028,1,43.46,43.46,WH-WEST,Online
T509496,2026-07-08,P1028,2,43.46,86.92,WH-WEST,Online
T509497,2026-07-09,P1028,5,43.46,217.3,WH-WEST,In-Store
T509498,2026-07-10,P1028,8,43.46,347.68,WH-WEST,In-Store
T509499,2026-07-11,P1028,3,43.46,130.38,WH-WEST,Online
T509500,2026-07-12,P1028,2,43.46,86.92,WH-WEST,Online
T509501,2026-07-13,P1028,4,43.46,173.84,WH-WEST,Online
T509502,2026-07-14,P1028,2,43.46,86.92,WH-WEST,Online
T509503,2026-07-15,P1028,1,43.46,43.46,WH-WEST,Online
T509504,2026-07-16,P1028,2,43.46,86.92,WH-WEST,Online
T509505,2026-07-17,P1028,3,43.46,130.38,WH-WEST,Online
T509506,2026-07-18,P1028,9,43.46,391.14,WH-WEST,Online
T509507,2026-07-19,P1028,6,43.46,260.76,WH-WEST,Online
T509508,2026-07-20,P1028,2,43.46,86.92,WH-WEST,In-Store
T509509,2026-07-21,P1028,7,43.46,304.22,WH-WEST,Online
T509510,2026-07-22,P1028,6,43.46,260.76,WH-WEST,In-Store
T509511,2026-07-23,P1028,5,43.46,217.3,WH-WEST,Online
T509512,2026-07-24,P1028,3,43.46,130.38,WH-WEST,Online
T509513,2026-07-25,P1028,4,43.46,173.84,WH-WEST,Online
T509514,2026-07-26,P1028,1,43.46,43.46,WH-WEST,Online
T509515,2026-07-27,P1028,6,43.46,260.76,WH-WEST,Online
T509516,2026-07-28,P1028,1,43.46,43.46,WH-WEST,Online
T509517,2026-07-29,P1028,6,43.46,260.76,WH-WEST,Online
T509518,2026-07-30,P1028,3,43.46,130.38,WH-WEST,Online
T509519,2026-07-31,P1028,8,43.46,347.68,WH-WEST,Online
T509520,2026-08-01,P1028,3,43.46,130.38,WH-WEST,In-Store
T509521,2026-08-02,P1028,2,43.46,86.92,WH-WEST,Online
T509522,2026-08-03,P1028,2,43.46,86.92,WH-WEST,Online
T509523,2026-08-04,P1028,3,43.46,130.38,WH-WEST,Online
T509524,2026-08-05,P1028,2,43.46,86.92,WH-WEST,Online
T509525,2026-08-06,P1028,5,43.46,217.3,WH-WEST,Online
T509526,2026-08-07,P1028,6,43.46,260.76,WH-WEST,Online
T509527,2026-08-08,P1028,4,43.46,173.84,WH-WEST,In-Store
T509528,2026-08-09,P1028,4,43.46,173.84,WH-WEST,In-Store
T509529,2026-08-10,P1028,5,43.46,217.3,WH-WEST,Online
T509530,2026-08-11,P1028,2,43.46,86.92,WH-WEST,Online
T509531,2026-08-13,P1028,5,43.46,217.3,WH-WEST,Online
T509532,2025-08-15,P1029,6,137.66,825.96,WH-WEST,Online
T509533,2025-08-16,P1029,14,137.66,1927.24,WH-WEST,Online
T509534,2025-08-17,P1029,6,137.66,825.96,WH-WEST,In-Store
T509535,2025-08-18,P1029,8,137.66,1101.28,WH-WEST,Online
T509536,2025-08-19,P1029,4,137.66,550.64,WH-WEST,Online
T509537,2025-08-20,P1029,6,137.66,825.96,WH-WEST,Online
T509538,2025-08-21,P1029,7,137.66,963.62,WH-WEST,Online
T509539,2025-08-22,P1029,3,137.66,412.98,WH-WEST,Online
T509540,2025-08-23,P1029,7,137.66,963.62,WH-WEST,Online
T509541,2025-08-24,P1029,10,137.66,1376.6,WH-WEST,In-Store
T509542,2025-08-25,P1029,9,137.66,1238.94,WH-WEST,In-Store
T509543,2025-08-26,P1029,2,137.66,275.32,WH-WEST,In-Store
T509544,2025-08-27,P1029,4,137.66,550.64,WH-WEST,Online
T509545,2025-08-28,P1029,5,137.66,688.3,WH-WEST,In-Store
T509546,2025-08-29,P1029,8,137.66,1101.28,WH-WEST,Online
T509547,2025-08-30,P1029,11,137.66,1514.26,WH-WEST,In-Store
T509548,2025-08-31,P1029,14,137.66,1927.24,WH-WEST,Online
T509549,2025-09-01,P1029,12,137.66,1651.92,WH-WEST,In-Store
T509550,2025-09-02,P1029,7,137.66,963.62,WH-WEST,Online
T509551,2025-09-03,P1029,3,137.66,412.98,WH-WEST,Online
T509552,2025-09-04,P1029,13,137.66,1789.58,WH-WEST,In-Store
T509553,2025-09-05,P1029,10,137.66,1376.6,WH-WEST,Online
T509554,2025-09-06,P1029,7,137.66,963.62,WH-WEST,Online
T509555,2025-09-07,P1029,14,137.66,1927.24,WH-WEST,Online
T509556,2025-09-08,P1029,5,137.66,688.3,WH-WEST,In-Store
T509557,2025-09-09,P1029,10,137.66,1376.6,WH-WEST,Online
T509558,2025-09-10,P1029,4,137.66,550.64,WH-WEST,Online
T509559,2025-09-11,P1029,5,137.66,688.3,WH-WEST,Online
T509560,2025-09-12,P1029,10,137.66,1376.6,WH-WEST,Online
T509561,2025-09-13,P1029,13,137.66,1789.58,WH-WEST,Online
T509562,2025-09-14,P1029,7,137.66,963.62,WH-WEST,Online
T509563,2025-09-15,P1029,5,137.66,688.3,WH-WEST,Online
T509564,2025-09-16,P1029,6,137.66,825.96,WH-WEST,Online
T509565,2025-09-17,P1029,9,137.66,1238.94,WH-WEST,In-Store
T509566,2025-09-18,P1029,9,137.66,1238.94,WH-WEST,Online
T509567,2025-09-19,P1029,5,137.66,688.3,WH-WEST,Online
T509568,2025-09-20,P1029,12,137.66,1651.92,WH-WEST,In-Store
T509569,2025-09-21,P1029,17,137.66,2340.22,WH-WEST,In-Store
T509570,2025-09-22,P1029,6,137.66,825.96,WH-WEST,Online
T509571,2025-09-23,P1029,9,137.66,1238.94,WH-WEST,Online
T509572,2025-09-24,P1029,5,137.66,688.3,WH-WEST,Online
T509573,2025-09-25,P1029,8,137.66,1101.28,WH-WEST,Online
T509574,2025-09-26,P1029,9,137.66,1238.94,WH-WEST,In-Store
T509575,2025-09-27,P1029,13,137.66,1789.58,WH-WEST,In-Store
T509576,2025-09-28,P1029,14,137.66,1927.24,WH-WEST,Online
T509577,2025-09-29,P1029,7,137.66,963.62,WH-WEST,Online
T509578,2025-09-30,P1029,7,137.66,963.62,WH-WEST,Online
T509579,2025-10-01,P1029,11,137.66,1514.26,WH-WEST,Online
T509580,2025-10-02,P1029,8,137.66,1101.28,WH-WEST,In-Store
T509581,2025-10-03,P1029,8,137.66,1101.28,WH-WEST,Online
T509582,2025-10-04,P1029,5,137.66,688.3,WH-WEST,Online
T509583,2025-10-05,P1029,11,137.66,1514.26,WH-WEST,Online
T509584,2025-10-06,P1029,8,137.66,1101.28,WH-WEST,Online
T509585,2025-10-07,P1029,7,137.66,963.62,WH-WEST,Online
T509586,2025-10-08,P1029,4,137.66,550.64,WH-WEST,In-Store
T509587,2025-10-09,P1029,9,137.66,1238.94,WH-WEST,Online
T509588,2025-10-10,P1029,9,137.66,1238.94,WH-WEST,Online
T509589,2025-10-11,P1029,16,137.66,2202.56,WH-WEST,Online
T509590,2025-10-12,P1029,10,137.66,1376.6,WH-WEST,In-Store
T509591,2025-10-13,P1029,8,137.66,1101.28,WH-WEST,Online
T509592,2025-10-14,P1029,7,137.66,963.62,WH-WEST,Online
T509593,2025-10-15,P1029,6,137.66,825.96,WH-WEST,Online
T509594,2025-10-16,P1029,8,137.66,1101.28,WH-WEST,In-Store
T509595,2025-10-17,P1029,7,137.66,963.62,WH-WEST,Online
T509596,2025-10-18,P1029,15,137.66,2064.9,WH-WEST,In-Store
T509597,2025-10-19,P1029,8,137.66,1101.28,WH-WEST,Online
T509598,2025-10-20,P1029,9,137.66,1238.94,WH-WEST,In-Store
T509599,2025-10-21,P1029,10,137.66,1376.6,WH-WEST,Online
T509600,2025-10-22,P1029,10,137.66,1376.6,WH-WEST,Online
T509601,2025-10-23,P1029,13,137.66,1789.58,WH-WEST,In-Store
T509602,2025-10-24,P1029,6,137.66,825.96,WH-WEST,Online
T509603,2025-10-25,P1029,7,137.66,963.62,WH-WEST,Online
T509604,2025-10-26,P1029,17,137.66,2340.22,WH-WEST,Online
T509605,2025-10-27,P1029,6,137.66,825.96,WH-WEST,In-Store
T509606,2025-10-28,P1029,10,137.66,1376.6,WH-WEST,Online
T509607,2025-10-29,P1029,11,137.66,1514.26,WH-WEST,Online
T509608,2025-10-30,P1029,7,137.66,963.62,WH-WEST,Online
T509609,2025-10-31,P1029,15,137.66,2064.9,WH-WEST,Online
T509610,2025-11-01,P1029,23,137.66,3166.18,WH-WEST,Online
T509611,2025-11-02,P1029,13,137.66,1789.58,WH-WEST,Online
T509612,2025-11-03,P1029,4,137.66,550.64,WH-WEST,In-Store
T509613,2025-11-04,P1029,8,137.66,1101.28,WH-WEST,Online
T509614,2025-11-05,P1029,8,137.66,1101.28,WH-WEST,Online
T509615,2025-11-06,P1029,4,137.66,550.64,WH-WEST,Online
T509616,2025-11-07,P1029,5,137.66,688.3,WH-WEST,Online
T509617,2025-11-08,P1029,13,137.66,1789.58,WH-WEST,Online
T509618,2025-11-09,P1029,12,137.66,1651.92,WH-WEST,Online
T509619,2025-11-10,P1029,4,137.66,550.64,WH-WEST,Online
T509620,2025-11-11,P1029,9,137.66,1238.94,WH-WEST,Online
T509621,2025-11-12,P1029,4,137.66,550.64,WH-WEST,Online
T509622,2025-11-13,P1029,5,137.66,688.3,WH-WEST,Online
T509623,2025-11-14,P1029,6,137.66,825.96,WH-WEST,Online
T509624,2025-11-15,P1029,9,137.66,1238.94,WH-WEST,Online
T509625,2025-11-16,P1029,10,137.66,1376.6,WH-WEST,Online
T509626,2025-11-17,P1029,7,137.66,963.62,WH-WEST,In-Store
T509627,2025-11-18,P1029,11,137.66,1514.26,WH-WEST,Online
T509628,2025-11-19,P1029,8,137.66,1101.28,WH-WEST,In-Store
T509629,2025-11-20,P1029,9,137.66,1238.94,WH-WEST,In-Store
T509630,2025-11-21,P1029,9,137.66,1238.94,WH-WEST,Online
T509631,2025-11-22,P1029,20,137.66,2753.2,WH-WEST,Online
T509632,2025-11-23,P1029,21,137.66,2890.86,WH-WEST,Online
T509633,2025-11-24,P1029,6,137.66,825.96,WH-WEST,Online
T509634,2025-11-25,P1029,9,137.66,1238.94,WH-WEST,Online
T509635,2025-11-26,P1029,9,137.66,1238.94,WH-WEST,Online
T509636,2025-11-27,P1029,11,137.66,1514.26,WH-WEST,Online
T509637,2025-11-28,P1029,8,137.66,1101.28,WH-WEST,Online
T509638,2025-11-29,P1029,16,137.66,2202.56,WH-WEST,In-Store
T509639,2025-11-30,P1029,12,137.66,1651.92,WH-WEST,In-Store
T509640,2025-12-01,P1029,8,137.66,1101.28,WH-WEST,Online
T509641,2025-12-02,P1029,6,137.66,825.96,WH-WEST,Online
T509642,2025-12-03,P1029,11,137.66,1514.26,WH-WEST,In-Store
T509643,2025-12-04,P1029,4,137.66,550.64,WH-WEST,In-Store
T509644,2025-12-05,P1029,3,137.66,412.98,WH-WEST,In-Store
T509645,2025-12-06,P1029,9,137.66,1238.94,WH-WEST,Online
T509646,2025-12-07,P1029,13,137.66,1789.58,WH-WEST,Online
T509647,2025-12-08,P1029,12,137.66,1651.92,WH-WEST,In-Store
T509648,2025-12-09,P1029,9,137.66,1238.94,WH-WEST,Online
T509649,2025-12-10,P1029,8,137.66,1101.28,WH-WEST,Online
T509650,2025-12-11,P1029,10,137.66,1376.6,WH-WEST,Online
T509651,2025-12-12,P1029,12,137.66,1651.92,WH-WEST,In-Store
T509652,2025-12-13,P1029,17,137.66,2340.22,WH-WEST,Online
T509653,2025-12-14,P1029,13,137.66,1789.58,WH-WEST,In-Store
T509654,2025-12-15,P1029,8,137.66,1101.28,WH-WEST,In-Store
T509655,2025-12-16,P1029,6,137.66,825.96,WH-WEST,In-Store
T509656,2025-12-17,P1029,8,137.66,1101.28,WH-WEST,Online
T509657,2025-12-18,P1029,9,137.66,1238.94,WH-WEST,Online
T509658,2025-12-19,P1029,3,137.66,412.98,WH-WEST,Online
T509659,2025-12-20,P1029,18,137.66,2477.88,WH-WEST,Online
T509660,2025-12-21,P1029,12,137.66,1651.92,WH-WEST,In-Store
T509661,2025-12-22,P1029,11,137.66,1514.26,WH-WEST,Online
T509662,2025-12-23,P1029,6,137.66,825.96,WH-WEST,Online
T509663,2025-12-24,P1029,11,137.66,1514.26,WH-WEST,In-Store
T509664,2025-12-25,P1029,4,137.66,550.64,WH-WEST,Online
T509665,2025-12-26,P1029,4,137.66,550.64,WH-WEST,In-Store
T509666,2025-12-27,P1029,11,137.66,1514.26,WH-WEST,Online
T509667,2025-12-28,P1029,18,137.66,2477.88,WH-WEST,In-Store
T509668,2025-12-29,P1029,5,137.66,688.3,WH-WEST,In-Store
T509669,2025-12-30,P1029,6,137.66,825.96,WH-WEST,Online
T509670,2025-12-31,P1029,5,137.66,688.3,WH-WEST,In-Store
T509671,2026-01-01,P1029,8,137.66,1101.28,WH-WEST,In-Store
T509672,2026-01-02,P1029,11,137.66,1514.26,WH-WEST,Online
T509673,2026-01-03,P1029,4,137.66,550.64,WH-WEST,Online
T509674,2026-01-04,P1029,10,137.66,1376.6,WH-WEST,In-Store
T509675,2026-01-05,P1029,7,137.66,963.62,WH-WEST,Online
T509676,2026-01-06,P1029,12,137.66,1651.92,WH-WEST,Online
T509677,2026-01-07,P1029,6,137.66,825.96,WH-WEST,Online
T509678,2026-01-08,P1029,9,137.66,1238.94,WH-WEST,Online
T509679,2026-01-09,P1029,7,137.66,963.62,WH-WEST,In-Store
T509680,2026-01-10,P1029,8,137.66,1101.28,WH-WEST,Online
T509681,2026-01-11,P1029,4,137.66,550.64,WH-WEST,Online
T509682,2026-01-12,P1029,6,137.66,825.96,WH-WEST,In-Store
T509683,2026-01-13,P1029,4,137.66,550.64,WH-WEST,In-Store
T509684,2026-01-14,P1029,3,137.66,412.98,WH-WEST,Online
T509685,2026-01-15,P1029,5,137.66,688.3,WH-WEST,In-Store
T509686,2026-01-16,P1029,8,137.66,1101.28,WH-WEST,Online
T509687,2026-01-17,P1029,13,137.66,1789.58,WH-WEST,In-Store
T509688,2026-01-18,P1029,10,137.66,1376.6,WH-WEST,Online
T509689,2026-01-19,P1029,12,137.66,1651.92,WH-WEST,Online
T509690,2026-01-20,P1029,5,137.66,688.3,WH-WEST,In-Store
T509691,2026-01-21,P1029,17,137.66,2340.22,WH-WEST,Online
T509692,2026-01-22,P1029,3,137.66,412.98,WH-WEST,In-Store
T509693,2026-01-23,P1029,3,137.66,412.98,WH-WEST,Online
T509694,2026-01-24,P1029,7,137.66,963.62,WH-WEST,Online
T509695,2026-01-25,P1029,17,137.66,2340.22,WH-WEST,In-Store
T509696,2026-01-26,P1029,9,137.66,1238.94,WH-WEST,In-Store
T509697,2026-01-27,P1029,4,137.66,550.64,WH-WEST,In-Store
T509698,2026-01-28,P1029,7,137.66,963.62,WH-WEST,In-Store
T509699,2026-01-29,P1029,5,137.66,688.3,WH-WEST,In-Store
T509700,2026-01-30,P1029,7,137.66,963.62,WH-WEST,In-Store
T509701,2026-01-31,P1029,10,137.66,1376.6,WH-WEST,Online
T509702,2026-02-01,P1029,10,137.66,1376.6,WH-WEST,In-Store
T509703,2026-02-02,P1029,4,137.66,550.64,WH-WEST,In-Store
T509704,2026-02-03,P1029,11,137.66,1514.26,WH-WEST,In-Store
T509705,2026-02-04,P1029,5,137.66,688.3,WH-WEST,Online
T509706,2026-02-05,P1029,7,137.66,963.62,WH-WEST,Online
T509707,2026-02-06,P1029,8,137.66,1101.28,WH-WEST,Online
T509708,2026-02-07,P1029,11,137.66,1514.26,WH-WEST,In-Store
T509709,2026-02-08,P1029,16,137.66,2202.56,WH-WEST,Online
T509710,2026-02-09,P1029,8,137.66,1101.28,WH-WEST,Online
T509711,2026-02-10,P1029,3,137.66,412.98,WH-WEST,In-Store
T509712,2026-02-11,P1029,7,137.66,963.62,WH-WEST,Online
T509713,2026-02-12,P1029,6,137.66,825.96,WH-WEST,Online
T509714,2026-02-13,P1029,8,137.66,1101.28,WH-WEST,In-Store
T509715,2026-02-14,P1029,10,137.66,1376.6,WH-WEST,In-Store
T509716,2026-02-15,P1029,7,137.66,963.62,WH-WEST,Online
T509717,2026-02-16,P1029,6,137.66,825.96,WH-WEST,Online
T509718,2026-02-17,P1029,3,137.66,412.98,WH-WEST,Online
T509719,2026-02-18,P1029,5,137.66,688.3,WH-WEST,Online
T509720,2026-02-19,P1029,8,137.66,1101.28,WH-WEST,Online
T509721,2026-02-20,P1029,5,137.66,688.3,WH-WEST,In-Store
T509722,2026-02-21,P1029,9,137.66,1238.94,WH-WEST,Online
T509723,2026-02-22,P1029,14,137.66,1927.24,WH-WEST,Online
T509724,2026-02-23,P1029,5,137.66,688.3,WH-WEST,Online
T509725,2026-02-24,P1029,9,137.66,1238.94,WH-WEST,Online
T509726,2026-02-25,P1029,7,137.66,963.62,WH-WEST,Online
T509727,2026-02-26,P1029,7,137.66,963.62,WH-WEST,In-Store
T509728,2026-02-27,P1029,5,137.66,688.3,WH-WEST,In-Store
T509729,2026-02-28,P1029,14,137.66,1927.24,WH-WEST,In-Store
T509730,2026-03-01,P1029,11,137.66,1514.26,WH-WEST,Online
T509731,2026-03-02,P1029,7,137.66,963.62,WH-WEST,Online
T509732,2026-03-03,P1029,5,137.66,688.3,WH-WEST,Online
T509733,2026-03-04,P1029,10,137.66,1376.6,WH-WEST,Online
T509734,2026-03-05,P1029,9,137.66,1238.94,WH-WEST,In-Store
T509735,2026-03-06,P1029,3,137.66,412.98,WH-WEST,In-Store
T509736,2026-03-07,P1029,7,137.66,963.62,WH-WEST,In-Store
T509737,2026-03-08,P1029,8,137.66,1101.28,WH-WEST,Online
T509738,2026-03-09,P1029,7,137.66,963.62,WH-WEST,Online
T509739,2026-03-10,P1029,7,137.66,963.62,WH-WEST,In-Store
T509740,2026-03-11,P1029,10,137.66,1376.6,WH-WEST,In-Store
T509741,2026-03-12,P1029,10,137.66,1376.6,WH-WEST,Online
T509742,2026-03-13,P1029,6,137.66,825.96,WH-WEST,Online
T509743,2026-03-14,P1029,11,137.66,1514.26,WH-WEST,Online
T509744,2026-03-15,P1029,7,137.66,963.62,WH-WEST,Online
T509745,2026-03-16,P1029,2,137.66,275.32,WH-WEST,Online
T509746,2026-03-17,P1029,5,137.66,688.3,WH-WEST,In-Store
T509747,2026-03-18,P1029,2,137.66,275.32,WH-WEST,In-Store
T509748,2026-03-19,P1029,7,137.66,963.62,WH-WEST,In-Store
T509749,2026-03-20,P1029,7,137.66,963.62,WH-WEST,In-Store
T509750,2026-03-21,P1029,10,137.66,1376.6,WH-WEST,In-Store
T509751,2026-03-22,P1029,8,137.66,1101.28,WH-WEST,Online
T509752,2026-03-23,P1029,4,137.66,550.64,WH-WEST,Online
T509753,2026-03-24,P1029,2,137.66,275.32,WH-WEST,Online
T509754,2026-03-25,P1029,3,137.66,412.98,WH-WEST,Online
T509755,2026-03-26,P1029,7,137.66,963.62,WH-WEST,Online
T509756,2026-03-27,P1029,4,137.66,550.64,WH-WEST,Online
T509757,2026-03-28,P1029,11,137.66,1514.26,WH-WEST,In-Store
T509758,2026-03-29,P1029,9,137.66,1238.94,WH-WEST,Online
T509759,2026-03-30,P1029,8,137.66,1101.28,WH-WEST,In-Store
T509760,2026-03-31,P1029,3,137.66,412.98,WH-WEST,In-Store
T509761,2026-04-01,P1029,6,137.66,825.96,WH-WEST,Online
T509762,2026-04-02,P1029,5,137.66,688.3,WH-WEST,In-Store
T509763,2026-04-03,P1029,4,137.66,550.64,WH-WEST,Online
T509764,2026-04-04,P1029,9,137.66,1238.94,WH-WEST,Online
T509765,2026-04-05,P1029,5,137.66,688.3,WH-WEST,In-Store
T509766,2026-04-06,P1029,4,137.66,550.64,WH-WEST,Online
T509767,2026-04-07,P1029,6,137.66,825.96,WH-WEST,In-Store
T509768,2026-04-08,P1029,3,137.66,412.98,WH-WEST,In-Store
T509769,2026-04-09,P1029,6,137.66,825.96,WH-WEST,Online
T509770,2026-04-10,P1029,10,137.66,1376.6,WH-WEST,Online
T509771,2026-04-11,P1029,6,137.66,825.96,WH-WEST,Online
T509772,2026-04-12,P1029,9,137.66,1238.94,WH-WEST,In-Store
T509773,2026-04-13,P1029,4,137.66,550.64,WH-WEST,In-Store
T509774,2026-04-14,P1029,5,137.66,688.3,WH-WEST,In-Store
T509775,2026-04-15,P1029,4,137.66,550.64,WH-WEST,Online
T509776,2026-04-16,P1029,4,137.66,550.64,WH-WEST,Online
T509777,2026-04-17,P1029,2,137.66,275.32,WH-WEST,In-Store
T509778,2026-04-18,P1029,9,137.66,1238.94,WH-WEST,Online
T509779,2026-04-19,P1029,11,137.66,1514.26,WH-WEST,In-Store
T509780,2026-04-20,P1029,4,137.66,550.64,WH-WEST,In-Store
T509781,2026-04-21,P1029,7,137.66,963.62,WH-WEST,Online
T509782,2026-04-22,P1029,1,137.66,137.66,WH-WEST,Online
T509783,2026-04-23,P1029,4,137.66,550.64,WH-WEST,In-Store
T509784,2026-04-24,P1029,3,137.66,412.98,WH-WEST,In-Store
T509785,2026-04-25,P1029,5,137.66,688.3,WH-WEST,Online
T509786,2026-04-26,P1029,4,137.66,550.64,WH-WEST,Online
T509787,2026-04-27,P1029,7,137.66,963.62,WH-WEST,Online
T509788,2026-04-28,P1029,6,137.66,825.96,WH-WEST,Online
T509789,2026-04-29,P1029,6,137.66,825.96,WH-WEST,In-Store
T509790,2026-04-30,P1029,4,137.66,550.64,WH-WEST,In-Store
T509791,2026-05-01,P1029,9,137.66,1238.94,WH-WEST,Online
T509792,2026-05-02,P1029,9,137.66,1238.94,WH-WEST,In-Store
T509793,2026-05-03,P1029,5,137.66,688.3,WH-WEST,Online
T509794,2026-05-04,P1029,6,137.66,825.96,WH-WEST,Online
T509795,2026-05-05,P1029,4,137.66,550.64,WH-WEST,Online
T509796,2026-05-06,P1029,2,137.66,275.32,WH-WEST,Online
T509797,2026-05-07,P1029,5,137.66,688.3,WH-WEST,Online
T509798,2026-05-08,P1029,5,137.66,688.3,WH-WEST,Online
T509799,2026-05-09,P1029,6,137.66,825.96,WH-WEST,In-Store
T509800,2026-05-10,P1029,5,137.66,688.3,WH-WEST,Online
T509801,2026-05-11,P1029,7,137.66,963.62,WH-WEST,Online
T509802,2026-05-12,P1029,2,137.66,275.32,WH-WEST,Online
T509803,2026-05-14,P1029,1,137.66,137.66,WH-WEST,In-Store
T509804,2026-05-15,P1029,5,137.66,688.3,WH-WEST,In-Store
T509805,2026-05-16,P1029,5,137.66,688.3,WH-WEST,In-Store
T509806,2026-05-17,P1029,10,137.66,1376.6,WH-WEST,In-Store
T509807,2026-05-18,P1029,3,137.66,412.98,WH-WEST,Online
T509808,2026-05-19,P1029,2,137.66,275.32,WH-WEST,In-Store
T509809,2026-05-20,P1029,6,137.66,825.96,WH-WEST,In-Store
T509810,2026-05-21,P1029,8,137.66,1101.28,WH-WEST,Online
T509811,2026-05-22,P1029,2,137.66,275.32,WH-WEST,Online
T509812,2026-05-23,P1029,4,137.66,550.64,WH-WEST,Online
T509813,2026-05-24,P1029,7,137.66,963.62,WH-WEST,In-Store
T509814,2026-05-25,P1029,1,137.66,137.66,WH-WEST,In-Store
T509815,2026-05-26,P1029,2,137.66,275.32,WH-WEST,Online
T509816,2026-05-27,P1029,4,137.66,550.64,WH-WEST,Online
T509817,2026-05-28,P1029,9,137.66,1238.94,WH-WEST,In-Store
T509818,2026-05-29,P1029,8,137.66,1101.28,WH-WEST,Online
T509819,2026-05-30,P1029,7,137.66,963.62,WH-WEST,Online
T509820,2026-05-31,P1029,8,137.66,1101.28,WH-WEST,In-Store
T509821,2026-06-01,P1029,2,137.66,275.32,WH-WEST,Online
T509822,2026-06-02,P1029,2,137.66,275.32,WH-WEST,In-Store
T509823,2026-06-03,P1029,3,137.66,412.98,WH-WEST,Online
T509824,2026-06-04,P1029,4,137.66,550.64,WH-WEST,Online
T509825,2026-06-05,P1029,3,137.66,412.98,WH-WEST,In-Store
T509826,2026-06-06,P1029,4,137.66,550.64,WH-WEST,Online
T509827,2026-06-07,P1029,11,137.66,1514.26,WH-WEST,Online
T509828,2026-06-08,P1029,3,137.66,412.98,WH-WEST,In-Store
T509829,2026-06-09,P1029,6,137.66,825.96,WH-WEST,In-Store
T509830,2026-06-10,P1029,4,137.66,550.64,WH-WEST,In-Store
T509831,2026-06-11,P1029,2,137.66,275.32,WH-WEST,Online
T509832,2026-06-12,P1029,4,137.66,550.64,WH-WEST,Online
T509833,2026-06-13,P1029,8,137.66,1101.28,WH-WEST,Online
T509834,2026-06-14,P1029,6,137.66,825.96,WH-WEST,Online
T509835,2026-06-15,P1029,8,137.66,1101.28,WH-WEST,In-Store
T509836,2026-06-16,P1029,2,137.66,275.32,WH-WEST,Online
T509837,2026-06-17,P1029,4,137.66,550.64,WH-WEST,Online
T509838,2026-06-18,P1029,7,137.66,963.62,WH-WEST,Online
T509839,2026-06-19,P1029,6,137.66,825.96,WH-WEST,Online
T509840,2026-06-20,P1029,6,137.66,825.96,WH-WEST,Online
T509841,2026-06-21,P1029,6,137.66,825.96,WH-WEST,Online
T509842,2026-06-22,P1029,5,137.66,688.3,WH-WEST,In-Store
T509843,2026-06-23,P1029,6,137.66,825.96,WH-WEST,Online
T509844,2026-06-24,P1029,5,137.66,688.3,WH-WEST,Online
T509845,2026-06-25,P1029,7,137.66,963.62,WH-WEST,Online
T509846,2026-06-26,P1029,7,137.66,963.62,WH-WEST,Online
T509847,2026-06-27,P1029,2,137.66,275.32,WH-WEST,Online
T509848,2026-06-28,P1029,7,137.66,963.62,WH-WEST,Online
T509849,2026-06-29,P1029,3,137.66,412.98,WH-WEST,Online
T509850,2026-06-30,P1029,9,137.66,1238.94,WH-WEST,In-Store
T509851,2026-07-01,P1029,9,137.66,1238.94,WH-WEST,Online
T509852,2026-07-02,P1029,7,137.66,963.62,WH-WEST,In-Store
T509853,2026-07-03,P1029,2,137.66,275.32,WH-WEST,In-Store
T509854,2026-07-04,P1029,4,137.66,550.64,WH-WEST,Online
T509855,2026-07-05,P1029,12,137.66,1651.92,WH-WEST,Online
T509856,2026-07-06,P1029,5,137.66,688.3,WH-WEST,Online
T509857,2026-07-07,P1029,4,137.66,550.64,WH-WEST,In-Store
T509858,2026-07-08,P1029,4,137.66,550.64,WH-WEST,Online
T509859,2026-07-09,P1029,11,137.66,1514.26,WH-WEST,In-Store
T509860,2026-07-10,P1029,6,137.66,825.96,WH-WEST,Online
T509861,2026-07-11,P1029,6,137.66,825.96,WH-WEST,Online
T509862,2026-07-12,P1029,8,137.66,1101.28,WH-WEST,Online
T509863,2026-07-13,P1029,6,137.66,825.96,WH-WEST,In-Store
T509864,2026-07-14,P1029,7,137.66,963.62,WH-WEST,Online
T509865,2026-07-15,P1029,9,137.66,1238.94,WH-WEST,In-Store
T509866,2026-07-16,P1029,5,137.66,688.3,WH-WEST,Online
T509867,2026-07-17,P1029,3,137.66,412.98,WH-WEST,Online
T509868,2026-07-18,P1029,7,137.66,963.62,WH-WEST,In-Store
T509869,2026-07-19,P1029,10,137.66,1376.6,WH-WEST,Online
T509870,2026-07-20,P1029,6,137.66,825.96,WH-WEST,Online
T509871,2026-07-21,P1029,3,137.66,412.98,WH-WEST,Online
T509872,2026-07-22,P1029,7,137.66,963.62,WH-WEST,In-Store
T509873,2026-07-23,P1029,5,137.66,688.3,WH-WEST,Online
T509874,2026-07-24,P1029,5,137.66,688.3,WH-WEST,In-Store
T509875,2026-07-25,P1029,9,137.66,1238.94,WH-WEST,Online
T509876,2026-07-26,P1029,5,137.66,688.3,WH-WEST,In-Store
T509877,2026-07-27,P1029,3,137.66,412.98,WH-WEST,In-Store
T509878,2026-07-28,P1029,8,137.66,1101.28,WH-WEST,Online
T509879,2026-07-29,P1029,8,137.66,1101.28,WH-WEST,Online
T509880,2026-07-30,P1029,7,137.66,963.62,WH-WEST,Online
T509881,2026-07-31,P1029,4,137.66,550.64,WH-WEST,Online
T509882,2026-08-01,P1029,8,137.66,1101.28,WH-WEST,Online
T509883,2026-08-02,P1029,8,137.66,1101.28,WH-WEST,In-Store
T509884,2026-08-03,P1029,6,137.66,825.96,WH-WEST,In-Store
T509885,2026-08-04,P1029,6,137.66,825.96,WH-WEST,Online
T509886,2026-08-05,P1029,10,137.66,1376.6,WH-WEST,Online
T509887,2026-08-06,P1029,4,137.66,550.64,WH-WEST,Online
T509888,2026-08-07,P1029,4,137.66,550.64,WH-WEST,In-Store
T509889,2026-08-08,P1029,10,137.66,1376.6,WH-WEST,Online
T509890,2026-08-09,P1029,5,137.66,688.3,WH-WEST,Online
T509891,2026-08-10,P1029,5,137.66,688.3,WH-WEST,Online
T509892,2026-08-11,P1029,5,137.66,688.3,WH-WEST,Online
T509893,2026-08-12,P1029,5,137.66,688.3,WH-WEST,In-Store
T509894,2026-08-13,P1029,7,137.66,963.62,WH-WEST,Online
T509895,2025-08-15,P1030,7,132.77,929.39,WH-WEST,In-Store
T509896,2025-08-16,P1030,6,132.77,796.62,WH-WEST,Online
T509897,2025-08-17,P1030,7,132.77,929.39,WH-WEST,In-Store
T509898,2025-08-18,P1030,6,132.77,796.62,WH-WEST,In-Store
T509899,2025-08-19,P1030,4,132.77,531.08,WH-WEST,In-Store
T509900,2025-08-20,P1030,6,132.77,796.62,WH-WEST,Online
T509901,2025-08-21,P1030,4,132.77,531.08,WH-WEST,In-Store
T509902,2025-08-22,P1030,4,132.77,531.08,WH-WEST,In-Store
T509903,2025-08-23,P1030,12,132.77,1593.24,WH-WEST,Online
T509904,2025-08-24,P1030,7,132.77,929.39,WH-WEST,Online
T509905,2025-08-25,P1030,7,132.77,929.39,WH-WEST,Online
T509906,2025-08-26,P1030,7,132.77,929.39,WH-WEST,In-Store
T509907,2025-08-27,P1030,9,132.77,1194.93,WH-WEST,Online
T509908,2025-08-28,P1030,4,132.77,531.08,WH-WEST,Online
T509909,2025-08-29,P1030,4,132.77,531.08,WH-WEST,Online
T509910,2025-08-30,P1030,16,132.77,2124.32,WH-WEST,In-Store
T509911,2025-08-31,P1030,5,132.77,663.85,WH-WEST,Online
T509912,2025-09-01,P1030,2,132.77,265.54,WH-WEST,Online
T509913,2025-09-02,P1030,9,132.77,1194.93,WH-WEST,In-Store
T509914,2025-09-03,P1030,7,132.77,929.39,WH-WEST,Online
T509915,2025-09-04,P1030,3,132.77,398.31,WH-WEST,In-Store
T509916,2025-09-05,P1030,9,132.77,1194.93,WH-WEST,Online
T509917,2025-09-06,P1030,3,132.77,398.31,WH-WEST,Online
T509918,2025-09-07,P1030,7,132.77,929.39,WH-WEST,Online
T509919,2025-09-08,P1030,7,132.77,929.39,WH-WEST,Online
T509920,2025-09-09,P1030,9,132.77,1194.93,WH-WEST,Online
T509921,2025-09-10,P1030,4,132.77,531.08,WH-WEST,Online
T509922,2025-09-11,P1030,5,132.77,663.85,WH-WEST,Online
T509923,2025-09-12,P1030,7,132.77,929.39,WH-WEST,Online
T509924,2025-09-13,P1030,8,132.77,1062.16,WH-WEST,In-Store
T509925,2025-09-14,P1030,12,132.77,1593.24,WH-WEST,Online
T509926,2025-09-15,P1030,5,132.77,663.85,WH-WEST,In-Store
T509927,2025-09-16,P1030,6,132.77,796.62,WH-WEST,In-Store
T509928,2025-09-17,P1030,7,132.77,929.39,WH-WEST,Online
T509929,2025-09-18,P1030,7,132.77,929.39,WH-WEST,Online
T509930,2025-09-19,P1030,7,132.77,929.39,WH-WEST,In-Store
T509931,2025-09-20,P1030,7,132.77,929.39,WH-WEST,Online
T509932,2025-09-21,P1030,8,132.77,1062.16,WH-WEST,Online
T509933,2025-09-22,P1030,12,132.77,1593.24,WH-WEST,Online
T509934,2025-09-23,P1030,7,132.77,929.39,WH-WEST,In-Store
T509935,2025-09-24,P1030,9,132.77,1194.93,WH-WEST,Online
T509936,2025-09-25,P1030,9,132.77,1194.93,WH-WEST,In-Store
T509937,2025-09-26,P1030,8,132.77,1062.16,WH-WEST,Online
T509938,2025-09-27,P1030,14,132.77,1858.78,WH-WEST,Online
T509939,2025-09-28,P1030,8,132.77,1062.16,WH-WEST,Online
T509940,2025-09-29,P1030,8,132.77,1062.16,WH-WEST,In-Store
T509941,2025-09-30,P1030,7,132.77,929.39,WH-WEST,In-Store
T509942,2025-10-01,P1030,8,132.77,1062.16,WH-WEST,Online
T509943,2025-10-02,P1030,8,132.77,1062.16,WH-WEST,Online
T509944,2025-10-03,P1030,4,132.77,531.08,WH-WEST,Online
T509945,2025-10-04,P1030,11,132.77,1460.47,WH-WEST,Online
T509946,2025-10-05,P1030,17,132.77,2257.09,WH-WEST,Online
T509947,2025-10-06,P1030,8,132.77,1062.16,WH-WEST,Online
T509948,2025-10-07,P1030,8,132.77,1062.16,WH-WEST,In-Store
T509949,2025-10-08,P1030,5,132.77,663.85,WH-WEST,In-Store
T509950,2025-10-09,P1030,11,132.77,1460.47,WH-WEST,Online
T509951,2025-10-10,P1030,11,132.77,1460.47,WH-WEST,Online
T509952,2025-10-11,P1030,9,132.77,1194.93,WH-WEST,In-Store
T509953,2025-10-12,P1030,8,132.77,1062.16,WH-WEST,Online
T509954,2025-10-13,P1030,8,132.77,1062.16,WH-WEST,Online
T509955,2025-10-14,P1030,13,132.77,1726.01,WH-WEST,Online
T509956,2025-10-15,P1030,8,132.77,1062.16,WH-WEST,In-Store
T509957,2025-10-16,P1030,9,132.77,1194.93,WH-WEST,Online
T509958,2025-10-17,P1030,8,132.77,1062.16,WH-WEST,In-Store
T509959,2025-10-18,P1030,8,132.77,1062.16,WH-WEST,In-Store
T509960,2025-10-19,P1030,13,132.77,1726.01,WH-WEST,Online
T509961,2025-10-20,P1030,3,132.77,398.31,WH-WEST,Online
T509962,2025-10-21,P1030,3,132.77,398.31,WH-WEST,In-Store
T509963,2025-10-22,P1030,10,132.77,1327.7,WH-WEST,In-Store
T509964,2025-10-23,P1030,6,132.77,796.62,WH-WEST,Online
T509965,2025-10-24,P1030,8,132.77,1062.16,WH-WEST,Online
T509966,2025-10-25,P1030,6,132.77,796.62,WH-WEST,Online
T509967,2025-10-26,P1030,11,132.77,1460.47,WH-WEST,In-Store
T509968,2025-10-27,P1030,8,132.77,1062.16,WH-WEST,Online
T509969,2025-10-28,P1030,11,132.77,1460.47,WH-WEST,Online
T509970,2025-10-29,P1030,10,132.77,1327.7,WH-WEST,In-Store
T509971,2025-10-30,P1030,9,132.77,1194.93,WH-WEST,Online
T509972,2025-10-31,P1030,8,132.77,1062.16,WH-WEST,Online
T509973,2025-11-01,P1030,9,132.77,1194.93,WH-WEST,In-Store
T509974,2025-11-02,P1030,11,132.77,1460.47,WH-WEST,Online
T509975,2025-11-03,P1030,3,132.77,398.31,WH-WEST,Online
T509976,2025-11-04,P1030,8,132.77,1062.16,WH-WEST,In-Store
T509977,2025-11-05,P1030,6,132.77,796.62,WH-WEST,In-Store
T509978,2025-11-06,P1030,7,132.77,929.39,WH-WEST,In-Store
T509979,2025-11-07,P1030,9,132.77,1194.93,WH-WEST,In-Store
T509980,2025-11-08,P1030,9,132.77,1194.93,WH-WEST,Online
T509981,2025-11-09,P1030,11,132.77,1460.47,WH-WEST,Online
T509982,2025-11-10,P1030,5,132.77,663.85,WH-WEST,In-Store
T509983,2025-11-11,P1030,8,132.77,1062.16,WH-WEST,Online
T509984,2025-11-12,P1030,7,132.77,929.39,WH-WEST,In-Store
T509985,2025-11-13,P1030,11,132.77,1460.47,WH-WEST,Online
T509986,2025-11-14,P1030,7,132.77,929.39,WH-WEST,Online
T509987,2025-11-15,P1030,19,132.77,2522.63,WH-WEST,Online
T509988,2025-11-16,P1030,10,132.77,1327.7,WH-WEST,In-Store
T509989,2025-11-17,P1030,14,132.77,1858.78,WH-WEST,Online
T509990,2025-11-18,P1030,8,132.77,1062.16,WH-WEST,In-Store
T509991,2025-11-19,P1030,8,132.77,1062.16,WH-WEST,Online
T509992,2025-11-20,P1030,11,132.77,1460.47,WH-WEST,Online
T509993,2025-11-21,P1030,8,132.77,1062.16,WH-WEST,Online
T509994,2025-11-22,P1030,7,132.77,929.39,WH-WEST,Online
T509995,2025-11-23,P1030,13,132.77,1726.01,WH-WEST,Online
T509996,2025-11-24,P1030,5,132.77,663.85,WH-WEST,In-Store
T509997,2025-11-25,P1030,6,132.77,796.62,WH-WEST,Online
T509998,2025-11-26,P1030,5,132.77,663.85,WH-WEST,In-Store
T509999,2025-11-27,P1030,7,132.77,929.39,WH-WEST,Online
T510000,2025-11-28,P1030,8,132.77,1062.16,WH-WEST,Online
T510001,2025-11-29,P1030,13,132.77,1726.01,WH-WEST,In-Store
T510002,2025-11-30,P1030,16,132.77,2124.32,WH-WEST,In-Store
T510003,2025-12-01,P1030,5,132.77,663.85,WH-WEST,In-Store
T510004,2025-12-02,P1030,3,132.77,398.31,WH-WEST,Online
T510005,2025-12-03,P1030,5,132.77,663.85,WH-WEST,Online
T510006,2025-12-04,P1030,4,132.77,531.08,WH-WEST,Online
T510007,2025-12-05,P1030,6,132.77,796.62,WH-WEST,Online
T510008,2025-12-06,P1030,9,132.77,1194.93,WH-WEST,Online
T510009,2025-12-07,P1030,19,132.77,2522.63,WH-WEST,Online
T510010,2025-12-08,P1030,7,132.77,929.39,WH-WEST,In-Store
T510011,2025-12-09,P1030,7,132.77,929.39,WH-WEST,In-Store
T510012,2025-12-10,P1030,4,132.77,531.08,WH-WEST,Online
T510013,2025-12-11,P1030,2,132.77,265.54,WH-WEST,Online
T510014,2025-12-12,P1030,6,132.77,796.62,WH-WEST,Online
T510015,2025-12-13,P1030,12,132.77,1593.24,WH-WEST,Online
T510016,2025-12-14,P1030,5,132.77,663.85,WH-WEST,Online
T510017,2025-12-15,P1030,8,132.77,1062.16,WH-WEST,In-Store
T510018,2025-12-16,P1030,11,132.77,1460.47,WH-WEST,Online
T510019,2025-12-17,P1030,9,132.77,1194.93,WH-WEST,Online
T510020,2025-12-18,P1030,16,132.77,2124.32,WH-WEST,Online
T510021,2025-12-19,P1030,10,132.77,1327.7,WH-WEST,Online
T510022,2025-12-20,P1030,9,132.77,1194.93,WH-WEST,Online
T510023,2025-12-21,P1030,14,132.77,1858.78,WH-WEST,Online
T510024,2025-12-22,P1030,5,132.77,663.85,WH-WEST,Online
T510025,2025-12-23,P1030,7,132.77,929.39,WH-WEST,In-Store
T510026,2025-12-24,P1030,4,132.77,531.08,WH-WEST,Online
T510027,2025-12-25,P1030,3,132.77,398.31,WH-WEST,In-Store
T510028,2025-12-26,P1030,7,132.77,929.39,WH-WEST,Online
T510029,2025-12-27,P1030,12,132.77,1593.24,WH-WEST,In-Store
T510030,2025-12-28,P1030,11,132.77,1460.47,WH-WEST,In-Store
T510031,2025-12-29,P1030,10,132.77,1327.7,WH-WEST,In-Store
T510032,2025-12-30,P1030,9,132.77,1194.93,WH-WEST,Online
T510033,2025-12-31,P1030,5,132.77,663.85,WH-WEST,In-Store
T510034,2026-01-01,P1030,4,132.77,531.08,WH-WEST,Online
T510035,2026-01-02,P1030,7,132.77,929.39,WH-WEST,Online
T510036,2026-01-03,P1030,6,132.77,796.62,WH-WEST,Online
T510037,2026-01-04,P1030,11,132.77,1460.47,WH-WEST,In-Store
T510038,2026-01-05,P1030,15,132.77,1991.55,WH-WEST,Online
T510039,2026-01-06,P1030,5,132.77,663.85,WH-WEST,Online
T510040,2026-01-07,P1030,10,132.77,1327.7,WH-WEST,Online
T510041,2026-01-08,P1030,6,132.77,796.62,WH-WEST,In-Store
T510042,2026-01-09,P1030,4,132.77,531.08,WH-WEST,In-Store
T510043,2026-01-10,P1030,11,132.77,1460.47,WH-WEST,Online
T510044,2026-01-11,P1030,9,132.77,1194.93,WH-WEST,Online
T510045,2026-01-12,P1030,7,132.77,929.39,WH-WEST,Online
T510046,2026-01-13,P1030,5,132.77,663.85,WH-WEST,Online
T510047,2026-01-14,P1030,6,132.77,796.62,WH-WEST,In-Store
T510048,2026-01-15,P1030,7,132.77,929.39,WH-WEST,In-Store
T510049,2026-01-16,P1030,5,132.77,663.85,WH-WEST,In-Store
T510050,2026-01-17,P1030,10,132.77,1327.7,WH-WEST,Online
T510051,2026-01-18,P1030,12,132.77,1593.24,WH-WEST,Online
T510052,2026-01-19,P1030,8,132.77,1062.16,WH-WEST,Online
T510053,2026-01-20,P1030,7,132.77,929.39,WH-WEST,Online
T510054,2026-01-21,P1030,10,132.77,1327.7,WH-WEST,Online
T510055,2026-01-22,P1030,7,132.77,929.39,WH-WEST,Online
T510056,2026-01-23,P1030,9,132.77,1194.93,WH-WEST,Online
T510057,2026-01-24,P1030,10,132.77,1327.7,WH-WEST,In-Store
T510058,2026-01-25,P1030,5,132.77,663.85,WH-WEST,In-Store
T510059,2026-01-26,P1030,4,132.77,531.08,WH-WEST,Online
T510060,2026-01-27,P1030,9,132.77,1194.93,WH-WEST,In-Store
T510061,2026-01-28,P1030,5,132.77,663.85,WH-WEST,In-Store
T510062,2026-01-29,P1030,9,132.77,1194.93,WH-WEST,Online
T510063,2026-01-30,P1030,4,132.77,531.08,WH-WEST,Online
T510064,2026-01-31,P1030,7,132.77,929.39,WH-WEST,Online
T510065,2026-02-01,P1030,12,132.77,1593.24,WH-WEST,Online
T510066,2026-02-02,P1030,1,132.77,132.77,WH-WEST,Online
T510067,2026-02-03,P1030,4,132.77,531.08,WH-WEST,Online
T510068,2026-02-04,P1030,3,132.77,398.31,WH-WEST,Online
T510069,2026-02-05,P1030,4,132.77,531.08,WH-WEST,In-Store
T510070,2026-02-06,P1030,5,132.77,663.85,WH-WEST,Online
T510071,2026-02-07,P1030,9,132.77,1194.93,WH-WEST,Online
T510072,2026-02-08,P1030,12,132.77,1593.24,WH-WEST,In-Store
T510073,2026-02-09,P1030,6,132.77,796.62,WH-WEST,Online
T510074,2026-02-10,P1030,7,132.77,929.39,WH-WEST,In-Store
T510075,2026-02-11,P1030,5,132.77,663.85,WH-WEST,In-Store
T510076,2026-02-12,P1030,4,132.77,531.08,WH-WEST,Online
T510077,2026-02-13,P1030,8,132.77,1062.16,WH-WEST,In-Store
T510078,2026-02-14,P1030,8,132.77,1062.16,WH-WEST,In-Store
T510079,2026-02-15,P1030,12,132.77,1593.24,WH-WEST,Online
T510080,2026-02-16,P1030,6,132.77,796.62,WH-WEST,Online
T510081,2026-02-17,P1030,5,132.77,663.85,WH-WEST,Online
T510082,2026-02-18,P1030,4,132.77,531.08,WH-WEST,Online
T510083,2026-02-19,P1030,5,132.77,663.85,WH-WEST,Online
T510084,2026-02-20,P1030,6,132.77,796.62,WH-WEST,In-Store
T510085,2026-02-21,P1030,6,132.77,796.62,WH-WEST,In-Store
T510086,2026-02-22,P1030,8,132.77,1062.16,WH-WEST,Online
T510087,2026-02-23,P1030,10,132.77,1327.7,WH-WEST,Online
T510088,2026-02-24,P1030,3,132.77,398.31,WH-WEST,Online
T510089,2026-02-25,P1030,4,132.77,531.08,WH-WEST,Online
T510090,2026-02-26,P1030,5,132.77,663.85,WH-WEST,In-Store
T510091,2026-02-27,P1030,6,132.77,796.62,WH-WEST,In-Store
T510092,2026-02-28,P1030,11,132.77,1460.47,WH-WEST,In-Store
T510093,2026-03-01,P1030,12,132.77,1593.24,WH-WEST,Online
T510094,2026-03-02,P1030,4,132.77,531.08,WH-WEST,Online
T510095,2026-03-03,P1030,8,132.77,1062.16,WH-WEST,Online
T510096,2026-03-04,P1030,5,132.77,663.85,WH-WEST,Online
T510097,2026-03-05,P1030,1,132.77,132.77,WH-WEST,Online
T510098,2026-03-06,P1030,5,132.77,663.85,WH-WEST,Online
T510099,2026-03-07,P1030,8,132.77,1062.16,WH-WEST,Online
T510100,2026-03-08,P1030,9,132.77,1194.93,WH-WEST,In-Store
T510101,2026-03-09,P1030,4,132.77,531.08,WH-WEST,Online
T510102,2026-03-10,P1030,5,132.77,663.85,WH-WEST,In-Store
T510103,2026-03-11,P1030,5,132.77,663.85,WH-WEST,Online
T510104,2026-03-12,P1030,2,132.77,265.54,WH-WEST,In-Store
T510105,2026-03-13,P1030,3,132.77,398.31,WH-WEST,In-Store
T510106,2026-03-14,P1030,7,132.77,929.39,WH-WEST,Online
T510107,2026-03-15,P1030,4,132.77,531.08,WH-WEST,Online
T510108,2026-03-16,P1030,7,132.77,929.39,WH-WEST,In-Store
T510109,2026-03-17,P1030,2,132.77,265.54,WH-WEST,Online
T510110,2026-03-18,P1030,3,132.77,398.31,WH-WEST,Online
T510111,2026-03-19,P1030,3,132.77,398.31,WH-WEST,Online
T510112,2026-03-20,P1030,9,132.77,1194.93,WH-WEST,Online
T510113,2026-03-21,P1030,7,132.77,929.39,WH-WEST,In-Store
T510114,2026-03-22,P1030,5,132.77,663.85,WH-WEST,Online
T510115,2026-03-23,P1030,5,132.77,663.85,WH-WEST,Online
T510116,2026-03-24,P1030,4,132.77,531.08,WH-WEST,In-Store
T510117,2026-03-25,P1030,7,132.77,929.39,WH-WEST,In-Store
T510118,2026-03-26,P1030,3,132.77,398.31,WH-WEST,Online
T510119,2026-03-27,P1030,1,132.77,132.77,WH-WEST,In-Store
T510120,2026-03-28,P1030,4,132.77,531.08,WH-WEST,Online
T510121,2026-03-29,P1030,12,132.77,1593.24,WH-WEST,In-Store
T510122,2026-03-30,P1030,6,132.77,796.62,WH-WEST,Online
T510123,2026-03-31,P1030,8,132.77,1062.16,WH-WEST,In-Store
T510124,2026-04-01,P1030,3,132.77,398.31,WH-WEST,Online
T510125,2026-04-02,P1030,5,132.77,663.85,WH-WEST,In-Store
T510126,2026-04-03,P1030,6,132.77,796.62,WH-WEST,Online
T510127,2026-04-04,P1030,11,132.77,1460.47,WH-WEST,Online
T510128,2026-04-05,P1030,6,132.77,796.62,WH-WEST,Online
T510129,2026-04-06,P1030,5,132.77,663.85,WH-WEST,Online
T510130,2026-04-07,P1030,4,132.77,531.08,WH-WEST,In-Store
T510131,2026-04-08,P1030,8,132.77,1062.16,WH-WEST,Online
T510132,2026-04-09,P1030,5,132.77,663.85,WH-WEST,In-Store
T510133,2026-04-10,P1030,1,132.77,132.77,WH-WEST,Online
T510134,2026-04-11,P1030,4,132.77,531.08,WH-WEST,Online
T510135,2026-04-12,P1030,5,132.77,663.85,WH-WEST,Online
T510136,2026-04-13,P1030,7,132.77,929.39,WH-WEST,Online
T510137,2026-04-14,P1030,7,132.77,929.39,WH-WEST,In-Store
T510138,2026-04-15,P1030,6,132.77,796.62,WH-WEST,Online
T510139,2026-04-16,P1030,2,132.77,265.54,WH-WEST,Online
T510140,2026-04-17,P1030,3,132.77,398.31,WH-WEST,In-Store
T510141,2026-04-18,P1030,5,132.77,663.85,WH-WEST,Online
T510142,2026-04-19,P1030,3,132.77,398.31,WH-WEST,In-Store
T510143,2026-04-20,P1030,1,132.77,132.77,WH-WEST,Online
T510144,2026-04-21,P1030,3,132.77,398.31,WH-WEST,In-Store
T510145,2026-04-22,P1030,2,132.77,265.54,WH-WEST,In-Store
T510146,2026-04-23,P1030,1,132.77,132.77,WH-WEST,Online
T510147,2026-04-24,P1030,3,132.77,398.31,WH-WEST,Online
T510148,2026-04-25,P1030,16,132.77,2124.32,WH-WEST,In-Store
T510149,2026-04-26,P1030,4,132.77,531.08,WH-WEST,In-Store
T510150,2026-04-27,P1030,5,132.77,663.85,WH-WEST,In-Store
T510151,2026-04-28,P1030,3,132.77,398.31,WH-WEST,In-Store
T510152,2026-04-29,P1030,4,132.77,531.08,WH-WEST,Online
T510153,2026-04-30,P1030,3,132.77,398.31,WH-WEST,In-Store
T510154,2026-05-01,P1030,6,132.77,796.62,WH-WEST,Online
T510155,2026-05-02,P1030,7,132.77,929.39,WH-WEST,Online
T510156,2026-05-03,P1030,8,132.77,1062.16,WH-WEST,Online
T510157,2026-05-04,P1030,5,132.77,663.85,WH-WEST,In-Store
T510158,2026-05-05,P1030,2,132.77,265.54,WH-WEST,In-Store
T510159,2026-05-06,P1030,4,132.77,531.08,WH-WEST,Online
T510160,2026-05-07,P1030,6,132.77,796.62,WH-WEST,Online
T510161,2026-05-09,P1030,6,132.77,796.62,WH-WEST,In-Store
T510162,2026-05-10,P1030,3,132.77,398.31,WH-WEST,Online
T510163,2026-05-11,P1030,1,132.77,132.77,WH-WEST,In-Store
T510164,2026-05-12,P1030,7,132.77,929.39,WH-WEST,In-Store
T510165,2026-05-13,P1030,3,132.77,398.31,WH-WEST,Online
T510166,2026-05-14,P1030,1,132.77,132.77,WH-WEST,In-Store
T510167,2026-05-15,P1030,5,132.77,663.85,WH-WEST,Online
T510168,2026-05-16,P1030,8,132.77,1062.16,WH-WEST,Online
T510169,2026-05-17,P1030,4,132.77,531.08,WH-WEST,Online
T510170,2026-05-18,P1030,5,132.77,663.85,WH-WEST,Online
T510171,2026-05-19,P1030,7,132.77,929.39,WH-WEST,Online
T510172,2026-05-20,P1030,3,132.77,398.31,WH-WEST,Online
T510173,2026-05-21,P1030,7,132.77,929.39,WH-WEST,Online
T510174,2026-05-22,P1030,4,132.77,531.08,WH-WEST,Online
T510175,2026-05-23,P1030,5,132.77,663.85,WH-WEST,In-Store
T510176,2026-05-24,P1030,7,132.77,929.39,WH-WEST,Online
T510177,2026-05-25,P1030,4,132.77,531.08,WH-WEST,Online
T510178,2026-05-26,P1030,3,132.77,398.31,WH-WEST,In-Store
T510179,2026-05-27,P1030,5,132.77,663.85,WH-WEST,In-Store
T510180,2026-05-28,P1030,1,132.77,132.77,WH-WEST,Online
T510181,2026-05-29,P1030,2,132.77,265.54,WH-WEST,Online
T510182,2026-05-30,P1030,6,132.77,796.62,WH-WEST,Online
T510183,2026-05-31,P1030,4,132.77,531.08,WH-WEST,Online
T510184,2026-06-01,P1030,4,132.77,531.08,WH-WEST,In-Store
T510185,2026-06-02,P1030,6,132.77,796.62,WH-WEST,Online
T510186,2026-06-03,P1030,9,132.77,1194.93,WH-WEST,Online
T510187,2026-06-04,P1030,3,132.77,398.31,WH-WEST,In-Store
T510188,2026-06-05,P1030,1,132.77,132.77,WH-WEST,Online
T510189,2026-06-06,P1030,5,132.77,663.85,WH-WEST,Online
T510190,2026-06-07,P1030,7,132.77,929.39,WH-WEST,Online
T510191,2026-06-08,P1030,6,132.77,796.62,WH-WEST,Online
T510192,2026-06-10,P1030,4,132.77,531.08,WH-WEST,Online
T510193,2026-06-11,P1030,6,132.77,796.62,WH-WEST,Online
T510194,2026-06-12,P1030,4,132.77,531.08,WH-WEST,In-Store
T510195,2026-06-13,P1030,8,132.77,1062.16,WH-WEST,Online
T510196,2026-06-14,P1030,4,132.77,531.08,WH-WEST,Online
T510197,2026-06-15,P1030,7,132.77,929.39,WH-WEST,Online
T510198,2026-06-16,P1030,2,132.77,265.54,WH-WEST,Online
T510199,2026-06-17,P1030,6,132.77,796.62,WH-WEST,In-Store
T510200,2026-06-18,P1030,3,132.77,398.31,WH-WEST,In-Store
T510201,2026-06-19,P1030,6,132.77,796.62,WH-WEST,Online
T510202,2026-06-20,P1030,9,132.77,1194.93,WH-WEST,Online
T510203,2026-06-21,P1030,7,132.77,929.39,WH-WEST,Online
T510204,2026-06-22,P1030,5,132.77,663.85,WH-WEST,Online
T510205,2026-06-23,P1030,4,132.77,531.08,WH-WEST,In-Store
T510206,2026-06-24,P1030,5,132.77,663.85,WH-WEST,Online
T510207,2026-06-25,P1030,4,132.77,531.08,WH-WEST,Online
T510208,2026-06-26,P1030,5,132.77,663.85,WH-WEST,Online
T510209,2026-06-27,P1030,6,132.77,796.62,WH-WEST,Online
T510210,2026-06-28,P1030,5,132.77,663.85,WH-WEST,Online
T510211,2026-06-29,P1030,5,132.77,663.85,WH-WEST,Online
T510212,2026-06-30,P1030,7,132.77,929.39,WH-WEST,Online
T510213,2026-07-01,P1030,4,132.77,531.08,WH-WEST,In-Store
T510214,2026-07-02,P1030,4,132.77,531.08,WH-WEST,In-Store
T510215,2026-07-03,P1030,7,132.77,929.39,WH-WEST,Online
T510216,2026-07-04,P1030,5,132.77,663.85,WH-WEST,Online
T510217,2026-07-05,P1030,11,132.77,1460.47,WH-WEST,Online
T510218,2026-07-06,P1030,6,132.77,796.62,WH-WEST,In-Store
T510219,2026-07-07,P1030,3,132.77,398.31,WH-WEST,Online
T510220,2026-07-08,P1030,5,132.77,663.85,WH-WEST,In-Store
T510221,2026-07-09,P1030,3,132.77,398.31,WH-WEST,Online
T510222,2026-07-10,P1030,9,132.77,1194.93,WH-WEST,Online
T510223,2026-07-11,P1030,2,132.77,265.54,WH-WEST,Online
T510224,2026-07-12,P1030,9,132.77,1194.93,WH-WEST,Online
T510225,2026-07-13,P1030,6,132.77,796.62,WH-WEST,Online
T510226,2026-07-14,P1030,5,132.77,663.85,WH-WEST,In-Store
T510227,2026-07-15,P1030,9,132.77,1194.93,WH-WEST,Online
T510228,2026-07-16,P1030,6,132.77,796.62,WH-WEST,Online
T510229,2026-07-17,P1030,7,132.77,929.39,WH-WEST,Online
T510230,2026-07-18,P1030,4,132.77,531.08,WH-WEST,Online
T510231,2026-07-19,P1030,4,132.77,531.08,WH-WEST,In-Store
T510232,2026-07-20,P1030,6,132.77,796.62,WH-WEST,Online
T510233,2026-07-21,P1030,5,132.77,663.85,WH-WEST,Online
T510234,2026-07-22,P1030,3,132.77,398.31,WH-WEST,Online
T510235,2026-07-23,P1030,6,132.77,796.62,WH-WEST,In-Store
T510236,2026-07-24,P1030,6,132.77,796.62,WH-WEST,In-Store
T510237,2026-07-25,P1030,4,132.77,531.08,WH-WEST,Online
T510238,2026-07-26,P1030,15,132.77,1991.55,WH-WEST,In-Store
T510239,2026-07-27,P1030,2,132.77,265.54,WH-WEST,In-Store
T510240,2026-07-28,P1030,7,132.77,929.39,WH-WEST,In-Store
T510241,2026-07-29,P1030,4,132.77,531.08,WH-WEST,Online
T510242,2026-07-30,P1030,4,132.77,531.08,WH-WEST,Online
T510243,2026-07-31,P1030,3,132.77,398.31,WH-WEST,Online
T510244,2026-08-01,P1030,5,132.77,663.85,WH-WEST,Online
T510245,2026-08-02,P1030,5,132.77,663.85,WH-WEST,Online
T510246,2026-08-03,P1030,8,132.77,1062.16,WH-WEST,In-Store
T510247,2026-08-04,P1030,6,132.77,796.62,WH-WEST,In-Store
T510248,2026-08-05,P1030,2,132.77,265.54,WH-WEST,In-Store
T510249,2026-08-06,P1030,7,132.77,929.39,WH-WEST,Online
T510250,2026-08-07,P1030,3,132.77,398.31,WH-WEST,In-Store
T510251,2026-08-08,P1030,9,132.77,1194.93,WH-WEST,Online
T510252,2026-08-09,P1030,12,132.77,1593.24,WH-WEST,In-Store
T510253,2026-08-10,P1030,4,132.77,531.08,WH-WEST,Online
T510254,2026-08-11,P1030,5,132.77,663.85,WH-WEST,Online
T510255,2026-08-12,P1030,2,132.77,265.54,WH-WEST,In-Store
T510256,2026-08-13,P1030,3,132.77,398.31,WH-WEST,In-Store
T510257,2025-08-15,P1031,3,18.41,55.23,WH-EAST,Online
T510258,2025-08-16,P1031,4,18.41,73.64,WH-EAST,Online
T510259,2025-08-17,P1031,10,18.41,184.1,WH-EAST,Online
T510260,2025-08-18,P1031,2,18.41,36.82,WH-EAST,In-Store
T510261,2025-08-19,P1031,1,18.41,18.41,WH-EAST,In-Store
T510262,2025-08-20,P1031,4,18.41,73.64,WH-EAST,In-Store
T510263,2025-08-21,P1031,4,18.41,73.64,WH-EAST,Online
T510264,2025-08-22,P1031,8,18.41,147.28,WH-EAST,Online
T510265,2025-08-23,P1031,2,18.41,36.82,WH-EAST,Online
T510266,2025-08-24,P1031,5,18.41,92.05,WH-EAST,Online
T510267,2025-08-25,P1031,6,18.41,110.46,WH-EAST,Online
T510268,2025-08-26,P1031,3,18.41,55.23,WH-EAST,Online
T510269,2025-08-27,P1031,7,18.41,128.87,WH-EAST,In-Store
T510270,2025-08-28,P1031,7,18.41,128.87,WH-EAST,Online
T510271,2025-08-29,P1031,7,18.41,128.87,WH-EAST,Online
T510272,2025-08-30,P1031,5,18.41,92.05,WH-EAST,Online
T510273,2025-08-31,P1031,4,18.41,73.64,WH-EAST,In-Store
T510274,2025-09-01,P1031,8,18.41,147.28,WH-EAST,Online
T510275,2025-09-02,P1031,4,18.41,73.64,WH-EAST,Online
T510276,2025-09-03,P1031,2,18.41,36.82,WH-EAST,Online
T510277,2025-09-04,P1031,2,18.41,36.82,WH-EAST,Online
T510278,2025-09-05,P1031,2,18.41,36.82,WH-EAST,Online
T510279,2025-09-06,P1031,7,18.41,128.87,WH-EAST,Online
T510280,2025-09-07,P1031,5,18.41,92.05,WH-EAST,In-Store
T510281,2025-09-08,P1031,2,18.41,36.82,WH-EAST,In-Store
T510282,2025-09-09,P1031,3,18.41,55.23,WH-EAST,In-Store
T510283,2025-09-10,P1031,3,18.41,55.23,WH-EAST,Online
T510284,2025-09-11,P1031,4,18.41,73.64,WH-EAST,Online
T510285,2025-09-12,P1031,1,18.41,18.41,WH-EAST,Online
T510286,2025-09-13,P1031,9,18.41,165.69,WH-EAST,In-Store
T510287,2025-09-14,P1031,8,18.41,147.28,WH-EAST,In-Store
T510288,2025-09-15,P1031,3,18.41,55.23,WH-EAST,Online
T510289,2025-09-16,P1031,3,18.41,55.23,WH-EAST,In-Store
T510290,2025-09-17,P1031,7,18.41,128.87,WH-EAST,Online
T510291,2025-09-18,P1031,4,18.41,73.64,WH-EAST,In-Store
T510292,2025-09-19,P1031,2,18.41,36.82,WH-EAST,In-Store
T510293,2025-09-20,P1031,1,18.41,18.41,WH-EAST,In-Store
T510294,2025-09-21,P1031,6,18.41,110.46,WH-EAST,Online
T510295,2025-09-22,P1031,8,18.41,147.28,WH-EAST,Online
T510296,2025-09-23,P1031,6,18.41,110.46,WH-EAST,Online
T510297,2025-09-24,P1031,6,18.41,110.46,WH-EAST,In-Store
T510298,2025-09-25,P1031,8,18.41,147.28,WH-EAST,In-Store
T510299,2025-09-26,P1031,3,18.41,55.23,WH-EAST,Online
T510300,2025-09-27,P1031,9,18.41,165.69,WH-EAST,In-Store
T510301,2025-09-28,P1031,5,18.41,92.05,WH-EAST,Online
T510302,2025-09-30,P1031,1,18.41,18.41,WH-EAST,In-Store
T510303,2025-10-01,P1031,7,18.41,128.87,WH-EAST,Online
T510304,2025-10-02,P1031,1,18.41,18.41,WH-EAST,Online
T510305,2025-10-03,P1031,3,18.41,55.23,WH-EAST,Online
T510306,2025-10-04,P1031,4,18.41,73.64,WH-EAST,Online
T510307,2025-10-05,P1031,4,18.41,73.64,WH-EAST,In-Store
T510308,2025-10-06,P1031,3,18.41,55.23,WH-EAST,Online
T510309,2025-10-07,P1031,4,18.41,73.64,WH-EAST,In-Store
T510310,2025-10-08,P1031,5,18.41,92.05,WH-EAST,Online
T510311,2025-10-09,P1031,1,18.41,18.41,WH-EAST,Online
T510312,2025-10-10,P1031,2,18.41,36.82,WH-EAST,Online
T510313,2025-10-11,P1031,6,18.41,110.46,WH-EAST,Online
T510314,2025-10-12,P1031,3,18.41,55.23,WH-EAST,Online
T510315,2025-10-13,P1031,6,18.41,110.46,WH-EAST,Online
T510316,2025-10-14,P1031,6,18.41,110.46,WH-EAST,In-Store
T510317,2025-10-15,P1031,2,18.41,36.82,WH-EAST,Online
T510318,2025-10-16,P1031,5,18.41,92.05,WH-EAST,Online
T510319,2025-10-17,P1031,6,18.41,110.46,WH-EAST,In-Store
T510320,2025-10-18,P1031,7,18.41,128.87,WH-EAST,Online
T510321,2025-10-19,P1031,9,18.41,165.69,WH-EAST,Online
T510322,2025-10-20,P1031,4,18.41,73.64,WH-EAST,In-Store
T510323,2025-10-21,P1031,3,18.41,55.23,WH-EAST,In-Store
T510324,2025-10-22,P1031,5,18.41,92.05,WH-EAST,Online
T510325,2025-10-23,P1031,10,18.41,184.1,WH-EAST,In-Store
T510326,2025-10-24,P1031,8,18.41,147.28,WH-EAST,In-Store
T510327,2025-10-25,P1031,8,18.41,147.28,WH-EAST,In-Store
T510328,2025-10-26,P1031,1,18.41,18.41,WH-EAST,In-Store
T510329,2025-10-27,P1031,3,18.41,55.23,WH-EAST,Online
T510330,2025-10-28,P1031,2,18.41,36.82,WH-EAST,Online
T510331,2025-10-29,P1031,6,18.41,110.46,WH-EAST,Online
T510332,2025-10-30,P1031,8,18.41,147.28,WH-EAST,In-Store
T510333,2025-10-31,P1031,2,18.41,36.82,WH-EAST,Online
T510334,2025-11-01,P1031,5,18.41,92.05,WH-EAST,Online
T510335,2025-11-02,P1031,4,18.41,73.64,WH-EAST,Online
T510336,2025-11-03,P1031,2,18.41,36.82,WH-EAST,In-Store
T510337,2025-11-04,P1031,2,18.41,36.82,WH-EAST,In-Store
T510338,2025-11-05,P1031,7,18.41,128.87,WH-EAST,Online
T510339,2025-11-06,P1031,3,18.41,55.23,WH-EAST,Online
T510340,2025-11-07,P1031,5,18.41,92.05,WH-EAST,Online
T510341,2025-11-08,P1031,4,18.41,73.64,WH-EAST,Online
T510342,2025-11-09,P1031,3,18.41,55.23,WH-EAST,Online
T510343,2025-11-10,P1031,7,18.41,128.87,WH-EAST,Online
T510344,2025-11-11,P1031,5,18.41,92.05,WH-EAST,Online
T510345,2025-11-12,P1031,5,18.41,92.05,WH-EAST,Online
T510346,2025-11-13,P1031,5,18.41,92.05,WH-EAST,Online
T510347,2025-11-14,P1031,5,18.41,92.05,WH-EAST,Online
T510348,2025-11-15,P1031,5,18.41,92.05,WH-EAST,Online
T510349,2025-11-16,P1031,1,18.41,18.41,WH-EAST,Online
T510350,2025-11-17,P1031,8,18.41,147.28,WH-EAST,Online
T510351,2025-11-18,P1031,2,18.41,36.82,WH-EAST,Online
T510352,2025-11-19,P1031,6,18.41,110.46,WH-EAST,Online
T510353,2025-11-20,P1031,8,18.41,147.28,WH-EAST,In-Store
T510354,2025-11-21,P1031,6,18.41,110.46,WH-EAST,Online
T510355,2025-11-22,P1031,8,18.41,147.28,WH-EAST,Online
T510356,2025-11-23,P1031,5,18.41,92.05,WH-EAST,In-Store
T510357,2025-11-24,P1031,6,18.41,110.46,WH-EAST,Online
T510358,2025-11-25,P1031,5,18.41,92.05,WH-EAST,Online
T510359,2025-11-26,P1031,4,18.41,73.64,WH-EAST,In-Store
T510360,2025-11-27,P1031,7,18.41,128.87,WH-EAST,Online
T510361,2025-11-28,P1031,4,18.41,73.64,WH-EAST,In-Store
T510362,2025-11-29,P1031,3,18.41,55.23,WH-EAST,Online
T510363,2025-11-30,P1031,9,18.41,165.69,WH-EAST,Online
T510364,2025-12-01,P1031,6,18.41,110.46,WH-EAST,In-Store
T510365,2025-12-02,P1031,3,18.41,55.23,WH-EAST,In-Store
T510366,2025-12-03,P1031,6,18.41,110.46,WH-EAST,Online
T510367,2025-12-04,P1031,2,18.41,36.82,WH-EAST,In-Store
T510368,2025-12-05,P1031,4,18.41,73.64,WH-EAST,In-Store
T510369,2025-12-06,P1031,12,18.41,220.92,WH-EAST,Online
T510370,2025-12-07,P1031,6,18.41,110.46,WH-EAST,In-Store
T510371,2025-12-08,P1031,6,18.41,110.46,WH-EAST,Online
T510372,2025-12-09,P1031,6,18.41,110.46,WH-EAST,In-Store
T510373,2025-12-10,P1031,5,18.41,92.05,WH-EAST,Online
T510374,2025-12-11,P1031,3,18.41,55.23,WH-EAST,Online
T510375,2025-12-12,P1031,4,18.41,73.64,WH-EAST,Online
T510376,2025-12-13,P1031,6,18.41,110.46,WH-EAST,In-Store
T510377,2025-12-14,P1031,8,18.41,147.28,WH-EAST,Online
T510378,2025-12-15,P1031,3,18.41,55.23,WH-EAST,Online
T510379,2025-12-16,P1031,3,18.41,55.23,WH-EAST,Online
T510380,2025-12-17,P1031,3,18.41,55.23,WH-EAST,Online
T510381,2025-12-18,P1031,4,18.41,73.64,WH-EAST,Online
T510382,2025-12-19,P1031,3,18.41,55.23,WH-EAST,Online
T510383,2025-12-20,P1031,8,18.41,147.28,WH-EAST,Online
T510384,2025-12-21,P1031,11,18.41,202.51,WH-EAST,In-Store
T510385,2025-12-22,P1031,5,18.41,92.05,WH-EAST,In-Store
T510386,2025-12-23,P1031,12,18.41,220.92,WH-EAST,In-Store
T510387,2025-12-24,P1031,2,18.41,36.82,WH-EAST,Online
T510388,2025-12-25,P1031,5,18.41,92.05,WH-EAST,Online
T510389,2025-12-26,P1031,3,18.41,55.23,WH-EAST,Online
T510390,2025-12-27,P1031,7,18.41,128.87,WH-EAST,In-Store
T510391,2025-12-28,P1031,3,18.41,55.23,WH-EAST,Online
T510392,2025-12-29,P1031,6,18.41,110.46,WH-EAST,In-Store
T510393,2025-12-30,P1031,8,18.41,147.28,WH-EAST,In-Store
T510394,2025-12-31,P1031,3,18.41,55.23,WH-EAST,Online
T510395,2026-01-01,P1031,3,18.41,55.23,WH-EAST,Online
T510396,2026-01-02,P1031,3,18.41,55.23,WH-EAST,In-Store
T510397,2026-01-03,P1031,5,18.41,92.05,WH-EAST,Online
T510398,2026-01-04,P1031,10,18.41,184.1,WH-EAST,Online
T510399,2026-01-05,P1031,1,18.41,18.41,WH-EAST,Online
T510400,2026-01-06,P1031,7,18.41,128.87,WH-EAST,Online
T510401,2026-01-07,P1031,4,18.41,73.64,WH-EAST,In-Store
T510402,2026-01-08,P1031,3,18.41,55.23,WH-EAST,Online
T510403,2026-01-09,P1031,5,18.41,92.05,WH-EAST,Online
T510404,2026-01-10,P1031,3,18.41,55.23,WH-EAST,Online
T510405,2026-01-11,P1031,2,18.41,36.82,WH-EAST,In-Store
T510406,2026-01-12,P1031,1,18.41,18.41,WH-EAST,Online
T510407,2026-01-13,P1031,3,18.41,55.23,WH-EAST,In-Store
T510408,2026-01-14,P1031,9,18.41,165.69,WH-EAST,Online
T510409,2026-01-15,P1031,5,18.41,92.05,WH-EAST,Online
T510410,2026-01-16,P1031,5,18.41,92.05,WH-EAST,Online
T510411,2026-01-17,P1031,4,18.41,73.64,WH-EAST,Online
T510412,2026-01-18,P1031,5,18.41,92.05,WH-EAST,Online
T510413,2026-01-19,P1031,5,18.41,92.05,WH-EAST,Online
T510414,2026-01-20,P1031,8,18.41,147.28,WH-EAST,In-Store
T510415,2026-01-21,P1031,6,18.41,110.46,WH-EAST,In-Store
T510416,2026-01-22,P1031,3,18.41,55.23,WH-EAST,Online
T510417,2026-01-23,P1031,2,18.41,36.82,WH-EAST,Online
T510418,2026-01-24,P1031,6,18.41,110.46,WH-EAST,In-Store
T510419,2026-01-25,P1031,6,18.41,110.46,WH-EAST,Online
T510420,2026-01-26,P1031,4,18.41,73.64,WH-EAST,Online
T510421,2026-01-27,P1031,8,18.41,147.28,WH-EAST,In-Store
T510422,2026-01-28,P1031,7,18.41,128.87,WH-EAST,In-Store
T510423,2026-01-29,P1031,2,18.41,36.82,WH-EAST,In-Store
T510424,2026-01-30,P1031,3,18.41,55.23,WH-EAST,Online
T510425,2026-01-31,P1031,1,18.41,18.41,WH-EAST,In-Store
T510426,2026-02-01,P1031,3,18.41,55.23,WH-EAST,In-Store
T510427,2026-02-02,P1031,5,18.41,92.05,WH-EAST,In-Store
T510428,2026-02-03,P1031,5,18.41,92.05,WH-EAST,Online
T510429,2026-02-04,P1031,4,18.41,73.64,WH-EAST,In-Store
T510430,2026-02-05,P1031,9,18.41,165.69,WH-EAST,In-Store
T510431,2026-02-06,P1031,7,18.41,128.87,WH-EAST,Online
T510432,2026-02-07,P1031,2,18.41,36.82,WH-EAST,In-Store
T510433,2026-02-08,P1031,4,18.41,73.64,WH-EAST,Online
T510434,2026-02-09,P1031,2,18.41,36.82,WH-EAST,Online
T510435,2026-02-10,P1031,4,18.41,73.64,WH-EAST,Online
T510436,2026-02-11,P1031,3,18.41,55.23,WH-EAST,In-Store
T510437,2026-02-12,P1031,2,18.41,36.82,WH-EAST,Online
T510438,2026-02-13,P1031,5,18.41,92.05,WH-EAST,Online
T510439,2026-02-14,P1031,5,18.41,92.05,WH-EAST,Online
T510440,2026-02-15,P1031,6,18.41,110.46,WH-EAST,In-Store
T510441,2026-02-16,P1031,4,18.41,73.64,WH-EAST,Online
T510442,2026-02-17,P1031,4,18.41,73.64,WH-EAST,Online
T510443,2026-02-18,P1031,2,18.41,36.82,WH-EAST,Online
T510444,2026-02-19,P1031,1,18.41,18.41,WH-EAST,In-Store
T510445,2026-02-20,P1031,3,18.41,55.23,WH-EAST,Online
T510446,2026-02-21,P1031,6,18.41,110.46,WH-EAST,Online
T510447,2026-02-22,P1031,6,18.41,110.46,WH-EAST,Online
T510448,2026-02-23,P1031,2,18.41,36.82,WH-EAST,Online
T510449,2026-02-24,P1031,2,18.41,36.82,WH-EAST,In-Store
T510450,2026-02-25,P1031,1,18.41,18.41,WH-EAST,Online
T510451,2026-02-26,P1031,1,18.41,18.41,WH-EAST,Online
T510452,2026-02-27,P1031,2,18.41,36.82,WH-EAST,Online
T510453,2026-02-28,P1031,9,18.41,165.69,WH-EAST,Online
T510454,2026-03-01,P1031,2,18.41,36.82,WH-EAST,In-Store
T510455,2026-03-02,P1031,4,18.41,73.64,WH-EAST,Online
T510456,2026-03-03,P1031,2,18.41,36.82,WH-EAST,In-Store
T510457,2026-03-04,P1031,5,18.41,92.05,WH-EAST,In-Store
T510458,2026-03-05,P1031,4,18.41,73.64,WH-EAST,Online
T510459,2026-03-06,P1031,1,18.41,18.41,WH-EAST,Online
T510460,2026-03-07,P1031,3,18.41,55.23,WH-EAST,Online
T510461,2026-03-08,P1031,3,18.41,55.23,WH-EAST,Online
T510462,2026-03-09,P1031,3,18.41,55.23,WH-EAST,In-Store
T510463,2026-03-10,P1031,6,18.41,110.46,WH-EAST,Online
T510464,2026-03-11,P1031,4,18.41,73.64,WH-EAST,In-Store
T510465,2026-03-12,P1031,2,18.41,36.82,WH-EAST,Online
T510466,2026-03-14,P1031,1,18.41,18.41,WH-EAST,Online
T510467,2026-03-15,P1031,5,18.41,92.05,WH-EAST,In-Store
T510468,2026-03-16,P1031,2,18.41,36.82,WH-EAST,In-Store
T510469,2026-03-17,P1031,3,18.41,55.23,WH-EAST,Online
T510470,2026-03-18,P1031,2,18.41,36.82,WH-EAST,Online
T510471,2026-03-19,P1031,2,18.41,36.82,WH-EAST,Online
T510472,2026-03-21,P1031,3,18.41,55.23,WH-EAST,In-Store
T510473,2026-03-22,P1031,3,18.41,55.23,WH-EAST,In-Store
T510474,2026-03-23,P1031,5,18.41,92.05,WH-EAST,Online
T510475,2026-03-24,P1031,5,18.41,92.05,WH-EAST,Online
T510476,2026-03-25,P1031,4,18.41,73.64,WH-EAST,Online
T510477,2026-03-26,P1031,3,18.41,55.23,WH-EAST,Online
T510478,2026-03-27,P1031,2,18.41,36.82,WH-EAST,Online
T510479,2026-03-28,P1031,3,18.41,55.23,WH-EAST,In-Store
T510480,2026-03-29,P1031,3,18.41,55.23,WH-EAST,Online
T510481,2026-03-30,P1031,2,18.41,36.82,WH-EAST,Online
T510482,2026-03-31,P1031,1,18.41,18.41,WH-EAST,In-Store
T510483,2026-04-01,P1031,1,18.41,18.41,WH-EAST,Online
T510484,2026-04-02,P1031,1,18.41,18.41,WH-EAST,Online
T510485,2026-04-03,P1031,1,18.41,18.41,WH-EAST,In-Store
T510486,2026-04-04,P1031,2,18.41,36.82,WH-EAST,Online
T510487,2026-04-06,P1031,1,18.41,18.41,WH-EAST,Online
T510488,2026-04-07,P1031,2,18.41,36.82,WH-EAST,Online
T510489,2026-04-08,P1031,3,18.41,55.23,WH-EAST,Online
T510490,2026-04-10,P1031,4,18.41,73.64,WH-EAST,Online
T510491,2026-04-11,P1031,3,18.41,55.23,WH-EAST,Online
T510492,2026-04-12,P1031,4,18.41,73.64,WH-EAST,In-Store
T510493,2026-04-13,P1031,4,18.41,73.64,WH-EAST,Online
T510494,2026-04-14,P1031,1,18.41,18.41,WH-EAST,Online
T510495,2026-04-16,P1031,4,18.41,73.64,WH-EAST,Online
T510496,2026-04-17,P1031,5,18.41,92.05,WH-EAST,Online
T510497,2026-04-18,P1031,3,18.41,55.23,WH-EAST,In-Store
T510498,2026-04-19,P1031,2,18.41,36.82,WH-EAST,Online
T510499,2026-04-20,P1031,2,18.41,36.82,WH-EAST,In-Store
T510500,2026-04-21,P1031,3,18.41,55.23,WH-EAST,Online
T510501,2026-04-22,P1031,3,18.41,55.23,WH-EAST,In-Store
T510502,2026-04-23,P1031,1,18.41,18.41,WH-EAST,In-Store
T510503,2026-04-24,P1031,5,18.41,92.05,WH-EAST,In-Store
T510504,2026-04-25,P1031,1,18.41,18.41,WH-EAST,In-Store
T510505,2026-04-26,P1031,3,18.41,55.23,WH-EAST,Online
T510506,2026-04-27,P1031,2,18.41,36.82,WH-EAST,Online
T510507,2026-04-28,P1031,1,18.41,18.41,WH-EAST,Online
T510508,2026-04-29,P1031,2,18.41,36.82,WH-EAST,Online
T510509,2026-04-30,P1031,2,18.41,36.82,WH-EAST,Online
T510510,2026-05-01,P1031,2,18.41,36.82,WH-EAST,Online
T510511,2026-05-02,P1031,3,18.41,55.23,WH-EAST,In-Store
T510512,2026-05-03,P1031,2,18.41,36.82,WH-EAST,Online
T510513,2026-05-04,P1031,1,18.41,18.41,WH-EAST,Online
T510514,2026-05-05,P1031,1,18.41,18.41,WH-EAST,In-Store
T510515,2026-05-06,P1031,3,18.41,55.23,WH-EAST,Online
T510516,2026-05-07,P1031,1,18.41,18.41,WH-EAST,In-Store
T510517,2026-05-08,P1031,2,18.41,36.82,WH-EAST,Online
T510518,2026-05-09,P1031,3,18.41,55.23,WH-EAST,Online
T510519,2026-05-10,P1031,2,18.41,36.82,WH-EAST,Online
T510520,2026-05-11,P1031,3,18.41,55.23,WH-EAST,In-Store
T510521,2026-05-12,P1031,2,18.41,36.82,WH-EAST,Online
T510522,2026-05-13,P1031,1,18.41,18.41,WH-EAST,In-Store
T510523,2026-05-14,P1031,2,18.41,36.82,WH-EAST,Online
T510524,2026-05-16,P1031,3,18.41,55.23,WH-EAST,In-Store
T510525,2026-05-17,P1031,3,18.41,55.23,WH-EAST,Online
T510526,2026-05-18,P1031,3,18.41,55.23,WH-EAST,In-Store
T510527,2026-05-19,P1031,5,18.41,92.05,WH-EAST,Online
T510528,2026-05-20,P1031,2,18.41,36.82,WH-EAST,Online
T510529,2026-05-22,P1031,3,18.41,55.23,WH-EAST,In-Store
T510530,2026-05-23,P1031,4,18.41,73.64,WH-EAST,Online
T510531,2026-05-24,P1031,2,18.41,36.82,WH-EAST,Online
T510532,2026-05-25,P1031,2,18.41,36.82,WH-EAST,Online
T510533,2026-05-26,P1031,4,18.41,73.64,WH-EAST,Online
T510534,2026-05-27,P1031,4,18.41,73.64,WH-EAST,In-Store
T510535,2026-05-28,P1031,2,18.41,36.82,WH-EAST,Online
T510536,2026-05-29,P1031,1,18.41,18.41,WH-EAST,Online
T510537,2026-05-30,P1031,3,18.41,55.23,WH-EAST,Online
T510538,2026-05-31,P1031,5,18.41,92.05,WH-EAST,In-Store
T510539,2026-06-01,P1031,3,18.41,55.23,WH-EAST,Online
T510540,2026-06-02,P1031,1,18.41,18.41,WH-EAST,Online
T510541,2026-06-03,P1031,1,18.41,18.41,WH-EAST,Online
T510542,2026-06-04,P1031,3,18.41,55.23,WH-EAST,Online
T510543,2026-06-05,P1031,2,18.41,36.82,WH-EAST,Online
T510544,2026-06-06,P1031,3,18.41,55.23,WH-EAST,Online
T510545,2026-06-07,P1031,5,18.41,92.05,WH-EAST,In-Store
T510546,2026-06-08,P1031,4,18.41,73.64,WH-EAST,Online
T510547,2026-06-09,P1031,3,18.41,55.23,WH-EAST,In-Store
T510548,2026-06-10,P1031,3,18.41,55.23,WH-EAST,Online
T510549,2026-06-11,P1031,8,18.41,147.28,WH-EAST,In-Store
T510550,2026-06-12,P1031,2,18.41,36.82,WH-EAST,Online
T510551,2026-06-13,P1031,2,18.41,36.82,WH-EAST,Online
T510552,2026-06-14,P1031,5,18.41,92.05,WH-EAST,Online
T510553,2026-06-15,P1031,4,18.41,73.64,WH-EAST,In-Store
T510554,2026-06-16,P1031,2,18.41,36.82,WH-EAST,Online
T510555,2026-06-17,P1031,1,18.41,18.41,WH-EAST,In-Store
T510556,2026-06-18,P1031,2,18.41,36.82,WH-EAST,Online
T510557,2026-06-19,P1031,3,18.41,55.23,WH-EAST,Online
T510558,2026-06-20,P1031,3,18.41,55.23,WH-EAST,Online
T510559,2026-06-21,P1031,2,18.41,36.82,WH-EAST,In-Store
T510560,2026-06-23,P1031,5,18.41,92.05,WH-EAST,Online
T510561,2026-06-25,P1031,2,18.41,36.82,WH-EAST,Online
T510562,2026-06-27,P1031,5,18.41,92.05,WH-EAST,In-Store
T510563,2026-06-28,P1031,2,18.41,36.82,WH-EAST,Online
T510564,2026-06-29,P1031,2,18.41,36.82,WH-EAST,Online
T510565,2026-06-30,P1031,7,18.41,128.87,WH-EAST,Online
T510566,2026-07-01,P1031,2,18.41,36.82,WH-EAST,Online
T510567,2026-07-02,P1031,1,18.41,18.41,WH-EAST,Online
T510568,2026-07-03,P1031,3,18.41,55.23,WH-EAST,Online
T510569,2026-07-04,P1031,1,18.41,18.41,WH-EAST,Online
T510570,2026-07-05,P1031,3,18.41,55.23,WH-EAST,Online
T510571,2026-07-06,P1031,4,18.41,73.64,WH-EAST,Online
T510572,2026-07-07,P1031,5,18.41,92.05,WH-EAST,In-Store
T510573,2026-07-08,P1031,4,18.41,73.64,WH-EAST,Online
T510574,2026-07-09,P1031,3,18.41,55.23,WH-EAST,In-Store
T510575,2026-07-10,P1031,2,18.41,36.82,WH-EAST,Online
T510576,2026-07-11,P1031,4,18.41,73.64,WH-EAST,Online
T510577,2026-07-12,P1031,2,18.41,36.82,WH-EAST,Online
T510578,2026-07-13,P1031,3,18.41,55.23,WH-EAST,In-Store
T510579,2026-07-15,P1031,3,18.41,55.23,WH-EAST,In-Store
T510580,2026-07-16,P1031,1,18.41,18.41,WH-EAST,Online
T510581,2026-07-17,P1031,1,18.41,18.41,WH-EAST,Online
T510582,2026-07-18,P1031,2,18.41,36.82,WH-EAST,Online
T510583,2026-07-19,P1031,6,18.41,110.46,WH-EAST,Online
T510584,2026-07-20,P1031,6,18.41,110.46,WH-EAST,In-Store
T510585,2026-07-21,P1031,5,18.41,92.05,WH-EAST,In-Store
T510586,2026-07-22,P1031,5,18.41,92.05,WH-EAST,Online
T510587,2026-07-23,P1031,1,18.41,18.41,WH-EAST,Online
T510588,2026-07-24,P1031,6,18.41,110.46,WH-EAST,In-Store
T510589,2026-07-25,P1031,9,18.41,165.69,WH-EAST,In-Store
T510590,2026-07-26,P1031,8,18.41,147.28,WH-EAST,Online
T510591,2026-07-27,P1031,3,18.41,55.23,WH-EAST,Online
T510592,2026-07-28,P1031,1,18.41,18.41,WH-EAST,Online
T510593,2026-07-29,P1031,2,18.41,36.82,WH-EAST,Online
T510594,2026-07-30,P1031,4,18.41,73.64,WH-EAST,Online
T510595,2026-08-01,P1031,5,18.41,92.05,WH-EAST,Online
T510596,2026-08-02,P1031,7,18.41,128.87,WH-EAST,Online
T510597,2026-08-03,P1031,2,18.41,36.82,WH-EAST,Online
T510598,2026-08-04,P1031,1,18.41,18.41,WH-EAST,In-Store
T510599,2026-08-05,P1031,6,18.41,110.46,WH-EAST,Online
T510600,2026-08-06,P1031,6,18.41,110.46,WH-EAST,Online
T510601,2026-08-07,P1031,4,18.41,73.64,WH-EAST,Online
T510602,2026-08-08,P1031,10,18.41,184.1,WH-EAST,In-Store
T510603,2026-08-09,P1031,4,18.41,73.64,WH-EAST,Online
T510604,2026-08-10,P1031,1,18.41,18.41,WH-EAST,Online
T510605,2026-08-11,P1031,5,18.41,92.05,WH-EAST,Online
T510606,2026-08-12,P1031,3,18.41,55.23,WH-EAST,Online
T510607,2026-08-13,P1031,4,18.41,73.64,WH-EAST,Online
T510608,2025-08-15,P1032,8,42.73,341.84,WH-WEST,Online
T510609,2025-08-16,P1032,16,42.73,683.68,WH-WEST,In-Store
T510610,2025-08-17,P1032,15,42.73,640.95,WH-WEST,Online
T510611,2025-08-18,P1032,6,42.73,256.38,WH-WEST,Online
T510612,2025-08-19,P1032,6,42.73,256.38,WH-WEST,Online
T510613,2025-08-20,P1032,7,42.73,299.11,WH-WEST,Online
T510614,2025-08-21,P1032,6,42.73,256.38,WH-WEST,In-Store
T510615,2025-08-22,P1032,12,42.73,512.76,WH-WEST,Online
T510616,2025-08-23,P1032,12,42.73,512.76,WH-WEST,Online
T510617,2025-08-24,P1032,8,42.73,341.84,WH-WEST,In-Store
T510618,2025-08-25,P1032,8,42.73,341.84,WH-WEST,Online
T510619,2025-08-26,P1032,10,42.73,427.3,WH-WEST,Online
T510620,2025-08-27,P1032,9,42.73,384.57,WH-WEST,Online
T510621,2025-08-28,P1032,3,42.73,128.19,WH-WEST,Online
T510622,2025-08-29,P1032,10,42.73,427.3,WH-WEST,Online
T510623,2025-08-30,P1032,14,42.73,598.22,WH-WEST,Online
T510624,2025-08-31,P1032,17,42.73,726.41,WH-WEST,Online
T510625,2025-09-01,P1032,8,42.73,341.84,WH-WEST,Online
T510626,2025-09-02,P1032,8,42.73,341.84,WH-WEST,In-Store
T510627,2025-09-03,P1032,7,42.73,299.11,WH-WEST,In-Store
T510628,2025-09-04,P1032,7,42.73,299.11,WH-WEST,In-Store
T510629,2025-09-05,P1032,12,42.73,512.76,WH-WEST,Online
T510630,2025-09-06,P1032,8,42.73,341.84,WH-WEST,In-Store
T510631,2025-09-07,P1032,11,42.73,470.03,WH-WEST,In-Store
T510632,2025-09-08,P1032,13,42.73,555.49,WH-WEST,In-Store
T510633,2025-09-09,P1032,10,42.73,427.3,WH-WEST,In-Store
T510634,2025-09-10,P1032,12,42.73,512.76,WH-WEST,In-Store
T510635,2025-09-11,P1032,6,42.73,256.38,WH-WEST,Online
T510636,2025-09-12,P1032,10,42.73,427.3,WH-WEST,Online
T510637,2025-09-13,P1032,20,42.73,854.6,WH-WEST,Online
T510638,2025-09-14,P1032,12,42.73,512.76,WH-WEST,Online
T510639,2025-09-15,P1032,11,42.73,470.03,WH-WEST,In-Store
T510640,2025-09-16,P1032,6,42.73,256.38,WH-WEST,Online
T510641,2025-09-17,P1032,5,42.73,213.65,WH-WEST,Online
T510642,2025-09-18,P1032,7,42.73,299.11,WH-WEST,In-Store
T510643,2025-09-19,P1032,6,42.73,256.38,WH-WEST,In-Store
T510644,2025-09-20,P1032,12,42.73,512.76,WH-WEST,Online
T510645,2025-09-21,P1032,15,42.73,640.95,WH-WEST,Online
T510646,2025-09-22,P1032,15,42.73,640.95,WH-WEST,In-Store
T510647,2025-09-23,P1032,8,42.73,341.84,WH-WEST,In-Store
T510648,2025-09-24,P1032,7,42.73,299.11,WH-WEST,Online
T510649,2025-09-25,P1032,6,42.73,256.38,WH-WEST,Online
T510650,2025-09-26,P1032,9,42.73,384.57,WH-WEST,Online
T510651,2025-09-27,P1032,16,42.73,683.68,WH-WEST,Online
T510652,2025-09-28,P1032,18,42.73,769.14,WH-WEST,In-Store
T510653,2025-09-29,P1032,5,42.73,213.65,WH-WEST,Online
T510654,2025-09-30,P1032,10,42.73,427.3,WH-WEST,In-Store
T510655,2025-10-01,P1032,15,42.73,640.95,WH-WEST,In-Store
T510656,2025-10-02,P1032,8,42.73,341.84,WH-WEST,In-Store
T510657,2025-10-03,P1032,14,42.73,598.22,WH-WEST,In-Store
T510658,2025-10-04,P1032,9,42.73,384.57,WH-WEST,In-Store
T510659,2025-10-05,P1032,21,42.73,897.33,WH-WEST,In-Store
T510660,2025-10-06,P1032,6,42.73,256.38,WH-WEST,In-Store
T510661,2025-10-07,P1032,16,42.73,683.68,WH-WEST,Online
T510662,2025-10-08,P1032,9,42.73,384.57,WH-WEST,In-Store
T510663,2025-10-09,P1032,14,42.73,598.22,WH-WEST,Online
T510664,2025-10-10,P1032,7,42.73,299.11,WH-WEST,In-Store
T510665,2025-10-11,P1032,18,42.73,769.14,WH-WEST,Online
T510666,2025-10-12,P1032,14,42.73,598.22,WH-WEST,Online
T510667,2025-10-13,P1032,13,42.73,555.49,WH-WEST,Online
T510668,2025-10-14,P1032,8,42.73,341.84,WH-WEST,Online
T510669,2025-10-15,P1032,16,42.73,683.68,WH-WEST,Online
T510670,2025-10-16,P1032,14,42.73,598.22,WH-WEST,Online
T510671,2025-10-17,P1032,13,42.73,555.49,WH-WEST,Online
T510672,2025-10-18,P1032,25,42.73,1068.25,WH-WEST,Online
T510673,2025-10-19,P1032,21,42.73,897.33,WH-WEST,Online
T510674,2025-10-20,P1032,6,42.73,256.38,WH-WEST,Online
T510675,2025-10-21,P1032,10,42.73,427.3,WH-WEST,In-Store
T510676,2025-10-22,P1032,11,42.73,470.03,WH-WEST,Online
T510677,2025-10-23,P1032,16,42.73,683.68,WH-WEST,Online
T510678,2025-10-24,P1032,8,42.73,341.84,WH-WEST,Online
T510679,2025-10-25,P1032,17,42.73,726.41,WH-WEST,Online
T510680,2025-10-26,P1032,21,42.73,897.33,WH-WEST,Online
T510681,2025-10-27,P1032,10,42.73,427.3,WH-WEST,Online
T510682,2025-10-28,P1032,18,42.73,769.14,WH-WEST,In-Store
T510683,2025-10-29,P1032,9,42.73,384.57,WH-WEST,Online
T510684,2025-10-30,P1032,15,42.73,640.95,WH-WEST,Online
T510685,2025-10-31,P1032,16,42.73,683.68,WH-WEST,In-Store
T510686,2025-11-01,P1032,17,42.73,726.41,WH-WEST,Online
T510687,2025-11-02,P1032,18,42.73,769.14,WH-WEST,Online
T510688,2025-11-03,P1032,16,42.73,683.68,WH-WEST,Online
T510689,2025-11-04,P1032,9,42.73,384.57,WH-WEST,Online
T510690,2025-11-05,P1032,12,42.73,512.76,WH-WEST,In-Store
T510691,2025-11-06,P1032,10,42.73,427.3,WH-WEST,In-Store
T510692,2025-11-07,P1032,10,42.73,427.3,WH-WEST,In-Store
T510693,2025-11-08,P1032,18,42.73,769.14,WH-WEST,In-Store
T510694,2025-11-09,P1032,17,42.73,726.41,WH-WEST,In-Store
T510695,2025-11-10,P1032,15,42.73,640.95,WH-WEST,Online
T510696,2025-11-11,P1032,14,42.73,598.22,WH-WEST,Online
T510697,2025-11-12,P1032,15,42.73,640.95,WH-WEST,Online
T510698,2025-11-13,P1032,9,42.73,384.57,WH-WEST,Online
T510699,2025-11-14,P1032,10,42.73,427.3,WH-WEST,In-Store
T510700,2025-11-15,P1032,19,42.73,811.87,WH-WEST,In-Store
T510701,2025-11-16,P1032,22,42.73,940.06,WH-WEST,Online
T510702,2025-11-17,P1032,16,42.73,683.68,WH-WEST,In-Store
T510703,2025-11-18,P1032,19,42.73,811.87,WH-WEST,Online
T510704,2025-11-19,P1032,3,42.73,128.19,WH-WEST,In-Store
T510705,2025-11-20,P1032,13,42.73,555.49,WH-WEST,In-Store
T510706,2025-11-21,P1032,12,42.73,512.76,WH-WEST,Online
T510707,2025-11-22,P1032,24,42.73,1025.52,WH-WEST,In-Store
T510708,2025-11-23,P1032,16,42.73,683.68,WH-WEST,Online
T510709,2025-11-24,P1032,12,42.73,512.76,WH-WEST,Online
T510710,2025-11-25,P1032,12,42.73,512.76,WH-WEST,Online
T510711,2025-11-26,P1032,12,42.73,512.76,WH-WEST,Online
T510712,2025-11-27,P1032,13,42.73,555.49,WH-WEST,Online
T510713,2025-11-28,P1032,16,42.73,683.68,WH-WEST,Online
T510714,2025-11-29,P1032,14,42.73,598.22,WH-WEST,Online
T510715,2025-11-30,P1032,16,42.73,683.68,WH-WEST,In-Store
T510716,2025-12-01,P1032,11,42.73,470.03,WH-WEST,In-Store
T510717,2025-12-02,P1032,16,42.73,683.68,WH-WEST,In-Store
T510718,2025-12-03,P1032,8,42.73,341.84,WH-WEST,Online
T510719,2025-12-04,P1032,12,42.73,512.76,WH-WEST,Online
T510720,2025-12-05,P1032,8,42.73,341.84,WH-WEST,Online
T510721,2025-12-06,P1032,20,42.73,854.6,WH-WEST,Online
T510722,2025-12-07,P1032,19,42.73,811.87,WH-WEST,Online
T510723,2025-12-08,P1032,16,42.73,683.68,WH-WEST,Online
T510724,2025-12-09,P1032,18,42.73,769.14,WH-WEST,In-Store
T510725,2025-12-10,P1032,11,42.73,470.03,WH-WEST,In-Store
T510726,2025-12-11,P1032,11,42.73,470.03,WH-WEST,Online
T510727,2025-12-12,P1032,14,42.73,598.22,WH-WEST,Online
T510728,2025-12-13,P1032,17,42.73,726.41,WH-WEST,Online
T510729,2025-12-14,P1032,25,42.73,1068.25,WH-WEST,Online
T510730,2025-12-15,P1032,10,42.73,427.3,WH-WEST,Online
T510731,2025-12-16,P1032,6,42.73,256.38,WH-WEST,Online
T510732,2025-12-17,P1032,14,42.73,598.22,WH-WEST,Online
T510733,2025-12-18,P1032,4,42.73,170.92,WH-WEST,Online
T510734,2025-12-19,P1032,14,42.73,598.22,WH-WEST,Online
T510735,2025-12-20,P1032,21,42.73,897.33,WH-WEST,Online
T510736,2025-12-21,P1032,15,42.73,640.95,WH-WEST,Online
T510737,2025-12-22,P1032,14,42.73,598.22,WH-WEST,Online
T510738,2025-12-23,P1032,8,42.73,341.84,WH-WEST,Online
T510739,2025-12-24,P1032,17,42.73,726.41,WH-WEST,In-Store
T510740,2025-12-25,P1032,14,42.73,598.22,WH-WEST,Online
T510741,2025-12-26,P1032,15,42.73,640.95,WH-WEST,In-Store
T510742,2025-12-27,P1032,20,42.73,854.6,WH-WEST,Online
T510743,2025-12-28,P1032,19,42.73,811.87,WH-WEST,Online
T510744,2025-12-29,P1032,17,42.73,726.41,WH-WEST,In-Store
T510745,2025-12-30,P1032,9,42.73,384.57,WH-WEST,Online
T510746,2025-12-31,P1032,10,42.73,427.3,WH-WEST,In-Store
T510747,2026-01-01,P1032,7,42.73,299.11,WH-WEST,Online
T510748,2026-01-02,P1032,14,42.73,598.22,WH-WEST,In-Store
T510749,2026-01-03,P1032,27,42.73,1153.71,WH-WEST,In-Store
T510750,2026-01-04,P1032,27,42.73,1153.71,WH-WEST,Online
T510751,2026-01-05,P1032,12,42.73,512.76,WH-WEST,In-Store
T510752,2026-01-06,P1032,15,42.73,640.95,WH-WEST,In-Store
T510753,2026-01-07,P1032,13,42.73,555.49,WH-WEST,In-Store
T510754,2026-01-08,P1032,17,42.73,726.41,WH-WEST,In-Store
T510755,2026-01-09,P1032,11,42.73,470.03,WH-WEST,Online
T510756,2026-01-10,P1032,18,42.73,769.14,WH-WEST,In-Store
T510757,2026-01-11,P1032,26,42.73,1110.98,WH-WEST,Online
T510758,2026-01-12,P1032,17,42.73,726.41,WH-WEST,Online
T510759,2026-01-13,P1032,13,42.73,555.49,WH-WEST,Online
T510760,2026-01-14,P1032,20,42.73,854.6,WH-WEST,Online
T510761,2026-01-15,P1032,9,42.73,384.57,WH-WEST,Online
T510762,2026-01-16,P1032,10,42.73,427.3,WH-WEST,Online
T510763,2026-01-17,P1032,17,42.73,726.41,WH-WEST,Online
T510764,2026-01-18,P1032,27,42.73,1153.71,WH-WEST,Online
T510765,2026-01-19,P1032,17,42.73,726.41,WH-WEST,Online
T510766,2026-01-20,P1032,19,42.73,811.87,WH-WEST,Online
T510767,2026-01-21,P1032,12,42.73,512.76,WH-WEST,Online
T510768,2026-01-22,P1032,14,42.73,598.22,WH-WEST,In-Store
T510769,2026-01-23,P1032,10,42.73,427.3,WH-WEST,Online
T510770,2026-01-24,P1032,18,42.73,769.14,WH-WEST,Online
T510771,2026-01-25,P1032,13,42.73,555.49,WH-WEST,In-Store
T510772,2026-01-26,P1032,17,42.73,726.41,WH-WEST,Online
T510773,2026-01-27,P1032,9,42.73,384.57,WH-WEST,Online
T510774,2026-01-28,P1032,18,42.73,769.14,WH-WEST,Online
T510775,2026-01-29,P1032,15,42.73,640.95,WH-WEST,Online
T510776,2026-01-30,P1032,8,42.73,341.84,WH-WEST,In-Store
T510777,2026-01-31,P1032,15,42.73,640.95,WH-WEST,Online
T510778,2026-02-01,P1032,15,42.73,640.95,WH-WEST,Online
T510779,2026-02-02,P1032,12,42.73,512.76,WH-WEST,Online
T510780,2026-02-03,P1032,9,42.73,384.57,WH-WEST,In-Store
T510781,2026-02-04,P1032,10,42.73,427.3,WH-WEST,Online
T510782,2026-02-05,P1032,12,42.73,512.76,WH-WEST,Online
T510783,2026-02-06,P1032,15,42.73,640.95,WH-WEST,In-Store
T510784,2026-02-07,P1032,20,42.73,854.6,WH-WEST,Online
T510785,2026-02-08,P1032,23,42.73,982.79,WH-WEST,In-Store
T510786,2026-02-09,P1032,13,42.73,555.49,WH-WEST,In-Store
T510787,2026-02-10,P1032,6,42.73,256.38,WH-WEST,In-Store
T510788,2026-02-11,P1032,18,42.73,769.14,WH-WEST,In-Store
T510789,2026-02-12,P1032,8,42.73,341.84,WH-WEST,Online
T510790,2026-02-13,P1032,13,42.73,555.49,WH-WEST,Online
T510791,2026-02-14,P1032,17,42.73,726.41,WH-WEST,Online
T510792,2026-02-15,P1032,16,42.73,683.68,WH-WEST,Online
T510793,2026-02-16,P1032,15,42.73,640.95,WH-WEST,In-Store
T510794,2026-02-17,P1032,13,42.73,555.49,WH-WEST,Online
T510795,2026-02-18,P1032,12,42.73,512.76,WH-WEST,In-Store
T510796,2026-02-19,P1032,14,42.73,598.22,WH-WEST,Online
T510797,2026-02-20,P1032,14,42.73,598.22,WH-WEST,Online
T510798,2026-02-21,P1032,15,42.73,640.95,WH-WEST,Online
T510799,2026-02-22,P1032,23,42.73,982.79,WH-WEST,Online
T510800,2026-02-23,P1032,15,42.73,640.95,WH-WEST,Online
T510801,2026-02-24,P1032,19,42.73,811.87,WH-WEST,Online
T510802,2026-02-25,P1032,16,42.73,683.68,WH-WEST,Online
T510803,2026-02-26,P1032,6,42.73,256.38,WH-WEST,In-Store
T510804,2026-02-27,P1032,13,42.73,555.49,WH-WEST,In-Store
T510805,2026-02-28,P1032,15,42.73,640.95,WH-WEST,Online
T510806,2026-03-01,P1032,13,42.73,555.49,WH-WEST,Online
T510807,2026-03-02,P1032,8,42.73,341.84,WH-WEST,Online
T510808,2026-03-03,P1032,5,42.73,213.65,WH-WEST,In-Store
T510809,2026-03-04,P1032,14,42.73,598.22,WH-WEST,Online
T510810,2026-03-05,P1032,7,42.73,299.11,WH-WEST,Online
T510811,2026-03-06,P1032,16,42.73,683.68,WH-WEST,Online
T510812,2026-03-07,P1032,16,42.73,683.68,WH-WEST,In-Store
T510813,2026-03-08,P1032,27,42.73,1153.71,WH-WEST,Online
T510814,2026-03-09,P1032,9,42.73,384.57,WH-WEST,In-Store
T510815,2026-03-10,P1032,8,42.73,341.84,WH-WEST,Online
T510816,2026-03-11,P1032,14,42.73,598.22,WH-WEST,Online
T510817,2026-03-12,P1032,13,42.73,555.49,WH-WEST,Online
T510818,2026-03-13,P1032,14,42.73,598.22,WH-WEST,Online
T510819,2026-03-14,P1032,23,42.73,982.79,WH-WEST,Online
T510820,2026-03-15,P1032,17,42.73,726.41,WH-WEST,Online
T510821,2026-03-16,P1032,9,42.73,384.57,WH-WEST,Online
T510822,2026-03-17,P1032,10,42.73,427.3,WH-WEST,Online
T510823,2026-03-18,P1032,14,42.73,598.22,WH-WEST,Online
T510824,2026-03-19,P1032,6,42.73,256.38,WH-WEST,In-Store
T510825,2026-03-20,P1032,10,42.73,427.3,WH-WEST,In-Store
T510826,2026-03-21,P1032,13,42.73,555.49,WH-WEST,In-Store
T510827,2026-03-22,P1032,13,42.73,555.49,WH-WEST,In-Store
T510828,2026-03-23,P1032,10,42.73,427.3,WH-WEST,Online
T510829,2026-03-24,P1032,10,42.73,427.3,WH-WEST,In-Store
T510830,2026-03-25,P1032,7,42.73,299.11,WH-WEST,Online
T510831,2026-03-26,P1032,12,42.73,512.76,WH-WEST,In-Store
T510832,2026-03-27,P1032,11,42.73,470.03,WH-WEST,Online
T510833,2026-03-28,P1032,12,42.73,512.76,WH-WEST,Online
T510834,2026-03-29,P1032,16,42.73,683.68,WH-WEST,Online
T510835,2026-03-30,P1032,9,42.73,384.57,WH-WEST,Online
T510836,2026-03-31,P1032,12,42.73,512.76,WH-WEST,Online
T510837,2026-04-01,P1032,10,42.73,427.3,WH-WEST,In-Store
T510838,2026-04-02,P1032,13,42.73,555.49,WH-WEST,Online
T510839,2026-04-03,P1032,12,42.73,512.76,WH-WEST,In-Store
T510840,2026-04-04,P1032,15,42.73,640.95,WH-WEST,In-Store
T510841,2026-04-05,P1032,15,42.73,640.95,WH-WEST,Online
T510842,2026-04-06,P1032,8,42.73,341.84,WH-WEST,In-Store
T510843,2026-04-07,P1032,10,42.73,427.3,WH-WEST,Online
T510844,2026-04-08,P1032,14,42.73,598.22,WH-WEST,In-Store
T510845,2026-04-09,P1032,5,42.73,213.65,WH-WEST,Online
T510846,2026-04-10,P1032,10,42.73,427.3,WH-WEST,Online
T510847,2026-04-11,P1032,14,42.73,598.22,WH-WEST,In-Store
T510848,2026-04-12,P1032,8,42.73,341.84,WH-WEST,Online
T510849,2026-04-13,P1032,9,42.73,384.57,WH-WEST,Online
T510850,2026-04-14,P1032,4,42.73,170.92,WH-WEST,Online
T510851,2026-04-15,P1032,13,42.73,555.49,WH-WEST,Online
T510852,2026-04-16,P1032,8,42.73,341.84,WH-WEST,In-Store
T510853,2026-04-17,P1032,8,42.73,341.84,WH-WEST,Online
T510854,2026-04-18,P1032,14,42.73,598.22,WH-WEST,Online
T510855,2026-04-19,P1032,12,42.73,512.76,WH-WEST,Online
T510856,2026-04-20,P1032,7,42.73,299.11,WH-WEST,Online
T510857,2026-04-21,P1032,11,42.73,470.03,WH-WEST,Online
T510858,2026-04-22,P1032,12,42.73,512.76,WH-WEST,In-Store
T510859,2026-04-23,P1032,9,42.73,384.57,WH-WEST,Online
T510860,2026-04-24,P1032,14,42.73,598.22,WH-WEST,Online
T510861,2026-04-25,P1032,14,42.73,598.22,WH-WEST,In-Store
T510862,2026-04-26,P1032,15,42.73,640.95,WH-WEST,Online
T510863,2026-04-27,P1032,6,42.73,256.38,WH-WEST,In-Store
T510864,2026-04-28,P1032,13,42.73,555.49,WH-WEST,In-Store
T510865,2026-04-29,P1032,8,42.73,341.84,WH-WEST,In-Store
T510866,2026-04-30,P1032,10,42.73,427.3,WH-WEST,Online
T510867,2026-05-01,P1032,8,42.73,341.84,WH-WEST,In-Store
T510868,2026-05-02,P1032,22,42.73,940.06,WH-WEST,Online
T510869,2026-05-03,P1032,15,42.73,640.95,WH-WEST,In-Store
T510870,2026-05-04,P1032,12,42.73,512.76,WH-WEST,Online
T510871,2026-05-05,P1032,11,42.73,470.03,WH-WEST,Online
T510872,2026-05-06,P1032,8,42.73,341.84,WH-WEST,In-Store
T510873,2026-05-07,P1032,12,42.73,512.76,WH-WEST,Online
T510874,2026-05-08,P1032,12,42.73,512.76,WH-WEST,In-Store
T510875,2026-05-09,P1032,27,42.73,1153.71,WH-WEST,In-Store
T510876,2026-05-10,P1032,9,42.73,384.57,WH-WEST,Online
T510877,2026-05-11,P1032,10,42.73,427.3,WH-WEST,Online
T510878,2026-05-12,P1032,11,42.73,470.03,WH-WEST,In-Store
T510879,2026-05-13,P1032,16,42.73,683.68,WH-WEST,Online
T510880,2026-05-14,P1032,12,42.73,512.76,WH-WEST,Online
T510881,2026-05-15,P1032,9,42.73,384.57,WH-WEST,Online
T510882,2026-05-16,P1032,14,42.73,598.22,WH-WEST,In-Store
T510883,2026-05-17,P1032,19,42.73,811.87,WH-WEST,Online
T510884,2026-05-18,P1032,8,42.73,341.84,WH-WEST,Online
T510885,2026-05-19,P1032,10,42.73,427.3,WH-WEST,Online
T510886,2026-05-20,P1032,7,42.73,299.11,WH-WEST,In-Store
T510887,2026-05-21,P1032,5,42.73,213.65,WH-WEST,Online
T510888,2026-05-22,P1032,12,42.73,512.76,WH-WEST,Online
T510889,2026-05-23,P1032,14,42.73,598.22,WH-WEST,Online
T510890,2026-05-24,P1032,15,42.73,640.95,WH-WEST,In-Store
T510891,2026-05-25,P1032,9,42.73,384.57,WH-WEST,Online
T510892,2026-05-26,P1032,12,42.73,512.76,WH-WEST,In-Store
T510893,2026-05-27,P1032,11,42.73,470.03,WH-WEST,Online
T510894,2026-05-28,P1032,10,42.73,427.3,WH-WEST,Online
T510895,2026-05-29,P1032,9,42.73,384.57,WH-WEST,Online
T510896,2026-05-30,P1032,9,42.73,384.57,WH-WEST,Online
T510897,2026-05-31,P1032,11,42.73,470.03,WH-WEST,In-Store
T510898,2026-06-01,P1032,5,42.73,213.65,WH-WEST,Online
T510899,2026-06-02,P1032,10,42.73,427.3,WH-WEST,Online
T510900,2026-06-03,P1032,10,42.73,427.3,WH-WEST,Online
T510901,2026-06-04,P1032,15,42.73,640.95,WH-WEST,In-Store
T510902,2026-06-05,P1032,9,42.73,384.57,WH-WEST,Online
T510903,2026-06-06,P1032,13,42.73,555.49,WH-WEST,Online
T510904,2026-06-07,P1032,13,42.73,555.49,WH-WEST,Online
T510905,2026-06-08,P1032,13,42.73,555.49,WH-WEST,In-Store
T510906,2026-06-09,P1032,9,42.73,384.57,WH-WEST,Online
T510907,2026-06-10,P1032,11,42.73,470.03,WH-WEST,In-Store
T510908,2026-06-11,P1032,6,42.73,256.38,WH-WEST,Online
T510909,2026-06-12,P1032,16,42.73,683.68,WH-WEST,Online
T510910,2026-06-13,P1032,13,42.73,555.49,WH-WEST,Online
T510911,2026-06-14,P1032,20,42.73,854.6,WH-WEST,Online
T510912,2026-06-15,P1032,13,42.73,555.49,WH-WEST,In-Store
T510913,2026-06-16,P1032,17,42.73,726.41,WH-WEST,In-Store
T510914,2026-06-17,P1032,7,42.73,299.11,WH-WEST,Online
T510915,2026-06-18,P1032,8,42.73,341.84,WH-WEST,In-Store
T510916,2026-06-19,P1032,9,42.73,384.57,WH-WEST,In-Store
T510917,2026-06-20,P1032,14,42.73,598.22,WH-WEST,Online
T510918,2026-06-21,P1032,14,42.73,598.22,WH-WEST,Online
T510919,2026-06-22,P1032,7,42.73,299.11,WH-WEST,In-Store
T510920,2026-06-23,P1032,8,42.73,341.84,WH-WEST,Online
T510921,2026-06-24,P1032,15,42.73,640.95,WH-WEST,In-Store
T510922,2026-06-25,P1032,10,42.73,427.3,WH-WEST,In-Store
T510923,2026-06-26,P1032,15,42.73,640.95,WH-WEST,Online
T510924,2026-06-27,P1032,17,42.73,726.41,WH-WEST,Online
T510925,2026-06-28,P1032,16,42.73,683.68,WH-WEST,Online
T510926,2026-06-29,P1032,13,42.73,555.49,WH-WEST,Online
T510927,2026-06-30,P1032,11,42.73,470.03,WH-WEST,In-Store
T510928,2026-07-01,P1032,15,42.73,640.95,WH-WEST,In-Store
T510929,2026-07-02,P1032,11,42.73,470.03,WH-WEST,Online
T510930,2026-07-03,P1032,12,42.73,512.76,WH-WEST,Online
T510931,2026-07-04,P1032,10,42.73,427.3,WH-WEST,Online
T510932,2026-07-05,P1032,23,42.73,982.79,WH-WEST,Online
T510933,2026-07-06,P1032,11,42.73,470.03,WH-WEST,Online
T510934,2026-07-07,P1032,8,42.73,341.84,WH-WEST,Online
T510935,2026-07-08,P1032,11,42.73,470.03,WH-WEST,Online
T510936,2026-07-09,P1032,10,42.73,427.3,WH-WEST,Online
T510937,2026-07-10,P1032,9,42.73,384.57,WH-WEST,Online
T510938,2026-07-11,P1032,15,42.73,640.95,WH-WEST,Online
T510939,2026-07-12,P1032,17,42.73,726.41,WH-WEST,Online
T510940,2026-07-13,P1032,14,42.73,598.22,WH-WEST,Online
T510941,2026-07-14,P1032,11,42.73,470.03,WH-WEST,Online
T510942,2026-07-15,P1032,14,42.73,598.22,WH-WEST,Online
T510943,2026-07-16,P1032,15,42.73,640.95,WH-WEST,Online
T510944,2026-07-17,P1032,15,42.73,640.95,WH-WEST,Online
T510945,2026-07-18,P1032,17,42.73,726.41,WH-WEST,Online
T510946,2026-07-19,P1032,17,42.73,726.41,WH-WEST,Online
T510947,2026-07-20,P1032,14,42.73,598.22,WH-WEST,Online
T510948,2026-07-21,P1032,10,42.73,427.3,WH-WEST,In-Store
T510949,2026-07-22,P1032,17,42.73,726.41,WH-WEST,Online
T510950,2026-07-23,P1032,13,42.73,555.49,WH-WEST,Online
T510951,2026-07-24,P1032,19,42.73,811.87,WH-WEST,Online
T510952,2026-07-25,P1032,18,42.73,769.14,WH-WEST,In-Store
T510953,2026-07-26,P1032,20,42.73,854.6,WH-WEST,Online
T510954,2026-07-27,P1032,13,42.73,555.49,WH-WEST,Online
T510955,2026-07-28,P1032,16,42.73,683.68,WH-WEST,In-Store
T510956,2026-07-29,P1032,8,42.73,341.84,WH-WEST,Online
T510957,2026-07-30,P1032,14,42.73,598.22,WH-WEST,Online
T510958,2026-07-31,P1032,16,42.73,683.68,WH-WEST,In-Store
T510959,2026-08-01,P1032,16,42.73,683.68,WH-WEST,In-Store
T510960,2026-08-02,P1032,13,42.73,555.49,WH-WEST,Online
T510961,2026-08-03,P1032,13,42.73,555.49,WH-WEST,Online
T510962,2026-08-04,P1032,12,42.73,512.76,WH-WEST,In-Store
T510963,2026-08-05,P1032,12,42.73,512.76,WH-WEST,Online
T510964,2026-08-06,P1032,16,42.73,683.68,WH-WEST,In-Store
T510965,2026-08-07,P1032,18,42.73,769.14,WH-WEST,In-Store
T510966,2026-08-08,P1032,24,42.73,1025.52,WH-WEST,Online
T510967,2026-08-09,P1032,22,42.73,940.06,WH-WEST,In-Store
T510968,2026-08-10,P1032,11,42.73,470.03,WH-WEST,In-Store
T510969,2026-08-11,P1032,14,42.73,598.22,WH-WEST,Online
T510970,2026-08-12,P1032,20,42.73,854.6,WH-WEST,In-Store
T510971,2026-08-13,P1032,12,42.73,512.76,WH-WEST,In-Store
T510972,2025-08-15,P1033,3,39.26,117.78,WH-CENTRAL,Online
T510973,2025-08-16,P1033,2,39.26,78.52,WH-CENTRAL,Online
T510974,2025-08-17,P1033,1,39.26,39.26,WH-CENTRAL,Online
T510975,2025-08-18,P1033,1,39.26,39.26,WH-CENTRAL,Online
T510976,2025-08-19,P1033,2,39.26,78.52,WH-CENTRAL,In-Store
T510977,2025-08-20,P1033,1,39.26,39.26,WH-CENTRAL,In-Store
T510978,2025-08-21,P1033,3,39.26,117.78,WH-CENTRAL,In-Store
T510979,2025-08-22,P1033,2,39.26,78.52,WH-CENTRAL,In-Store
T510980,2025-08-23,P1033,3,39.26,117.78,WH-CENTRAL,In-Store
T510981,2025-08-25,P1033,1,39.26,39.26,WH-CENTRAL,Online
T510982,2025-08-26,P1033,2,39.26,78.52,WH-CENTRAL,In-Store
T510983,2025-08-27,P1033,1,39.26,39.26,WH-CENTRAL,In-Store
T510984,2025-08-28,P1033,1,39.26,39.26,WH-CENTRAL,Online
T510985,2025-08-29,P1033,1,39.26,39.26,WH-CENTRAL,Online
T510986,2025-08-30,P1033,2,39.26,78.52,WH-CENTRAL,Online
T510987,2025-08-31,P1033,2,39.26,78.52,WH-CENTRAL,Online
T510988,2025-09-04,P1033,3,39.26,117.78,WH-CENTRAL,Online
T510989,2025-09-05,P1033,4,39.26,157.04,WH-CENTRAL,Online
T510990,2025-09-06,P1033,1,39.26,39.26,WH-CENTRAL,Online
T510991,2025-09-07,P1033,2,39.26,78.52,WH-CENTRAL,Online
T510992,2025-09-08,P1033,1,39.26,39.26,WH-CENTRAL,Online
T510993,2025-09-09,P1033,3,39.26,117.78,WH-CENTRAL,Online
T510994,2025-09-10,P1033,1,39.26,39.26,WH-CENTRAL,Online
T510995,2025-09-11,P1033,2,39.26,78.52,WH-CENTRAL,Online
T510996,2025-09-12,P1033,2,39.26,78.52,WH-CENTRAL,In-Store
T510997,2025-09-15,P1033,1,39.26,39.26,WH-CENTRAL,Online
T510998,2025-09-16,P1033,2,39.26,78.52,WH-CENTRAL,Online
T510999,2025-09-17,P1033,1,39.26,39.26,WH-CENTRAL,Online
T511000,2025-09-18,P1033,1,39.26,39.26,WH-CENTRAL,Online
T511001,2025-09-19,P1033,3,39.26,117.78,WH-CENTRAL,In-Store
T511002,2025-09-21,P1033,1,39.26,39.26,WH-CENTRAL,In-Store
T511003,2025-09-22,P1033,4,39.26,157.04,WH-CENTRAL,In-Store
T511004,2025-09-24,P1033,2,39.26,78.52,WH-CENTRAL,In-Store
T511005,2025-09-26,P1033,1,39.26,39.26,WH-CENTRAL,Online
T511006,2025-09-27,P1033,1,39.26,39.26,WH-CENTRAL,Online
T511007,2025-09-28,P1033,2,39.26,78.52,WH-CENTRAL,Online
T511008,2025-09-30,P1033,1,39.26,39.26,WH-CENTRAL,In-Store
T511009,2025-10-01,P1033,1,39.26,39.26,WH-CENTRAL,In-Store
T511010,2025-10-04,P1033,1,39.26,39.26,WH-CENTRAL,Online
T511011,2025-10-05,P1033,2,39.26,78.52,WH-CENTRAL,Online
T511012,2025-10-06,P1033,1,39.26,39.26,WH-CENTRAL,Online
T511013,2025-10-07,P1033,3,39.26,117.78,WH-CENTRAL,Online
T511014,2025-10-09,P1033,2,39.26,78.52,WH-CENTRAL,Online
T511015,2025-10-10,P1033,2,39.26,78.52,WH-CENTRAL,Online
T511016,2025-10-11,P1033,3,39.26,117.78,WH-CENTRAL,Online
T511017,2025-10-13,P1033,3,39.26,117.78,WH-CENTRAL,Online
T511018,2025-10-14,P1033,1,39.26,39.26,WH-CENTRAL,Online
T511019,2025-10-15,P1033,1,39.26,39.26,WH-CENTRAL,Online
T511020,2025-10-17,P1033,1,39.26,39.26,WH-CENTRAL,In-Store
T511021,2025-10-18,P1033,3,39.26,117.78,WH-CENTRAL,In-Store
T511022,2025-10-19,P1033,1,39.26,39.26,WH-CENTRAL,Online
T511023,2025-10-20,P1033,2,39.26,78.52,WH-CENTRAL,Online
T511024,2025-10-21,P1033,1,39.26,39.26,WH-CENTRAL,Online
T511025,2025-10-22,P1033,1,39.26,39.26,WH-CENTRAL,Online
T511026,2025-10-23,P1033,4,39.26,157.04,WH-CENTRAL,Online
T511027,2025-10-24,P1033,2,39.26,78.52,WH-CENTRAL,In-Store
T511028,2025-10-25,P1033,1,39.26,39.26,WH-CENTRAL,In-Store
T511029,2025-10-26,P1033,2,39.26,78.52,WH-CENTRAL,Online
T511030,2025-10-27,P1033,1,39.26,39.26,WH-CENTRAL,Online
T511031,2025-10-28,P1033,1,39.26,39.26,WH-CENTRAL,In-Store
T511032,2025-10-29,P1033,2,39.26,78.52,WH-CENTRAL,In-Store
T511033,2025-10-30,P1033,1,39.26,39.26,WH-CENTRAL,Online
T511034,2025-11-02,P1033,1,39.26,39.26,WH-CENTRAL,In-Store
T511035,2025-11-04,P1033,6,39.26,235.56,WH-CENTRAL,Online
T511036,2025-11-05,P1033,2,39.26,78.52,WH-CENTRAL,Online
T511037,2025-11-06,P1033,2,39.26,78.52,WH-CENTRAL,Online
T511038,2025-11-07,P1033,3,39.26,117.78,WH-CENTRAL,Online
T511039,2025-11-08,P1033,1,39.26,39.26,WH-CENTRAL,In-Store
T511040,2025-11-09,P1033,1,39.26,39.26,WH-CENTRAL,In-Store
T511041,2025-11-10,P1033,1,39.26,39.26,WH-CENTRAL,In-Store
T511042,2025-11-11,P1033,4,39.26,157.04,WH-CENTRAL,Online
T511043,2025-11-13,P1033,1,39.26,39.26,WH-CENTRAL,In-Store
T511044,2025-11-14,P1033,1,39.26,39.26,WH-CENTRAL,Online
T511045,2025-11-15,P1033,4,39.26,157.04,WH-CENTRAL,In-Store
T511046,2025-11-16,P1033,2,39.26,78.52,WH-CENTRAL,In-Store
T511047,2025-11-17,P1033,2,39.26,78.52,WH-CENTRAL,Online
T511048,2025-11-18,P1033,1,39.26,39.26,WH-CENTRAL,In-Store
T511049,2025-11-20,P1033,3,39.26,117.78,WH-CENTRAL,Online
T511050,2025-11-21,P1033,1,39.26,39.26,WH-CENTRAL,Online
T511051,2025-11-24,P1033,1,39.26,39.26,WH-CENTRAL,Online
T511052,2025-11-27,P1033,3,39.26,117.78,WH-CENTRAL,Online
T511053,2025-11-28,P1033,1,39.26,39.26,WH-CENTRAL,Online
T511054,2025-11-29,P1033,1,39.26,39.26,WH-CENTRAL,Online
T511055,2025-12-01,P1033,3,39.26,117.78,WH-CENTRAL,Online
T511056,2025-12-02,P1033,1,39.26,39.26,WH-CENTRAL,Online
T511057,2025-12-03,P1033,1,39.26,39.26,WH-CENTRAL,In-Store
T511058,2025-12-04,P1033,1,39.26,39.26,WH-CENTRAL,Online
T511059,2025-12-05,P1033,4,39.26,157.04,WH-CENTRAL,In-Store
T511060,2025-12-07,P1033,5,39.26,196.3,WH-CENTRAL,Online
T511061,2025-12-08,P1033,1,39.26,39.26,WH-CENTRAL,Online
T511062,2025-12-09,P1033,3,39.26,117.78,WH-CENTRAL,In-Store
T511063,2025-12-10,P1033,1,39.26,39.26,WH-CENTRAL,In-Store
T511064,2025-12-11,P1033,2,39.26,78.52,WH-CENTRAL,Online
T511065,2025-12-12,P1033,1,39.26,39.26,WH-CENTRAL,In-Store
T511066,2025-12-13,P1033,2,39.26,78.52,WH-CENTRAL,Online
T511067,2025-12-14,P1033,3,39.26,117.78,WH-CENTRAL,In-Store
T511068,2025-12-15,P1033,1,39.26,39.26,WH-CENTRAL,Online
T511069,2025-12-16,P1033,2,39.26,78.52,WH-CENTRAL,In-Store
T511070,2025-12-18,P1033,1,39.26,39.26,WH-CENTRAL,In-Store
T511071,2025-12-19,P1033,4,39.26,157.04,WH-CENTRAL,Online
T511072,2025-12-20,P1033,2,39.26,78.52,WH-CENTRAL,Online
T511073,2025-12-21,P1033,2,39.26,78.52,WH-CENTRAL,Online
T511074,2025-12-22,P1033,2,39.26,78.52,WH-CENTRAL,Online
T511075,2025-12-23,P1033,2,39.26,78.52,WH-CENTRAL,Online
T511076,2025-12-24,P1033,1,39.26,39.26,WH-CENTRAL,Online
T511077,2025-12-25,P1033,2,39.26,78.52,WH-CENTRAL,In-Store
T511078,2025-12-26,P1033,2,39.26,78.52,WH-CENTRAL,In-Store
T511079,2025-12-27,P1033,1,39.26,39.26,WH-CENTRAL,In-Store
T511080,2025-12-28,P1033,1,39.26,39.26,WH-CENTRAL,In-Store
T511081,2025-12-29,P1033,3,39.26,117.78,WH-CENTRAL,In-Store
T511082,2025-12-31,P1033,1,39.26,39.26,WH-CENTRAL,In-Store
T511083,2026-01-01,P1033,4,39.26,157.04,WH-CENTRAL,Online
T511084,2026-01-02,P1033,6,39.26,235.56,WH-CENTRAL,Online
T511085,2026-01-03,P1033,4,39.26,157.04,WH-CENTRAL,In-Store
T511086,2026-01-04,P1033,2,39.26,78.52,WH-CENTRAL,Online
T511087,2026-01-05,P1033,3,39.26,117.78,WH-CENTRAL,Online
T511088,2026-01-07,P1033,2,39.26,78.52,WH-CENTRAL,Online
T511089,2026-01-08,P1033,1,39.26,39.26,WH-CENTRAL,Online
T511090,2026-01-10,P1033,2,39.26,78.52,WH-CENTRAL,In-Store
T511091,2026-01-11,P1033,1,39.26,39.26,WH-CENTRAL,Online
T511092,2026-01-12,P1033,1,39.26,39.26,WH-CENTRAL,Online
T511093,2026-01-13,P1033,2,39.26,78.52,WH-CENTRAL,In-Store
T511094,2026-01-14,P1033,1,39.26,39.26,WH-CENTRAL,In-Store
T511095,2026-01-15,P1033,1,39.26,39.26,WH-CENTRAL,In-Store
T511096,2026-01-16,P1033,1,39.26,39.26,WH-CENTRAL,Online
T511097,2026-01-17,P1033,1,39.26,39.26,WH-CENTRAL,Online
T511098,2026-01-19,P1033,1,39.26,39.26,WH-CENTRAL,Online
T511099,2026-01-20,P1033,3,39.26,117.78,WH-CENTRAL,Online
T511100,2026-01-21,P1033,5,39.26,196.3,WH-CENTRAL,In-Store
T511101,2026-01-23,P1033,1,39.26,39.26,WH-CENTRAL,Online
T511102,2026-01-24,P1033,2,39.26,78.52,WH-CENTRAL,Online
T511103,2026-01-25,P1033,1,39.26,39.26,WH-CENTRAL,Online
T511104,2026-01-26,P1033,1,39.26,39.26,WH-CENTRAL,In-Store
T511105,2026-01-28,P1033,3,39.26,117.78,WH-CENTRAL,Online
T511106,2026-01-31,P1033,1,39.26,39.26,WH-CENTRAL,Online
T511107,2026-02-01,P1033,2,39.26,78.52,WH-CENTRAL,In-Store
T511108,2026-02-02,P1033,1,39.26,39.26,WH-CENTRAL,Online
T511109,2026-02-05,P1033,4,39.26,157.04,WH-CENTRAL,Online
T511110,2026-02-06,P1033,1,39.26,39.26,WH-CENTRAL,Online
T511111,2026-02-07,P1033,1,39.26,39.26,WH-CENTRAL,Online
T511112,2026-02-08,P1033,1,39.26,39.26,WH-CENTRAL,Online
T511113,2026-02-12,P1033,4,39.26,157.04,WH-CENTRAL,In-Store
T511114,2026-02-13,P1033,3,39.26,117.78,WH-CENTRAL,Online
T511115,2026-02-15,P1033,1,39.26,39.26,WH-CENTRAL,In-Store
T511116,2026-02-16,P1033,1,39.26,39.26,WH-CENTRAL,Online
T511117,2026-02-17,P1033,1,39.26,39.26,WH-CENTRAL,Online
T511118,2026-02-18,P1033,3,39.26,117.78,WH-CENTRAL,In-Store
T511119,2026-02-19,P1033,1,39.26,39.26,WH-CENTRAL,Online
T511120,2026-02-20,P1033,3,39.26,117.78,WH-CENTRAL,Online
T511121,2026-02-21,P1033,1,39.26,39.26,WH-CENTRAL,Online
T511122,2026-02-23,P1033,1,39.26,39.26,WH-CENTRAL,Online
T511123,2026-02-24,P1033,3,39.26,117.78,WH-CENTRAL,In-Store
T511124,2026-02-25,P1033,3,39.26,117.78,WH-CENTRAL,In-Store
T511125,2026-02-27,P1033,3,39.26,117.78,WH-CENTRAL,Online
T511126,2026-03-01,P1033,2,39.26,78.52,WH-CENTRAL,Online
T511127,2026-03-03,P1033,1,39.26,39.26,WH-CENTRAL,Online
T511128,2026-03-05,P1033,1,39.26,39.26,WH-CENTRAL,Online
T511129,2026-03-07,P1033,2,39.26,78.52,WH-CENTRAL,Online
T511130,2026-03-08,P1033,1,39.26,39.26,WH-CENTRAL,Online
T511131,2026-03-09,P1033,3,39.26,117.78,WH-CENTRAL,Online
T511132,2026-03-10,P1033,1,39.26,39.26,WH-CENTRAL,Online
T511133,2026-03-11,P1033,1,39.26,39.26,WH-CENTRAL,Online
T511134,2026-03-12,P1033,1,39.26,39.26,WH-CENTRAL,In-Store
T511135,2026-03-13,P1033,1,39.26,39.26,WH-CENTRAL,In-Store
T511136,2026-03-14,P1033,3,39.26,117.78,WH-CENTRAL,In-Store
T511137,2026-03-16,P1033,1,39.26,39.26,WH-CENTRAL,Online
T511138,2026-03-19,P1033,2,39.26,78.52,WH-CENTRAL,In-Store
T511139,2026-03-20,P1033,1,39.26,39.26,WH-CENTRAL,In-Store
T511140,2026-03-22,P1033,2,39.26,78.52,WH-CENTRAL,In-Store
T511141,2026-03-23,P1033,2,39.26,78.52,WH-CENTRAL,In-Store
T511142,2026-03-24,P1033,1,39.26,39.26,WH-CENTRAL,Online
T511143,2026-03-25,P1033,1,39.26,39.26,WH-CENTRAL,In-Store
T511144,2026-03-27,P1033,1,39.26,39.26,WH-CENTRAL,In-Store
T511145,2026-03-28,P1033,1,39.26,39.26,WH-CENTRAL,In-Store
T511146,2026-03-30,P1033,1,39.26,39.26,WH-CENTRAL,Online
T511147,2026-03-31,P1033,1,39.26,39.26,WH-CENTRAL,Online
T511148,2026-04-01,P1033,2,39.26,78.52,WH-CENTRAL,Online
T511149,2026-04-02,P1033,3,39.26,117.78,WH-CENTRAL,Online
T511150,2026-04-03,P1033,3,39.26,117.78,WH-CENTRAL,Online
T511151,2026-04-05,P1033,2,39.26,78.52,WH-CENTRAL,Online
T511152,2026-04-06,P1033,1,39.26,39.26,WH-CENTRAL,Online
T511153,2026-04-08,P1033,1,39.26,39.26,WH-CENTRAL,In-Store
T511154,2026-04-09,P1033,2,39.26,78.52,WH-CENTRAL,In-Store
T511155,2026-04-11,P1033,2,39.26,78.52,WH-CENTRAL,Online
T511156,2026-04-15,P1033,1,39.26,39.26,WH-CENTRAL,Online
T511157,2026-04-19,P1033,2,39.26,78.52,WH-CENTRAL,In-Store
T511158,2026-04-20,P1033,1,39.26,39.26,WH-CENTRAL,Online
T511159,2026-04-21,P1033,1,39.26,39.26,WH-CENTRAL,Online
T511160,2026-04-22,P1033,1,39.26,39.26,WH-CENTRAL,In-Store
T511161,2026-04-23,P1033,1,39.26,39.26,WH-CENTRAL,Online
T511162,2026-04-24,P1033,1,39.26,39.26,WH-CENTRAL,Online
T511163,2026-04-29,P1033,3,39.26,117.78,WH-CENTRAL,In-Store
T511164,2026-04-30,P1033,1,39.26,39.26,WH-CENTRAL,Online
T511165,2026-05-02,P1033,1,39.26,39.26,WH-CENTRAL,Online
T511166,2026-05-03,P1033,1,39.26,39.26,WH-CENTRAL,Online
T511167,2026-05-04,P1033,1,39.26,39.26,WH-CENTRAL,Online
T511168,2026-05-06,P1033,1,39.26,39.26,WH-CENTRAL,In-Store
T511169,2026-05-10,P1033,1,39.26,39.26,WH-CENTRAL,Online
T511170,2026-05-13,P1033,1,39.26,39.26,WH-CENTRAL,In-Store
T511171,2026-05-15,P1033,2,39.26,78.52,WH-CENTRAL,In-Store
T511172,2026-05-16,P1033,2,39.26,78.52,WH-CENTRAL,In-Store
T511173,2026-05-17,P1033,1,39.26,39.26,WH-CENTRAL,Online
T511174,2026-05-20,P1033,1,39.26,39.26,WH-CENTRAL,Online
T511175,2026-05-22,P1033,1,39.26,39.26,WH-CENTRAL,Online
T511176,2026-05-23,P1033,1,39.26,39.26,WH-CENTRAL,In-Store
T511177,2026-05-26,P1033,1,39.26,39.26,WH-CENTRAL,In-Store
T511178,2026-05-30,P1033,1,39.26,39.26,WH-CENTRAL,Online
T511179,2026-05-31,P1033,2,39.26,78.52,WH-CENTRAL,Online
T511180,2026-06-01,P1033,1,39.26,39.26,WH-CENTRAL,In-Store
T511181,2026-06-06,P1033,1,39.26,39.26,WH-CENTRAL,Online
T511182,2026-06-07,P1033,2,39.26,78.52,WH-CENTRAL,Online
T511183,2026-06-09,P1033,1,39.26,39.26,WH-CENTRAL,Online
T511184,2026-06-10,P1033,2,39.26,78.52,WH-CENTRAL,Online
T511185,2026-06-13,P1033,2,39.26,78.52,WH-CENTRAL,Online
T511186,2026-06-14,P1033,1,39.26,39.26,WH-CENTRAL,Online
T511187,2026-06-15,P1033,2,39.26,78.52,WH-CENTRAL,Online
T511188,2026-06-16,P1033,1,39.26,39.26,WH-CENTRAL,In-Store
T511189,2026-06-18,P1033,2,39.26,78.52,WH-CENTRAL,Online
T511190,2026-06-21,P1033,2,39.26,78.52,WH-CENTRAL,In-Store
T511191,2026-06-23,P1033,1,39.26,39.26,WH-CENTRAL,Online
T511192,2026-06-25,P1033,1,39.26,39.26,WH-CENTRAL,Online
T511193,2026-06-29,P1033,3,39.26,117.78,WH-CENTRAL,In-Store
T511194,2026-07-01,P1033,1,39.26,39.26,WH-CENTRAL,Online
T511195,2026-07-02,P1033,1,39.26,39.26,WH-CENTRAL,Online
T511196,2026-07-04,P1033,1,39.26,39.26,WH-CENTRAL,Online
T511197,2026-07-05,P1033,3,39.26,117.78,WH-CENTRAL,In-Store
T511198,2026-07-06,P1033,1,39.26,39.26,WH-CENTRAL,Online
T511199,2026-07-07,P1033,2,39.26,78.52,WH-CENTRAL,In-Store
T511200,2026-07-08,P1033,1,39.26,39.26,WH-CENTRAL,Online
T511201,2026-07-11,P1033,1,39.26,39.26,WH-CENTRAL,Online
T511202,2026-07-12,P1033,1,39.26,39.26,WH-CENTRAL,Online
T511203,2026-07-17,P1033,1,39.26,39.26,WH-CENTRAL,Online
T511204,2026-07-18,P1033,2,39.26,78.52,WH-CENTRAL,In-Store
T511205,2026-07-20,P1033,1,39.26,39.26,WH-CENTRAL,Online
T511206,2026-07-21,P1033,1,39.26,39.26,WH-CENTRAL,Online
T511207,2026-07-22,P1033,1,39.26,39.26,WH-CENTRAL,Online
T511208,2026-07-23,P1033,3,39.26,117.78,WH-CENTRAL,Online
T511209,2026-07-25,P1033,1,39.26,39.26,WH-CENTRAL,In-Store
T511210,2026-08-03,P1033,1,39.26,39.26,WH-CENTRAL,In-Store
T511211,2026-08-06,P1033,1,39.26,39.26,WH-CENTRAL,Online
T511212,2026-08-07,P1033,1,39.26,39.26,WH-CENTRAL,Online
T511213,2025-08-15,P1034,4,33.63,134.52,WH-WEST,Online
T511214,2025-08-16,P1034,3,33.63,100.89,WH-WEST,Online
T511215,2025-08-17,P1034,4,33.63,134.52,WH-WEST,Online
T511216,2025-08-18,P1034,2,33.63,67.26,WH-WEST,In-Store
T511217,2025-08-19,P1034,6,33.63,201.78,WH-WEST,Online
T511218,2025-08-20,P1034,1,33.63,33.63,WH-WEST,Online
T511219,2025-08-21,P1034,3,33.63,100.89,WH-WEST,Online
T511220,2025-08-22,P1034,3,33.63,100.89,WH-WEST,Online
T511221,2025-08-23,P1034,3,33.63,100.89,WH-WEST,Online
T511222,2025-08-24,P1034,5,33.63,168.15,WH-WEST,Online
T511223,2025-08-25,P1034,3,33.63,100.89,WH-WEST,Online
T511224,2025-08-26,P1034,4,33.63,134.52,WH-WEST,Online
T511225,2025-08-27,P1034,4,33.63,134.52,WH-WEST,In-Store
T511226,2025-08-28,P1034,8,33.63,269.04,WH-WEST,Online
T511227,2025-08-29,P1034,4,33.63,134.52,WH-WEST,Online
T511228,2025-08-30,P1034,3,33.63,100.89,WH-WEST,Online
T511229,2025-08-31,P1034,6,33.63,201.78,WH-WEST,In-Store
T511230,2025-09-01,P1034,1,33.63,33.63,WH-WEST,In-Store
T511231,2025-09-02,P1034,4,33.63,134.52,WH-WEST,In-Store
T511232,2025-09-03,P1034,3,33.63,100.89,WH-WEST,Online
T511233,2025-09-04,P1034,5,33.63,168.15,WH-WEST,Online
T511234,2025-09-05,P1034,4,33.63,134.52,WH-WEST,In-Store
T511235,2025-09-06,P1034,6,33.63,201.78,WH-WEST,In-Store
T511236,2025-09-07,P1034,3,33.63,100.89,WH-WEST,Online
T511237,2025-09-08,P1034,4,33.63,134.52,WH-WEST,In-Store
T511238,2025-09-09,P1034,3,33.63,100.89,WH-WEST,In-Store
T511239,2025-09-10,P1034,5,33.63,168.15,WH-WEST,Online
T511240,2025-09-11,P1034,5,33.63,168.15,WH-WEST,Online
T511241,2025-09-12,P1034,2,33.63,67.26,WH-WEST,Online
T511242,2025-09-13,P1034,7,33.63,235.41,WH-WEST,In-Store
T511243,2025-09-14,P1034,7,33.63,235.41,WH-WEST,Online
T511244,2025-09-15,P1034,4,33.63,134.52,WH-WEST,In-Store
T511245,2025-09-16,P1034,6,33.63,201.78,WH-WEST,Online
T511246,2025-09-17,P1034,4,33.63,134.52,WH-WEST,Online
T511247,2025-09-18,P1034,3,33.63,100.89,WH-WEST,In-Store
T511248,2025-09-19,P1034,3,33.63,100.89,WH-WEST,In-Store
T511249,2025-09-20,P1034,7,33.63,235.41,WH-WEST,Online
T511250,2025-09-21,P1034,6,33.63,201.78,WH-WEST,Online
T511251,2025-09-23,P1034,5,33.63,168.15,WH-WEST,Online
T511252,2025-09-24,P1034,5,33.63,168.15,WH-WEST,In-Store
T511253,2025-09-25,P1034,4,33.63,134.52,WH-WEST,In-Store
T511254,2025-09-26,P1034,3,33.63,100.89,WH-WEST,Online
T511255,2025-09-27,P1034,3,33.63,100.89,WH-WEST,Online
T511256,2025-09-28,P1034,5,33.63,168.15,WH-WEST,Online
T511257,2025-09-29,P1034,4,33.63,134.52,WH-WEST,Online
T511258,2025-09-30,P1034,3,33.63,100.89,WH-WEST,In-Store
T511259,2025-10-01,P1034,4,33.63,134.52,WH-WEST,In-Store
T511260,2025-10-02,P1034,6,33.63,201.78,WH-WEST,In-Store
T511261,2025-10-03,P1034,2,33.63,67.26,WH-WEST,In-Store
T511262,2025-10-04,P1034,5,33.63,168.15,WH-WEST,In-Store
T511263,2025-10-05,P1034,7,33.63,235.41,WH-WEST,Online
T511264,2025-10-06,P1034,5,33.63,168.15,WH-WEST,In-Store
T511265,2025-10-07,P1034,4,33.63,134.52,WH-WEST,In-Store
T511266,2025-10-08,P1034,5,33.63,168.15,WH-WEST,Online
T511267,2025-10-09,P1034,4,33.63,134.52,WH-WEST,Online
T511268,2025-10-10,P1034,5,33.63,168.15,WH-WEST,Online
T511269,2025-10-11,P1034,1,33.63,33.63,WH-WEST,Online
T511270,2025-10-12,P1034,5,33.63,168.15,WH-WEST,In-Store
T511271,2025-10-13,P1034,5,33.63,168.15,WH-WEST,Online
T511272,2025-10-14,P1034,5,33.63,168.15,WH-WEST,Online
T511273,2025-10-15,P1034,2,33.63,67.26,WH-WEST,Online
T511274,2025-10-16,P1034,4,33.63,134.52,WH-WEST,Online
T511275,2025-10-17,P1034,5,33.63,168.15,WH-WEST,Online
T511276,2025-10-18,P1034,4,33.63,134.52,WH-WEST,In-Store
T511277,2025-10-19,P1034,6,33.63,201.78,WH-WEST,In-Store
T511278,2025-10-20,P1034,4,33.63,134.52,WH-WEST,Online
T511279,2025-10-21,P1034,2,33.63,67.26,WH-WEST,Online
T511280,2025-10-22,P1034,8,33.63,269.04,WH-WEST,Online
T511281,2025-10-23,P1034,3,33.63,100.89,WH-WEST,Online
T511282,2025-10-24,P1034,6,33.63,201.78,WH-WEST,In-Store
T511283,2025-10-25,P1034,13,33.63,437.19,WH-WEST,Online
T511284,2025-10-26,P1034,6,33.63,201.78,WH-WEST,Online
T511285,2025-10-27,P1034,4,33.63,134.52,WH-WEST,In-Store
T511286,2025-10-28,P1034,5,33.63,168.15,WH-WEST,Online
T511287,2025-10-29,P1034,6,33.63,201.78,WH-WEST,In-Store
T511288,2025-10-30,P1034,2,33.63,67.26,WH-WEST,Online
T511289,2025-10-31,P1034,9,33.63,302.67,WH-WEST,In-Store
T511290,2025-11-01,P1034,6,33.63,201.78,WH-WEST,In-Store
T511291,2025-11-02,P1034,2,33.63,67.26,WH-WEST,In-Store
T511292,2025-11-03,P1034,5,33.63,168.15,WH-WEST,Online
T511293,2025-11-04,P1034,3,33.63,100.89,WH-WEST,Online
T511294,2025-11-05,P1034,3,33.63,100.89,WH-WEST,Online
T511295,2025-11-06,P1034,3,33.63,100.89,WH-WEST,Online
T511296,2025-11-07,P1034,4,33.63,134.52,WH-WEST,Online
T511297,2025-11-08,P1034,10,33.63,336.3,WH-WEST,In-Store
T511298,2025-11-09,P1034,6,33.63,201.78,WH-WEST,Online
T511299,2025-11-10,P1034,3,33.63,100.89,WH-WEST,Online
T511300,2025-11-11,P1034,7,33.63,235.41,WH-WEST,In-Store
T511301,2025-11-12,P1034,3,33.63,100.89,WH-WEST,Online
T511302,2025-11-13,P1034,6,33.63,201.78,WH-WEST,In-Store
T511303,2025-11-14,P1034,3,33.63,100.89,WH-WEST,Online
T511304,2025-11-15,P1034,3,33.63,100.89,WH-WEST,Online
T511305,2025-11-16,P1034,6,33.63,201.78,WH-WEST,Online
T511306,2025-11-17,P1034,3,33.63,100.89,WH-WEST,Online
T511307,2025-11-18,P1034,2,33.63,67.26,WH-WEST,Online
T511308,2025-11-19,P1034,7,33.63,235.41,WH-WEST,In-Store
T511309,2025-11-20,P1034,2,33.63,67.26,WH-WEST,Online
T511310,2025-11-21,P1034,5,33.63,168.15,WH-WEST,Online
T511311,2025-11-22,P1034,5,33.63,168.15,WH-WEST,In-Store
T511312,2025-11-23,P1034,5,33.63,168.15,WH-WEST,Online
T511313,2025-11-24,P1034,5,33.63,168.15,WH-WEST,Online
T511314,2025-11-25,P1034,6,33.63,201.78,WH-WEST,Online
T511315,2025-11-26,P1034,6,33.63,201.78,WH-WEST,Online
T511316,2025-11-27,P1034,4,33.63,134.52,WH-WEST,Online
T511317,2025-11-28,P1034,5,33.63,168.15,WH-WEST,Online
T511318,2025-11-29,P1034,11,33.63,369.93,WH-WEST,In-Store
T511319,2025-11-30,P1034,4,33.63,134.52,WH-WEST,Online
T511320,2025-12-01,P1034,7,33.63,235.41,WH-WEST,Online
T511321,2025-12-02,P1034,5,33.63,168.15,WH-WEST,Online
T511322,2025-12-03,P1034,2,33.63,67.26,WH-WEST,Online
T511323,2025-12-04,P1034,6,33.63,201.78,WH-WEST,Online
T511324,2025-12-05,P1034,6,33.63,201.78,WH-WEST,In-Store
T511325,2025-12-06,P1034,9,33.63,302.67,WH-WEST,In-Store
T511326,2025-12-07,P1034,4,33.63,134.52,WH-WEST,Online
T511327,2025-12-08,P1034,3,33.63,100.89,WH-WEST,Online
T511328,2025-12-09,P1034,6,33.63,201.78,WH-WEST,Online
T511329,2025-12-10,P1034,3,33.63,100.89,WH-WEST,In-Store
T511330,2025-12-11,P1034,4,33.63,134.52,WH-WEST,In-Store
T511331,2025-12-12,P1034,1,33.63,33.63,WH-WEST,Online
T511332,2025-12-13,P1034,4,33.63,134.52,WH-WEST,Online
T511333,2025-12-14,P1034,4,33.63,134.52,WH-WEST,In-Store
T511334,2025-12-15,P1034,8,33.63,269.04,WH-WEST,Online
T511335,2025-12-16,P1034,8,33.63,269.04,WH-WEST,In-Store
T511336,2025-12-17,P1034,6,33.63,201.78,WH-WEST,Online
T511337,2025-12-18,P1034,5,33.63,168.15,WH-WEST,Online
T511338,2025-12-19,P1034,3,33.63,100.89,WH-WEST,Online
T511339,2025-12-20,P1034,4,33.63,134.52,WH-WEST,Online
T511340,2025-12-21,P1034,4,33.63,134.52,WH-WEST,Online
T511341,2025-12-22,P1034,4,33.63,134.52,WH-WEST,Online
T511342,2025-12-23,P1034,1,33.63,33.63,WH-WEST,Online
T511343,2025-12-24,P1034,5,33.63,168.15,WH-WEST,In-Store
T511344,2025-12-25,P1034,5,33.63,168.15,WH-WEST,Online
T511345,2025-12-26,P1034,6,33.63,201.78,WH-WEST,In-Store
T511346,2025-12-27,P1034,4,33.63,134.52,WH-WEST,Online
T511347,2025-12-28,P1034,8,33.63,269.04,WH-WEST,Online
T511348,2025-12-29,P1034,2,33.63,67.26,WH-WEST,Online
T511349,2025-12-30,P1034,2,33.63,67.26,WH-WEST,Online
T511350,2025-12-31,P1034,5,33.63,168.15,WH-WEST,Online
T511351,2026-01-01,P1034,6,33.63,201.78,WH-WEST,Online
T511352,2026-01-02,P1034,4,33.63,134.52,WH-WEST,Online
T511353,2026-01-03,P1034,6,33.63,201.78,WH-WEST,Online
T511354,2026-01-04,P1034,3,33.63,100.89,WH-WEST,Online
T511355,2026-01-05,P1034,4,33.63,134.52,WH-WEST,Online
T511356,2026-01-06,P1034,3,33.63,100.89,WH-WEST,In-Store
T511357,2026-01-07,P1034,3,33.63,100.89,WH-WEST,Online
T511358,2026-01-08,P1034,5,33.63,168.15,WH-WEST,Online
T511359,2026-01-09,P1034,8,33.63,269.04,WH-WEST,In-Store
T511360,2026-01-10,P1034,2,33.63,67.26,WH-WEST,In-Store
T511361,2026-01-11,P1034,3,33.63,100.89,WH-WEST,Online
T511362,2026-01-12,P1034,1,33.63,33.63,WH-WEST,In-Store
T511363,2026-01-13,P1034,6,33.63,201.78,WH-WEST,Online
T511364,2026-01-14,P1034,7,33.63,235.41,WH-WEST,Online
T511365,2026-01-15,P1034,4,33.63,134.52,WH-WEST,In-Store
T511366,2026-01-16,P1034,2,33.63,67.26,WH-WEST,Online
T511367,2026-01-17,P1034,5,33.63,168.15,WH-WEST,Online
T511368,2026-01-18,P1034,5,33.63,168.15,WH-WEST,In-Store
T511369,2026-01-19,P1034,4,33.63,134.52,WH-WEST,In-Store
T511370,2026-01-20,P1034,4,33.63,134.52,WH-WEST,In-Store
T511371,2026-01-21,P1034,5,33.63,168.15,WH-WEST,In-Store
T511372,2026-01-22,P1034,6,33.63,201.78,WH-WEST,Online
T511373,2026-01-23,P1034,6,33.63,201.78,WH-WEST,In-Store
T511374,2026-01-24,P1034,3,33.63,100.89,WH-WEST,In-Store
T511375,2026-01-25,P1034,1,33.63,33.63,WH-WEST,In-Store
T511376,2026-01-26,P1034,2,33.63,67.26,WH-WEST,Online
T511377,2026-01-27,P1034,2,33.63,67.26,WH-WEST,Online
T511378,2026-01-28,P1034,6,33.63,201.78,WH-WEST,Online
T511379,2026-01-29,P1034,3,33.63,100.89,WH-WEST,In-Store
T511380,2026-01-30,P1034,1,33.63,33.63,WH-WEST,Online
T511381,2026-01-31,P1034,3,33.63,100.89,WH-WEST,Online
T511382,2026-02-01,P1034,3,33.63,100.89,WH-WEST,Online
T511383,2026-02-03,P1034,5,33.63,168.15,WH-WEST,Online
T511384,2026-02-04,P1034,5,33.63,168.15,WH-WEST,Online
T511385,2026-02-05,P1034,3,33.63,100.89,WH-WEST,Online
T511386,2026-02-06,P1034,2,33.63,67.26,WH-WEST,In-Store
T511387,2026-02-07,P1034,4,33.63,134.52,WH-WEST,Online
T511388,2026-02-08,P1034,3,33.63,100.89,WH-WEST,In-Store
T511389,2026-02-09,P1034,5,33.63,168.15,WH-WEST,Online
T511390,2026-02-10,P1034,4,33.63,134.52,WH-WEST,Online
T511391,2026-02-11,P1034,5,33.63,168.15,WH-WEST,Online
T511392,2026-02-12,P1034,4,33.63,134.52,WH-WEST,Online
T511393,2026-02-13,P1034,1,33.63,33.63,WH-WEST,Online
T511394,2026-02-14,P1034,5,33.63,168.15,WH-WEST,Online
T511395,2026-02-15,P1034,4,33.63,134.52,WH-WEST,Online
T511396,2026-02-16,P1034,4,33.63,134.52,WH-WEST,Online
T511397,2026-02-17,P1034,3,33.63,100.89,WH-WEST,Online
T511398,2026-02-18,P1034,5,33.63,168.15,WH-WEST,Online
T511399,2026-02-19,P1034,3,33.63,100.89,WH-WEST,In-Store
T511400,2026-02-20,P1034,2,33.63,67.26,WH-WEST,Online
T511401,2026-02-21,P1034,6,33.63,201.78,WH-WEST,Online
T511402,2026-02-22,P1034,2,33.63,67.26,WH-WEST,Online
T511403,2026-02-23,P1034,2,33.63,67.26,WH-WEST,Online
T511404,2026-02-24,P1034,9,33.63,302.67,WH-WEST,Online
T511405,2026-02-25,P1034,4,33.63,134.52,WH-WEST,In-Store
T511406,2026-02-26,P1034,3,33.63,100.89,WH-WEST,Online
T511407,2026-02-27,P1034,5,33.63,168.15,WH-WEST,Online
T511408,2026-02-28,P1034,3,33.63,100.89,WH-WEST,In-Store
T511409,2026-03-01,P1034,1,33.63,33.63,WH-WEST,In-Store
T511410,2026-03-02,P1034,3,33.63,100.89,WH-WEST,In-Store
T511411,2026-03-03,P1034,3,33.63,100.89,WH-WEST,In-Store
T511412,2026-03-04,P1034,1,33.63,33.63,WH-WEST,In-Store
T511413,2026-03-05,P1034,4,33.63,134.52,WH-WEST,In-Store
T511414,2026-03-06,P1034,5,33.63,168.15,WH-WEST,Online
T511415,2026-03-07,P1034,5,33.63,168.15,WH-WEST,Online
T511416,2026-03-08,P1034,3,33.63,100.89,WH-WEST,In-Store
T511417,2026-03-09,P1034,2,33.63,67.26,WH-WEST,Online
T511418,2026-03-10,P1034,2,33.63,67.26,WH-WEST,In-Store
T511419,2026-03-11,P1034,4,33.63,134.52,WH-WEST,Online
T511420,2026-03-12,P1034,6,33.63,201.78,WH-WEST,In-Store
T511421,2026-03-13,P1034,3,33.63,100.89,WH-WEST,Online
T511422,2026-03-14,P1034,4,33.63,134.52,WH-WEST,In-Store
T511423,2026-03-15,P1034,4,33.63,134.52,WH-WEST,In-Store
T511424,2026-03-16,P1034,5,33.63,168.15,WH-WEST,In-Store
T511425,2026-03-17,P1034,3,33.63,100.89,WH-WEST,Online
T511426,2026-03-18,P1034,1,33.63,33.63,WH-WEST,Online
T511427,2026-03-19,P1034,6,33.63,201.78,WH-WEST,Online
T511428,2026-03-21,P1034,6,33.63,201.78,WH-WEST,In-Store
T511429,2026-03-22,P1034,2,33.63,67.26,WH-WEST,In-Store
T511430,2026-03-23,P1034,4,33.63,134.52,WH-WEST,Online
T511431,2026-03-24,P1034,3,33.63,100.89,WH-WEST,Online
T511432,2026-03-25,P1034,3,33.63,100.89,WH-WEST,In-Store
T511433,2026-03-26,P1034,1,33.63,33.63,WH-WEST,Online
T511434,2026-03-27,P1034,2,33.63,67.26,WH-WEST,Online
T511435,2026-03-28,P1034,3,33.63,100.89,WH-WEST,Online
T511436,2026-03-29,P1034,3,33.63,100.89,WH-WEST,In-Store
T511437,2026-03-30,P1034,5,33.63,168.15,WH-WEST,In-Store
T511438,2026-03-31,P1034,1,33.63,33.63,WH-WEST,In-Store
T511439,2026-04-01,P1034,3,33.63,100.89,WH-WEST,Online
T511440,2026-04-02,P1034,1,33.63,33.63,WH-WEST,In-Store
T511441,2026-04-03,P1034,7,33.63,235.41,WH-WEST,In-Store
T511442,2026-04-04,P1034,4,33.63,134.52,WH-WEST,In-Store
T511443,2026-04-05,P1034,4,33.63,134.52,WH-WEST,Online
T511444,2026-04-06,P1034,2,33.63,67.26,WH-WEST,Online
T511445,2026-04-07,P1034,2,33.63,67.26,WH-WEST,Online
T511446,2026-04-08,P1034,4,33.63,134.52,WH-WEST,In-Store
T511447,2026-04-09,P1034,3,33.63,100.89,WH-WEST,Online
T511448,2026-04-10,P1034,2,33.63,67.26,WH-WEST,Online
T511449,2026-04-11,P1034,5,33.63,168.15,WH-WEST,Online
T511450,2026-04-12,P1034,2,33.63,67.26,WH-WEST,Online
T511451,2026-04-13,P1034,2,33.63,67.26,WH-WEST,Online
T511452,2026-04-14,P1034,1,33.63,33.63,WH-WEST,In-Store
T511453,2026-04-15,P1034,6,33.63,201.78,WH-WEST,In-Store
T511454,2026-04-16,P1034,4,33.63,134.52,WH-WEST,Online
T511455,2026-04-18,P1034,4,33.63,134.52,WH-WEST,In-Store
T511456,2026-04-19,P1034,5,33.63,168.15,WH-WEST,In-Store
T511457,2026-04-20,P1034,1,33.63,33.63,WH-WEST,Online
T511458,2026-04-21,P1034,2,33.63,67.26,WH-WEST,Online
T511459,2026-04-22,P1034,3,33.63,100.89,WH-WEST,Online
T511460,2026-04-23,P1034,2,33.63,67.26,WH-WEST,In-Store
T511461,2026-04-24,P1034,3,33.63,100.89,WH-WEST,In-Store
T511462,2026-04-25,P1034,3,33.63,100.89,WH-WEST,In-Store
T511463,2026-04-26,P1034,3,33.63,100.89,WH-WEST,In-Store
T511464,2026-04-27,P1034,1,33.63,33.63,WH-WEST,Online
T511465,2026-04-28,P1034,1,33.63,33.63,WH-WEST,Online
T511466,2026-04-29,P1034,5,33.63,168.15,WH-WEST,Online
T511467,2026-04-30,P1034,2,33.63,67.26,WH-WEST,Online
T511468,2026-05-01,P1034,4,33.63,134.52,WH-WEST,Online
T511469,2026-05-02,P1034,2,33.63,67.26,WH-WEST,In-Store
T511470,2026-05-03,P1034,1,33.63,33.63,WH-WEST,In-Store
T511471,2026-05-04,P1034,4,33.63,134.52,WH-WEST,Online
T511472,2026-05-05,P1034,3,33.63,100.89,WH-WEST,Online
T511473,2026-05-06,P1034,5,33.63,168.15,WH-WEST,In-Store
T511474,2026-05-07,P1034,4,33.63,134.52,WH-WEST,Online
T511475,2026-05-08,P1034,2,33.63,67.26,WH-WEST,In-Store
T511476,2026-05-09,P1034,6,33.63,201.78,WH-WEST,In-Store
T511477,2026-05-10,P1034,1,33.63,33.63,WH-WEST,Online
T511478,2026-05-11,P1034,2,33.63,67.26,WH-WEST,Online
T511479,2026-05-13,P1034,4,33.63,134.52,WH-WEST,Online
T511480,2026-05-14,P1034,3,33.63,100.89,WH-WEST,Online
T511481,2026-05-15,P1034,3,33.63,100.89,WH-WEST,In-Store
T511482,2026-05-16,P1034,6,33.63,201.78,WH-WEST,Online
T511483,2026-05-17,P1034,4,33.63,134.52,WH-WEST,Online
T511484,2026-05-19,P1034,2,33.63,67.26,WH-WEST,Online
T511485,2026-05-20,P1034,4,33.63,134.52,WH-WEST,Online
T511486,2026-05-21,P1034,1,33.63,33.63,WH-WEST,In-Store
T511487,2026-05-22,P1034,2,33.63,67.26,WH-WEST,Online
T511488,2026-05-23,P1034,3,33.63,100.89,WH-WEST,Online
T511489,2026-05-24,P1034,3,33.63,100.89,WH-WEST,In-Store
T511490,2026-05-25,P1034,2,33.63,67.26,WH-WEST,In-Store
T511491,2026-05-26,P1034,3,33.63,100.89,WH-WEST,Online
T511492,2026-05-27,P1034,1,33.63,33.63,WH-WEST,Online
T511493,2026-05-28,P1034,1,33.63,33.63,WH-WEST,In-Store
T511494,2026-05-30,P1034,3,33.63,100.89,WH-WEST,Online
T511495,2026-06-01,P1034,1,33.63,33.63,WH-WEST,In-Store
T511496,2026-06-02,P1034,3,33.63,100.89,WH-WEST,Online
T511497,2026-06-03,P1034,1,33.63,33.63,WH-WEST,Online
T511498,2026-06-04,P1034,2,33.63,67.26,WH-WEST,In-Store
T511499,2026-06-05,P1034,5,33.63,168.15,WH-WEST,In-Store
T511500,2026-06-06,P1034,3,33.63,100.89,WH-WEST,In-Store
T511501,2026-06-07,P1034,1,33.63,33.63,WH-WEST,In-Store
T511502,2026-06-08,P1034,3,33.63,100.89,WH-WEST,Online
T511503,2026-06-10,P1034,4,33.63,134.52,WH-WEST,Online
T511504,2026-06-11,P1034,2,33.63,67.26,WH-WEST,Online
T511505,2026-06-12,P1034,2,33.63,67.26,WH-WEST,In-Store
T511506,2026-06-13,P1034,2,33.63,67.26,WH-WEST,Online
T511507,2026-06-14,P1034,4,33.63,134.52,WH-WEST,Online
T511508,2026-06-15,P1034,1,33.63,33.63,WH-WEST,Online
T511509,2026-06-16,P1034,3,33.63,100.89,WH-WEST,Online
T511510,2026-06-17,P1034,1,33.63,33.63,WH-WEST,Online
T511511,2026-06-18,P1034,4,33.63,134.52,WH-WEST,Online
T511512,2026-06-19,P1034,2,33.63,67.26,WH-WEST,Online
T511513,2026-06-20,P1034,3,33.63,100.89,WH-WEST,In-Store
T511514,2026-06-21,P1034,5,33.63,168.15,WH-WEST,Online
T511515,2026-06-22,P1034,3,33.63,100.89,WH-WEST,Online
T511516,2026-06-23,P1034,2,33.63,67.26,WH-WEST,Online
T511517,2026-06-25,P1034,5,33.63,168.15,WH-WEST,In-Store
T511518,2026-06-26,P1034,2,33.63,67.26,WH-WEST,Online
T511519,2026-06-27,P1034,3,33.63,100.89,WH-WEST,In-Store
T511520,2026-06-28,P1034,2,33.63,67.26,WH-WEST,Online
T511521,2026-06-29,P1034,2,33.63,67.26,WH-WEST,Online
T511522,2026-06-30,P1034,4,33.63,134.52,WH-WEST,Online
T511523,2026-07-01,P1034,4,33.63,134.52,WH-WEST,Online
T511524,2026-07-02,P1034,3,33.63,100.89,WH-WEST,In-Store
T511525,2026-07-03,P1034,6,33.63,201.78,WH-WEST,Online
T511526,2026-07-04,P1034,2,33.63,67.26,WH-WEST,In-Store
T511527,2026-07-05,P1034,3,33.63,100.89,WH-WEST,Online
T511528,2026-07-06,P1034,2,33.63,67.26,WH-WEST,Online
T511529,2026-07-07,P1034,3,33.63,100.89,WH-WEST,In-Store
T511530,2026-07-09,P1034,1,33.63,33.63,WH-WEST,Online
T511531,2026-07-11,P1034,3,33.63,100.89,WH-WEST,Online
T511532,2026-07-12,P1034,2,33.63,67.26,WH-WEST,In-Store
T511533,2026-07-13,P1034,5,33.63,168.15,WH-WEST,Online
T511534,2026-07-14,P1034,1,33.63,33.63,WH-WEST,In-Store
T511535,2026-07-15,P1034,4,33.63,134.52,WH-WEST,Online
T511536,2026-07-16,P1034,2,33.63,67.26,WH-WEST,Online
T511537,2026-07-17,P1034,2,33.63,67.26,WH-WEST,Online
T511538,2026-07-18,P1034,4,33.63,134.52,WH-WEST,In-Store
T511539,2026-07-19,P1034,5,33.63,168.15,WH-WEST,Online
T511540,2026-07-20,P1034,3,33.63,100.89,WH-WEST,Online
T511541,2026-07-21,P1034,2,33.63,67.26,WH-WEST,Online
T511542,2026-07-22,P1034,2,33.63,67.26,WH-WEST,Online
T511543,2026-07-23,P1034,2,33.63,67.26,WH-WEST,Online
T511544,2026-07-24,P1034,2,33.63,67.26,WH-WEST,Online
T511545,2026-07-25,P1034,11,33.63,369.93,WH-WEST,In-Store
T511546,2026-07-26,P1034,1,33.63,33.63,WH-WEST,In-Store
T511547,2026-07-27,P1034,2,33.63,67.26,WH-WEST,In-Store
T511548,2026-07-28,P1034,1,33.63,33.63,WH-WEST,Online
T511549,2026-07-29,P1034,8,33.63,269.04,WH-WEST,Online
T511550,2026-07-30,P1034,4,33.63,134.52,WH-WEST,In-Store
T511551,2026-07-31,P1034,3,33.63,100.89,WH-WEST,Online
T511552,2026-08-01,P1034,3,33.63,100.89,WH-WEST,Online
T511553,2026-08-02,P1034,4,33.63,134.52,WH-WEST,Online
T511554,2026-08-03,P1034,3,33.63,100.89,WH-WEST,In-Store
T511555,2026-08-04,P1034,4,33.63,134.52,WH-WEST,Online
T511556,2026-08-05,P1034,3,33.63,100.89,WH-WEST,Online
T511557,2026-08-06,P1034,5,33.63,168.15,WH-WEST,Online
T511558,2026-08-07,P1034,3,33.63,100.89,WH-WEST,In-Store
T511559,2026-08-08,P1034,2,33.63,67.26,WH-WEST,In-Store
T511560,2026-08-09,P1034,5,33.63,168.15,WH-WEST,In-Store
T511561,2026-08-10,P1034,3,33.63,100.89,WH-WEST,Online
T511562,2026-08-11,P1034,1,33.63,33.63,WH-WEST,Online
T511563,2026-08-12,P1034,4,33.63,134.52,WH-WEST,Online
T511564,2026-08-13,P1034,1,33.63,33.63,WH-WEST,In-Store
T511565,2025-08-19,P1035,2,121.37,242.74,WH-WEST,Online
T511566,2025-08-20,P1035,2,121.37,242.74,WH-WEST,In-Store
T511567,2025-08-21,P1035,1,121.37,121.37,WH-WEST,In-Store
T511568,2025-08-23,P1035,2,121.37,242.74,WH-WEST,Online
T511569,2025-08-24,P1035,4,121.37,485.48,WH-WEST,Online
T511570,2025-08-25,P1035,2,121.37,242.74,WH-WEST,Online
T511571,2025-08-26,P1035,2,121.37,242.74,WH-WEST,Online
T511572,2025-08-27,P1035,1,121.37,121.37,WH-WEST,Online
T511573,2025-08-29,P1035,2,121.37,242.74,WH-WEST,Online
T511574,2025-08-30,P1035,3,121.37,364.11,WH-WEST,Online
T511575,2025-08-31,P1035,5,121.37,606.85,WH-WEST,In-Store
T511576,2025-09-04,P1035,1,121.37,121.37,WH-WEST,In-Store
T511577,2025-09-05,P1035,1,121.37,121.37,WH-WEST,Online
T511578,2025-09-06,P1035,2,121.37,242.74,WH-WEST,Online
T511579,2025-09-07,P1035,4,121.37,485.48,WH-WEST,In-Store
T511580,2025-09-08,P1035,2,121.37,242.74,WH-WEST,In-Store
T511581,2025-09-09,P1035,2,121.37,242.74,WH-WEST,In-Store
T511582,2025-09-15,P1035,2,121.37,242.74,WH-WEST,In-Store
T511583,2025-09-16,P1035,2,121.37,242.74,WH-WEST,Online
T511584,2025-09-17,P1035,1,121.37,121.37,WH-WEST,Online
T511585,2025-09-18,P1035,2,121.37,242.74,WH-WEST,Online
T511586,2025-09-19,P1035,1,121.37,121.37,WH-WEST,Online
T511587,2025-09-20,P1035,2,121.37,242.74,WH-WEST,Online
T511588,2025-09-21,P1035,3,121.37,364.11,WH-WEST,In-Store
T511589,2025-09-22,P1035,1,121.37,121.37,WH-WEST,In-Store
T511590,2025-09-23,P1035,2,121.37,242.74,WH-WEST,Online
T511591,2025-09-24,P1035,1,121.37,121.37,WH-WEST,Online
T511592,2025-09-25,P1035,2,121.37,242.74,WH-WEST,In-Store
T511593,2025-09-26,P1035,1,121.37,121.37,WH-WEST,Online
T511594,2025-09-27,P1035,1,121.37,121.37,WH-WEST,In-Store
T511595,2025-09-28,P1035,2,121.37,242.74,WH-WEST,Online
T511596,2025-09-30,P1035,1,121.37,121.37,WH-WEST,Online
T511597,2025-10-01,P1035,1,121.37,121.37,WH-WEST,In-Store
T511598,2025-10-04,P1035,2,121.37,242.74,WH-WEST,Online
T511599,2025-10-05,P1035,1,121.37,121.37,WH-WEST,Online
T511600,2025-10-06,P1035,3,121.37,364.11,WH-WEST,Online
T511601,2025-10-08,P1035,3,121.37,364.11,WH-WEST,Online
T511602,2025-10-09,P1035,1,121.37,121.37,WH-WEST,Online
T511603,2025-10-10,P1035,2,121.37,242.74,WH-WEST,Online
T511604,2025-10-12,P1035,2,121.37,242.74,WH-WEST,In-Store
T511605,2025-10-13,P1035,1,121.37,121.37,WH-WEST,Online
T511606,2025-10-14,P1035,1,121.37,121.37,WH-WEST,Online
T511607,2025-10-16,P1035,1,121.37,121.37,WH-WEST,Online
T511608,2025-10-17,P1035,3,121.37,364.11,WH-WEST,Online
T511609,2025-10-18,P1035,3,121.37,364.11,WH-WEST,Online
T511610,2025-10-19,P1035,1,121.37,121.37,WH-WEST,Online
T511611,2025-10-20,P1035,2,121.37,242.74,WH-WEST,Online
T511612,2025-10-23,P1035,2,121.37,242.74,WH-WEST,In-Store
T511613,2025-10-24,P1035,2,121.37,242.74,WH-WEST,Online
T511614,2025-10-26,P1035,1,121.37,121.37,WH-WEST,In-Store
T511615,2025-10-28,P1035,2,121.37,242.74,WH-WEST,Online
T511616,2025-10-30,P1035,3,121.37,364.11,WH-WEST,Online
T511617,2025-10-31,P1035,1,121.37,121.37,WH-WEST,In-Store
T511618,2025-11-01,P1035,3,121.37,364.11,WH-WEST,Online
T511619,2025-11-02,P1035,1,121.37,121.37,WH-WEST,In-Store
T511620,2025-11-03,P1035,1,121.37,121.37,WH-WEST,Online
T511621,2025-11-06,P1035,3,121.37,364.11,WH-WEST,Online
T511622,2025-11-07,P1035,2,121.37,242.74,WH-WEST,In-Store
T511623,2025-11-08,P1035,3,121.37,364.11,WH-WEST,In-Store
T511624,2025-11-09,P1035,3,121.37,364.11,WH-WEST,Online
T511625,2025-11-10,P1035,2,121.37,242.74,WH-WEST,Online
T511626,2025-11-11,P1035,4,121.37,485.48,WH-WEST,In-Store
T511627,2025-11-12,P1035,2,121.37,242.74,WH-WEST,Online
T511628,2025-11-14,P1035,1,121.37,121.37,WH-WEST,Online
T511629,2025-11-15,P1035,3,121.37,364.11,WH-WEST,In-Store
T511630,2025-11-16,P1035,4,121.37,485.48,WH-WEST,Online
T511631,2025-11-17,P1035,1,121.37,121.37,WH-WEST,In-Store
T511632,2025-11-18,P1035,2,121.37,242.74,WH-WEST,Online
T511633,2025-11-19,P1035,3,121.37,364.11,WH-WEST,Online
T511634,2025-11-20,P1035,4,121.37,485.48,WH-WEST,Online
T511635,2025-11-21,P1035,1,121.37,121.37,WH-WEST,Online
T511636,2025-11-24,P1035,1,121.37,121.37,WH-WEST,Online
T511637,2025-11-25,P1035,1,121.37,121.37,WH-WEST,Online
T511638,2025-11-26,P1035,1,121.37,121.37,WH-WEST,Online
T511639,2025-11-27,P1035,3,121.37,364.11,WH-WEST,In-Store
T511640,2025-11-28,P1035,2,121.37,242.74,WH-WEST,Online
T511641,2025-11-29,P1035,3,121.37,364.11,WH-WEST,In-Store
T511642,2025-11-30,P1035,1,121.37,121.37,WH-WEST,In-Store
T511643,2025-12-01,P1035,1,121.37,121.37,WH-WEST,In-Store
T511644,2025-12-02,P1035,1,121.37,121.37,WH-WEST,In-Store
T511645,2025-12-03,P1035,1,121.37,121.37,WH-WEST,In-Store
T511646,2025-12-05,P1035,1,121.37,121.37,WH-WEST,Online
T511647,2025-12-06,P1035,3,121.37,364.11,WH-WEST,Online
T511648,2025-12-07,P1035,1,121.37,121.37,WH-WEST,In-Store
T511649,2025-12-08,P1035,3,121.37,364.11,WH-WEST,Online
T511650,2025-12-09,P1035,3,121.37,364.11,WH-WEST,In-Store
T511651,2025-12-10,P1035,2,121.37,242.74,WH-WEST,In-Store
T511652,2025-12-11,P1035,1,121.37,121.37,WH-WEST,In-Store
T511653,2025-12-12,P1035,5,121.37,606.85,WH-WEST,Online
T511654,2025-12-15,P1035,2,121.37,242.74,WH-WEST,In-Store
T511655,2025-12-17,P1035,1,121.37,121.37,WH-WEST,In-Store
T511656,2025-12-18,P1035,2,121.37,242.74,WH-WEST,Online
T511657,2025-12-19,P1035,1,121.37,121.37,WH-WEST,Online
T511658,2025-12-20,P1035,2,121.37,242.74,WH-WEST,In-Store
T511659,2025-12-21,P1035,2,121.37,242.74,WH-WEST,In-Store
T511660,2025-12-22,P1035,1,121.37,121.37,WH-WEST,Online
T511661,2025-12-23,P1035,2,121.37,242.74,WH-WEST,In-Store
T511662,2025-12-24,P1035,1,121.37,121.37,WH-WEST,Online
T511663,2025-12-25,P1035,1,121.37,121.37,WH-WEST,Online
T511664,2025-12-26,P1035,1,121.37,121.37,WH-WEST,Online
T511665,2025-12-28,P1035,2,121.37,242.74,WH-WEST,Online
T511666,2025-12-30,P1035,1,121.37,121.37,WH-WEST,Online
T511667,2025-12-31,P1035,3,121.37,364.11,WH-WEST,Online
T511668,2026-01-01,P1035,2,121.37,242.74,WH-WEST,In-Store
T511669,2026-01-02,P1035,1,121.37,121.37,WH-WEST,In-Store
T511670,2026-01-03,P1035,1,121.37,121.37,WH-WEST,Online
T511671,2026-01-04,P1035,3,121.37,364.11,WH-WEST,Online
T511672,2026-01-05,P1035,1,121.37,121.37,WH-WEST,Online
T511673,2026-01-07,P1035,3,121.37,364.11,WH-WEST,Online
T511674,2026-01-08,P1035,2,121.37,242.74,WH-WEST,Online
T511675,2026-01-09,P1035,2,121.37,242.74,WH-WEST,In-Store
T511676,2026-01-10,P1035,2,121.37,242.74,WH-WEST,Online
T511677,2026-01-11,P1035,3,121.37,364.11,WH-WEST,Online
T511678,2026-01-12,P1035,2,121.37,242.74,WH-WEST,Online
T511679,2026-01-15,P1035,1,121.37,121.37,WH-WEST,Online
T511680,2026-01-16,P1035,3,121.37,364.11,WH-WEST,In-Store
T511681,2026-01-17,P1035,2,121.37,242.74,WH-WEST,In-Store
T511682,2026-01-18,P1035,1,121.37,121.37,WH-WEST,Online
T511683,2026-01-19,P1035,1,121.37,121.37,WH-WEST,In-Store
T511684,2026-01-21,P1035,2,121.37,242.74,WH-WEST,Online
T511685,2026-01-22,P1035,1,121.37,121.37,WH-WEST,Online
T511686,2026-01-23,P1035,2,121.37,242.74,WH-WEST,Online
T511687,2026-01-24,P1035,2,121.37,242.74,WH-WEST,Online
T511688,2026-01-25,P1035,1,121.37,121.37,WH-WEST,Online
T511689,2026-01-29,P1035,2,121.37,242.74,WH-WEST,Online
T511690,2026-01-30,P1035,1,121.37,121.37,WH-WEST,Online
T511691,2026-01-31,P1035,1,121.37,121.37,WH-WEST,In-Store
T511692,2026-02-01,P1035,1,121.37,121.37,WH-WEST,Online
T511693,2026-02-02,P1035,1,121.37,121.37,WH-WEST,In-Store
T511694,2026-02-05,P1035,1,121.37,121.37,WH-WEST,Online
T511695,2026-02-06,P1035,1,121.37,121.37,WH-WEST,Online
T511696,2026-02-07,P1035,1,121.37,121.37,WH-WEST,Online
T511697,2026-02-08,P1035,1,121.37,121.37,WH-WEST,Online
T511698,2026-02-09,P1035,2,121.37,242.74,WH-WEST,Online
T511699,2026-02-10,P1035,1,121.37,121.37,WH-WEST,Online
T511700,2026-02-11,P1035,2,121.37,242.74,WH-WEST,Online
T511701,2026-02-13,P1035,1,121.37,121.37,WH-WEST,Online
T511702,2026-02-14,P1035,3,121.37,364.11,WH-WEST,Online
T511703,2026-02-15,P1035,2,121.37,242.74,WH-WEST,Online
T511704,2026-02-17,P1035,2,121.37,242.74,WH-WEST,Online
T511705,2026-02-18,P1035,2,121.37,242.74,WH-WEST,Online
T511706,2026-02-19,P1035,1,121.37,121.37,WH-WEST,In-Store
T511707,2026-02-22,P1035,2,121.37,242.74,WH-WEST,Online
T511708,2026-02-23,P1035,1,121.37,121.37,WH-WEST,Online
T511709,2026-02-25,P1035,2,121.37,242.74,WH-WEST,Online
T511710,2026-02-26,P1035,1,121.37,121.37,WH-WEST,In-Store
T511711,2026-03-04,P1035,1,121.37,121.37,WH-WEST,In-Store
T511712,2026-03-05,P1035,2,121.37,242.74,WH-WEST,Online
T511713,2026-03-07,P1035,1,121.37,121.37,WH-WEST,In-Store
T511714,2026-03-08,P1035,2,121.37,242.74,WH-WEST,Online
T511715,2026-03-10,P1035,1,121.37,121.37,WH-WEST,In-Store
T511716,2026-03-11,P1035,2,121.37,242.74,WH-WEST,Online
T511717,2026-03-12,P1035,1,121.37,121.37,WH-WEST,Online
T511718,2026-03-13,P1035,1,121.37,121.37,WH-WEST,Online
T511719,2026-03-16,P1035,4,121.37,485.48,WH-WEST,Online
T511720,2026-03-19,P1035,1,121.37,121.37,WH-WEST,Online
T511721,2026-03-20,P1035,1,121.37,121.37,WH-WEST,In-Store
T511722,2026-03-22,P1035,5,121.37,606.85,WH-WEST,In-Store
T511723,2026-03-23,P1035,1,121.37,121.37,WH-WEST,Online
T511724,2026-03-24,P1035,1,121.37,121.37,WH-WEST,Online
T511725,2026-03-25,P1035,3,121.37,364.11,WH-WEST,In-Store
T511726,2026-03-28,P1035,3,121.37,364.11,WH-WEST,Online
T511727,2026-03-30,P1035,1,121.37,121.37,WH-WEST,Online
T511728,2026-04-01,P1035,1,121.37,121.37,WH-WEST,In-Store
T511729,2026-04-03,P1035,1,121.37,121.37,WH-WEST,In-Store
T511730,2026-04-05,P1035,1,121.37,121.37,WH-WEST,In-Store
T511731,2026-04-09,P1035,1,121.37,121.37,WH-WEST,Online
T511732,2026-04-10,P1035,1,121.37,121.37,WH-WEST,Online
T511733,2026-04-15,P1035,1,121.37,121.37,WH-WEST,Online
T511734,2026-04-16,P1035,2,121.37,242.74,WH-WEST,Online
T511735,2026-04-17,P1035,1,121.37,121.37,WH-WEST,In-Store
T511736,2026-04-18,P1035,2,121.37,242.74,WH-WEST,In-Store
T511737,2026-04-19,P1035,2,121.37,242.74,WH-WEST,In-Store
T511738,2026-04-20,P1035,1,121.37,121.37,WH-WEST,Online
T511739,2026-04-21,P1035,1,121.37,121.37,WH-WEST,In-Store
T511740,2026-04-23,P1035,1,121.37,121.37,WH-WEST,Online
T511741,2026-04-24,P1035,1,121.37,121.37,WH-WEST,Online
T511742,2026-04-25,P1035,1,121.37,121.37,WH-WEST,Online
T511743,2026-04-26,P1035,1,121.37,121.37,WH-WEST,Online
T511744,2026-05-01,P1035,2,121.37,242.74,WH-WEST,In-Store
T511745,2026-05-02,P1035,1,121.37,121.37,WH-WEST,Online
T511746,2026-05-03,P1035,1,121.37,121.37,WH-WEST,In-Store
T511747,2026-05-04,P1035,1,121.37,121.37,WH-WEST,In-Store
T511748,2026-05-05,P1035,1,121.37,121.37,WH-WEST,Online
T511749,2026-05-06,P1035,1,121.37,121.37,WH-WEST,Online
T511750,2026-05-08,P1035,1,121.37,121.37,WH-WEST,Online
T511751,2026-05-10,P1035,3,121.37,364.11,WH-WEST,In-Store
T511752,2026-05-11,P1035,1,121.37,121.37,WH-WEST,Online
T511753,2026-05-14,P1035,3,121.37,364.11,WH-WEST,Online
T511754,2026-05-16,P1035,3,121.37,364.11,WH-WEST,Online
T511755,2026-05-17,P1035,2,121.37,242.74,WH-WEST,Online
T511756,2026-05-20,P1035,1,121.37,121.37,WH-WEST,Online
T511757,2026-05-21,P1035,1,121.37,121.37,WH-WEST,In-Store
T511758,2026-05-23,P1035,2,121.37,242.74,WH-WEST,In-Store
T511759,2026-05-24,P1035,1,121.37,121.37,WH-WEST,Online
T511760,2026-05-26,P1035,1,121.37,121.37,WH-WEST,Online
T511761,2026-05-27,P1035,1,121.37,121.37,WH-WEST,In-Store
T511762,2026-05-28,P1035,1,121.37,121.37,WH-WEST,Online
T511763,2026-05-29,P1035,1,121.37,121.37,WH-WEST,Online
T511764,2026-05-30,P1035,1,121.37,121.37,WH-WEST,Online
T511765,2026-05-31,P1035,1,121.37,121.37,WH-WEST,In-Store
T511766,2026-06-01,P1035,1,121.37,121.37,WH-WEST,Online
T511767,2026-06-04,P1035,4,121.37,485.48,WH-WEST,Online
T511768,2026-06-06,P1035,1,121.37,121.37,WH-WEST,Online
T511769,2026-06-08,P1035,1,121.37,121.37,WH-WEST,Online
T511770,2026-06-09,P1035,2,121.37,242.74,WH-WEST,Online
T511771,2026-06-10,P1035,1,121.37,121.37,WH-WEST,In-Store
T511772,2026-06-11,P1035,1,121.37,121.37,WH-WEST,In-Store
T511773,2026-06-12,P1035,1,121.37,121.37,WH-WEST,Online
T511774,2026-06-14,P1035,2,121.37,242.74,WH-WEST,In-Store
T511775,2026-06-15,P1035,3,121.37,364.11,WH-WEST,Online
T511776,2026-06-16,P1035,1,121.37,121.37,WH-WEST,Online
T511777,2026-06-17,P1035,1,121.37,121.37,WH-WEST,Online
T511778,2026-06-18,P1035,1,121.37,121.37,WH-WEST,In-Store
T511779,2026-06-19,P1035,1,121.37,121.37,WH-WEST,Online
T511780,2026-06-20,P1035,1,121.37,121.37,WH-WEST,In-Store
T511781,2026-06-21,P1035,1,121.37,121.37,WH-WEST,Online
T511782,2026-06-22,P1035,1,121.37,121.37,WH-WEST,Online
T511783,2026-06-24,P1035,2,121.37,242.74,WH-WEST,In-Store
T511784,2026-06-25,P1035,1,121.37,121.37,WH-WEST,Online
T511785,2026-06-26,P1035,1,121.37,121.37,WH-WEST,Online
T511786,2026-06-27,P1035,1,121.37,121.37,WH-WEST,In-Store
T511787,2026-06-29,P1035,1,121.37,121.37,WH-WEST,In-Store
T511788,2026-06-30,P1035,1,121.37,121.37,WH-WEST,Online
T511789,2026-07-01,P1035,1,121.37,121.37,WH-WEST,Online
T511790,2026-07-03,P1035,3,121.37,364.11,WH-WEST,In-Store
T511791,2026-07-04,P1035,1,121.37,121.37,WH-WEST,Online
T511792,2026-07-05,P1035,3,121.37,364.11,WH-WEST,In-Store
T511793,2026-07-06,P1035,2,121.37,242.74,WH-WEST,Online
T511794,2026-07-07,P1035,1,121.37,121.37,WH-WEST,Online
T511795,2026-07-08,P1035,1,121.37,121.37,WH-WEST,In-Store
T511796,2026-07-09,P1035,1,121.37,121.37,WH-WEST,In-Store
T511797,2026-07-10,P1035,2,121.37,242.74,WH-WEST,Online
T511798,2026-07-11,P1035,1,121.37,121.37,WH-WEST,In-Store
T511799,2026-07-12,P1035,2,121.37,242.74,WH-WEST,Online
T511800,2026-07-13,P1035,1,121.37,121.37,WH-WEST,In-Store
T511801,2026-07-14,P1035,1,121.37,121.37,WH-WEST,Online
T511802,2026-07-18,P1035,1,121.37,121.37,WH-WEST,In-Store
T511803,2026-07-24,P1035,1,121.37,121.37,WH-WEST,Online
T511804,2026-07-25,P1035,1,121.37,121.37,WH-WEST,Online
T511805,2026-07-26,P1035,2,121.37,242.74,WH-WEST,Online
T511806,2026-07-27,P1035,1,121.37,121.37,WH-WEST,In-Store
T511807,2026-07-30,P1035,1,121.37,121.37,WH-WEST,Online
T511808,2026-08-01,P1035,1,121.37,121.37,WH-WEST,Online
T511809,2026-08-02,P1035,3,121.37,364.11,WH-WEST,In-Store
T511810,2026-08-06,P1035,2,121.37,242.74,WH-WEST,In-Store
T511811,2026-08-07,P1035,1,121.37,121.37,WH-WEST,Online
T511812,2026-08-09,P1035,2,121.37,242.74,WH-WEST,Online
T511813,2026-08-11,P1035,1,121.37,121.37,WH-WEST,In-Store
T511814,2026-08-13,P1035,1,121.37,121.37,WH-WEST,Online
T511815,2025-08-15,P1036,5,83.5,417.5,WH-EAST,In-Store
T511816,2025-08-16,P1036,2,83.5,167.0,WH-EAST,Online
T511817,2025-08-17,P1036,5,83.5,417.5,WH-EAST,Online
T511818,2025-08-18,P1036,1,83.5,83.5,WH-EAST,Online
T511819,2025-08-19,P1036,1,83.5,83.5,WH-EAST,Online
T511820,2025-08-20,P1036,3,83.5,250.5,WH-EAST,In-Store
T511821,2025-08-21,P1036,6,83.5,501.0,WH-EAST,Online
T511822,2025-08-22,P1036,2,83.5,167.0,WH-EAST,In-Store
T511823,2025-08-23,P1036,2,83.5,167.0,WH-EAST,Online
T511824,2025-08-24,P1036,4,83.5,334.0,WH-EAST,Online
T511825,2025-08-25,P1036,5,83.5,417.5,WH-EAST,Online
T511826,2025-08-26,P1036,2,83.5,167.0,WH-EAST,Online
T511827,2025-08-27,P1036,9,83.5,751.5,WH-EAST,Online
T511828,2025-08-28,P1036,2,83.5,167.0,WH-EAST,Online
T511829,2025-08-29,P1036,4,83.5,334.0,WH-EAST,Online
T511830,2025-08-30,P1036,3,83.5,250.5,WH-EAST,Online
T511831,2025-08-31,P1036,4,83.5,334.0,WH-EAST,Online
T511832,2025-09-01,P1036,7,83.5,584.5,WH-EAST,In-Store
T511833,2025-09-02,P1036,1,83.5,83.5,WH-EAST,In-Store
T511834,2025-09-03,P1036,2,83.5,167.0,WH-EAST,Online
T511835,2025-09-04,P1036,9,83.5,751.5,WH-EAST,Online
T511836,2025-09-05,P1036,4,83.5,334.0,WH-EAST,Online
T511837,2025-09-06,P1036,5,83.5,417.5,WH-EAST,Online
T511838,2025-09-07,P1036,2,83.5,167.0,WH-EAST,Online
T511839,2025-09-08,P1036,5,83.5,417.5,WH-EAST,Online
T511840,2025-09-09,P1036,6,83.5,501.0,WH-EAST,Online
T511841,2025-09-10,P1036,2,83.5,167.0,WH-EAST,In-Store
T511842,2025-09-11,P1036,4,83.5,334.0,WH-EAST,Online
T511843,2025-09-12,P1036,8,83.5,668.0,WH-EAST,In-Store
T511844,2025-09-13,P1036,7,83.5,584.5,WH-EAST,Online
T511845,2025-09-14,P1036,3,83.5,250.5,WH-EAST,In-Store
T511846,2025-09-15,P1036,7,83.5,584.5,WH-EAST,Online
T511847,2025-09-16,P1036,2,83.5,167.0,WH-EAST,Online
T511848,2025-09-17,P1036,2,83.5,167.0,WH-EAST,Online
T511849,2025-09-18,P1036,3,83.5,250.5,WH-EAST,Online
T511850,2025-09-19,P1036,3,83.5,250.5,WH-EAST,Online
T511851,2025-09-20,P1036,6,83.5,501.0,WH-EAST,In-Store
T511852,2025-09-21,P1036,7,83.5,584.5,WH-EAST,Online
T511853,2025-09-22,P1036,2,83.5,167.0,WH-EAST,Online
T511854,2025-09-23,P1036,5,83.5,417.5,WH-EAST,Online
T511855,2025-09-24,P1036,3,83.5,250.5,WH-EAST,Online
T511856,2025-09-25,P1036,2,83.5,167.0,WH-EAST,Online
T511857,2025-09-26,P1036,1,83.5,83.5,WH-EAST,Online
T511858,2025-09-27,P1036,3,83.5,250.5,WH-EAST,Online
T511859,2025-09-28,P1036,7,83.5,584.5,WH-EAST,In-Store
T511860,2025-09-29,P1036,2,83.5,167.0,WH-EAST,Online
T511861,2025-09-30,P1036,3,83.5,250.5,WH-EAST,In-Store
T511862,2025-10-01,P1036,3,83.5,250.5,WH-EAST,In-Store
T511863,2025-10-02,P1036,3,83.5,250.5,WH-EAST,Online
T511864,2025-10-03,P1036,3,83.5,250.5,WH-EAST,Online
T511865,2025-10-04,P1036,5,83.5,417.5,WH-EAST,Online
T511866,2025-10-05,P1036,4,83.5,334.0,WH-EAST,Online
T511867,2025-10-06,P1036,5,83.5,417.5,WH-EAST,Online
T511868,2025-10-07,P1036,7,83.5,584.5,WH-EAST,In-Store
T511869,2025-10-08,P1036,4,83.5,334.0,WH-EAST,Online
T511870,2025-10-09,P1036,3,83.5,250.5,WH-EAST,In-Store
T511871,2025-10-10,P1036,2,83.5,167.0,WH-EAST,In-Store
T511872,2025-10-11,P1036,4,83.5,334.0,WH-EAST,Online
T511873,2025-10-12,P1036,5,83.5,417.5,WH-EAST,Online
T511874,2025-10-13,P1036,3,83.5,250.5,WH-EAST,In-Store
T511875,2025-10-14,P1036,3,83.5,250.5,WH-EAST,Online
T511876,2025-10-15,P1036,3,83.5,250.5,WH-EAST,In-Store
T511877,2025-10-16,P1036,3,83.5,250.5,WH-EAST,In-Store
T511878,2025-10-17,P1036,3,83.5,250.5,WH-EAST,In-Store
T511879,2025-10-18,P1036,5,83.5,417.5,WH-EAST,In-Store
T511880,2025-10-19,P1036,6,83.5,501.0,WH-EAST,In-Store
T511881,2025-10-20,P1036,3,83.5,250.5,WH-EAST,In-Store
T511882,2025-10-21,P1036,7,83.5,584.5,WH-EAST,Online
T511883,2025-10-22,P1036,3,83.5,250.5,WH-EAST,In-Store
T511884,2025-10-23,P1036,4,83.5,334.0,WH-EAST,Online
T511885,2025-10-24,P1036,7,83.5,584.5,WH-EAST,Online
T511886,2025-10-25,P1036,5,83.5,417.5,WH-EAST,Online
T511887,2025-10-26,P1036,6,83.5,501.0,WH-EAST,Online
T511888,2025-10-27,P1036,2,83.5,167.0,WH-EAST,Online
T511889,2025-10-28,P1036,7,83.5,584.5,WH-EAST,Online
T511890,2025-10-29,P1036,6,83.5,501.0,WH-EAST,Online
T511891,2025-10-30,P1036,5,83.5,417.5,WH-EAST,Online
T511892,2025-10-31,P1036,5,83.5,417.5,WH-EAST,In-Store
T511893,2025-11-01,P1036,2,83.5,167.0,WH-EAST,Online
T511894,2025-11-02,P1036,4,83.5,334.0,WH-EAST,Online
T511895,2025-11-03,P1036,8,83.5,668.0,WH-EAST,Online
T511896,2025-11-04,P1036,1,83.5,83.5,WH-EAST,In-Store
T511897,2025-11-05,P1036,6,83.5,501.0,WH-EAST,Online
T511898,2025-11-06,P1036,9,83.5,751.5,WH-EAST,In-Store
T511899,2025-11-07,P1036,7,83.5,584.5,WH-EAST,In-Store
T511900,2025-11-08,P1036,6,83.5,501.0,WH-EAST,Online
T511901,2025-11-09,P1036,10,83.5,835.0,WH-EAST,Online
T511902,2025-11-10,P1036,7,83.5,584.5,WH-EAST,In-Store
T511903,2025-11-11,P1036,4,83.5,334.0,WH-EAST,In-Store
T511904,2025-11-12,P1036,3,83.5,250.5,WH-EAST,In-Store
T511905,2025-11-13,P1036,5,83.5,417.5,WH-EAST,In-Store
T511906,2025-11-14,P1036,4,83.5,334.0,WH-EAST,Online
T511907,2025-11-15,P1036,9,83.5,751.5,WH-EAST,Online
T511908,2025-11-16,P1036,5,83.5,417.5,WH-EAST,Online
T511909,2025-11-17,P1036,9,83.5,751.5,WH-EAST,In-Store
T511910,2025-11-18,P1036,2,83.5,167.0,WH-EAST,Online
T511911,2025-11-19,P1036,4,83.5,334.0,WH-EAST,In-Store
T511912,2025-11-20,P1036,3,83.5,250.5,WH-EAST,In-Store
T511913,2025-11-21,P1036,3,83.5,250.5,WH-EAST,In-Store
T511914,2025-11-22,P1036,8,83.5,668.0,WH-EAST,In-Store
T511915,2025-11-23,P1036,3,83.5,250.5,WH-EAST,Online
T511916,2025-11-24,P1036,5,83.5,417.5,WH-EAST,Online
T511917,2025-11-25,P1036,3,83.5,250.5,WH-EAST,In-Store
T511918,2025-11-26,P1036,3,83.5,250.5,WH-EAST,Online
T511919,2025-11-27,P1036,4,83.5,334.0,WH-EAST,In-Store
T511920,2025-11-28,P1036,4,83.5,334.0,WH-EAST,Online
T511921,2025-11-29,P1036,5,83.5,417.5,WH-EAST,In-Store
T511922,2025-11-30,P1036,5,83.5,417.5,WH-EAST,In-Store
T511923,2025-12-01,P1036,6,83.5,501.0,WH-EAST,Online
T511924,2025-12-02,P1036,4,83.5,334.0,WH-EAST,In-Store
T511925,2025-12-03,P1036,1,83.5,83.5,WH-EAST,Online
T511926,2025-12-04,P1036,5,83.5,417.5,WH-EAST,Online
T511927,2025-12-05,P1036,6,83.5,501.0,WH-EAST,In-Store
T511928,2025-12-06,P1036,4,83.5,334.0,WH-EAST,Online
T511929,2025-12-07,P1036,6,83.5,501.0,WH-EAST,In-Store
T511930,2025-12-08,P1036,6,83.5,501.0,WH-EAST,Online
T511931,2025-12-09,P1036,1,83.5,83.5,WH-EAST,In-Store
T511932,2025-12-10,P1036,4,83.5,334.0,WH-EAST,Online
T511933,2025-12-11,P1036,4,83.5,334.0,WH-EAST,Online
T511934,2025-12-12,P1036,6,83.5,501.0,WH-EAST,Online
T511935,2025-12-13,P1036,6,83.5,501.0,WH-EAST,Online
T511936,2025-12-14,P1036,8,83.5,668.0,WH-EAST,Online
T511937,2025-12-15,P1036,4,83.5,334.0,WH-EAST,Online
T511938,2025-12-16,P1036,6,83.5,501.0,WH-EAST,Online
T511939,2025-12-17,P1036,9,83.5,751.5,WH-EAST,In-Store
T511940,2025-12-18,P1036,4,83.5,334.0,WH-EAST,Online
T511941,2025-12-19,P1036,4,83.5,334.0,WH-EAST,In-Store
T511942,2025-12-20,P1036,5,83.5,417.5,WH-EAST,Online
T511943,2025-12-21,P1036,3,83.5,250.5,WH-EAST,Online
T511944,2025-12-22,P1036,5,83.5,417.5,WH-EAST,Online
T511945,2025-12-23,P1036,3,83.5,250.5,WH-EAST,Online
T511946,2025-12-24,P1036,5,83.5,417.5,WH-EAST,Online
T511947,2025-12-25,P1036,2,83.5,167.0,WH-EAST,Online
T511948,2025-12-26,P1036,3,83.5,250.5,WH-EAST,Online
T511949,2025-12-27,P1036,1,83.5,83.5,WH-EAST,Online
T511950,2025-12-28,P1036,5,83.5,417.5,WH-EAST,In-Store
T511951,2025-12-29,P1036,4,83.5,334.0,WH-EAST,In-Store
T511952,2025-12-30,P1036,4,83.5,334.0,WH-EAST,Online
T511953,2025-12-31,P1036,7,83.5,584.5,WH-EAST,Online
T511954,2026-01-01,P1036,4,83.5,334.0,WH-EAST,In-Store
T511955,2026-01-02,P1036,3,83.5,250.5,WH-EAST,In-Store
T511956,2026-01-03,P1036,5,83.5,417.5,WH-EAST,Online
T511957,2026-01-04,P1036,5,83.5,417.5,WH-EAST,In-Store
T511958,2026-01-05,P1036,4,83.5,334.0,WH-EAST,In-Store
T511959,2026-01-06,P1036,6,83.5,501.0,WH-EAST,In-Store
T511960,2026-01-07,P1036,9,83.5,751.5,WH-EAST,Online
T511961,2026-01-09,P1036,5,83.5,417.5,WH-EAST,Online
T511962,2026-01-10,P1036,6,83.5,501.0,WH-EAST,Online
T511963,2026-01-11,P1036,3,83.5,250.5,WH-EAST,Online
T511964,2026-01-12,P1036,4,83.5,334.0,WH-EAST,Online
T511965,2026-01-13,P1036,2,83.5,167.0,WH-EAST,Online
T511966,2026-01-14,P1036,4,83.5,334.0,WH-EAST,Online
T511967,2026-01-15,P1036,1,83.5,83.5,WH-EAST,Online
T511968,2026-01-16,P1036,8,83.5,668.0,WH-EAST,Online
T511969,2026-01-18,P1036,4,83.5,334.0,WH-EAST,In-Store
T511970,2026-01-19,P1036,3,83.5,250.5,WH-EAST,Online
T511971,2026-01-20,P1036,2,83.5,167.0,WH-EAST,Online
T511972,2026-01-21,P1036,6,83.5,501.0,WH-EAST,In-Store
T511973,2026-01-22,P1036,2,83.5,167.0,WH-EAST,Online
T511974,2026-01-23,P1036,4,83.5,334.0,WH-EAST,Online
T511975,2026-01-24,P1036,6,83.5,501.0,WH-EAST,Online
T511976,2026-01-25,P1036,5,83.5,417.5,WH-EAST,In-Store
T511977,2026-01-27,P1036,6,83.5,501.0,WH-EAST,In-Store
T511978,2026-01-28,P1036,2,83.5,167.0,WH-EAST,In-Store
T511979,2026-01-29,P1036,4,83.5,334.0,WH-EAST,Online
T511980,2026-01-31,P1036,3,83.5,250.5,WH-EAST,Online
T511981,2026-02-01,P1036,2,83.5,167.0,WH-EAST,Online
T511982,2026-02-02,P1036,3,83.5,250.5,WH-EAST,Online
T511983,2026-02-03,P1036,5,83.5,417.5,WH-EAST,Online
T511984,2026-02-04,P1036,7,83.5,584.5,WH-EAST,Online
T511985,2026-02-05,P1036,5,83.5,417.5,WH-EAST,Online
T511986,2026-02-06,P1036,4,83.5,334.0,WH-EAST,Online
T511987,2026-02-07,P1036,4,83.5,334.0,WH-EAST,In-Store
T511988,2026-02-08,P1036,5,83.5,417.5,WH-EAST,Online
T511989,2026-02-09,P1036,2,83.5,167.0,WH-EAST,In-Store
T511990,2026-02-10,P1036,1,83.5,83.5,WH-EAST,Online
T511991,2026-02-11,P1036,4,83.5,334.0,WH-EAST,Online
T511992,2026-02-12,P1036,6,83.5,501.0,WH-EAST,In-Store
T511993,2026-02-13,P1036,2,83.5,167.0,WH-EAST,Online
T511994,2026-02-14,P1036,4,83.5,334.0,WH-EAST,Online
T511995,2026-02-15,P1036,3,83.5,250.5,WH-EAST,Online
T511996,2026-02-16,P1036,1,83.5,83.5,WH-EAST,Online
T511997,2026-02-17,P1036,5,83.5,417.5,WH-EAST,Online
T511998,2026-02-18,P1036,3,83.5,250.5,WH-EAST,Online
T511999,2026-02-19,P1036,5,83.5,417.5,WH-EAST,In-Store
T512000,2026-02-20,P1036,3,83.5,250.5,WH-EAST,In-Store
T512001,2026-02-21,P1036,2,83.5,167.0,WH-EAST,In-Store
T512002,2026-02-22,P1036,2,83.5,167.0,WH-EAST,Online
T512003,2026-02-23,P1036,2,83.5,167.0,WH-EAST,Online
T512004,2026-02-24,P1036,2,83.5,167.0,WH-EAST,In-Store
T512005,2026-02-25,P1036,4,83.5,334.0,WH-EAST,In-Store
T512006,2026-02-26,P1036,3,83.5,250.5,WH-EAST,In-Store
T512007,2026-02-27,P1036,1,83.5,83.5,WH-EAST,Online
T512008,2026-02-28,P1036,2,83.5,167.0,WH-EAST,In-Store
T512009,2026-03-01,P1036,3,83.5,250.5,WH-EAST,Online
T512010,2026-03-02,P1036,2,83.5,167.0,WH-EAST,Online
T512011,2026-03-03,P1036,2,83.5,167.0,WH-EAST,Online
T512012,2026-03-04,P1036,4,83.5,334.0,WH-EAST,In-Store
T512013,2026-03-05,P1036,5,83.5,417.5,WH-EAST,Online
T512014,2026-03-06,P1036,3,83.5,250.5,WH-EAST,In-Store
T512015,2026-03-07,P1036,4,83.5,334.0,WH-EAST,Online
T512016,2026-03-08,P1036,2,83.5,167.0,WH-EAST,In-Store
T512017,2026-03-09,P1036,2,83.5,167.0,WH-EAST,Online
T512018,2026-03-10,P1036,6,83.5,501.0,WH-EAST,In-Store
T512019,2026-03-11,P1036,3,83.5,250.5,WH-EAST,Online
T512020,2026-03-12,P1036,2,83.5,167.0,WH-EAST,In-Store
T512021,2026-03-13,P1036,2,83.5,167.0,WH-EAST,In-Store
T512022,2026-03-14,P1036,4,83.5,334.0,WH-EAST,In-Store
T512023,2026-03-15,P1036,3,83.5,250.5,WH-EAST,In-Store
T512024,2026-03-16,P1036,4,83.5,334.0,WH-EAST,In-Store
T512025,2026-03-17,P1036,3,83.5,250.5,WH-EAST,In-Store
T512026,2026-03-18,P1036,2,83.5,167.0,WH-EAST,Online
T512027,2026-03-19,P1036,2,83.5,167.0,WH-EAST,Online
T512028,2026-03-20,P1036,4,83.5,334.0,WH-EAST,Online
T512029,2026-03-21,P1036,1,83.5,83.5,WH-EAST,In-Store
T512030,2026-03-22,P1036,1,83.5,83.5,WH-EAST,In-Store
T512031,2026-03-23,P1036,4,83.5,334.0,WH-EAST,In-Store
T512032,2026-03-24,P1036,1,83.5,83.5,WH-EAST,Online
T512033,2026-03-25,P1036,2,83.5,167.0,WH-EAST,Online
T512034,2026-03-26,P1036,1,83.5,83.5,WH-EAST,Online
T512035,2026-03-27,P1036,5,83.5,417.5,WH-EAST,In-Store
T512036,2026-03-28,P1036,1,83.5,83.5,WH-EAST,Online
T512037,2026-03-29,P1036,3,83.5,250.5,WH-EAST,Online
T512038,2026-03-30,P1036,8,83.5,668.0,WH-EAST,Online
T512039,2026-03-31,P1036,2,83.5,167.0,WH-EAST,Online
T512040,2026-04-01,P1036,4,83.5,334.0,WH-EAST,Online
T512041,2026-04-03,P1036,2,83.5,167.0,WH-EAST,Online
T512042,2026-04-04,P1036,5,83.5,417.5,WH-EAST,Online
T512043,2026-04-05,P1036,4,83.5,334.0,WH-EAST,Online
T512044,2026-04-06,P1036,1,83.5,83.5,WH-EAST,Online
T512045,2026-04-07,P1036,5,83.5,417.5,WH-EAST,In-Store
T512046,2026-04-08,P1036,5,83.5,417.5,WH-EAST,In-Store
T512047,2026-04-09,P1036,5,83.5,417.5,WH-EAST,Online
T512048,2026-04-10,P1036,2,83.5,167.0,WH-EAST,Online
T512049,2026-04-11,P1036,1,83.5,83.5,WH-EAST,Online
T512050,2026-04-12,P1036,2,83.5,167.0,WH-EAST,Online
T512051,2026-04-13,P1036,3,83.5,250.5,WH-EAST,Online
T512052,2026-04-14,P1036,2,83.5,167.0,WH-EAST,Online
T512053,2026-04-15,P1036,1,83.5,83.5,WH-EAST,In-Store
T512054,2026-04-16,P1036,4,83.5,334.0,WH-EAST,In-Store
T512055,2026-04-17,P1036,4,83.5,334.0,WH-EAST,Online
T512056,2026-04-18,P1036,2,83.5,167.0,WH-EAST,Online
T512057,2026-04-19,P1036,1,83.5,83.5,WH-EAST,Online
T512058,2026-04-20,P1036,4,83.5,334.0,WH-EAST,Online
T512059,2026-04-21,P1036,2,83.5,167.0,WH-EAST,Online
T512060,2026-04-22,P1036,3,83.5,250.5,WH-EAST,In-Store
T512061,2026-04-24,P1036,1,83.5,83.5,WH-EAST,Online
T512062,2026-04-26,P1036,2,83.5,167.0,WH-EAST,Online
T512063,2026-04-27,P1036,3,83.5,250.5,WH-EAST,In-Store
T512064,2026-04-28,P1036,2,83.5,167.0,WH-EAST,Online
T512065,2026-04-29,P1036,4,83.5,334.0,WH-EAST,Online
T512066,2026-04-30,P1036,1,83.5,83.5,WH-EAST,Online
T512067,2026-05-01,P1036,3,83.5,250.5,WH-EAST,Online
T512068,2026-05-02,P1036,2,83.5,167.0,WH-EAST,In-Store
T512069,2026-05-03,P1036,3,83.5,250.5,WH-EAST,Online
T512070,2026-05-04,P1036,4,83.5,334.0,WH-EAST,In-Store
T512071,2026-05-05,P1036,5,83.5,417.5,WH-EAST,In-Store
T512072,2026-05-06,P1036,2,83.5,167.0,WH-EAST,In-Store
T512073,2026-05-07,P1036,2,83.5,167.0,WH-EAST,In-Store
T512074,2026-05-08,P1036,4,83.5,334.0,WH-EAST,Online
T512075,2026-05-09,P1036,3,83.5,250.5,WH-EAST,In-Store
T512076,2026-05-10,P1036,3,83.5,250.5,WH-EAST,In-Store
T512077,2026-05-11,P1036,3,83.5,250.5,WH-EAST,Online
T512078,2026-05-12,P1036,2,83.5,167.0,WH-EAST,Online
T512079,2026-05-13,P1036,1,83.5,83.5,WH-EAST,Online
T512080,2026-05-14,P1036,3,83.5,250.5,WH-EAST,Online
T512081,2026-05-15,P1036,2,83.5,167.0,WH-EAST,In-Store
T512082,2026-05-16,P1036,4,83.5,334.0,WH-EAST,Online
T512083,2026-05-17,P1036,3,83.5,250.5,WH-EAST,In-Store
T512084,2026-05-18,P1036,2,83.5,167.0,WH-EAST,In-Store
T512085,2026-05-19,P1036,5,83.5,417.5,WH-EAST,In-Store
T512086,2026-05-20,P1036,1,83.5,83.5,WH-EAST,In-Store
T512087,2026-05-21,P1036,2,83.5,167.0,WH-EAST,In-Store
T512088,2026-05-22,P1036,2,83.5,167.0,WH-EAST,Online
T512089,2026-05-23,P1036,4,83.5,334.0,WH-EAST,Online
T512090,2026-05-24,P1036,4,83.5,334.0,WH-EAST,Online
T512091,2026-05-25,P1036,3,83.5,250.5,WH-EAST,In-Store
T512092,2026-05-27,P1036,2,83.5,167.0,WH-EAST,Online
T512093,2026-05-28,P1036,2,83.5,167.0,WH-EAST,Online
T512094,2026-05-29,P1036,4,83.5,334.0,WH-EAST,Online
T512095,2026-05-30,P1036,4,83.5,334.0,WH-EAST,Online
T512096,2026-05-31,P1036,2,83.5,167.0,WH-EAST,In-Store
T512097,2026-06-01,P1036,3,83.5,250.5,WH-EAST,Online
T512098,2026-06-02,P1036,3,83.5,250.5,WH-EAST,In-Store
T512099,2026-06-03,P1036,2,83.5,167.0,WH-EAST,In-Store
T512100,2026-06-04,P1036,1,83.5,83.5,WH-EAST,Online
T512101,2026-06-05,P1036,3,83.5,250.5,WH-EAST,Online
T512102,2026-06-07,P1036,3,83.5,250.5,WH-EAST,Online
T512103,2026-06-08,P1036,3,83.5,250.5,WH-EAST,Online
T512104,2026-06-09,P1036,1,83.5,83.5,WH-EAST,In-Store
T512105,2026-06-10,P1036,1,83.5,83.5,WH-EAST,In-Store
T512106,2026-06-11,P1036,4,83.5,334.0,WH-EAST,Online
T512107,2026-06-12,P1036,1,83.5,83.5,WH-EAST,Online
T512108,2026-06-13,P1036,1,83.5,83.5,WH-EAST,Online
T512109,2026-06-14,P1036,1,83.5,83.5,WH-EAST,Online
T512110,2026-06-15,P1036,4,83.5,334.0,WH-EAST,Online
T512111,2026-06-16,P1036,2,83.5,167.0,WH-EAST,Online
T512112,2026-06-17,P1036,7,83.5,584.5,WH-EAST,Online
T512113,2026-06-18,P1036,1,83.5,83.5,WH-EAST,In-Store
T512114,2026-06-19,P1036,3,83.5,250.5,WH-EAST,Online
T512115,2026-06-20,P1036,5,83.5,417.5,WH-EAST,Online
T512116,2026-06-21,P1036,1,83.5,83.5,WH-EAST,Online
T512117,2026-06-22,P1036,6,83.5,501.0,WH-EAST,Online
T512118,2026-06-23,P1036,3,83.5,250.5,WH-EAST,Online
T512119,2026-06-24,P1036,2,83.5,167.0,WH-EAST,Online
T512120,2026-06-25,P1036,4,83.5,334.0,WH-EAST,In-Store
T512121,2026-06-26,P1036,3,83.5,250.5,WH-EAST,Online
T512122,2026-06-27,P1036,3,83.5,250.5,WH-EAST,Online
T512123,2026-06-28,P1036,2,83.5,167.0,WH-EAST,In-Store
T512124,2026-06-29,P1036,1,83.5,83.5,WH-EAST,In-Store
T512125,2026-06-30,P1036,4,83.5,334.0,WH-EAST,Online
T512126,2026-07-01,P1036,4,83.5,334.0,WH-EAST,Online
T512127,2026-07-02,P1036,3,83.5,250.5,WH-EAST,In-Store
T512128,2026-07-03,P1036,2,83.5,167.0,WH-EAST,In-Store
T512129,2026-07-04,P1036,3,83.5,250.5,WH-EAST,In-Store
T512130,2026-07-05,P1036,2,83.5,167.0,WH-EAST,Online
T512131,2026-07-06,P1036,2,83.5,167.0,WH-EAST,In-Store
T512132,2026-07-07,P1036,4,83.5,334.0,WH-EAST,Online
T512133,2026-07-08,P1036,2,83.5,167.0,WH-EAST,Online
T512134,2026-07-09,P1036,3,83.5,250.5,WH-EAST,Online
T512135,2026-07-10,P1036,2,83.5,167.0,WH-EAST,In-Store
T512136,2026-07-11,P1036,2,83.5,167.0,WH-EAST,In-Store
T512137,2026-07-12,P1036,2,83.5,167.0,WH-EAST,Online
T512138,2026-07-13,P1036,5,83.5,417.5,WH-EAST,Online
T512139,2026-07-14,P1036,3,83.5,250.5,WH-EAST,Online
T512140,2026-07-15,P1036,2,83.5,167.0,WH-EAST,Online
T512141,2026-07-16,P1036,4,83.5,334.0,WH-EAST,Online
T512142,2026-07-17,P1036,3,83.5,250.5,WH-EAST,In-Store
T512143,2026-07-18,P1036,4,83.5,334.0,WH-EAST,Online
T512144,2026-07-19,P1036,7,83.5,584.5,WH-EAST,Online
T512145,2026-07-20,P1036,3,83.5,250.5,WH-EAST,Online
T512146,2026-07-21,P1036,1,83.5,83.5,WH-EAST,In-Store
T512147,2026-07-22,P1036,3,83.5,250.5,WH-EAST,Online
T512148,2026-07-23,P1036,3,83.5,250.5,WH-EAST,Online
T512149,2026-07-24,P1036,4,83.5,334.0,WH-EAST,In-Store
T512150,2026-07-25,P1036,4,83.5,334.0,WH-EAST,Online
T512151,2026-07-26,P1036,4,83.5,334.0,WH-EAST,Online
T512152,2026-07-27,P1036,3,83.5,250.5,WH-EAST,In-Store
T512153,2026-07-28,P1036,5,83.5,417.5,WH-EAST,Online
T512154,2026-07-29,P1036,1,83.5,83.5,WH-EAST,In-Store
T512155,2026-07-30,P1036,3,83.5,250.5,WH-EAST,In-Store
T512156,2026-07-31,P1036,5,83.5,417.5,WH-EAST,In-Store
T512157,2026-08-01,P1036,6,83.5,501.0,WH-EAST,Online
T512158,2026-08-02,P1036,5,83.5,417.5,WH-EAST,Online
T512159,2026-08-03,P1036,3,83.5,250.5,WH-EAST,Online
T512160,2026-08-04,P1036,3,83.5,250.5,WH-EAST,Online
T512161,2026-08-05,P1036,2,83.5,167.0,WH-EAST,In-Store
T512162,2026-08-07,P1036,1,83.5,83.5,WH-EAST,Online
T512163,2026-08-08,P1036,3,83.5,250.5,WH-EAST,Online
T512164,2026-08-09,P1036,1,83.5,83.5,WH-EAST,Online
T512165,2026-08-10,P1036,1,83.5,83.5,WH-EAST,In-Store
T512166,2026-08-11,P1036,3,83.5,250.5,WH-EAST,Online
T512167,2026-08-12,P1036,5,83.5,417.5,WH-EAST,Online
T512168,2026-08-13,P1036,5,83.5,417.5,WH-EAST,Online
T512169,2025-08-15,P1037,3,97.37,292.11,WH-WEST,In-Store
T512170,2025-08-16,P1037,2,97.37,194.74,WH-WEST,Online
T512171,2025-08-17,P1037,1,97.37,97.37,WH-WEST,In-Store
T512172,2025-08-18,P1037,3,97.37,292.11,WH-WEST,Online
T512173,2025-08-20,P1037,2,97.37,194.74,WH-WEST,In-Store
T512174,2025-08-21,P1037,1,97.37,97.37,WH-WEST,Online
T512175,2025-08-22,P1037,2,97.37,194.74,WH-WEST,In-Store
T512176,2025-08-23,P1037,1,97.37,97.37,WH-WEST,Online
T512177,2025-08-24,P1037,1,97.37,97.37,WH-WEST,Online
T512178,2025-08-25,P1037,1,97.37,97.37,WH-WEST,Online
T512179,2025-08-26,P1037,1,97.37,97.37,WH-WEST,In-Store
T512180,2025-08-27,P1037,3,97.37,292.11,WH-WEST,Online
T512181,2025-08-29,P1037,4,97.37,389.48,WH-WEST,In-Store
T512182,2025-08-30,P1037,2,97.37,194.74,WH-WEST,Online
T512183,2025-08-31,P1037,3,97.37,292.11,WH-WEST,Online
T512184,2025-09-01,P1037,4,97.37,389.48,WH-WEST,Online
T512185,2025-09-02,P1037,1,97.37,97.37,WH-WEST,In-Store
T512186,2025-09-03,P1037,2,97.37,194.74,WH-WEST,Online
T512187,2025-09-04,P1037,2,97.37,194.74,WH-WEST,Online
T512188,2025-09-05,P1037,2,97.37,194.74,WH-WEST,Online
T512189,2025-09-06,P1037,4,97.37,389.48,WH-WEST,Online
T512190,2025-09-07,P1037,6,97.37,584.22,WH-WEST,Online
T512191,2025-09-08,P1037,1,97.37,97.37,WH-WEST,In-Store
T512192,2025-09-09,P1037,3,97.37,292.11,WH-WEST,In-Store
T512193,2025-09-10,P1037,4,97.37,389.48,WH-WEST,Online
T512194,2025-09-13,P1037,1,97.37,97.37,WH-WEST,Online
T512195,2025-09-14,P1037,5,97.37,486.85,WH-WEST,Online
T512196,2025-09-15,P1037,1,97.37,97.37,WH-WEST,In-Store
T512197,2025-09-16,P1037,5,97.37,486.85,WH-WEST,Online
T512198,2025-09-17,P1037,2,97.37,194.74,WH-WEST,Online
T512199,2025-09-18,P1037,4,97.37,389.48,WH-WEST,Online
T512200,2025-09-19,P1037,4,97.37,389.48,WH-WEST,Online
T512201,2025-09-20,P1037,5,97.37,486.85,WH-WEST,In-Store
T512202,2025-09-21,P1037,2,97.37,194.74,WH-WEST,Online
T512203,2025-09-22,P1037,3,97.37,292.11,WH-WEST,In-Store
T512204,2025-09-23,P1037,3,97.37,292.11,WH-WEST,Online
T512205,2025-09-24,P1037,4,97.37,389.48,WH-WEST,Online
T512206,2025-09-25,P1037,2,97.37,194.74,WH-WEST,Online
T512207,2025-09-26,P1037,2,97.37,194.74,WH-WEST,Online
T512208,2025-09-27,P1037,2,97.37,194.74,WH-WEST,Online
T512209,2025-09-28,P1037,4,97.37,389.48,WH-WEST,Online
T512210,2025-09-29,P1037,1,97.37,97.37,WH-WEST,Online
T512211,2025-09-30,P1037,2,97.37,194.74,WH-WEST,Online
T512212,2025-10-01,P1037,1,97.37,97.37,WH-WEST,In-Store
T512213,2025-10-02,P1037,2,97.37,194.74,WH-WEST,Online
T512214,2025-10-03,P1037,1,97.37,97.37,WH-WEST,In-Store
T512215,2025-10-04,P1037,3,97.37,292.11,WH-WEST,Online
T512216,2025-10-05,P1037,1,97.37,97.37,WH-WEST,In-Store
T512217,2025-10-06,P1037,3,97.37,292.11,WH-WEST,Online
T512218,2025-10-07,P1037,1,97.37,97.37,WH-WEST,In-Store
T512219,2025-10-08,P1037,6,97.37,584.22,WH-WEST,Online
T512220,2025-10-09,P1037,1,97.37,97.37,WH-WEST,In-Store
T512221,2025-10-10,P1037,2,97.37,194.74,WH-WEST,Online
T512222,2025-10-11,P1037,4,97.37,389.48,WH-WEST,Online
T512223,2025-10-12,P1037,5,97.37,486.85,WH-WEST,In-Store
T512224,2025-10-13,P1037,4,97.37,389.48,WH-WEST,In-Store
T512225,2025-10-14,P1037,4,97.37,389.48,WH-WEST,Online
T512226,2025-10-15,P1037,2,97.37,194.74,WH-WEST,Online
T512227,2025-10-16,P1037,5,97.37,486.85,WH-WEST,Online
T512228,2025-10-17,P1037,2,97.37,194.74,WH-WEST,Online
T512229,2025-10-18,P1037,5,97.37,486.85,WH-WEST,Online
T512230,2025-10-19,P1037,2,97.37,194.74,WH-WEST,In-Store
T512231,2025-10-20,P1037,3,97.37,292.11,WH-WEST,In-Store
T512232,2025-10-21,P1037,2,97.37,194.74,WH-WEST,In-Store
T512233,2025-10-22,P1037,2,97.37,194.74,WH-WEST,Online
T512234,2025-10-23,P1037,1,97.37,97.37,WH-WEST,Online
T512235,2025-10-24,P1037,3,97.37,292.11,WH-WEST,Online
T512236,2025-10-25,P1037,1,97.37,97.37,WH-WEST,Online
T512237,2025-10-26,P1037,1,97.37,97.37,WH-WEST,Online
T512238,2025-10-28,P1037,2,97.37,194.74,WH-WEST,In-Store
T512239,2025-10-29,P1037,4,97.37,389.48,WH-WEST,Online
T512240,2025-10-30,P1037,7,97.37,681.59,WH-WEST,In-Store
T512241,2025-10-31,P1037,2,97.37,194.74,WH-WEST,Online
T512242,2025-11-01,P1037,2,97.37,194.74,WH-WEST,Online
T512243,2025-11-02,P1037,1,97.37,97.37,WH-WEST,In-Store
T512244,2025-11-03,P1037,2,97.37,194.74,WH-WEST,Online
T512245,2025-11-06,P1037,3,97.37,292.11,WH-WEST,Online
T512246,2025-11-07,P1037,1,97.37,97.37,WH-WEST,Online
T512247,2025-11-08,P1037,5,97.37,486.85,WH-WEST,Online
T512248,2025-11-09,P1037,5,97.37,486.85,WH-WEST,Online
T512249,2025-11-10,P1037,5,97.37,486.85,WH-WEST,In-Store
T512250,2025-11-11,P1037,1,97.37,97.37,WH-WEST,Online
T512251,2025-11-12,P1037,1,97.37,97.37,WH-WEST,In-Store
T512252,2025-11-13,P1037,2,97.37,194.74,WH-WEST,Online
T512253,2025-11-14,P1037,1,97.37,97.37,WH-WEST,Online
T512254,2025-11-15,P1037,5,97.37,486.85,WH-WEST,In-Store
T512255,2025-11-16,P1037,3,97.37,292.11,WH-WEST,Online
T512256,2025-11-18,P1037,4,97.37,389.48,WH-WEST,Online
T512257,2025-11-19,P1037,5,97.37,486.85,WH-WEST,Online
T512258,2025-11-20,P1037,2,97.37,194.74,WH-WEST,Online
T512259,2025-11-21,P1037,1,97.37,97.37,WH-WEST,Online
T512260,2025-11-22,P1037,1,97.37,97.37,WH-WEST,In-Store
T512261,2025-11-23,P1037,1,97.37,97.37,WH-WEST,Online
T512262,2025-11-24,P1037,4,97.37,389.48,WH-WEST,Online
T512263,2025-11-25,P1037,2,97.37,194.74,WH-WEST,Online
T512264,2025-11-26,P1037,2,97.37,194.74,WH-WEST,In-Store
T512265,2025-11-27,P1037,3,97.37,292.11,WH-WEST,In-Store
T512266,2025-11-28,P1037,4,97.37,389.48,WH-WEST,Online
T512267,2025-11-29,P1037,2,97.37,194.74,WH-WEST,Online
T512268,2025-11-30,P1037,4,97.37,389.48,WH-WEST,Online
T512269,2025-12-01,P1037,2,97.37,194.74,WH-WEST,Online
T512270,2025-12-02,P1037,3,97.37,292.11,WH-WEST,In-Store
T512271,2025-12-03,P1037,1,97.37,97.37,WH-WEST,Online
T512272,2025-12-04,P1037,1,97.37,97.37,WH-WEST,In-Store
T512273,2025-12-05,P1037,2,97.37,194.74,WH-WEST,In-Store
T512274,2025-12-06,P1037,4,97.37,389.48,WH-WEST,Online
T512275,2025-12-07,P1037,1,97.37,97.37,WH-WEST,In-Store
T512276,2025-12-08,P1037,1,97.37,97.37,WH-WEST,In-Store
T512277,2025-12-10,P1037,2,97.37,194.74,WH-WEST,Online
T512278,2025-12-14,P1037,3,97.37,292.11,WH-WEST,Online
T512279,2025-12-15,P1037,2,97.37,194.74,WH-WEST,Online
T512280,2025-12-16,P1037,1,97.37,97.37,WH-WEST,Online
T512281,2025-12-17,P1037,1,97.37,97.37,WH-WEST,Online
T512282,2025-12-18,P1037,1,97.37,97.37,WH-WEST,Online
T512283,2025-12-20,P1037,2,97.37,194.74,WH-WEST,Online
T512284,2025-12-21,P1037,3,97.37,292.11,WH-WEST,Online
T512285,2025-12-22,P1037,2,97.37,194.74,WH-WEST,In-Store
T512286,2025-12-23,P1037,1,97.37,97.37,WH-WEST,In-Store
T512287,2025-12-24,P1037,1,97.37,97.37,WH-WEST,Online
T512288,2025-12-25,P1037,2,97.37,194.74,WH-WEST,In-Store
T512289,2025-12-26,P1037,1,97.37,97.37,WH-WEST,Online
T512290,2025-12-27,P1037,3,97.37,292.11,WH-WEST,In-Store
T512291,2025-12-28,P1037,1,97.37,97.37,WH-WEST,In-Store
T512292,2025-12-29,P1037,2,97.37,194.74,WH-WEST,In-Store
T512293,2025-12-30,P1037,1,97.37,97.37,WH-WEST,Online
T512294,2025-12-31,P1037,2,97.37,194.74,WH-WEST,Online
T512295,2026-01-01,P1037,5,97.37,486.85,WH-WEST,In-Store
T512296,2026-01-02,P1037,3,97.37,292.11,WH-WEST,Online
T512297,2026-01-03,P1037,2,97.37,194.74,WH-WEST,In-Store
T512298,2026-01-04,P1037,4,97.37,389.48,WH-WEST,Online
T512299,2026-01-05,P1037,3,97.37,292.11,WH-WEST,Online
T512300,2026-01-06,P1037,2,97.37,194.74,WH-WEST,In-Store
T512301,2026-01-07,P1037,3,97.37,292.11,WH-WEST,In-Store
T512302,2026-01-08,P1037,2,97.37,194.74,WH-WEST,In-Store
T512303,2026-01-09,P1037,1,97.37,97.37,WH-WEST,Online
T512304,2026-01-10,P1037,1,97.37,97.37,WH-WEST,Online
T512305,2026-01-11,P1037,1,97.37,97.37,WH-WEST,In-Store
T512306,2026-01-12,P1037,2,97.37,194.74,WH-WEST,Online
T512307,2026-01-13,P1037,2,97.37,194.74,WH-WEST,In-Store
T512308,2026-01-14,P1037,1,97.37,97.37,WH-WEST,Online
T512309,2026-01-15,P1037,2,97.37,194.74,WH-WEST,In-Store
T512310,2026-01-16,P1037,2,97.37,194.74,WH-WEST,Online
T512311,2026-01-17,P1037,3,97.37,292.11,WH-WEST,In-Store
T512312,2026-01-18,P1037,1,97.37,97.37,WH-WEST,In-Store
T512313,2026-01-19,P1037,2,97.37,194.74,WH-WEST,Online
T512314,2026-01-21,P1037,3,97.37,292.11,WH-WEST,Online
T512315,2026-01-22,P1037,1,97.37,97.37,WH-WEST,Online
T512316,2026-01-23,P1037,2,97.37,194.74,WH-WEST,Online
T512317,2026-01-24,P1037,3,97.37,292.11,WH-WEST,Online
T512318,2026-01-25,P1037,3,97.37,292.11,WH-WEST,Online
T512319,2026-01-26,P1037,1,97.37,97.37,WH-WEST,Online
T512320,2026-01-29,P1037,5,97.37,486.85,WH-WEST,Online
T512321,2026-01-30,P1037,1,97.37,97.37,WH-WEST,In-Store
T512322,2026-01-31,P1037,2,97.37,194.74,WH-WEST,In-Store
T512323,2026-02-01,P1037,3,97.37,292.11,WH-WEST,Online
T512324,2026-02-02,P1037,1,97.37,97.37,WH-WEST,Online
T512325,2026-02-03,P1037,1,97.37,97.37,WH-WEST,Online
T512326,2026-02-04,P1037,2,97.37,194.74,WH-WEST,Online
T512327,2026-02-05,P1037,1,97.37,97.37,WH-WEST,In-Store
T512328,2026-02-06,P1037,2,97.37,194.74,WH-WEST,Online
T512329,2026-02-07,P1037,1,97.37,97.37,WH-WEST,In-Store
T512330,2026-02-08,P1037,1,97.37,97.37,WH-WEST,In-Store
T512331,2026-02-09,P1037,1,97.37,97.37,WH-WEST,Online
T512332,2026-02-11,P1037,1,97.37,97.37,WH-WEST,Online
T512333,2026-02-12,P1037,1,97.37,97.37,WH-WEST,Online
T512334,2026-02-13,P1037,2,97.37,194.74,WH-WEST,In-Store
T512335,2026-02-14,P1037,4,97.37,389.48,WH-WEST,Online
T512336,2026-02-15,P1037,1,97.37,97.37,WH-WEST,In-Store
T512337,2026-02-17,P1037,1,97.37,97.37,WH-WEST,In-Store
T512338,2026-02-18,P1037,2,97.37,194.74,WH-WEST,In-Store
T512339,2026-02-19,P1037,2,97.37,194.74,WH-WEST,Online
T512340,2026-02-21,P1037,1,97.37,97.37,WH-WEST,Online
T512341,2026-02-22,P1037,4,97.37,389.48,WH-WEST,In-Store
T512342,2026-02-23,P1037,1,97.37,97.37,WH-WEST,In-Store
T512343,2026-02-24,P1037,2,97.37,194.74,WH-WEST,Online
T512344,2026-02-26,P1037,2,97.37,194.74,WH-WEST,Online
T512345,2026-02-27,P1037,2,97.37,194.74,WH-WEST,Online
T512346,2026-02-28,P1037,4,97.37,389.48,WH-WEST,Online
T512347,2026-03-01,P1037,1,97.37,97.37,WH-WEST,Online
T512348,2026-03-02,P1037,1,97.37,97.37,WH-WEST,Online
T512349,2026-03-04,P1037,2,97.37,194.74,WH-WEST,Online
T512350,2026-03-10,P1037,3,97.37,292.11,WH-WEST,Online
T512351,2026-03-11,P1037,1,97.37,97.37,WH-WEST,Online
T512352,2026-03-12,P1037,1,97.37,97.37,WH-WEST,Online
T512353,2026-03-14,P1037,2,97.37,194.74,WH-WEST,Online
T512354,2026-03-15,P1037,2,97.37,194.74,WH-WEST,Online
T512355,2026-03-17,P1037,1,97.37,97.37,WH-WEST,In-Store
T512356,2026-03-18,P1037,3,97.37,292.11,WH-WEST,Online
T512357,2026-03-19,P1037,1,97.37,97.37,WH-WEST,Online
T512358,2026-03-20,P1037,1,97.37,97.37,WH-WEST,Online
T512359,2026-03-21,P1037,1,97.37,97.37,WH-WEST,Online
T512360,2026-03-23,P1037,4,97.37,389.48,WH-WEST,Online
T512361,2026-03-24,P1037,1,97.37,97.37,WH-WEST,In-Store
T512362,2026-03-25,P1037,2,97.37,194.74,WH-WEST,Online
T512363,2026-03-28,P1037,2,97.37,194.74,WH-WEST,In-Store
T512364,2026-03-29,P1037,5,97.37,486.85,WH-WEST,Online
T512365,2026-03-31,P1037,3,97.37,292.11,WH-WEST,Online
T512366,2026-04-01,P1037,1,97.37,97.37,WH-WEST,In-Store
T512367,2026-04-02,P1037,1,97.37,97.37,WH-WEST,Online
T512368,2026-04-03,P1037,1,97.37,97.37,WH-WEST,Online
T512369,2026-04-04,P1037,2,97.37,194.74,WH-WEST,In-Store
T512370,2026-04-05,P1037,3,97.37,292.11,WH-WEST,Online
T512371,2026-04-08,P1037,1,97.37,97.37,WH-WEST,In-Store
T512372,2026-04-09,P1037,2,97.37,194.74,WH-WEST,Online
T512373,2026-04-10,P1037,1,97.37,97.37,WH-WEST,Online
T512374,2026-04-11,P1037,4,97.37,389.48,WH-WEST,Online
T512375,2026-04-13,P1037,1,97.37,97.37,WH-WEST,In-Store
T512376,2026-04-15,P1037,1,97.37,97.37,WH-WEST,Online
T512377,2026-04-17,P1037,2,97.37,194.74,WH-WEST,Online
T512378,2026-04-18,P1037,1,97.37,97.37,WH-WEST,Online
T512379,2026-04-19,P1037,2,97.37,194.74,WH-WEST,Online
T512380,2026-04-22,P1037,1,97.37,97.37,WH-WEST,In-Store
T512381,2026-04-23,P1037,4,97.37,389.48,WH-WEST,Online
T512382,2026-04-26,P1037,1,97.37,97.37,WH-WEST,Online
T512383,2026-05-02,P1037,1,97.37,97.37,WH-WEST,Online
T512384,2026-05-06,P1037,4,97.37,389.48,WH-WEST,Online
T512385,2026-05-07,P1037,2,97.37,194.74,WH-WEST,In-Store
T512386,2026-05-08,P1037,2,97.37,194.74,WH-WEST,Online
T512387,2026-05-09,P1037,1,97.37,97.37,WH-WEST,Online
T512388,2026-05-11,P1037,1,97.37,97.37,WH-WEST,Online
T512389,2026-05-13,P1037,2,97.37,194.74,WH-WEST,Online
T512390,2026-05-14,P1037,2,97.37,194.74,WH-WEST,Online
T512391,2026-05-15,P1037,1,97.37,97.37,WH-WEST,Online
T512392,2026-05-16,P1037,1,97.37,97.37,WH-WEST,Online
T512393,2026-05-17,P1037,1,97.37,97.37,WH-WEST,Online
T512394,2026-05-21,P1037,1,97.37,97.37,WH-WEST,Online
T512395,2026-05-23,P1037,2,97.37,194.74,WH-WEST,Online
T512396,2026-05-24,P1037,2,97.37,194.74,WH-WEST,Online
T512397,2026-05-25,P1037,1,97.37,97.37,WH-WEST,Online
T512398,2026-05-26,P1037,3,97.37,292.11,WH-WEST,Online
T512399,2026-05-28,P1037,1,97.37,97.37,WH-WEST,In-Store
T512400,2026-05-29,P1037,2,97.37,194.74,WH-WEST,Online
T512401,2026-05-31,P1037,2,97.37,194.74,WH-WEST,In-Store
T512402,2026-06-01,P1037,1,97.37,97.37,WH-WEST,In-Store
T512403,2026-06-05,P1037,2,97.37,194.74,WH-WEST,In-Store
T512404,2026-06-06,P1037,3,97.37,292.11,WH-WEST,Online
T512405,2026-06-07,P1037,1,97.37,97.37,WH-WEST,In-Store
T512406,2026-06-08,P1037,1,97.37,97.37,WH-WEST,Online
T512407,2026-06-09,P1037,2,97.37,194.74,WH-WEST,Online
T512408,2026-06-11,P1037,2,97.37,194.74,WH-WEST,Online
T512409,2026-06-12,P1037,1,97.37,97.37,WH-WEST,In-Store
T512410,2026-06-13,P1037,2,97.37,194.74,WH-WEST,In-Store
T512411,2026-06-14,P1037,2,97.37,194.74,WH-WEST,Online
T512412,2026-06-15,P1037,1,97.37,97.37,WH-WEST,Online
T512413,2026-06-17,P1037,2,97.37,194.74,WH-WEST,In-Store
T512414,2026-06-18,P1037,1,97.37,97.37,WH-WEST,Online
T512415,2026-06-19,P1037,2,97.37,194.74,WH-WEST,Online
T512416,2026-06-20,P1037,2,97.37,194.74,WH-WEST,In-Store
T512417,2026-06-22,P1037,1,97.37,97.37,WH-WEST,Online
T512418,2026-06-24,P1037,1,97.37,97.37,WH-WEST,Online
T512419,2026-06-25,P1037,2,97.37,194.74,WH-WEST,Online
T512420,2026-06-26,P1037,1,97.37,97.37,WH-WEST,Online
T512421,2026-06-27,P1037,1,97.37,97.37,WH-WEST,In-Store
T512422,2026-06-28,P1037,2,97.37,194.74,WH-WEST,Online
T512423,2026-06-29,P1037,1,97.37,97.37,WH-WEST,Online
T512424,2026-07-04,P1037,3,97.37,292.11,WH-WEST,Online
T512425,2026-07-05,P1037,1,97.37,97.37,WH-WEST,Online
T512426,2026-07-06,P1037,1,97.37,97.37,WH-WEST,Online
T512427,2026-07-08,P1037,3,97.37,292.11,WH-WEST,Online
T512428,2026-07-09,P1037,3,97.37,292.11,WH-WEST,Online
T512429,2026-07-10,P1037,2,97.37,194.74,WH-WEST,Online
T512430,2026-07-12,P1037,2,97.37,194.74,WH-WEST,Online
T512431,2026-07-13,P1037,1,97.37,97.37,WH-WEST,Online
T512432,2026-07-15,P1037,1,97.37,97.37,WH-WEST,Online
T512433,2026-07-17,P1037,1,97.37,97.37,WH-WEST,In-Store
T512434,2026-07-19,P1037,1,97.37,97.37,WH-WEST,Online
T512435,2026-07-21,P1037,3,97.37,292.11,WH-WEST,Online
T512436,2026-07-22,P1037,1,97.37,97.37,WH-WEST,Online
T512437,2026-07-23,P1037,1,97.37,97.37,WH-WEST,Online
T512438,2026-07-24,P1037,1,97.37,97.37,WH-WEST,Online
T512439,2026-07-25,P1037,2,97.37,194.74,WH-WEST,Online
T512440,2026-07-26,P1037,1,97.37,97.37,WH-WEST,In-Store
T512441,2026-07-27,P1037,1,97.37,97.37,WH-WEST,Online
T512442,2026-07-29,P1037,1,97.37,97.37,WH-WEST,Online
T512443,2026-07-31,P1037,3,97.37,292.11,WH-WEST,In-Store
T512444,2026-08-01,P1037,1,97.37,97.37,WH-WEST,Online
T512445,2026-08-03,P1037,2,97.37,194.74,WH-WEST,In-Store
T512446,2026-08-04,P1037,2,97.37,194.74,WH-WEST,Online
T512447,2026-08-05,P1037,1,97.37,97.37,WH-WEST,Online
T512448,2026-08-07,P1037,1,97.37,97.37,WH-WEST,Online
T512449,2026-08-08,P1037,4,97.37,389.48,WH-WEST,Online
T512450,2026-08-11,P1037,1,97.37,97.37,WH-WEST,Online
T512451,2026-08-12,P1037,2,97.37,194.74,WH-WEST,Online
T512452,2026-08-13,P1037,1,97.37,97.37,WH-WEST,Online
T512453,2025-08-15,P1038,4,108.54,434.16,WH-CENTRAL,Online
T512454,2025-08-16,P1038,1,108.54,108.54,WH-CENTRAL,Online
T512455,2025-08-17,P1038,8,108.54,868.32,WH-CENTRAL,In-Store
T512456,2025-08-18,P1038,1,108.54,108.54,WH-CENTRAL,Online
T512457,2025-08-19,P1038,5,108.54,542.7,WH-CENTRAL,Online
T512458,2025-08-20,P1038,2,108.54,217.08,WH-CENTRAL,Online
T512459,2025-08-21,P1038,2,108.54,217.08,WH-CENTRAL,Online
T512460,2025-08-22,P1038,2,108.54,217.08,WH-CENTRAL,Online
T512461,2025-08-23,P1038,3,108.54,325.62,WH-CENTRAL,Online
T512462,2025-08-24,P1038,4,108.54,434.16,WH-CENTRAL,Online
T512463,2025-08-25,P1038,5,108.54,542.7,WH-CENTRAL,Online
T512464,2025-08-26,P1038,1,108.54,108.54,WH-CENTRAL,In-Store
T512465,2025-08-28,P1038,2,108.54,217.08,WH-CENTRAL,In-Store
T512466,2025-08-29,P1038,7,108.54,759.78,WH-CENTRAL,Online
T512467,2025-08-30,P1038,5,108.54,542.7,WH-CENTRAL,Online
T512468,2025-08-31,P1038,5,108.54,542.7,WH-CENTRAL,In-Store
T512469,2025-09-01,P1038,4,108.54,434.16,WH-CENTRAL,Online
T512470,2025-09-02,P1038,2,108.54,217.08,WH-CENTRAL,Online
T512471,2025-09-03,P1038,4,108.54,434.16,WH-CENTRAL,Online
T512472,2025-09-04,P1038,2,108.54,217.08,WH-CENTRAL,Online
T512473,2025-09-05,P1038,3,108.54,325.62,WH-CENTRAL,In-Store
T512474,2025-09-06,P1038,8,108.54,868.32,WH-CENTRAL,In-Store
T512475,2025-09-07,P1038,8,108.54,868.32,WH-CENTRAL,In-Store
T512476,2025-09-08,P1038,2,108.54,217.08,WH-CENTRAL,In-Store
T512477,2025-09-09,P1038,1,108.54,108.54,WH-CENTRAL,Online
T512478,2025-09-10,P1038,6,108.54,651.24,WH-CENTRAL,Online
T512479,2025-09-11,P1038,4,108.54,434.16,WH-CENTRAL,Online
T512480,2025-09-12,P1038,3,108.54,325.62,WH-CENTRAL,Online
T512481,2025-09-13,P1038,4,108.54,434.16,WH-CENTRAL,In-Store
T512482,2025-09-14,P1038,3,108.54,325.62,WH-CENTRAL,Online
T512483,2025-09-15,P1038,3,108.54,325.62,WH-CENTRAL,Online
T512484,2025-09-16,P1038,4,108.54,434.16,WH-CENTRAL,Online
T512485,2025-09-17,P1038,3,108.54,325.62,WH-CENTRAL,Online
T512486,2025-09-18,P1038,3,108.54,325.62,WH-CENTRAL,Online
T512487,2025-09-19,P1038,7,108.54,759.78,WH-CENTRAL,Online
T512488,2025-09-20,P1038,8,108.54,868.32,WH-CENTRAL,In-Store
T512489,2025-09-21,P1038,4,108.54,434.16,WH-CENTRAL,Online
T512490,2025-09-22,P1038,2,108.54,217.08,WH-CENTRAL,Online
T512491,2025-09-23,P1038,2,108.54,217.08,WH-CENTRAL,Online
T512492,2025-09-24,P1038,5,108.54,542.7,WH-CENTRAL,Online
T512493,2025-09-25,P1038,3,108.54,325.62,WH-CENTRAL,Online
T512494,2025-09-26,P1038,3,108.54,325.62,WH-CENTRAL,Online
T512495,2025-09-27,P1038,5,108.54,542.7,WH-CENTRAL,Online
T512496,2025-09-28,P1038,6,108.54,651.24,WH-CENTRAL,Online
T512497,2025-09-29,P1038,2,108.54,217.08,WH-CENTRAL,Online
T512498,2025-09-30,P1038,2,108.54,217.08,WH-CENTRAL,In-Store
T512499,2025-10-01,P1038,5,108.54,542.7,WH-CENTRAL,In-Store
T512500,2025-10-02,P1038,3,108.54,325.62,WH-CENTRAL,Online
T512501,2025-10-03,P1038,4,108.54,434.16,WH-CENTRAL,Online
T512502,2025-10-04,P1038,3,108.54,325.62,WH-CENTRAL,Online
T512503,2025-10-05,P1038,2,108.54,217.08,WH-CENTRAL,In-Store
T512504,2025-10-06,P1038,2,108.54,217.08,WH-CENTRAL,Online
T512505,2025-10-07,P1038,3,108.54,325.62,WH-CENTRAL,In-Store
T512506,2025-10-08,P1038,6,108.54,651.24,WH-CENTRAL,Online
T512507,2025-10-09,P1038,7,108.54,759.78,WH-CENTRAL,Online
T512508,2025-10-10,P1038,3,108.54,325.62,WH-CENTRAL,In-Store
T512509,2025-10-11,P1038,7,108.54,759.78,WH-CENTRAL,In-Store
T512510,2025-10-12,P1038,5,108.54,542.7,WH-CENTRAL,In-Store
T512511,2025-10-13,P1038,2,108.54,217.08,WH-CENTRAL,Online
T512512,2025-10-14,P1038,4,108.54,434.16,WH-CENTRAL,Online
T512513,2025-10-15,P1038,4,108.54,434.16,WH-CENTRAL,In-Store
T512514,2025-10-16,P1038,3,108.54,325.62,WH-CENTRAL,In-Store
T512515,2025-10-17,P1038,5,108.54,542.7,WH-CENTRAL,In-Store
T512516,2025-10-18,P1038,5,108.54,542.7,WH-CENTRAL,Online
T512517,2025-10-19,P1038,7,108.54,759.78,WH-CENTRAL,Online
T512518,2025-10-20,P1038,5,108.54,542.7,WH-CENTRAL,Online
T512519,2025-10-21,P1038,3,108.54,325.62,WH-CENTRAL,Online
T512520,2025-10-22,P1038,2,108.54,217.08,WH-CENTRAL,Online
T512521,2025-10-23,P1038,3,108.54,325.62,WH-CENTRAL,Online
T512522,2025-10-24,P1038,3,108.54,325.62,WH-CENTRAL,Online
T512523,2025-10-25,P1038,7,108.54,759.78,WH-CENTRAL,Online
T512524,2025-10-26,P1038,8,108.54,868.32,WH-CENTRAL,Online
T512525,2025-10-27,P1038,3,108.54,325.62,WH-CENTRAL,Online
T512526,2025-10-28,P1038,5,108.54,542.7,WH-CENTRAL,Online
T512527,2025-10-29,P1038,5,108.54,542.7,WH-CENTRAL,Online
T512528,2025-10-30,P1038,3,108.54,325.62,WH-CENTRAL,Online
T512529,2025-10-31,P1038,5,108.54,542.7,WH-CENTRAL,Online
T512530,2025-11-01,P1038,6,108.54,651.24,WH-CENTRAL,Online
T512531,2025-11-02,P1038,9,108.54,976.86,WH-CENTRAL,In-Store
T512532,2025-11-03,P1038,7,108.54,759.78,WH-CENTRAL,Online
T512533,2025-11-04,P1038,3,108.54,325.62,WH-CENTRAL,Online
T512534,2025-11-05,P1038,4,108.54,434.16,WH-CENTRAL,Online
T512535,2025-11-06,P1038,2,108.54,217.08,WH-CENTRAL,In-Store
T512536,2025-11-07,P1038,2,108.54,217.08,WH-CENTRAL,Online
T512537,2025-11-08,P1038,5,108.54,542.7,WH-CENTRAL,Online
T512538,2025-11-09,P1038,3,108.54,325.62,WH-CENTRAL,In-Store
T512539,2025-11-10,P1038,5,108.54,542.7,WH-CENTRAL,Online
T512540,2025-11-11,P1038,3,108.54,325.62,WH-CENTRAL,Online
T512541,2025-11-12,P1038,5,108.54,542.7,WH-CENTRAL,Online
T512542,2025-11-13,P1038,4,108.54,434.16,WH-CENTRAL,Online
T512543,2025-11-14,P1038,8,108.54,868.32,WH-CENTRAL,Online
T512544,2025-11-15,P1038,4,108.54,434.16,WH-CENTRAL,In-Store
T512545,2025-11-16,P1038,10,108.54,1085.4,WH-CENTRAL,Online
T512546,2025-11-17,P1038,3,108.54,325.62,WH-CENTRAL,Online
T512547,2025-11-18,P1038,4,108.54,434.16,WH-CENTRAL,In-Store
T512548,2025-11-19,P1038,3,108.54,325.62,WH-CENTRAL,Online
T512549,2025-11-20,P1038,5,108.54,542.7,WH-CENTRAL,Online
T512550,2025-11-21,P1038,3,108.54,325.62,WH-CENTRAL,Online
T512551,2025-11-22,P1038,9,108.54,976.86,WH-CENTRAL,Online
T512552,2025-11-23,P1038,4,108.54,434.16,WH-CENTRAL,In-Store
T512553,2025-11-24,P1038,3,108.54,325.62,WH-CENTRAL,Online
T512554,2025-11-25,P1038,1,108.54,108.54,WH-CENTRAL,In-Store
T512555,2025-11-26,P1038,7,108.54,759.78,WH-CENTRAL,Online
T512556,2025-11-27,P1038,2,108.54,217.08,WH-CENTRAL,Online
T512557,2025-11-28,P1038,4,108.54,434.16,WH-CENTRAL,In-Store
T512558,2025-11-29,P1038,2,108.54,217.08,WH-CENTRAL,Online
T512559,2025-11-30,P1038,4,108.54,434.16,WH-CENTRAL,In-Store
T512560,2025-12-01,P1038,4,108.54,434.16,WH-CENTRAL,Online
T512561,2025-12-02,P1038,6,108.54,651.24,WH-CENTRAL,Online
T512562,2025-12-03,P1038,5,108.54,542.7,WH-CENTRAL,In-Store
T512563,2025-12-04,P1038,5,108.54,542.7,WH-CENTRAL,Online
T512564,2025-12-05,P1038,5,108.54,542.7,WH-CENTRAL,In-Store
T512565,2025-12-06,P1038,1,108.54,108.54,WH-CENTRAL,Online
T512566,2025-12-07,P1038,4,108.54,434.16,WH-CENTRAL,In-Store
T512567,2025-12-08,P1038,6,108.54,651.24,WH-CENTRAL,Online
T512568,2025-12-09,P1038,4,108.54,434.16,WH-CENTRAL,Online
T512569,2025-12-10,P1038,2,108.54,217.08,WH-CENTRAL,Online
T512570,2025-12-11,P1038,6,108.54,651.24,WH-CENTRAL,Online
T512571,2025-12-12,P1038,1,108.54,108.54,WH-CENTRAL,Online
T512572,2025-12-13,P1038,4,108.54,434.16,WH-CENTRAL,In-Store
T512573,2025-12-14,P1038,8,108.54,868.32,WH-CENTRAL,In-Store
T512574,2025-12-15,P1038,4,108.54,434.16,WH-CENTRAL,Online
T512575,2025-12-16,P1038,3,108.54,325.62,WH-CENTRAL,Online
T512576,2025-12-17,P1038,4,108.54,434.16,WH-CENTRAL,Online
T512577,2025-12-18,P1038,8,108.54,868.32,WH-CENTRAL,Online
T512578,2025-12-19,P1038,4,108.54,434.16,WH-CENTRAL,Online
T512579,2025-12-20,P1038,5,108.54,542.7,WH-CENTRAL,Online
T512580,2025-12-21,P1038,8,108.54,868.32,WH-CENTRAL,Online
T512581,2025-12-22,P1038,4,108.54,434.16,WH-CENTRAL,Online
T512582,2025-12-24,P1038,5,108.54,542.7,WH-CENTRAL,In-Store
T512583,2025-12-25,P1038,4,108.54,434.16,WH-CENTRAL,Online
T512584,2025-12-26,P1038,1,108.54,108.54,WH-CENTRAL,In-Store
T512585,2025-12-27,P1038,7,108.54,759.78,WH-CENTRAL,Online
T512586,2025-12-28,P1038,5,108.54,542.7,WH-CENTRAL,In-Store
T512587,2025-12-29,P1038,1,108.54,108.54,WH-CENTRAL,In-Store
T512588,2025-12-30,P1038,1,108.54,108.54,WH-CENTRAL,In-Store
T512589,2025-12-31,P1038,4,108.54,434.16,WH-CENTRAL,In-Store
T512590,2026-01-01,P1038,3,108.54,325.62,WH-CENTRAL,Online
T512591,2026-01-02,P1038,6,108.54,651.24,WH-CENTRAL,In-Store
T512592,2026-01-03,P1038,1,108.54,108.54,WH-CENTRAL,In-Store
T512593,2026-01-04,P1038,2,108.54,217.08,WH-CENTRAL,In-Store
T512594,2026-01-05,P1038,2,108.54,217.08,WH-CENTRAL,Online
T512595,2026-01-06,P1038,2,108.54,217.08,WH-CENTRAL,Online
T512596,2026-01-07,P1038,7,108.54,759.78,WH-CENTRAL,Online
T512597,2026-01-08,P1038,2,108.54,217.08,WH-CENTRAL,In-Store
T512598,2026-01-09,P1038,3,108.54,325.62,WH-CENTRAL,In-Store
T512599,2026-01-10,P1038,8,108.54,868.32,WH-CENTRAL,In-Store
T512600,2026-01-11,P1038,4,108.54,434.16,WH-CENTRAL,Online
T512601,2026-01-12,P1038,4,108.54,434.16,WH-CENTRAL,Online
T512602,2026-01-13,P1038,6,108.54,651.24,WH-CENTRAL,In-Store
T512603,2026-01-14,P1038,3,108.54,325.62,WH-CENTRAL,Online
T512604,2026-01-15,P1038,4,108.54,434.16,WH-CENTRAL,Online
T512605,2026-01-16,P1038,3,108.54,325.62,WH-CENTRAL,Online
T512606,2026-01-17,P1038,3,108.54,325.62,WH-CENTRAL,Online
T512607,2026-01-18,P1038,7,108.54,759.78,WH-CENTRAL,Online
T512608,2026-01-19,P1038,4,108.54,434.16,WH-CENTRAL,In-Store
T512609,2026-01-20,P1038,5,108.54,542.7,WH-CENTRAL,Online
T512610,2026-01-21,P1038,7,108.54,759.78,WH-CENTRAL,Online
T512611,2026-01-22,P1038,2,108.54,217.08,WH-CENTRAL,In-Store
T512612,2026-01-23,P1038,2,108.54,217.08,WH-CENTRAL,Online
T512613,2026-01-24,P1038,3,108.54,325.62,WH-CENTRAL,In-Store
T512614,2026-01-25,P1038,10,108.54,1085.4,WH-CENTRAL,In-Store
T512615,2026-01-26,P1038,2,108.54,217.08,WH-CENTRAL,Online
T512616,2026-01-27,P1038,2,108.54,217.08,WH-CENTRAL,Online
T512617,2026-01-28,P1038,5,108.54,542.7,WH-CENTRAL,In-Store
T512618,2026-01-29,P1038,2,108.54,217.08,WH-CENTRAL,Online
T512619,2026-01-30,P1038,2,108.54,217.08,WH-CENTRAL,Online
T512620,2026-01-31,P1038,1,108.54,108.54,WH-CENTRAL,Online
T512621,2026-02-01,P1038,5,108.54,542.7,WH-CENTRAL,In-Store
T512622,2026-02-02,P1038,3,108.54,325.62,WH-CENTRAL,Online
T512623,2026-02-03,P1038,2,108.54,217.08,WH-CENTRAL,In-Store
T512624,2026-02-04,P1038,3,108.54,325.62,WH-CENTRAL,In-Store
T512625,2026-02-05,P1038,4,108.54,434.16,WH-CENTRAL,In-Store
T512626,2026-02-06,P1038,2,108.54,217.08,WH-CENTRAL,Online
T512627,2026-02-07,P1038,7,108.54,759.78,WH-CENTRAL,In-Store
T512628,2026-02-08,P1038,2,108.54,217.08,WH-CENTRAL,Online
T512629,2026-02-09,P1038,6,108.54,651.24,WH-CENTRAL,In-Store
T512630,2026-02-10,P1038,3,108.54,325.62,WH-CENTRAL,Online
T512631,2026-02-11,P1038,1,108.54,108.54,WH-CENTRAL,Online
T512632,2026-02-12,P1038,4,108.54,434.16,WH-CENTRAL,In-Store
T512633,2026-02-13,P1038,3,108.54,325.62,WH-CENTRAL,In-Store
T512634,2026-02-14,P1038,3,108.54,325.62,WH-CENTRAL,Online
T512635,2026-02-15,P1038,1,108.54,108.54,WH-CENTRAL,Online
T512636,2026-02-16,P1038,3,108.54,325.62,WH-CENTRAL,Online
T512637,2026-02-17,P1038,6,108.54,651.24,WH-CENTRAL,In-Store
T512638,2026-02-18,P1038,5,108.54,542.7,WH-CENTRAL,Online
T512639,2026-02-19,P1038,5,108.54,542.7,WH-CENTRAL,In-Store
T512640,2026-02-21,P1038,3,108.54,325.62,WH-CENTRAL,In-Store
T512641,2026-02-22,P1038,5,108.54,542.7,WH-CENTRAL,Online
T512642,2026-02-23,P1038,2,108.54,217.08,WH-CENTRAL,Online
T512643,2026-02-24,P1038,3,108.54,325.62,WH-CENTRAL,Online
T512644,2026-02-25,P1038,1,108.54,108.54,WH-CENTRAL,In-Store
T512645,2026-02-26,P1038,3,108.54,325.62,WH-CENTRAL,In-Store
T512646,2026-02-27,P1038,1,108.54,108.54,WH-CENTRAL,Online
T512647,2026-02-28,P1038,3,108.54,325.62,WH-CENTRAL,In-Store
T512648,2026-03-01,P1038,3,108.54,325.62,WH-CENTRAL,In-Store
T512649,2026-03-02,P1038,3,108.54,325.62,WH-CENTRAL,Online
T512650,2026-03-03,P1038,3,108.54,325.62,WH-CENTRAL,In-Store
T512651,2026-03-05,P1038,1,108.54,108.54,WH-CENTRAL,Online
T512652,2026-03-06,P1038,5,108.54,542.7,WH-CENTRAL,Online
T512653,2026-03-07,P1038,3,108.54,325.62,WH-CENTRAL,Online
T512654,2026-03-08,P1038,5,108.54,542.7,WH-CENTRAL,In-Store
T512655,2026-03-09,P1038,4,108.54,434.16,WH-CENTRAL,In-Store
T512656,2026-03-10,P1038,4,108.54,434.16,WH-CENTRAL,In-Store
T512657,2026-03-11,P1038,3,108.54,325.62,WH-CENTRAL,Online
T512658,2026-03-13,P1038,3,108.54,325.62,WH-CENTRAL,In-Store
T512659,2026-03-14,P1038,3,108.54,325.62,WH-CENTRAL,Online
T512660,2026-03-15,P1038,5,108.54,542.7,WH-CENTRAL,Online
T512661,2026-03-16,P1038,4,108.54,434.16,WH-CENTRAL,In-Store
T512662,2026-03-17,P1038,6,108.54,651.24,WH-CENTRAL,Online
T512663,2026-03-18,P1038,4,108.54,434.16,WH-CENTRAL,Online
T512664,2026-03-19,P1038,2,108.54,217.08,WH-CENTRAL,In-Store
T512665,2026-03-20,P1038,5,108.54,542.7,WH-CENTRAL,In-Store
T512666,2026-03-21,P1038,2,108.54,217.08,WH-CENTRAL,In-Store
T512667,2026-03-22,P1038,1,108.54,108.54,WH-CENTRAL,Online
T512668,2026-03-23,P1038,2,108.54,217.08,WH-CENTRAL,Online
T512669,2026-03-24,P1038,3,108.54,325.62,WH-CENTRAL,Online
T512670,2026-03-25,P1038,3,108.54,325.62,WH-CENTRAL,Online
T512671,2026-03-26,P1038,4,108.54,434.16,WH-CENTRAL,In-Store
T512672,2026-03-27,P1038,2,108.54,217.08,WH-CENTRAL,In-Store
T512673,2026-03-28,P1038,2,108.54,217.08,WH-CENTRAL,In-Store
T512674,2026-03-29,P1038,3,108.54,325.62,WH-CENTRAL,In-Store
T512675,2026-03-30,P1038,2,108.54,217.08,WH-CENTRAL,Online
T512676,2026-03-31,P1038,2,108.54,217.08,WH-CENTRAL,Online
T512677,2026-04-02,P1038,4,108.54,434.16,WH-CENTRAL,Online
T512678,2026-04-03,P1038,1,108.54,108.54,WH-CENTRAL,Online
T512679,2026-04-04,P1038,2,108.54,217.08,WH-CENTRAL,Online
T512680,2026-04-05,P1038,1,108.54,108.54,WH-CENTRAL,Online
T512681,2026-04-06,P1038,2,108.54,217.08,WH-CENTRAL,In-Store
T512682,2026-04-07,P1038,4,108.54,434.16,WH-CENTRAL,In-Store
T512683,2026-04-08,P1038,1,108.54,108.54,WH-CENTRAL,Online
T512684,2026-04-09,P1038,4,108.54,434.16,WH-CENTRAL,Online
T512685,2026-04-10,P1038,1,108.54,108.54,WH-CENTRAL,Online
T512686,2026-04-11,P1038,3,108.54,325.62,WH-CENTRAL,Online
T512687,2026-04-12,P1038,5,108.54,542.7,WH-CENTRAL,Online
T512688,2026-04-14,P1038,1,108.54,108.54,WH-CENTRAL,Online
T512689,2026-04-15,P1038,1,108.54,108.54,WH-CENTRAL,Online
T512690,2026-04-16,P1038,5,108.54,542.7,WH-CENTRAL,Online
T512691,2026-04-17,P1038,2,108.54,217.08,WH-CENTRAL,Online
T512692,2026-04-18,P1038,3,108.54,325.62,WH-CENTRAL,Online
T512693,2026-04-19,P1038,2,108.54,217.08,WH-CENTRAL,Online
T512694,2026-04-20,P1038,5,108.54,542.7,WH-CENTRAL,Online
T512695,2026-04-22,P1038,1,108.54,108.54,WH-CENTRAL,In-Store
T512696,2026-04-23,P1038,1,108.54,108.54,WH-CENTRAL,Online
T512697,2026-04-24,P1038,1,108.54,108.54,WH-CENTRAL,Online
T512698,2026-04-25,P1038,1,108.54,108.54,WH-CENTRAL,Online
T512699,2026-04-26,P1038,3,108.54,325.62,WH-CENTRAL,In-Store
T512700,2026-04-27,P1038,1,108.54,108.54,WH-CENTRAL,In-Store
T512701,2026-04-28,P1038,5,108.54,542.7,WH-CENTRAL,Online
T512702,2026-04-29,P1038,1,108.54,108.54,WH-CENTRAL,In-Store
T512703,2026-04-30,P1038,1,108.54,108.54,WH-CENTRAL,Online
T512704,2026-05-01,P1038,3,108.54,325.62,WH-CENTRAL,Online
T512705,2026-05-02,P1038,1,108.54,108.54,WH-CENTRAL,Online
T512706,2026-05-03,P1038,2,108.54,217.08,WH-CENTRAL,In-Store
T512707,2026-05-05,P1038,1,108.54,108.54,WH-CENTRAL,In-Store
T512708,2026-05-06,P1038,1,108.54,108.54,WH-CENTRAL,In-Store
T512709,2026-05-08,P1038,2,108.54,217.08,WH-CENTRAL,In-Store
T512710,2026-05-09,P1038,3,108.54,325.62,WH-CENTRAL,Online
T512711,2026-05-10,P1038,6,108.54,651.24,WH-CENTRAL,Online
T512712,2026-05-11,P1038,2,108.54,217.08,WH-CENTRAL,In-Store
T512713,2026-05-13,P1038,2,108.54,217.08,WH-CENTRAL,Online
T512714,2026-05-14,P1038,2,108.54,217.08,WH-CENTRAL,Online
T512715,2026-05-16,P1038,4,108.54,434.16,WH-CENTRAL,Online
T512716,2026-05-17,P1038,4,108.54,434.16,WH-CENTRAL,Online
T512717,2026-05-18,P1038,5,108.54,542.7,WH-CENTRAL,Online
T512718,2026-05-19,P1038,1,108.54,108.54,WH-CENTRAL,In-Store
T512719,2026-05-20,P1038,6,108.54,651.24,WH-CENTRAL,Online
T512720,2026-05-21,P1038,1,108.54,108.54,WH-CENTRAL,Online
T512721,2026-05-22,P1038,2,108.54,217.08,WH-CENTRAL,In-Store
T512722,2026-05-23,P1038,5,108.54,542.7,WH-CENTRAL,In-Store
T512723,2026-05-24,P1038,4,108.54,434.16,WH-CENTRAL,In-Store
T512724,2026-05-25,P1038,2,108.54,217.08,WH-CENTRAL,Online
T512725,2026-05-26,P1038,4,108.54,434.16,WH-CENTRAL,Online
T512726,2026-05-27,P1038,6,108.54,651.24,WH-CENTRAL,Online
T512727,2026-05-28,P1038,3,108.54,325.62,WH-CENTRAL,Online
T512728,2026-05-29,P1038,3,108.54,325.62,WH-CENTRAL,In-Store
T512729,2026-05-30,P1038,3,108.54,325.62,WH-CENTRAL,Online
T512730,2026-05-31,P1038,2,108.54,217.08,WH-CENTRAL,Online
T512731,2026-06-01,P1038,2,108.54,217.08,WH-CENTRAL,In-Store
T512732,2026-06-02,P1038,3,108.54,325.62,WH-CENTRAL,In-Store
T512733,2026-06-03,P1038,3,108.54,325.62,WH-CENTRAL,In-Store
T512734,2026-06-04,P1038,2,108.54,217.08,WH-CENTRAL,In-Store
T512735,2026-06-05,P1038,4,108.54,434.16,WH-CENTRAL,Online
T512736,2026-06-06,P1038,3,108.54,325.62,WH-CENTRAL,In-Store
T512737,2026-06-07,P1038,2,108.54,217.08,WH-CENTRAL,In-Store
T512738,2026-06-09,P1038,1,108.54,108.54,WH-CENTRAL,In-Store
T512739,2026-06-10,P1038,1,108.54,108.54,WH-CENTRAL,In-Store
T512740,2026-06-11,P1038,3,108.54,325.62,WH-CENTRAL,Online
T512741,2026-06-12,P1038,1,108.54,108.54,WH-CENTRAL,Online
T512742,2026-06-13,P1038,2,108.54,217.08,WH-CENTRAL,In-Store
T512743,2026-06-14,P1038,6,108.54,651.24,WH-CENTRAL,In-Store
T512744,2026-06-15,P1038,2,108.54,217.08,WH-CENTRAL,Online
T512745,2026-06-16,P1038,2,108.54,217.08,WH-CENTRAL,In-Store
T512746,2026-06-17,P1038,2,108.54,217.08,WH-CENTRAL,Online
T512747,2026-06-18,P1038,2,108.54,217.08,WH-CENTRAL,In-Store
T512748,2026-06-19,P1038,2,108.54,217.08,WH-CENTRAL,In-Store
T512749,2026-06-20,P1038,4,108.54,434.16,WH-CENTRAL,Online
T512750,2026-06-21,P1038,3,108.54,325.62,WH-CENTRAL,In-Store
T512751,2026-06-22,P1038,3,108.54,325.62,WH-CENTRAL,In-Store
T512752,2026-06-23,P1038,2,108.54,217.08,WH-CENTRAL,In-Store
T512753,2026-06-24,P1038,1,108.54,108.54,WH-CENTRAL,In-Store
T512754,2026-06-25,P1038,3,108.54,325.62,WH-CENTRAL,Online
T512755,2026-06-26,P1038,3,108.54,325.62,WH-CENTRAL,In-Store
T512756,2026-06-27,P1038,3,108.54,325.62,WH-CENTRAL,Online
T512757,2026-06-29,P1038,2,108.54,217.08,WH-CENTRAL,Online
T512758,2026-06-30,P1038,1,108.54,108.54,WH-CENTRAL,In-Store
T512759,2026-07-01,P1038,4,108.54,434.16,WH-CENTRAL,Online
T512760,2026-07-02,P1038,1,108.54,108.54,WH-CENTRAL,Online
T512761,2026-07-03,P1038,2,108.54,217.08,WH-CENTRAL,Online
T512762,2026-07-04,P1038,4,108.54,434.16,WH-CENTRAL,In-Store
T512763,2026-07-05,P1038,2,108.54,217.08,WH-CENTRAL,Online
T512764,2026-07-06,P1038,3,108.54,325.62,WH-CENTRAL,Online
T512765,2026-07-07,P1038,2,108.54,217.08,WH-CENTRAL,Online
T512766,2026-07-08,P1038,3,108.54,325.62,WH-CENTRAL,In-Store
T512767,2026-07-09,P1038,2,108.54,217.08,WH-CENTRAL,In-Store
T512768,2026-07-10,P1038,7,108.54,759.78,WH-CENTRAL,Online
T512769,2026-07-11,P1038,1,108.54,108.54,WH-CENTRAL,Online
T512770,2026-07-12,P1038,1,108.54,108.54,WH-CENTRAL,Online
T512771,2026-07-13,P1038,5,108.54,542.7,WH-CENTRAL,Online
T512772,2026-07-15,P1038,2,108.54,217.08,WH-CENTRAL,Online
T512773,2026-07-18,P1038,3,108.54,325.62,WH-CENTRAL,Online
T512774,2026-07-19,P1038,2,108.54,217.08,WH-CENTRAL,In-Store
T512775,2026-07-20,P1038,2,108.54,217.08,WH-CENTRAL,Online
T512776,2026-07-21,P1038,4,108.54,434.16,WH-CENTRAL,In-Store
T512777,2026-07-22,P1038,3,108.54,325.62,WH-CENTRAL,In-Store
T512778,2026-07-23,P1038,3,108.54,325.62,WH-CENTRAL,Online
T512779,2026-07-24,P1038,5,108.54,542.7,WH-CENTRAL,Online
T512780,2026-07-25,P1038,1,108.54,108.54,WH-CENTRAL,Online
T512781,2026-07-26,P1038,3,108.54,325.62,WH-CENTRAL,Online
T512782,2026-07-27,P1038,1,108.54,108.54,WH-CENTRAL,In-Store
T512783,2026-07-28,P1038,5,108.54,542.7,WH-CENTRAL,In-Store
T512784,2026-07-29,P1038,5,108.54,542.7,WH-CENTRAL,In-Store
T512785,2026-07-30,P1038,3,108.54,325.62,WH-CENTRAL,Online
T512786,2026-07-31,P1038,2,108.54,217.08,WH-CENTRAL,Online
T512787,2026-08-01,P1038,6,108.54,651.24,WH-CENTRAL,Online
T512788,2026-08-02,P1038,5,108.54,542.7,WH-CENTRAL,Online
T512789,2026-08-03,P1038,2,108.54,217.08,WH-CENTRAL,Online
T512790,2026-08-04,P1038,2,108.54,217.08,WH-CENTRAL,In-Store
T512791,2026-08-05,P1038,1,108.54,108.54,WH-CENTRAL,In-Store
T512792,2026-08-06,P1038,3,108.54,325.62,WH-CENTRAL,Online
T512793,2026-08-07,P1038,2,108.54,217.08,WH-CENTRAL,In-Store
T512794,2026-08-08,P1038,2,108.54,217.08,WH-CENTRAL,Online
T512795,2026-08-09,P1038,7,108.54,759.78,WH-CENTRAL,Online
T512796,2026-08-10,P1038,3,108.54,325.62,WH-CENTRAL,Online
T512797,2026-08-11,P1038,3,108.54,325.62,WH-CENTRAL,Online
T512798,2026-08-12,P1038,2,108.54,217.08,WH-CENTRAL,Online
T512799,2026-08-13,P1038,3,108.54,325.62,WH-CENTRAL,Online
T512800,2025-08-15,P1039,5,93.72,468.6,WH-WEST,Online
T512801,2025-08-16,P1039,3,93.72,281.16,WH-WEST,Online
T512802,2025-08-17,P1039,2,93.72,187.44,WH-WEST,In-Store
T512803,2025-08-18,P1039,2,93.72,187.44,WH-WEST,Online
T512804,2025-08-19,P1039,2,93.72,187.44,WH-WEST,In-Store
T512805,2025-08-20,P1039,3,93.72,281.16,WH-WEST,In-Store
T512806,2025-08-21,P1039,8,93.72,749.76,WH-WEST,Online
T512807,2025-08-22,P1039,2,93.72,187.44,WH-WEST,Online
T512808,2025-08-23,P1039,5,93.72,468.6,WH-WEST,Online
T512809,2025-08-24,P1039,5,93.72,468.6,WH-WEST,In-Store
T512810,2025-08-25,P1039,4,93.72,374.88,WH-WEST,Online
T512811,2025-08-26,P1039,2,93.72,187.44,WH-WEST,Online
T512812,2025-08-27,P1039,5,93.72,468.6,WH-WEST,In-Store
T512813,2025-08-28,P1039,2,93.72,187.44,WH-WEST,In-Store
T512814,2025-08-29,P1039,1,93.72,93.72,WH-WEST,In-Store
T512815,2025-08-30,P1039,4,93.72,374.88,WH-WEST,Online
T512816,2025-08-31,P1039,6,93.72,562.32,WH-WEST,In-Store
T512817,2025-09-01,P1039,2,93.72,187.44,WH-WEST,Online
T512818,2025-09-02,P1039,4,93.72,374.88,WH-WEST,In-Store
T512819,2025-09-03,P1039,1,93.72,93.72,WH-WEST,Online
T512820,2025-09-04,P1039,2,93.72,187.44,WH-WEST,Online
T512821,2025-09-05,P1039,3,93.72,281.16,WH-WEST,Online
T512822,2025-09-06,P1039,1,93.72,93.72,WH-WEST,In-Store
T512823,2025-09-07,P1039,9,93.72,843.48,WH-WEST,In-Store
T512824,2025-09-08,P1039,5,93.72,468.6,WH-WEST,In-Store
T512825,2025-09-09,P1039,3,93.72,281.16,WH-WEST,In-Store
T512826,2025-09-10,P1039,5,93.72,468.6,WH-WEST,In-Store
T512827,2025-09-11,P1039,4,93.72,374.88,WH-WEST,Online
T512828,2025-09-12,P1039,4,93.72,374.88,WH-WEST,In-Store
T512829,2025-09-13,P1039,6,93.72,562.32,WH-WEST,In-Store
T512830,2025-09-14,P1039,6,93.72,562.32,WH-WEST,In-Store
T512831,2025-09-15,P1039,2,93.72,187.44,WH-WEST,Online
T512832,2025-09-16,P1039,1,93.72,93.72,WH-WEST,Online
T512833,2025-09-17,P1039,3,93.72,281.16,WH-WEST,Online
T512834,2025-09-18,P1039,3,93.72,281.16,WH-WEST,Online
T512835,2025-09-19,P1039,5,93.72,468.6,WH-WEST,In-Store
T512836,2025-09-20,P1039,4,93.72,374.88,WH-WEST,Online
T512837,2025-09-21,P1039,9,93.72,843.48,WH-WEST,Online
T512838,2025-09-22,P1039,4,93.72,374.88,WH-WEST,In-Store
T512839,2025-09-23,P1039,6,93.72,562.32,WH-WEST,Online
T512840,2025-09-24,P1039,3,93.72,281.16,WH-WEST,In-Store
T512841,2025-09-25,P1039,3,93.72,281.16,WH-WEST,Online
T512842,2025-09-26,P1039,3,93.72,281.16,WH-WEST,In-Store
T512843,2025-09-27,P1039,7,93.72,656.04,WH-WEST,Online
T512844,2025-09-28,P1039,4,93.72,374.88,WH-WEST,Online
T512845,2025-09-29,P1039,2,93.72,187.44,WH-WEST,In-Store
T512846,2025-09-30,P1039,3,93.72,281.16,WH-WEST,Online
T512847,2025-10-01,P1039,6,93.72,562.32,WH-WEST,In-Store
T512848,2025-10-02,P1039,3,93.72,281.16,WH-WEST,Online
T512849,2025-10-03,P1039,2,93.72,187.44,WH-WEST,Online
T512850,2025-10-04,P1039,5,93.72,468.6,WH-WEST,In-Store
T512851,2025-10-05,P1039,5,93.72,468.6,WH-WEST,In-Store
T512852,2025-10-06,P1039,2,93.72,187.44,WH-WEST,Online
T512853,2025-10-07,P1039,5,93.72,468.6,WH-WEST,Online
T512854,2025-10-08,P1039,4,93.72,374.88,WH-WEST,Online
T512855,2025-10-09,P1039,4,93.72,374.88,WH-WEST,In-Store
T512856,2025-10-10,P1039,4,93.72,374.88,WH-WEST,In-Store
T512857,2025-10-11,P1039,3,93.72,281.16,WH-WEST,Online
T512858,2025-10-12,P1039,4,93.72,374.88,WH-WEST,Online
T512859,2025-10-13,P1039,3,93.72,281.16,WH-WEST,Online
T512860,2025-10-14,P1039,2,93.72,187.44,WH-WEST,Online
T512861,2025-10-15,P1039,3,93.72,281.16,WH-WEST,In-Store
T512862,2025-10-16,P1039,3,93.72,281.16,WH-WEST,Online
T512863,2025-10-17,P1039,7,93.72,656.04,WH-WEST,In-Store
T512864,2025-10-18,P1039,5,93.72,468.6,WH-WEST,Online
T512865,2025-10-19,P1039,4,93.72,374.88,WH-WEST,Online
T512866,2025-10-20,P1039,5,93.72,468.6,WH-WEST,Online
T512867,2025-10-21,P1039,3,93.72,281.16,WH-WEST,Online
T512868,2025-10-22,P1039,1,93.72,93.72,WH-WEST,Online
T512869,2025-10-23,P1039,3,93.72,281.16,WH-WEST,Online
T512870,2025-10-24,P1039,2,93.72,187.44,WH-WEST,In-Store
T512871,2025-10-25,P1039,7,93.72,656.04,WH-WEST,In-Store
T512872,2025-10-26,P1039,5,93.72,468.6,WH-WEST,Online
T512873,2025-10-27,P1039,3,93.72,281.16,WH-WEST,Online
T512874,2025-10-28,P1039,5,93.72,468.6,WH-WEST,Online
T512875,2025-10-29,P1039,1,93.72,93.72,WH-WEST,In-Store
T512876,2025-10-30,P1039,2,93.72,187.44,WH-WEST,Online
T512877,2025-10-31,P1039,9,93.72,843.48,WH-WEST,Online
T512878,2025-11-01,P1039,6,93.72,562.32,WH-WEST,Online
T512879,2025-11-02,P1039,4,93.72,374.88,WH-WEST,In-Store
T512880,2025-11-03,P1039,3,93.72,281.16,WH-WEST,In-Store
T512881,2025-11-04,P1039,3,93.72,281.16,WH-WEST,In-Store
T512882,2025-11-05,P1039,5,93.72,468.6,WH-WEST,Online
T512883,2025-11-06,P1039,6,93.72,562.32,WH-WEST,Online
T512884,2025-11-07,P1039,5,93.72,468.6,WH-WEST,Online
T512885,2025-11-08,P1039,8,93.72,749.76,WH-WEST,Online
T512886,2025-11-09,P1039,5,93.72,468.6,WH-WEST,Online
T512887,2025-11-10,P1039,6,93.72,562.32,WH-WEST,Online
T512888,2025-11-11,P1039,7,93.72,656.04,WH-WEST,In-Store
T512889,2025-11-12,P1039,1,93.72,93.72,WH-WEST,Online
T512890,2025-11-13,P1039,3,93.72,281.16,WH-WEST,Online
T512891,2025-11-16,P1039,3,93.72,281.16,WH-WEST,In-Store
T512892,2025-11-17,P1039,3,93.72,281.16,WH-WEST,Online
T512893,2025-11-18,P1039,6,93.72,562.32,WH-WEST,In-Store
T512894,2025-11-19,P1039,7,93.72,656.04,WH-WEST,In-Store
T512895,2025-11-20,P1039,1,93.72,93.72,WH-WEST,Online
T512896,2025-11-21,P1039,6,93.72,562.32,WH-WEST,Online
T512897,2025-11-22,P1039,4,93.72,374.88,WH-WEST,Online
T512898,2025-11-23,P1039,9,93.72,843.48,WH-WEST,Online
T512899,2025-11-24,P1039,4,93.72,374.88,WH-WEST,Online
T512900,2025-11-25,P1039,4,93.72,374.88,WH-WEST,In-Store
T512901,2025-11-26,P1039,8,93.72,749.76,WH-WEST,Online
T512902,2025-11-27,P1039,3,93.72,281.16,WH-WEST,Online
T512903,2025-11-28,P1039,8,93.72,749.76,WH-WEST,In-Store
T512904,2025-11-29,P1039,8,93.72,749.76,WH-WEST,Online
T512905,2025-11-30,P1039,6,93.72,562.32,WH-WEST,In-Store
T512906,2025-12-01,P1039,5,93.72,468.6,WH-WEST,In-Store
T512907,2025-12-02,P1039,3,93.72,281.16,WH-WEST,Online
T512908,2025-12-03,P1039,4,93.72,374.88,WH-WEST,In-Store
T512909,2025-12-04,P1039,4,93.72,374.88,WH-WEST,Online
T512910,2025-12-05,P1039,2,93.72,187.44,WH-WEST,In-Store
T512911,2025-12-06,P1039,2,93.72,187.44,WH-WEST,In-Store
T512912,2025-12-07,P1039,6,93.72,562.32,WH-WEST,Online
T512913,2025-12-08,P1039,5,93.72,468.6,WH-WEST,Online
T512914,2025-12-09,P1039,3,93.72,281.16,WH-WEST,Online
T512915,2025-12-10,P1039,5,93.72,468.6,WH-WEST,In-Store
T512916,2025-12-11,P1039,4,93.72,374.88,WH-WEST,Online
T512917,2025-12-12,P1039,1,93.72,93.72,WH-WEST,Online
T512918,2025-12-13,P1039,8,93.72,749.76,WH-WEST,In-Store
T512919,2025-12-14,P1039,6,93.72,562.32,WH-WEST,Online
T512920,2025-12-15,P1039,4,93.72,374.88,WH-WEST,In-Store
T512921,2025-12-16,P1039,2,93.72,187.44,WH-WEST,In-Store
T512922,2025-12-17,P1039,5,93.72,468.6,WH-WEST,Online
T512923,2025-12-18,P1039,6,93.72,562.32,WH-WEST,In-Store
T512924,2025-12-19,P1039,3,93.72,281.16,WH-WEST,In-Store
T512925,2025-12-20,P1039,7,93.72,656.04,WH-WEST,Online
T512926,2025-12-21,P1039,7,93.72,656.04,WH-WEST,Online
T512927,2025-12-22,P1039,4,93.72,374.88,WH-WEST,Online
T512928,2025-12-23,P1039,5,93.72,468.6,WH-WEST,Online
T512929,2025-12-24,P1039,4,93.72,374.88,WH-WEST,In-Store
T512930,2025-12-25,P1039,5,93.72,468.6,WH-WEST,In-Store
T512931,2025-12-26,P1039,6,93.72,562.32,WH-WEST,Online
T512932,2025-12-27,P1039,7,93.72,656.04,WH-WEST,In-Store
T512933,2025-12-28,P1039,4,93.72,374.88,WH-WEST,In-Store
T512934,2025-12-29,P1039,4,93.72,374.88,WH-WEST,Online
T512935,2025-12-30,P1039,4,93.72,374.88,WH-WEST,Online
T512936,2025-12-31,P1039,3,93.72,281.16,WH-WEST,Online
T512937,2026-01-01,P1039,4,93.72,374.88,WH-WEST,In-Store
T512938,2026-01-02,P1039,3,93.72,281.16,WH-WEST,In-Store
T512939,2026-01-03,P1039,6,93.72,562.32,WH-WEST,In-Store
T512940,2026-01-04,P1039,2,93.72,187.44,WH-WEST,In-Store
T512941,2026-01-05,P1039,3,93.72,281.16,WH-WEST,Online
T512942,2026-01-06,P1039,8,93.72,749.76,WH-WEST,In-Store
T512943,2026-01-07,P1039,4,93.72,374.88,WH-WEST,Online
T512944,2026-01-08,P1039,4,93.72,374.88,WH-WEST,In-Store
T512945,2026-01-09,P1039,3,93.72,281.16,WH-WEST,Online
T512946,2026-01-10,P1039,4,93.72,374.88,WH-WEST,In-Store
T512947,2026-01-11,P1039,6,93.72,562.32,WH-WEST,In-Store
T512948,2026-01-12,P1039,8,93.72,749.76,WH-WEST,In-Store
T512949,2026-01-13,P1039,5,93.72,468.6,WH-WEST,Online
T512950,2026-01-14,P1039,5,93.72,468.6,WH-WEST,Online
T512951,2026-01-16,P1039,3,93.72,281.16,WH-WEST,Online
T512952,2026-01-17,P1039,5,93.72,468.6,WH-WEST,Online
T512953,2026-01-18,P1039,6,93.72,562.32,WH-WEST,Online
T512954,2026-01-19,P1039,7,93.72,656.04,WH-WEST,In-Store
T512955,2026-01-20,P1039,2,93.72,187.44,WH-WEST,Online
T512956,2026-01-21,P1039,4,93.72,374.88,WH-WEST,In-Store
T512957,2026-01-22,P1039,1,93.72,93.72,WH-WEST,Online
T512958,2026-01-23,P1039,3,93.72,281.16,WH-WEST,Online
T512959,2026-01-24,P1039,6,93.72,562.32,WH-WEST,In-Store
T512960,2026-01-25,P1039,3,93.72,281.16,WH-WEST,Online
T512961,2026-01-26,P1039,4,93.72,374.88,WH-WEST,Online
T512962,2026-01-27,P1039,1,93.72,93.72,WH-WEST,In-Store
T512963,2026-01-28,P1039,7,93.72,656.04,WH-WEST,Online
T512964,2026-01-29,P1039,1,93.72,93.72,WH-WEST,Online
T512965,2026-01-30,P1039,1,93.72,93.72,WH-WEST,In-Store
T512966,2026-01-31,P1039,6,93.72,562.32,WH-WEST,Online
T512967,2026-02-01,P1039,4,93.72,374.88,WH-WEST,Online
T512968,2026-02-02,P1039,3,93.72,281.16,WH-WEST,In-Store
T512969,2026-02-03,P1039,2,93.72,187.44,WH-WEST,In-Store
T512970,2026-02-04,P1039,3,93.72,281.16,WH-WEST,In-Store
T512971,2026-02-05,P1039,8,93.72,749.76,WH-WEST,In-Store
T512972,2026-02-06,P1039,4,93.72,374.88,WH-WEST,In-Store
T512973,2026-02-07,P1039,2,93.72,187.44,WH-WEST,Online
T512974,2026-02-08,P1039,7,93.72,656.04,WH-WEST,Online
T512975,2026-02-09,P1039,2,93.72,187.44,WH-WEST,Online
T512976,2026-02-10,P1039,4,93.72,374.88,WH-WEST,Online
T512977,2026-02-11,P1039,5,93.72,468.6,WH-WEST,In-Store
T512978,2026-02-12,P1039,5,93.72,468.6,WH-WEST,Online
T512979,2026-02-13,P1039,5,93.72,468.6,WH-WEST,In-Store
T512980,2026-02-14,P1039,7,93.72,656.04,WH-WEST,Online
T512981,2026-02-15,P1039,4,93.72,374.88,WH-WEST,Online
T512982,2026-02-16,P1039,4,93.72,374.88,WH-WEST,Online
T512983,2026-02-17,P1039,1,93.72,93.72,WH-WEST,Online
T512984,2026-02-18,P1039,4,93.72,374.88,WH-WEST,Online
T512985,2026-02-19,P1039,1,93.72,93.72,WH-WEST,In-Store
T512986,2026-02-20,P1039,4,93.72,374.88,WH-WEST,Online
T512987,2026-02-21,P1039,2,93.72,187.44,WH-WEST,In-Store
T512988,2026-02-22,P1039,4,93.72,374.88,WH-WEST,In-Store
T512989,2026-02-23,P1039,3,93.72,281.16,WH-WEST,Online
T512990,2026-02-24,P1039,1,93.72,93.72,WH-WEST,Online
T512991,2026-02-25,P1039,7,93.72,656.04,WH-WEST,In-Store
T512992,2026-02-26,P1039,2,93.72,187.44,WH-WEST,Online
T512993,2026-02-27,P1039,3,93.72,281.16,WH-WEST,In-Store
T512994,2026-02-28,P1039,7,93.72,656.04,WH-WEST,In-Store
T512995,2026-03-01,P1039,8,93.72,749.76,WH-WEST,In-Store
T512996,2026-03-02,P1039,2,93.72,187.44,WH-WEST,Online
T512997,2026-03-04,P1039,4,93.72,374.88,WH-WEST,In-Store
T512998,2026-03-05,P1039,8,93.72,749.76,WH-WEST,Online
T512999,2026-03-06,P1039,3,93.72,281.16,WH-WEST,Online
T513000,2026-03-07,P1039,1,93.72,93.72,WH-WEST,In-Store
T513001,2026-03-08,P1039,6,93.72,562.32,WH-WEST,Online
T513002,2026-03-09,P1039,3,93.72,281.16,WH-WEST,Online
T513003,2026-03-10,P1039,3,93.72,281.16,WH-WEST,In-Store
T513004,2026-03-11,P1039,2,93.72,187.44,WH-WEST,In-Store
T513005,2026-03-12,P1039,3,93.72,281.16,WH-WEST,Online
T513006,2026-03-13,P1039,3,93.72,281.16,WH-WEST,Online
T513007,2026-03-14,P1039,6,93.72,562.32,WH-WEST,Online
T513008,2026-03-15,P1039,1,93.72,93.72,WH-WEST,Online
T513009,2026-03-17,P1039,2,93.72,187.44,WH-WEST,In-Store
T513010,2026-03-18,P1039,3,93.72,281.16,WH-WEST,Online
T513011,2026-03-19,P1039,3,93.72,281.16,WH-WEST,Online
T513012,2026-03-20,P1039,1,93.72,93.72,WH-WEST,Online
T513013,2026-03-21,P1039,2,93.72,187.44,WH-WEST,In-Store
T513014,2026-03-22,P1039,5,93.72,468.6,WH-WEST,Online
T513015,2026-03-23,P1039,3,93.72,281.16,WH-WEST,Online
T513016,2026-03-24,P1039,2,93.72,187.44,WH-WEST,Online
T513017,2026-03-25,P1039,2,93.72,187.44,WH-WEST,In-Store
T513018,2026-03-26,P1039,2,93.72,187.44,WH-WEST,In-Store
T513019,2026-03-28,P1039,3,93.72,281.16,WH-WEST,Online
T513020,2026-03-29,P1039,8,93.72,749.76,WH-WEST,Online
T513021,2026-03-30,P1039,3,93.72,281.16,WH-WEST,Online
T513022,2026-04-01,P1039,6,93.72,562.32,WH-WEST,In-Store
T513023,2026-04-02,P1039,2,93.72,187.44,WH-WEST,Online
T513024,2026-04-03,P1039,4,93.72,374.88,WH-WEST,In-Store
T513025,2026-04-04,P1039,3,93.72,281.16,WH-WEST,In-Store
T513026,2026-04-05,P1039,8,93.72,749.76,WH-WEST,Online
T513027,2026-04-06,P1039,2,93.72,187.44,WH-WEST,Online
T513028,2026-04-07,P1039,3,93.72,281.16,WH-WEST,In-Store
T513029,2026-04-08,P1039,2,93.72,187.44,WH-WEST,Online
T513030,2026-04-09,P1039,1,93.72,93.72,WH-WEST,Online
T513031,2026-04-10,P1039,5,93.72,468.6,WH-WEST,Online
T513032,2026-04-11,P1039,3,93.72,281.16,WH-WEST,Online
T513033,2026-04-12,P1039,2,93.72,187.44,WH-WEST,Online
T513034,2026-04-13,P1039,3,93.72,281.16,WH-WEST,Online
T513035,2026-04-14,P1039,1,93.72,93.72,WH-WEST,Online
T513036,2026-04-15,P1039,1,93.72,93.72,WH-WEST,Online
T513037,2026-04-17,P1039,7,93.72,656.04,WH-WEST,In-Store
T513038,2026-04-18,P1039,5,93.72,468.6,WH-WEST,Online
T513039,2026-04-19,P1039,4,93.72,374.88,WH-WEST,Online
T513040,2026-04-20,P1039,5,93.72,468.6,WH-WEST,Online
T513041,2026-04-21,P1039,4,93.72,374.88,WH-WEST,Online
T513042,2026-04-22,P1039,5,93.72,468.6,WH-WEST,In-Store
T513043,2026-04-23,P1039,2,93.72,187.44,WH-WEST,Online
T513044,2026-04-24,P1039,2,93.72,187.44,WH-WEST,Online
T513045,2026-04-25,P1039,4,93.72,374.88,WH-WEST,Online
T513046,2026-04-26,P1039,3,93.72,281.16,WH-WEST,Online
T513047,2026-04-27,P1039,6,93.72,562.32,WH-WEST,Online
T513048,2026-04-28,P1039,1,93.72,93.72,WH-WEST,In-Store
T513049,2026-04-29,P1039,6,93.72,562.32,WH-WEST,Online
T513050,2026-04-30,P1039,1,93.72,93.72,WH-WEST,In-Store
T513051,2026-05-01,P1039,3,93.72,281.16,WH-WEST,Online
T513052,2026-05-02,P1039,7,93.72,656.04,WH-WEST,In-Store
T513053,2026-05-03,P1039,6,93.72,562.32,WH-WEST,In-Store
T513054,2026-05-04,P1039,3,93.72,281.16,WH-WEST,Online
T513055,2026-05-05,P1039,1,93.72,93.72,WH-WEST,Online
T513056,2026-05-06,P1039,3,93.72,281.16,WH-WEST,Online
T513057,2026-05-07,P1039,1,93.72,93.72,WH-WEST,Online
T513058,2026-05-08,P1039,2,93.72,187.44,WH-WEST,Online
T513059,2026-05-09,P1039,2,93.72,187.44,WH-WEST,In-Store
T513060,2026-05-10,P1039,3,93.72,281.16,WH-WEST,Online
T513061,2026-05-11,P1039,1,93.72,93.72,WH-WEST,Online
T513062,2026-05-12,P1039,4,93.72,374.88,WH-WEST,In-Store
T513063,2026-05-13,P1039,2,93.72,187.44,WH-WEST,Online
T513064,2026-05-14,P1039,3,93.72,281.16,WH-WEST,In-Store
T513065,2026-05-15,P1039,4,93.72,374.88,WH-WEST,In-Store
T513066,2026-05-16,P1039,1,93.72,93.72,WH-WEST,Online
T513067,2026-05-17,P1039,5,93.72,468.6,WH-WEST,Online
T513068,2026-05-18,P1039,1,93.72,93.72,WH-WEST,Online
T513069,2026-05-19,P1039,1,93.72,93.72,WH-WEST,In-Store
T513070,2026-05-20,P1039,2,93.72,187.44,WH-WEST,Online
T513071,2026-05-21,P1039,4,93.72,374.88,WH-WEST,Online
T513072,2026-05-23,P1039,7,93.72,656.04,WH-WEST,In-Store
T513073,2026-05-24,P1039,2,93.72,187.44,WH-WEST,Online
T513074,2026-05-26,P1039,1,93.72,93.72,WH-WEST,Online
T513075,2026-05-27,P1039,5,93.72,468.6,WH-WEST,In-Store
T513076,2026-05-29,P1039,1,93.72,93.72,WH-WEST,In-Store
T513077,2026-05-30,P1039,2,93.72,187.44,WH-WEST,Online
T513078,2026-05-31,P1039,3,93.72,281.16,WH-WEST,Online
T513079,2026-06-01,P1039,2,93.72,187.44,WH-WEST,Online
T513080,2026-06-02,P1039,5,93.72,468.6,WH-WEST,In-Store
T513081,2026-06-03,P1039,3,93.72,281.16,WH-WEST,In-Store
T513082,2026-06-04,P1039,6,93.72,562.32,WH-WEST,Online
T513083,2026-06-05,P1039,2,93.72,187.44,WH-WEST,In-Store
T513084,2026-06-06,P1039,2,93.72,187.44,WH-WEST,Online
T513085,2026-06-07,P1039,4,93.72,374.88,WH-WEST,Online
T513086,2026-06-08,P1039,1,93.72,93.72,WH-WEST,In-Store
T513087,2026-06-09,P1039,4,93.72,374.88,WH-WEST,Online
T513088,2026-06-10,P1039,1,93.72,93.72,WH-WEST,Online
T513089,2026-06-11,P1039,4,93.72,374.88,WH-WEST,In-Store
T513090,2026-06-12,P1039,5,93.72,468.6,WH-WEST,Online
T513091,2026-06-13,P1039,1,93.72,93.72,WH-WEST,Online
T513092,2026-06-14,P1039,3,93.72,281.16,WH-WEST,Online
T513093,2026-06-15,P1039,3,93.72,281.16,WH-WEST,In-Store
T513094,2026-06-16,P1039,4,93.72,374.88,WH-WEST,Online
T513095,2026-06-17,P1039,4,93.72,374.88,WH-WEST,In-Store
T513096,2026-06-18,P1039,4,93.72,374.88,WH-WEST,In-Store
T513097,2026-06-19,P1039,5,93.72,468.6,WH-WEST,Online
T513098,2026-06-20,P1039,5,93.72,468.6,WH-WEST,Online
T513099,2026-06-21,P1039,11,93.72,1030.92,WH-WEST,Online
T513100,2026-06-22,P1039,5,93.72,468.6,WH-WEST,In-Store
T513101,2026-06-23,P1039,5,93.72,468.6,WH-WEST,Online
T513102,2026-06-24,P1039,3,93.72,281.16,WH-WEST,Online
T513103,2026-06-25,P1039,6,93.72,562.32,WH-WEST,Online
T513104,2026-06-26,P1039,1,93.72,93.72,WH-WEST,Online
T513105,2026-06-27,P1039,6,93.72,562.32,WH-WEST,In-Store
T513106,2026-06-28,P1039,5,93.72,468.6,WH-WEST,Online
T513107,2026-06-29,P1039,1,93.72,93.72,WH-WEST,Online
T513108,2026-06-30,P1039,3,93.72,281.16,WH-WEST,Online
T513109,2026-07-01,P1039,3,93.72,281.16,WH-WEST,Online
T513110,2026-07-02,P1039,4,93.72,374.88,WH-WEST,Online
T513111,2026-07-03,P1039,4,93.72,374.88,WH-WEST,Online
T513112,2026-07-04,P1039,8,93.72,749.76,WH-WEST,Online
T513113,2026-07-05,P1039,8,93.72,749.76,WH-WEST,Online
T513114,2026-07-06,P1039,6,93.72,562.32,WH-WEST,Online
T513115,2026-07-07,P1039,3,93.72,281.16,WH-WEST,Online
T513116,2026-07-08,P1039,4,93.72,374.88,WH-WEST,In-Store
T513117,2026-07-09,P1039,4,93.72,374.88,WH-WEST,Online
T513118,2026-07-10,P1039,3,93.72,281.16,WH-WEST,Online
T513119,2026-07-11,P1039,5,93.72,468.6,WH-WEST,Online
T513120,2026-07-12,P1039,4,93.72,374.88,WH-WEST,In-Store
T513121,2026-07-13,P1039,4,93.72,374.88,WH-WEST,Online
T513122,2026-07-14,P1039,4,93.72,374.88,WH-WEST,In-Store
T513123,2026-07-15,P1039,2,93.72,187.44,WH-WEST,Online
T513124,2026-07-16,P1039,5,93.72,468.6,WH-WEST,In-Store
T513125,2026-07-17,P1039,7,93.72,656.04,WH-WEST,In-Store
T513126,2026-07-18,P1039,5,93.72,468.6,WH-WEST,In-Store
T513127,2026-07-19,P1039,6,93.72,562.32,WH-WEST,Online
T513128,2026-07-20,P1039,3,93.72,281.16,WH-WEST,Online
T513129,2026-07-21,P1039,3,93.72,281.16,WH-WEST,Online
T513130,2026-07-22,P1039,1,93.72,93.72,WH-WEST,In-Store
T513131,2026-07-23,P1039,3,93.72,281.16,WH-WEST,Online
T513132,2026-07-24,P1039,2,93.72,187.44,WH-WEST,Online
T513133,2026-07-25,P1039,3,93.72,281.16,WH-WEST,Online
T513134,2026-07-26,P1039,5,93.72,468.6,WH-WEST,In-Store
T513135,2026-07-27,P1039,5,93.72,468.6,WH-WEST,In-Store
T513136,2026-07-28,P1039,4,93.72,374.88,WH-WEST,Online
T513137,2026-07-29,P1039,6,93.72,562.32,WH-WEST,Online
T513138,2026-07-30,P1039,6,93.72,562.32,WH-WEST,In-Store
T513139,2026-07-31,P1039,2,93.72,187.44,WH-WEST,Online
T513140,2026-08-01,P1039,8,93.72,749.76,WH-WEST,Online
T513141,2026-08-02,P1039,1,93.72,93.72,WH-WEST,Online
T513142,2026-08-03,P1039,4,93.72,374.88,WH-WEST,In-Store
T513143,2026-08-04,P1039,6,93.72,562.32,WH-WEST,Online
T513144,2026-08-05,P1039,1,93.72,93.72,WH-WEST,Online
T513145,2026-08-06,P1039,2,93.72,187.44,WH-WEST,Online
T513146,2026-08-07,P1039,3,93.72,281.16,WH-WEST,Online
T513147,2026-08-08,P1039,3,93.72,281.16,WH-WEST,In-Store
T513148,2026-08-09,P1039,6,93.72,562.32,WH-WEST,Online
T513149,2026-08-10,P1039,6,93.72,562.32,WH-WEST,Online
T513150,2026-08-11,P1039,1,93.72,93.72,WH-WEST,In-Store
T513151,2026-08-12,P1039,6,93.72,562.32,WH-WEST,Online
T513152,2026-08-13,P1039,4,93.72,374.88,WH-WEST,In-Store
